[2025-12-20 14:06:34] [INFO] ML model and tokenizer loaded successfully.
[2025-12-20 14:06:34] [INFO] Started server process [32640]
[2025-12-20 14:06:34] [INFO] Waiting for application startup.
[2025-12-20 14:06:34] [INFO] [Lifespan] Server is starting up...
[2025-12-20 14:06:34] [INFO] Application startup complete.
[2025-12-20 14:06:34] [INFO] Uvicorn running on http://0.0.0.0:8000 (Press CTRL+C to quit)
[2025-12-20 14:06:42] [INFO] REQ: POST /predict - Status: 200 - Czas: 11.52ms
[2025-12-20 14:06:42] [INFO] REQ: POST /predict - Status: 200 - Czas: 33.16ms
[2025-12-20 14:06:42] [INFO] REQ: POST /predict - Status: 200 - Czas: 33.16ms
[2025-12-20 14:06:42] [INFO] REQ: POST /predict - Status: 200 - Czas: 34.66ms
[2025-12-20 14:06:42] [INFO] REQ: POST /predict - Status: 200 - Czas: 48.11ms
[2025-12-20 14:06:42] [INFO] REQ: POST /predict - Status: 200 - Czas: 49.11ms
[2025-12-20 14:06:42] [INFO] REQ: POST /predict - Status: 200 - Czas: 49.11ms
[2025-12-20 14:06:42] [INFO] REQ: POST /predict - Status: 200 - Czas: 49.11ms
[2025-12-20 14:06:42] [INFO] REQ: POST /predict - Status: 200 - Czas: 49.11ms
[2025-12-20 14:06:42] [INFO] REQ: POST /predict - Status: 200 - Czas: 49.62ms
[2025-12-20 14:06:42] [INFO] REQ: POST /predict - Status: 200 - Czas: 49.62ms
[2025-12-20 14:06:42] [INFO] REQ: POST /predict - Status: 200 - Czas: 49.62ms
[2025-12-20 14:06:42] [INFO] REQ: POST /predict - Status: 200 - Czas: 49.62ms
[2025-12-20 14:06:42] [INFO] REQ: POST /predict - Status: 200 - Czas: 49.62ms
[2025-12-20 14:06:42] [INFO] REQ: POST /predict - Status: 200 - Czas: 49.62ms
[2025-12-20 14:06:42] [INFO] REQ: POST /predict - Status: 200 - Czas: 48.62ms
[2025-12-20 14:06:42] [INFO] REQ: POST /predict - Status: 200 - Czas: 48.62ms
[2025-12-20 14:06:42] [INFO] REQ: POST /predict - Status: 200 - Czas: 49.62ms
[2025-12-20 14:06:42] [INFO] REQ: POST /predict - Status: 200 - Czas: 49.62ms
[2025-12-20 14:06:42] [INFO] REQ: POST /predict - Status: 200 - Czas: 49.62ms
[2025-12-20 14:06:42] [INFO] REQ: POST /predict - Status: 200 - Czas: 49.62ms
[2025-12-20 14:06:42] [INFO] REQ: POST /predict - Status: 200 - Czas: 49.62ms
[2025-12-20 14:06:42] [INFO] REQ: POST /predict - Status: 200 - Czas: 49.62ms
[2025-12-20 14:06:42] [INFO] REQ: POST /predict - Status: 200 - Czas: 49.62ms
[2025-12-20 14:06:42] [INFO] REQ: POST /predict - Status: 200 - Czas: 49.62ms
[2025-12-20 14:06:42] [INFO] REQ: POST /predict - Status: 200 - Czas: 49.62ms
[2025-12-20 14:06:42] [INFO] REQ: POST /predict - Status: 200 - Czas: 50.62ms
[2025-12-20 14:06:42] [INFO] REQ: POST /predict - Status: 200 - Czas: 50.62ms
[2025-12-20 14:06:42] [INFO] REQ: POST /predict - Status: 200 - Czas: 50.62ms
[2025-12-20 14:06:42] [INFO] REQ: POST /predict - Status: 200 - Czas: 50.62ms
[2025-12-20 14:06:42] [INFO] REQ: POST /predict - Status: 200 - Czas: 50.62ms
[2025-12-20 14:06:42] [INFO] REQ: POST /predict - Status: 200 - Czas: 50.62ms
[2025-12-20 14:06:42] [INFO] REQ: POST /predict - Status: 200 - Czas: 50.62ms
[2025-12-20 14:06:42] [INFO] REQ: POST /predict - Status: 200 - Czas: 50.62ms
[2025-12-20 14:06:42] [INFO] REQ: POST /predict - Status: 200 - Czas: 50.62ms
[2025-12-20 14:06:42] [INFO] REQ: POST /predict - Status: 200 - Czas: 50.62ms
[2025-12-20 14:06:42] [INFO] REQ: POST /predict - Status: 200 - Czas: 51.62ms
[2025-12-20 14:06:42] [INFO] REQ: POST /predict - Status: 200 - Czas: 51.62ms
[2025-12-20 14:06:42] [INFO] REQ: POST /predict - Status: 200 - Czas: 51.62ms
[2025-12-20 14:06:42] [INFO] REQ: POST /predict - Status: 200 - Czas: 51.62ms
[2025-12-20 14:06:42] [INFO] REQ: POST /predict - Status: 200 - Czas: 52.17ms
[2025-12-20 14:06:42] [INFO] REQ: POST /predict - Status: 200 - Czas: 52.17ms
[2025-12-20 14:06:42] [INFO] REQ: POST /predict - Status: 200 - Czas: 52.17ms
[2025-12-20 14:06:42] [INFO] REQ: POST /predict - Status: 200 - Czas: 51.17ms
[2025-12-20 14:06:42] [INFO] REQ: POST /predict - Status: 200 - Czas: 51.17ms
[2025-12-20 14:06:42] [INFO] REQ: POST /predict - Status: 200 - Czas: 51.17ms
[2025-12-20 14:06:42] [INFO] REQ: POST /predict - Status: 200 - Czas: 51.17ms
[2025-12-20 14:06:42] [INFO] REQ: POST /predict - Status: 200 - Czas: 51.17ms
[2025-12-20 14:06:42] [INFO] REQ: POST /predict - Status: 200 - Czas: 51.17ms
[2025-12-20 14:06:42] [INFO] REQ: POST /predict - Status: 200 - Czas: 51.17ms
[2025-12-20 14:06:42] [INFO] REQ: POST /predict - Status: 200 - Czas: 10.14ms
[2025-12-20 14:06:42] [INFO] REQ: POST /predict - Status: 200 - Czas: 22.72ms
[2025-12-20 14:06:42] [INFO] REQ: POST /predict - Status: 200 - Czas: 22.72ms
[2025-12-20 14:06:42] [INFO] REQ: POST /predict - Status: 200 - Czas: 22.72ms
[2025-12-20 14:06:42] [INFO] REQ: POST /predict - Status: 200 - Czas: 23.72ms
[2025-12-20 14:06:42] [INFO] REQ: POST /predict - Status: 200 - Czas: 23.72ms
[2025-12-20 14:06:42] [INFO] REQ: POST /predict - Status: 200 - Czas: 23.72ms
[2025-12-20 14:06:42] [INFO] REQ: POST /predict - Status: 200 - Czas: 23.72ms
[2025-12-20 14:06:42] [INFO] REQ: POST /predict - Status: 200 - Czas: 23.72ms
[2025-12-20 14:06:42] [INFO] REQ: POST /predict - Status: 200 - Czas: 23.72ms
[2025-12-20 14:06:42] [INFO] REQ: POST /predict - Status: 200 - Czas: 23.72ms
[2025-12-20 14:06:42] [INFO] REQ: POST /predict - Status: 200 - Czas: 23.72ms
[2025-12-20 14:06:42] [INFO] REQ: POST /predict - Status: 200 - Czas: 23.72ms
[2025-12-20 14:06:42] [INFO] REQ: POST /predict - Status: 200 - Czas: 24.72ms
[2025-12-20 14:06:42] [INFO] REQ: POST /predict - Status: 200 - Czas: 24.72ms
[2025-12-20 14:06:42] [INFO] REQ: POST /predict - Status: 200 - Czas: 24.72ms
[2025-12-20 14:06:42] [INFO] REQ: POST /predict - Status: 200 - Czas: 24.72ms
[2025-12-20 14:06:42] [INFO] REQ: POST /predict - Status: 200 - Czas: 23.72ms
[2025-12-20 14:06:42] [INFO] REQ: POST /predict - Status: 200 - Czas: 23.72ms
[2025-12-20 14:06:42] [INFO] REQ: POST /predict - Status: 200 - Czas: 23.72ms
[2025-12-20 14:06:42] [INFO] REQ: POST /predict - Status: 200 - Czas: 30.26ms
[2025-12-20 14:06:42] [INFO] REQ: POST /predict - Status: 200 - Czas: 30.26ms
[2025-12-20 14:06:42] [INFO] REQ: POST /predict - Status: 200 - Czas: 30.26ms
[2025-12-20 14:06:42] [INFO] REQ: POST /predict - Status: 200 - Czas: 30.26ms
[2025-12-20 14:06:42] [INFO] REQ: POST /predict - Status: 200 - Czas: 30.26ms
[2025-12-20 14:06:42] [INFO] REQ: POST /predict - Status: 200 - Czas: 30.26ms
[2025-12-20 14:06:42] [INFO] REQ: POST /predict - Status: 200 - Czas: 29.25ms
[2025-12-20 14:06:42] [INFO] REQ: POST /predict - Status: 200 - Czas: 29.25ms
[2025-12-20 14:06:42] [INFO] REQ: POST /predict - Status: 200 - Czas: 30.26ms
[2025-12-20 14:06:42] [INFO] REQ: POST /predict - Status: 200 - Czas: 34.39ms
[2025-12-20 14:06:42] [INFO] REQ: POST /predict - Status: 200 - Czas: 34.39ms
[2025-12-20 14:06:42] [INFO] REQ: POST /predict - Status: 200 - Czas: 34.39ms
[2025-12-20 14:06:42] [INFO] REQ: POST /predict - Status: 200 - Czas: 34.39ms
[2025-12-20 14:06:42] [INFO] REQ: POST /predict - Status: 200 - Czas: 34.39ms
[2025-12-20 14:06:42] [INFO] REQ: POST /predict - Status: 200 - Czas: 34.39ms
[2025-12-20 14:06:42] [INFO] REQ: POST /predict - Status: 200 - Czas: 34.39ms
[2025-12-20 14:06:42] [INFO] REQ: POST /predict - Status: 200 - Czas: 34.39ms
[2025-12-20 14:06:42] [INFO] REQ: POST /predict - Status: 200 - Czas: 33.39ms
[2025-12-20 14:06:42] [INFO] REQ: POST /predict - Status: 200 - Czas: 33.39ms
[2025-12-20 14:06:42] [INFO] REQ: POST /predict - Status: 200 - Czas: 33.39ms
[2025-12-20 14:06:42] [INFO] REQ: POST /predict - Status: 200 - Czas: 33.39ms
[2025-12-20 14:06:42] [INFO] REQ: POST /predict - Status: 200 - Czas: 33.90ms
[2025-12-20 14:06:42] [INFO] REQ: POST /predict - Status: 200 - Czas: 33.90ms
[2025-12-20 14:06:42] [INFO] REQ: POST /predict - Status: 200 - Czas: 33.90ms
[2025-12-20 14:06:42] [INFO] REQ: POST /predict - Status: 200 - Czas: 33.90ms
[2025-12-20 14:06:42] [INFO] REQ: POST /predict - Status: 200 - Czas: 33.90ms
[2025-12-20 14:06:42] [INFO] REQ: POST /predict - Status: 200 - Czas: 33.90ms
[2025-12-20 14:06:42] [INFO] REQ: POST /predict - Status: 200 - Czas: 33.90ms
[2025-12-20 14:06:42] [INFO] REQ: POST /predict - Status: 200 - Czas: 33.90ms
[2025-12-20 14:06:42] [INFO] REQ: POST /predict - Status: 200 - Czas: 33.90ms
[2025-12-20 14:06:42] [INFO] REQ: POST /predict - Status: 200 - Czas: 13.74ms
[2025-12-20 14:06:42] [INFO] REQ: POST /predict - Status: 200 - Czas: 25.19ms
[2025-12-20 14:06:42] [INFO] REQ: POST /predict - Status: 200 - Czas: 25.19ms
[2025-12-20 14:06:42] [INFO] REQ: POST /predict - Status: 200 - Czas: 25.19ms
[2025-12-20 14:06:42] [INFO] REQ: POST /predict - Status: 200 - Czas: 26.19ms
[2025-12-20 14:06:42] [INFO] REQ: POST /predict - Status: 200 - Czas: 26.19ms
[2025-12-20 14:06:42] [INFO] REQ: POST /predict - Status: 200 - Czas: 26.19ms
[2025-12-20 14:06:42] [INFO] REQ: POST /predict - Status: 200 - Czas: 26.19ms
[2025-12-20 14:06:42] [INFO] REQ: POST /predict - Status: 200 - Czas: 26.70ms
[2025-12-20 14:06:42] [INFO] REQ: POST /predict - Status: 200 - Czas: 26.70ms
[2025-12-20 14:06:42] [INFO] REQ: POST /predict - Status: 200 - Czas: 25.20ms
[2025-12-20 14:06:42] [INFO] REQ: POST /predict - Status: 200 - Czas: 25.20ms
[2025-12-20 14:06:42] [INFO] REQ: POST /predict - Status: 200 - Czas: 25.20ms
[2025-12-20 14:06:42] [INFO] REQ: POST /predict - Status: 200 - Czas: 25.20ms
[2025-12-20 14:06:42] [INFO] REQ: POST /predict - Status: 200 - Czas: 25.20ms
[2025-12-20 14:06:42] [INFO] REQ: POST /predict - Status: 200 - Czas: 25.20ms
[2025-12-20 14:06:42] [INFO] REQ: POST /predict - Status: 200 - Czas: 25.20ms
[2025-12-20 14:06:42] [INFO] REQ: POST /predict - Status: 200 - Czas: 26.20ms
[2025-12-20 14:06:42] [INFO] REQ: POST /predict - Status: 200 - Czas: 26.20ms
[2025-12-20 14:06:42] [INFO] REQ: POST /predict - Status: 200 - Czas: 26.20ms
[2025-12-20 14:06:42] [INFO] REQ: POST /predict - Status: 200 - Czas: 29.68ms
[2025-12-20 14:06:42] [INFO] REQ: POST /predict - Status: 200 - Czas: 30.69ms
[2025-12-20 14:06:42] [INFO] REQ: POST /predict - Status: 200 - Czas: 30.69ms
[2025-12-20 14:06:42] [INFO] REQ: POST /predict - Status: 200 - Czas: 30.69ms
[2025-12-20 14:06:42] [INFO] REQ: POST /predict - Status: 200 - Czas: 30.69ms
[2025-12-20 14:06:42] [INFO] REQ: POST /predict - Status: 200 - Czas: 30.69ms
[2025-12-20 14:06:42] [INFO] REQ: POST /predict - Status: 200 - Czas: 30.69ms
[2025-12-20 14:06:42] [INFO] REQ: POST /predict - Status: 200 - Czas: 29.69ms
[2025-12-20 14:06:42] [INFO] REQ: POST /predict - Status: 200 - Czas: 29.69ms
[2025-12-20 14:06:42] [INFO] REQ: POST /predict - Status: 200 - Czas: 34.21ms
[2025-12-20 14:06:42] [INFO] REQ: POST /predict - Status: 200 - Czas: 34.21ms
[2025-12-20 14:06:42] [INFO] REQ: POST /predict - Status: 200 - Czas: 34.21ms
[2025-12-20 14:06:42] [INFO] REQ: POST /predict - Status: 200 - Czas: 34.21ms
[2025-12-20 14:06:42] [INFO] REQ: POST /predict - Status: 200 - Czas: 34.21ms
[2025-12-20 14:06:42] [INFO] REQ: POST /predict - Status: 200 - Czas: 35.21ms
[2025-12-20 14:06:42] [INFO] REQ: POST /predict - Status: 200 - Czas: 35.21ms
[2025-12-20 14:06:42] [INFO] REQ: POST /predict - Status: 200 - Czas: 35.21ms
[2025-12-20 14:06:42] [INFO] REQ: POST /predict - Status: 200 - Czas: 35.21ms
[2025-12-20 14:06:42] [INFO] REQ: POST /predict - Status: 200 - Czas: 35.21ms
[2025-12-20 14:06:42] [INFO] REQ: POST /predict - Status: 200 - Czas: 35.72ms
[2025-12-20 14:06:42] [INFO] REQ: POST /predict - Status: 200 - Czas: 35.72ms
[2025-12-20 14:06:42] [INFO] REQ: POST /predict - Status: 200 - Czas: 34.21ms
[2025-12-20 14:06:42] [INFO] REQ: POST /predict - Status: 200 - Czas: 34.21ms
[2025-12-20 14:06:42] [INFO] REQ: POST /predict - Status: 200 - Czas: 34.21ms
[2025-12-20 14:06:42] [INFO] REQ: POST /predict - Status: 200 - Czas: 34.21ms
[2025-12-20 14:06:42] [INFO] REQ: POST /predict - Status: 200 - Czas: 34.21ms
[2025-12-20 14:06:42] [INFO] REQ: POST /predict - Status: 200 - Czas: 34.21ms
[2025-12-20 14:06:42] [INFO] REQ: POST /predict - Status: 200 - Czas: 35.21ms
[2025-12-20 14:06:42] [INFO] REQ: POST /predict - Status: 200 - Czas: 35.21ms
[2025-12-20 14:06:42] [INFO] REQ: POST /predict - Status: 200 - Czas: 35.21ms
[2025-12-20 14:06:42] [INFO] REQ: POST /predict - Status: 200 - Czas: 40.95ms
[2025-12-20 14:06:42] [INFO] REQ: POST /predict - Status: 200 - Czas: 50.48ms
[2025-12-20 14:06:42] [INFO] REQ: POST /predict - Status: 200 - Czas: 50.48ms
[2025-12-20 14:06:42] [INFO] REQ: POST /predict - Status: 200 - Czas: 50.48ms
[2025-12-20 14:06:42] [INFO] REQ: POST /predict - Status: 200 - Czas: 50.48ms
[2025-12-20 14:06:42] [INFO] REQ: POST /predict - Status: 200 - Czas: 50.48ms
[2025-12-20 14:06:42] [INFO] REQ: POST /predict - Status: 200 - Czas: 50.48ms
[2025-12-20 14:06:42] [INFO] REQ: POST /predict - Status: 200 - Czas: 50.48ms
[2025-12-20 14:06:42] [INFO] REQ: POST /predict - Status: 200 - Czas: 51.98ms
[2025-12-20 14:06:42] [INFO] REQ: POST /predict - Status: 200 - Czas: 51.98ms
[2025-12-20 14:06:42] [INFO] REQ: POST /predict - Status: 200 - Czas: 51.98ms
[2025-12-20 14:06:42] [INFO] REQ: POST /predict - Status: 200 - Czas: 51.98ms
[2025-12-20 14:06:42] [INFO] REQ: POST /predict - Status: 200 - Czas: 52.53ms
[2025-12-20 14:06:42] [INFO] REQ: POST /predict - Status: 200 - Czas: 52.53ms
[2025-12-20 14:06:42] [INFO] REQ: POST /predict - Status: 200 - Czas: 52.53ms
[2025-12-20 14:06:42] [INFO] REQ: POST /predict - Status: 200 - Czas: 52.53ms
[2025-12-20 14:06:42] [INFO] REQ: POST /predict - Status: 200 - Czas: 52.53ms
[2025-12-20 14:06:42] [INFO] REQ: POST /predict - Status: 200 - Czas: 52.53ms
[2025-12-20 14:06:42] [INFO] REQ: POST /predict - Status: 200 - Czas: 51.53ms
[2025-12-20 14:06:42] [INFO] REQ: POST /predict - Status: 200 - Czas: 51.53ms
[2025-12-20 14:06:42] [INFO] REQ: POST /predict - Status: 200 - Czas: 57.06ms
[2025-12-20 14:06:42] [INFO] REQ: POST /predict - Status: 200 - Czas: 57.06ms
[2025-12-20 14:06:42] [INFO] REQ: POST /predict - Status: 200 - Czas: 57.06ms
[2025-12-20 14:06:42] [INFO] REQ: POST /predict - Status: 200 - Czas: 57.06ms
[2025-12-20 14:06:42] [INFO] REQ: POST /predict - Status: 200 - Czas: 57.06ms
[2025-12-20 14:06:42] [INFO] REQ: POST /predict - Status: 200 - Czas: 57.06ms
[2025-12-20 14:06:42] [INFO] REQ: POST /predict - Status: 200 - Czas: 57.06ms
[2025-12-20 14:06:42] [INFO] REQ: POST /predict - Status: 200 - Czas: 57.06ms
[2025-12-20 14:06:42] [INFO] REQ: POST /predict - Status: 200 - Czas: 57.06ms
[2025-12-20 14:06:42] [INFO] REQ: POST /predict - Status: 200 - Czas: 61.53ms
[2025-12-20 14:06:42] [INFO] REQ: POST /predict - Status: 200 - Czas: 61.53ms
[2025-12-20 14:06:42] [INFO] REQ: POST /predict - Status: 200 - Czas: 61.53ms
[2025-12-20 14:06:42] [INFO] REQ: POST /predict - Status: 200 - Czas: 61.53ms
[2025-12-20 14:06:42] [INFO] REQ: POST /predict - Status: 200 - Czas: 61.53ms
[2025-12-20 14:06:42] [INFO] REQ: POST /predict - Status: 200 - Czas: 61.53ms
[2025-12-20 14:06:42] [INFO] REQ: POST /predict - Status: 200 - Czas: 61.53ms
[2025-12-20 14:06:42] [INFO] REQ: POST /predict - Status: 200 - Czas: 61.53ms
[2025-12-20 14:06:42] [INFO] REQ: POST /predict - Status: 200 - Czas: 61.53ms
[2025-12-20 14:06:42] [INFO] REQ: POST /predict - Status: 200 - Czas: 61.03ms
[2025-12-20 14:06:42] [INFO] REQ: POST /predict - Status: 200 - Czas: 61.03ms
[2025-12-20 14:06:42] [INFO] REQ: POST /predict - Status: 200 - Czas: 61.58ms
[2025-12-20 14:06:42] [INFO] REQ: POST /predict - Status: 200 - Czas: 33.73ms
[2025-12-20 14:06:42] [INFO] REQ: POST /predict - Status: 200 - Czas: 33.73ms
[2025-12-20 14:06:42] [INFO] REQ: POST /predict - Status: 200 - Czas: 34.74ms
[2025-12-20 14:06:42] [INFO] REQ: POST /predict - Status: 200 - Czas: 34.74ms
[2025-12-20 14:06:42] [INFO] REQ: POST /predict - Status: 200 - Czas: 34.74ms
[2025-12-20 14:06:42] [INFO] REQ: POST /predict - Status: 200 - Czas: 34.74ms
[2025-12-20 14:06:42] [INFO] REQ: POST /predict - Status: 200 - Czas: 34.74ms
[2025-12-20 14:06:42] [INFO] REQ: POST /predict - Status: 200 - Czas: 34.74ms
[2025-12-20 14:06:42] [INFO] REQ: POST /predict - Status: 200 - Czas: 34.74ms
[2025-12-20 14:06:42] [INFO] REQ: POST /predict - Status: 200 - Czas: 11.60ms
[2025-12-20 14:06:42] [INFO] REQ: POST /predict - Status: 200 - Czas: 24.13ms
[2025-12-20 14:06:42] [INFO] REQ: POST /predict - Status: 200 - Czas: 25.13ms
[2025-12-20 14:06:42] [INFO] REQ: POST /predict - Status: 200 - Czas: 25.13ms
[2025-12-20 14:06:42] [INFO] REQ: POST /predict - Status: 200 - Czas: 25.13ms
[2025-12-20 14:06:42] [INFO] REQ: POST /predict - Status: 200 - Czas: 25.13ms
[2025-12-20 14:06:42] [INFO] REQ: POST /predict - Status: 200 - Czas: 25.13ms
[2025-12-20 14:06:42] [INFO] REQ: POST /predict - Status: 200 - Czas: 24.13ms
[2025-12-20 14:06:42] [INFO] REQ: POST /predict - Status: 200 - Czas: 24.13ms
[2025-12-20 14:06:42] [INFO] REQ: POST /predict - Status: 200 - Czas: 24.13ms
[2025-12-20 14:06:42] [INFO] REQ: POST /predict - Status: 200 - Czas: 25.13ms
[2025-12-20 14:06:42] [INFO] REQ: POST /predict - Status: 200 - Czas: 25.13ms
[2025-12-20 14:06:42] [INFO] REQ: POST /predict - Status: 200 - Czas: 25.13ms
[2025-12-20 14:06:42] [INFO] REQ: POST /predict - Status: 200 - Czas: 25.13ms
[2025-12-20 14:06:42] [INFO] REQ: POST /predict - Status: 200 - Czas: 25.13ms
[2025-12-20 14:06:42] [INFO] REQ: POST /predict - Status: 200 - Czas: 25.13ms
[2025-12-20 14:06:42] [INFO] REQ: POST /predict - Status: 200 - Czas: 25.13ms
[2025-12-20 14:06:42] [INFO] REQ: POST /predict - Status: 200 - Czas: 25.13ms
[2025-12-20 14:06:42] [INFO] REQ: POST /predict - Status: 200 - Czas: 25.13ms
[2025-12-20 14:06:42] [INFO] REQ: POST /predict - Status: 200 - Czas: 25.13ms
[2025-12-20 14:06:42] [INFO] REQ: POST /predict - Status: 200 - Czas: 25.13ms
[2025-12-20 14:06:42] [INFO] REQ: POST /predict - Status: 200 - Czas: 25.13ms
[2025-12-20 14:06:42] [INFO] REQ: POST /predict - Status: 200 - Czas: 24.13ms
[2025-12-20 14:06:42] [INFO] REQ: POST /predict - Status: 200 - Czas: 24.13ms
[2025-12-20 14:06:42] [INFO] REQ: POST /predict - Status: 200 - Czas: 25.13ms
[2025-12-20 14:06:42] [INFO] REQ: POST /predict - Status: 200 - Czas: 25.13ms
[2025-12-20 14:06:42] [INFO] REQ: POST /predict - Status: 200 - Czas: 25.13ms
[2025-12-20 14:06:42] [INFO] REQ: POST /predict - Status: 200 - Czas: 25.13ms
[2025-12-20 14:06:42] [INFO] REQ: POST /predict - Status: 200 - Czas: 25.64ms
[2025-12-20 14:06:42] [INFO] REQ: POST /predict - Status: 200 - Czas: 27.10ms
[2025-12-20 14:06:42] [INFO] REQ: POST /predict - Status: 200 - Czas: 27.10ms
[2025-12-20 14:06:42] [INFO] REQ: POST /predict - Status: 200 - Czas: 27.10ms
[2025-12-20 14:06:42] [INFO] REQ: POST /predict - Status: 200 - Czas: 27.10ms
[2025-12-20 14:06:42] [INFO] REQ: POST /predict - Status: 200 - Czas: 28.10ms
[2025-12-20 14:06:42] [INFO] REQ: POST /predict - Status: 200 - Czas: 28.10ms
[2025-12-20 14:06:42] [INFO] REQ: POST /predict - Status: 200 - Czas: 28.10ms
[2025-12-20 14:06:42] [INFO] REQ: POST /predict - Status: 200 - Czas: 28.64ms
[2025-12-20 14:06:42] [INFO] REQ: POST /predict - Status: 200 - Czas: 28.64ms
[2025-12-20 14:06:42] [INFO] REQ: POST /predict - Status: 200 - Czas: 28.64ms
[2025-12-20 14:06:42] [INFO] REQ: POST /predict - Status: 200 - Czas: 28.64ms
[2025-12-20 14:06:42] [INFO] REQ: POST /predict - Status: 200 - Czas: 28.64ms
[2025-12-20 14:06:42] [INFO] REQ: POST /predict - Status: 200 - Czas: 29.63ms
[2025-12-20 14:06:42] [INFO] REQ: POST /predict - Status: 200 - Czas: 29.63ms
[2025-12-20 14:06:42] [INFO] REQ: POST /predict - Status: 200 - Czas: 30.63ms
[2025-12-20 14:06:42] [INFO] REQ: POST /predict - Status: 200 - Czas: 29.62ms
[2025-12-20 14:06:42] [INFO] REQ: POST /predict - Status: 200 - Czas: 29.12ms
[2025-12-20 14:06:42] [INFO] REQ: POST /predict - Status: 200 - Czas: 29.12ms
[2025-12-20 14:06:42] [INFO] REQ: POST /predict - Status: 200 - Czas: 29.12ms
[2025-12-20 14:06:42] [INFO] REQ: POST /predict - Status: 200 - Czas: 29.12ms
[2025-12-20 14:06:42] [INFO] REQ: POST /predict - Status: 200 - Czas: 29.12ms
[2025-12-20 14:06:42] [INFO] REQ: POST /predict - Status: 200 - Czas: 29.12ms
[2025-12-20 14:06:42] [INFO] REQ: POST /predict - Status: 200 - Czas: 29.12ms
[2025-12-20 14:06:42] [INFO] REQ: POST /predict - Status: 200 - Czas: 29.12ms
[2025-12-20 14:06:42] [INFO] REQ: POST /predict - Status: 200 - Czas: 29.12ms
[2025-12-20 14:06:42] [INFO] REQ: POST /predict - Status: 200 - Czas: 30.12ms
[2025-12-20 14:06:42] [INFO] REQ: POST /predict - Status: 200 - Czas: 28.60ms
[2025-12-20 14:06:42] [INFO] REQ: POST /predict - Status: 200 - Czas: 28.60ms
[2025-12-20 14:06:42] [INFO] REQ: POST /predict - Status: 200 - Czas: 38.63ms
[2025-12-20 14:06:42] [INFO] REQ: POST /predict - Status: 200 - Czas: 40.17ms
[2025-12-20 14:06:42] [INFO] REQ: POST /predict - Status: 200 - Czas: 40.17ms
[2025-12-20 14:06:42] [INFO] REQ: POST /predict - Status: 200 - Czas: 40.17ms
[2025-12-20 14:06:42] [INFO] REQ: POST /predict - Status: 200 - Czas: 40.17ms
[2025-12-20 14:06:42] [INFO] REQ: POST /predict - Status: 200 - Czas: 40.17ms
[2025-12-20 14:06:42] [INFO] REQ: POST /predict - Status: 200 - Czas: 40.17ms
[2025-12-20 14:06:42] [INFO] REQ: POST /predict - Status: 200 - Czas: 41.17ms
[2025-12-20 14:06:42] [INFO] REQ: POST /predict - Status: 200 - Czas: 41.17ms
[2025-12-20 14:06:42] [INFO] REQ: POST /predict - Status: 200 - Czas: 41.17ms
[2025-12-20 14:06:42] [INFO] REQ: POST /predict - Status: 200 - Czas: 41.17ms
[2025-12-20 14:06:42] [INFO] REQ: POST /predict - Status: 200 - Czas: 41.17ms
[2025-12-20 14:06:42] [INFO] REQ: POST /predict - Status: 200 - Czas: 41.17ms
[2025-12-20 14:06:42] [INFO] REQ: POST /predict - Status: 200 - Czas: 41.17ms
[2025-12-20 14:06:42] [INFO] REQ: POST /predict - Status: 200 - Czas: 41.17ms
[2025-12-20 14:06:42] [INFO] REQ: POST /predict - Status: 200 - Czas: 41.17ms
[2025-12-20 14:06:42] [INFO] REQ: POST /predict - Status: 200 - Czas: 41.17ms
[2025-12-20 14:06:42] [INFO] REQ: POST /predict - Status: 200 - Czas: 42.17ms
[2025-12-20 14:06:42] [INFO] REQ: POST /predict - Status: 200 - Czas: 42.17ms
[2025-12-20 14:06:42] [INFO] REQ: POST /predict - Status: 200 - Czas: 42.17ms
[2025-12-20 14:06:42] [INFO] REQ: POST /predict - Status: 200 - Czas: 41.17ms
[2025-12-20 14:06:42] [INFO] REQ: POST /predict - Status: 200 - Czas: 41.24ms
[2025-12-20 14:06:42] [INFO] REQ: POST /predict - Status: 200 - Czas: 40.24ms
[2025-12-20 14:06:42] [INFO] REQ: POST /predict - Status: 200 - Czas: 40.24ms
[2025-12-20 14:06:42] [INFO] REQ: POST /predict - Status: 200 - Czas: 40.24ms
[2025-12-20 14:06:42] [INFO] REQ: POST /predict - Status: 200 - Czas: 40.24ms
[2025-12-20 14:06:42] [INFO] REQ: POST /predict - Status: 200 - Czas: 40.24ms
[2025-12-20 14:06:42] [INFO] REQ: POST /predict - Status: 200 - Czas: 40.24ms
[2025-12-20 14:06:42] [INFO] REQ: POST /predict - Status: 200 - Czas: 41.24ms
[2025-12-20 14:06:42] [INFO] REQ: POST /predict - Status: 200 - Czas: 41.24ms
[2025-12-20 14:06:42] [INFO] REQ: POST /predict - Status: 200 - Czas: 41.24ms
[2025-12-20 14:06:42] [INFO] REQ: POST /predict - Status: 200 - Czas: 35.18ms
[2025-12-20 14:06:42] [INFO] REQ: POST /predict - Status: 200 - Czas: 34.68ms
[2025-12-20 14:06:42] [INFO] REQ: POST /predict - Status: 200 - Czas: 39.76ms
[2025-12-20 14:06:42] [INFO] REQ: POST /predict - Status: 200 - Czas: 35.23ms
[2025-12-20 14:06:42] [INFO] REQ: POST /predict - Status: 200 - Czas: 35.23ms
[2025-12-20 14:06:42] [INFO] REQ: POST /predict - Status: 200 - Czas: 35.23ms
[2025-12-20 14:06:42] [INFO] REQ: POST /predict - Status: 200 - Czas: 35.23ms
[2025-12-20 14:06:42] [INFO] REQ: POST /predict - Status: 200 - Czas: 35.23ms
[2025-12-20 14:06:42] [INFO] REQ: POST /predict - Status: 200 - Czas: 34.73ms
[2025-12-20 14:06:42] [INFO] REQ: POST /predict - Status: 200 - Czas: 34.73ms
[2025-12-20 14:06:42] [INFO] REQ: POST /predict - Status: 200 - Czas: 34.73ms
[2025-12-20 14:06:42] [INFO] REQ: POST /predict - Status: 200 - Czas: 34.73ms
[2025-12-20 14:06:42] [INFO] REQ: POST /predict - Status: 200 - Czas: 34.73ms
[2025-12-20 14:06:42] [INFO] REQ: POST /predict - Status: 200 - Czas: 34.73ms
[2025-12-20 14:06:42] [INFO] REQ: POST /predict - Status: 200 - Czas: 34.73ms
[2025-12-20 14:06:42] [INFO] REQ: POST /predict - Status: 200 - Czas: 34.73ms
[2025-12-20 14:06:42] [INFO] REQ: POST /predict - Status: 200 - Czas: 36.77ms
[2025-12-20 14:06:42] [INFO] REQ: POST /predict - Status: 200 - Czas: 36.77ms
[2025-12-20 14:06:42] [INFO] REQ: POST /predict - Status: 200 - Czas: 36.77ms
[2025-12-20 14:06:42] [INFO] REQ: POST /predict - Status: 200 - Czas: 36.77ms
[2025-12-20 14:06:42] [INFO] REQ: POST /predict - Status: 200 - Czas: 34.69ms
[2025-12-20 14:06:42] [INFO] REQ: POST /predict - Status: 200 - Czas: 36.20ms
[2025-12-20 14:06:42] [INFO] REQ: POST /predict - Status: 200 - Czas: 36.20ms
[2025-12-20 14:06:42] [INFO] REQ: POST /predict - Status: 200 - Czas: 36.20ms
[2025-12-20 14:06:42] [INFO] REQ: POST /predict - Status: 200 - Czas: 36.20ms
[2025-12-20 14:06:42] [INFO] REQ: POST /predict - Status: 200 - Czas: 36.20ms
[2025-12-20 14:06:42] [INFO] REQ: POST /predict - Status: 200 - Czas: 35.19ms
[2025-12-20 14:06:42] [INFO] REQ: POST /predict - Status: 200 - Czas: 35.19ms
[2025-12-20 14:06:42] [INFO] REQ: POST /predict - Status: 200 - Czas: 35.19ms
[2025-12-20 14:06:42] [INFO] REQ: POST /predict - Status: 200 - Czas: 35.19ms
[2025-12-20 14:06:42] [INFO] REQ: POST /predict - Status: 200 - Czas: 36.20ms
[2025-12-20 14:06:42] [INFO] REQ: POST /predict - Status: 200 - Czas: 36.20ms
[2025-12-20 14:06:42] [INFO] REQ: POST /predict - Status: 200 - Czas: 35.20ms
[2025-12-20 14:06:42] [INFO] REQ: POST /predict - Status: 200 - Czas: 34.70ms
[2025-12-20 14:06:42] [INFO] REQ: POST /predict - Status: 200 - Czas: 34.70ms
[2025-12-20 14:06:42] [INFO] REQ: POST /predict - Status: 200 - Czas: 44.79ms
[2025-12-20 14:06:42] [INFO] REQ: POST /predict - Status: 200 - Czas: 44.79ms
[2025-12-20 14:06:42] [INFO] REQ: POST /predict - Status: 200 - Czas: 45.27ms
[2025-12-20 14:06:42] [INFO] REQ: POST /predict - Status: 200 - Czas: 46.28ms
[2025-12-20 14:06:42] [INFO] REQ: POST /predict - Status: 200 - Czas: 46.28ms
[2025-12-20 14:06:42] [INFO] REQ: POST /predict - Status: 200 - Czas: 46.28ms
[2025-12-20 14:06:42] [INFO] REQ: POST /predict - Status: 200 - Czas: 46.28ms
[2025-12-20 14:06:42] [INFO] REQ: POST /predict - Status: 200 - Czas: 46.28ms
[2025-12-20 14:06:42] [INFO] REQ: POST /predict - Status: 200 - Czas: 46.28ms
[2025-12-20 14:06:42] [INFO] REQ: POST /predict - Status: 200 - Czas: 46.28ms
[2025-12-20 14:06:42] [INFO] REQ: POST /predict - Status: 200 - Czas: 46.28ms
[2025-12-20 14:06:42] [INFO] REQ: POST /predict - Status: 200 - Czas: 46.28ms
[2025-12-20 14:06:42] [INFO] REQ: POST /predict - Status: 200 - Czas: 47.28ms
[2025-12-20 14:06:42] [INFO] REQ: POST /predict - Status: 200 - Czas: 47.28ms
[2025-12-20 14:06:42] [INFO] REQ: POST /predict - Status: 200 - Czas: 47.28ms
[2025-12-20 14:06:42] [INFO] REQ: POST /predict - Status: 200 - Czas: 47.28ms
[2025-12-20 14:06:42] [INFO] REQ: POST /predict - Status: 200 - Czas: 47.28ms
[2025-12-20 14:06:42] [INFO] REQ: POST /predict - Status: 200 - Czas: 47.28ms
[2025-12-20 14:06:42] [INFO] REQ: POST /predict - Status: 200 - Czas: 47.28ms
[2025-12-20 14:06:42] [INFO] REQ: POST /predict - Status: 200 - Czas: 47.28ms
[2025-12-20 14:06:42] [INFO] REQ: POST /predict - Status: 200 - Czas: 45.78ms
[2025-12-20 14:06:42] [INFO] REQ: POST /predict - Status: 200 - Czas: 46.78ms
[2025-12-20 14:06:42] [INFO] REQ: POST /predict - Status: 200 - Czas: 46.78ms
[2025-12-20 14:06:42] [INFO] REQ: POST /predict - Status: 200 - Czas: 46.78ms
[2025-12-20 14:06:42] [INFO] REQ: POST /predict - Status: 200 - Czas: 46.27ms
[2025-12-20 14:06:42] [INFO] REQ: POST /predict - Status: 200 - Czas: 45.27ms
[2025-12-20 14:06:42] [INFO] REQ: POST /predict - Status: 200 - Czas: 45.27ms
[2025-12-20 14:06:42] [INFO] REQ: POST /predict - Status: 200 - Czas: 45.27ms
[2025-12-20 14:06:42] [INFO] REQ: POST /predict - Status: 200 - Czas: 45.27ms
[2025-12-20 14:06:42] [INFO] REQ: POST /predict - Status: 200 - Czas: 45.27ms
[2025-12-20 14:06:42] [INFO] REQ: POST /predict - Status: 200 - Czas: 45.27ms
[2025-12-20 14:06:42] [INFO] REQ: POST /predict - Status: 200 - Czas: 46.27ms
[2025-12-20 14:06:42] [INFO] REQ: POST /predict - Status: 200 - Czas: 46.27ms
[2025-12-20 14:06:42] [INFO] REQ: POST /predict - Status: 200 - Czas: 45.27ms
[2025-12-20 14:06:42] [INFO] REQ: POST /predict - Status: 200 - Czas: 40.20ms
[2025-12-20 14:06:42] [INFO] REQ: POST /predict - Status: 200 - Czas: 40.20ms
[2025-12-20 14:06:42] [INFO] REQ: POST /predict - Status: 200 - Czas: 40.74ms
[2025-12-20 14:06:42] [INFO] REQ: POST /predict - Status: 200 - Czas: 40.74ms
[2025-12-20 14:06:42] [INFO] REQ: POST /predict - Status: 200 - Czas: 45.77ms
[2025-12-20 14:06:42] [INFO] REQ: POST /predict - Status: 200 - Czas: 45.77ms
[2025-12-20 14:06:42] [INFO] REQ: POST /predict - Status: 200 - Czas: 39.25ms
[2025-12-20 14:06:42] [INFO] REQ: POST /predict - Status: 200 - Czas: 39.25ms
[2025-12-20 14:06:42] [INFO] REQ: POST /predict - Status: 200 - Czas: 40.26ms
[2025-12-20 14:06:42] [INFO] REQ: POST /predict - Status: 200 - Czas: 40.26ms
[2025-12-20 14:06:42] [INFO] REQ: POST /predict - Status: 200 - Czas: 40.26ms
[2025-12-20 14:06:42] [INFO] REQ: POST /predict - Status: 200 - Czas: 40.26ms
[2025-12-20 14:06:42] [INFO] REQ: POST /predict - Status: 200 - Czas: 40.26ms
[2025-12-20 14:06:42] [INFO] REQ: POST /predict - Status: 200 - Czas: 40.26ms
[2025-12-20 14:06:42] [INFO] REQ: POST /predict - Status: 200 - Czas: 40.26ms
[2025-12-20 14:06:42] [INFO] REQ: POST /predict - Status: 200 - Czas: 40.26ms
[2025-12-20 14:06:42] [INFO] REQ: POST /predict - Status: 200 - Czas: 40.26ms
[2025-12-20 14:06:42] [INFO] REQ: POST /predict - Status: 200 - Czas: 41.27ms
[2025-12-20 14:06:42] [INFO] REQ: POST /predict - Status: 200 - Czas: 41.27ms
[2025-12-20 14:06:42] [INFO] REQ: POST /predict - Status: 200 - Czas: 40.27ms
[2025-12-20 14:06:42] [INFO] REQ: POST /predict - Status: 200 - Czas: 41.72ms
[2025-12-20 14:06:42] [INFO] REQ: POST /predict - Status: 200 - Czas: 41.22ms
[2025-12-20 14:06:42] [INFO] REQ: POST /predict - Status: 200 - Czas: 41.22ms
[2025-12-20 14:06:42] [INFO] REQ: POST /predict - Status: 200 - Czas: 41.22ms
[2025-12-20 14:06:42] [INFO] REQ: POST /predict - Status: 200 - Czas: 41.22ms
[2025-12-20 14:06:42] [INFO] REQ: POST /predict - Status: 200 - Czas: 41.21ms
[2025-12-20 14:06:42] [INFO] REQ: POST /predict - Status: 200 - Czas: 40.75ms
[2025-12-20 14:06:42] [ERROR] Exception in ASGI application
Traceback (most recent call last):
  File "D:\Programming Projects\ml-docker-performance\.venv\Lib\site-packages\starlette\_exception_handler.py", line 42, in wrapped_app
    await app(scope, receive, sender)
  File "D:\Programming Projects\ml-docker-performance\.venv\Lib\site-packages\fastapi\routing.py", line 106, in app
    response = await f(request)
               ^^^^^^^^^^^^^^^^
  File "D:\Programming Projects\ml-docker-performance\.venv\Lib\site-packages\fastapi\routing.py", line 472, in app
    raise validation_error
fastapi.exceptions.RequestValidationError: 1 validation error:
  {'type': 'string_type', 'loc': ('body', 'text'), 'msg': 'Input should be a valid string', 'input': nan}

  File "D:\Programming Projects\ml-docker-performance\app\server_fastapi.py", line 60, in predict_endpoint
    POST /predict

The above exception was the direct cause of the following exception:

Traceback (most recent call last):
  File "D:\Programming Projects\ml-docker-performance\.venv\Lib\site-packages\uvicorn\protocols\http\httptools_impl.py", line 409, in run_asgi
    result = await app(  # type: ignore[func-returns-value]
             ^^^^^^^^^^^^^^^^^^^^^^^^^^^^^^^^^^^^^^^^^^^^^^
  File "D:\Programming Projects\ml-docker-performance\.venv\Lib\site-packages\uvicorn\middleware\proxy_headers.py", line 60, in __call__
    return await self.app(scope, receive, send)
           ^^^^^^^^^^^^^^^^^^^^^^^^^^^^^^^^^^^^
  File "D:\Programming Projects\ml-docker-performance\.venv\Lib\site-packages\fastapi\applications.py", line 1139, in __call__
    await super().__call__(scope, receive, send)
  File "D:\Programming Projects\ml-docker-performance\.venv\Lib\site-packages\starlette\applications.py", line 107, in __call__
    await self.middleware_stack(scope, receive, send)
  File "D:\Programming Projects\ml-docker-performance\.venv\Lib\site-packages\starlette\middleware\errors.py", line 186, in __call__
    raise exc
  File "D:\Programming Projects\ml-docker-performance\.venv\Lib\site-packages\starlette\middleware\errors.py", line 164, in __call__
    await self.app(scope, receive, _send)
  File "D:\Programming Projects\ml-docker-performance\.venv\Lib\site-packages\starlette\middleware\base.py", line 191, in __call__
    with recv_stream, send_stream, collapse_excgroups():
  File "C:\Users\admin\AppData\Local\Programs\Python\Python312\Lib\contextlib.py", line 158, in __exit__
    self.gen.throw(value)
  File "D:\Programming Projects\ml-docker-performance\.venv\Lib\site-packages\starlette\_utils.py", line 85, in collapse_excgroups
    raise exc
  File "D:\Programming Projects\ml-docker-performance\.venv\Lib\site-packages\starlette\middleware\base.py", line 193, in __call__
    response = await self.dispatch_func(request, call_next)
               ^^^^^^^^^^^^^^^^^^^^^^^^^^^^^^^^^^^^^^^^^^^^
  File "D:\Programming Projects\ml-docker-performance\app\server_fastapi.py", line 41, in log_requests
    response: Response = await call_next(request)
                         ^^^^^^^^^^^^^^^^^^^^^^^^
  File "D:\Programming Projects\ml-docker-performance\.venv\Lib\site-packages\starlette\middleware\base.py", line 168, in call_next
    raise app_exc from app_exc.__cause__ or app_exc.__context__
  File "D:\Programming Projects\ml-docker-performance\.venv\Lib\site-packages\starlette\middleware\base.py", line 144, in coro
    await self.app(scope, receive_or_disconnect, send_no_error)
  File "D:\Programming Projects\ml-docker-performance\.venv\Lib\site-packages\starlette\middleware\exceptions.py", line 63, in __call__
    await wrap_app_handling_exceptions(self.app, conn)(scope, receive, send)
  File "D:\Programming Projects\ml-docker-performance\.venv\Lib\site-packages\starlette\_exception_handler.py", line 53, in wrapped_app
    raise exc
  File "D:\Programming Projects\ml-docker-performance\.venv\Lib\site-packages\starlette\_exception_handler.py", line 42, in wrapped_app
    await app(scope, receive, sender)
  File "D:\Programming Projects\ml-docker-performance\.venv\Lib\site-packages\fastapi\middleware\asyncexitstack.py", line 18, in __call__
    await self.app(scope, receive, send)
  File "D:\Programming Projects\ml-docker-performance\.venv\Lib\site-packages\starlette\routing.py", line 716, in __call__
    await self.middleware_stack(scope, receive, send)
  File "D:\Programming Projects\ml-docker-performance\.venv\Lib\site-packages\starlette\routing.py", line 736, in app
    await route.handle(scope, receive, send)
  File "D:\Programming Projects\ml-docker-performance\.venv\Lib\site-packages\starlette\routing.py", line 290, in handle
    await self.app(scope, receive, send)
  File "D:\Programming Projects\ml-docker-performance\.venv\Lib\site-packages\fastapi\routing.py", line 120, in app
    await wrap_app_handling_exceptions(app, request)(scope, receive, send)
  File "D:\Programming Projects\ml-docker-performance\.venv\Lib\site-packages\starlette\_exception_handler.py", line 59, in wrapped_app
    response = await handler(conn, exc)
               ^^^^^^^^^^^^^^^^^^^^^^^^
  File "D:\Programming Projects\ml-docker-performance\.venv\Lib\site-packages\fastapi\exception_handlers.py", line 23, in request_validation_exception_handler
    return JSONResponse(
           ^^^^^^^^^^^^^
  File "D:\Programming Projects\ml-docker-performance\.venv\Lib\site-packages\starlette\responses.py", line 189, in __init__
    super().__init__(content, status_code, headers, media_type, background)
  File "D:\Programming Projects\ml-docker-performance\.venv\Lib\site-packages\starlette\responses.py", line 46, in __init__
    self.body = self.render(content)
                ^^^^^^^^^^^^^^^^^^^^
  File "D:\Programming Projects\ml-docker-performance\.venv\Lib\site-packages\starlette\responses.py", line 192, in render
    return json.dumps(
           ^^^^^^^^^^^
  File "C:\Users\admin\AppData\Local\Programs\Python\Python312\Lib\json\__init__.py", line 238, in dumps
    **kw).encode(obj)
          ^^^^^^^^^^^
  File "C:\Users\admin\AppData\Local\Programs\Python\Python312\Lib\json\encoder.py", line 200, in encode
    chunks = self.iterencode(o, _one_shot=True)
             ^^^^^^^^^^^^^^^^^^^^^^^^^^^^^^^^^^
  File "C:\Users\admin\AppData\Local\Programs\Python\Python312\Lib\json\encoder.py", line 258, in iterencode
    return _iterencode(o, 0)
           ^^^^^^^^^^^^^^^^^
ValueError: Out of range float values are not JSON compliant: nan
[2025-12-20 14:06:42] [INFO] REQ: POST /predict - Status: 200 - Czas: 49.94ms
[2025-12-20 14:06:42] [INFO] REQ: POST /predict - Status: 200 - Czas: 49.94ms
[2025-12-20 14:06:42] [INFO] REQ: POST /predict - Status: 200 - Czas: 49.94ms
[2025-12-20 14:06:42] [INFO] REQ: POST /predict - Status: 200 - Czas: 49.94ms
[2025-12-20 14:06:42] [INFO] REQ: POST /predict - Status: 200 - Czas: 49.94ms
[2025-12-20 14:06:42] [INFO] REQ: POST /predict - Status: 200 - Czas: 49.94ms
[2025-12-20 14:06:42] [INFO] REQ: POST /predict - Status: 200 - Czas: 50.94ms
[2025-12-20 14:06:42] [INFO] REQ: POST /predict - Status: 200 - Czas: 50.94ms
[2025-12-20 14:06:42] [INFO] REQ: POST /predict - Status: 200 - Czas: 50.94ms
[2025-12-20 14:06:42] [INFO] REQ: POST /predict - Status: 200 - Czas: 50.94ms
[2025-12-20 14:06:42] [INFO] REQ: POST /predict - Status: 200 - Czas: 49.44ms
[2025-12-20 14:06:42] [INFO] REQ: POST /predict - Status: 200 - Czas: 50.43ms
[2025-12-20 14:06:42] [INFO] REQ: POST /predict - Status: 200 - Czas: 49.43ms
[2025-12-20 14:06:42] [INFO] REQ: POST /predict - Status: 200 - Czas: 49.43ms
[2025-12-20 14:06:42] [INFO] REQ: POST /predict - Status: 200 - Czas: 60.93ms
[2025-12-20 14:06:42] [INFO] REQ: POST /predict - Status: 200 - Czas: 61.93ms
[2025-12-20 14:06:42] [INFO] REQ: POST /predict - Status: 200 - Czas: 61.93ms
[2025-12-20 14:06:42] [INFO] REQ: POST /predict - Status: 200 - Czas: 76.33ms
[2025-12-20 14:06:42] [INFO] REQ: POST /predict - Status: 200 - Czas: 76.83ms
[2025-12-20 14:06:42] [INFO] REQ: POST /predict - Status: 200 - Czas: 76.83ms
[2025-12-20 14:06:42] [INFO] REQ: POST /predict - Status: 200 - Czas: 76.83ms
[2025-12-20 14:06:42] [INFO] REQ: POST /predict - Status: 200 - Czas: 76.83ms
[2025-12-20 14:06:42] [INFO] REQ: POST /predict - Status: 200 - Czas: 76.83ms
[2025-12-20 14:06:42] [INFO] REQ: POST /predict - Status: 200 - Czas: 76.83ms
[2025-12-20 14:06:42] [INFO] REQ: POST /predict - Status: 200 - Czas: 76.83ms
[2025-12-20 14:06:42] [INFO] REQ: POST /predict - Status: 200 - Czas: 76.83ms
[2025-12-20 14:06:42] [INFO] REQ: POST /predict - Status: 200 - Czas: 77.84ms
[2025-12-20 14:06:42] [INFO] REQ: POST /predict - Status: 200 - Czas: 77.84ms
[2025-12-20 14:06:42] [INFO] REQ: POST /predict - Status: 200 - Czas: 77.84ms
[2025-12-20 14:06:42] [INFO] REQ: POST /predict - Status: 200 - Czas: 77.84ms
[2025-12-20 14:06:42] [INFO] REQ: POST /predict - Status: 200 - Czas: 78.34ms
[2025-12-20 14:06:42] [INFO] REQ: POST /predict - Status: 200 - Czas: 78.34ms
[2025-12-20 14:06:42] [INFO] REQ: POST /predict - Status: 200 - Czas: 78.34ms
[2025-12-20 14:06:42] [INFO] REQ: POST /predict - Status: 200 - Czas: 78.34ms
[2025-12-20 14:06:42] [INFO] REQ: POST /predict - Status: 200 - Czas: 78.34ms
[2025-12-20 14:06:42] [INFO] REQ: POST /predict - Status: 200 - Czas: 78.34ms
[2025-12-20 14:06:42] [INFO] REQ: POST /predict - Status: 200 - Czas: 78.34ms
[2025-12-20 14:06:42] [INFO] REQ: POST /predict - Status: 200 - Czas: 77.34ms
[2025-12-20 14:06:42] [INFO] REQ: POST /predict - Status: 200 - Czas: 77.34ms
[2025-12-20 14:06:42] [INFO] REQ: POST /predict - Status: 200 - Czas: 78.31ms
[2025-12-20 14:06:42] [INFO] REQ: POST /predict - Status: 200 - Czas: 77.31ms
[2025-12-20 14:06:42] [INFO] REQ: POST /predict - Status: 200 - Czas: 77.31ms
[2025-12-20 14:06:42] [INFO] REQ: POST /predict - Status: 200 - Czas: 76.80ms
[2025-12-20 14:06:42] [INFO] REQ: POST /predict - Status: 200 - Czas: 76.80ms
[2025-12-20 14:06:42] [INFO] REQ: POST /predict - Status: 200 - Czas: 76.80ms
[2025-12-20 14:06:42] [INFO] REQ: POST /predict - Status: 200 - Czas: 76.80ms
[2025-12-20 14:06:42] [INFO] REQ: POST /predict - Status: 200 - Czas: 76.80ms
[2025-12-20 14:06:42] [INFO] REQ: POST /predict - Status: 200 - Czas: 76.80ms
[2025-12-20 14:06:42] [INFO] REQ: POST /predict - Status: 200 - Czas: 76.80ms
[2025-12-20 14:06:42] [INFO] REQ: POST /predict - Status: 200 - Czas: 76.80ms
[2025-12-20 14:06:42] [INFO] REQ: POST /predict - Status: 200 - Czas: 76.80ms
[2025-12-20 14:06:42] [INFO] REQ: POST /predict - Status: 200 - Czas: 73.81ms
[2025-12-20 14:06:42] [INFO] REQ: POST /predict - Status: 200 - Czas: 73.31ms
[2025-12-20 14:06:42] [INFO] REQ: POST /predict - Status: 200 - Czas: 73.31ms
[2025-12-20 14:06:42] [INFO] REQ: POST /predict - Status: 200 - Czas: 72.30ms
[2025-12-20 14:06:42] [INFO] REQ: POST /predict - Status: 200 - Czas: 72.30ms
[2025-12-20 14:06:42] [INFO] REQ: POST /predict - Status: 200 - Czas: 72.30ms
[2025-12-20 14:06:42] [INFO] REQ: POST /predict - Status: 200 - Czas: 69.13ms
[2025-12-20 14:06:42] [INFO] REQ: POST /predict - Status: 200 - Czas: 69.13ms
[2025-12-20 14:06:42] [INFO] REQ: POST /predict - Status: 200 - Czas: 70.13ms
[2025-12-20 14:06:42] [INFO] REQ: POST /predict - Status: 200 - Czas: 64.11ms
[2025-12-20 14:06:42] [INFO] REQ: POST /predict - Status: 200 - Czas: 63.11ms
[2025-12-20 14:06:42] [INFO] REQ: POST /predict - Status: 200 - Czas: 63.11ms
[2025-12-20 14:06:42] [INFO] REQ: POST /predict - Status: 200 - Czas: 63.11ms
[2025-12-20 14:06:42] [INFO] REQ: POST /predict - Status: 200 - Czas: 63.11ms
[2025-12-20 14:06:42] [INFO] REQ: POST /predict - Status: 200 - Czas: 63.11ms
[2025-12-20 14:06:42] [INFO] REQ: POST /predict - Status: 200 - Czas: 64.11ms
[2025-12-20 14:06:42] [INFO] REQ: POST /predict - Status: 200 - Czas: 64.11ms
[2025-12-20 14:06:42] [INFO] REQ: POST /predict - Status: 200 - Czas: 64.11ms
[2025-12-20 14:06:42] [INFO] REQ: POST /predict - Status: 200 - Czas: 64.11ms
[2025-12-20 14:06:42] [INFO] REQ: POST /predict - Status: 200 - Czas: 64.11ms
[2025-12-20 14:06:42] [INFO] REQ: POST /predict - Status: 200 - Czas: 64.11ms
[2025-12-20 14:06:42] [INFO] REQ: POST /predict - Status: 200 - Czas: 64.11ms
[2025-12-20 14:06:42] [INFO] REQ: POST /predict - Status: 200 - Czas: 62.11ms
[2025-12-20 14:06:42] [INFO] REQ: POST /predict - Status: 200 - Czas: 63.11ms
[2025-12-20 14:06:42] [INFO] REQ: POST /predict - Status: 200 - Czas: 48.76ms
[2025-12-20 14:06:42] [INFO] REQ: POST /predict - Status: 200 - Czas: 48.25ms
[2025-12-20 14:06:42] [INFO] REQ: POST /predict - Status: 200 - Czas: 48.25ms
[2025-12-20 14:06:42] [INFO] REQ: POST /predict - Status: 200 - Czas: 48.25ms
[2025-12-20 14:06:42] [INFO] REQ: POST /predict - Status: 200 - Czas: 48.25ms
[2025-12-20 14:06:42] [INFO] REQ: POST /predict - Status: 200 - Czas: 48.25ms
[2025-12-20 14:06:43] [INFO] REQ: POST /predict - Status: 200 - Czas: 47.75ms
[2025-12-20 14:06:43] [INFO] REQ: POST /predict - Status: 200 - Czas: 47.75ms
[2025-12-20 14:06:43] [INFO] REQ: POST /predict - Status: 200 - Czas: 47.75ms
[2025-12-20 14:06:43] [INFO] REQ: POST /predict - Status: 200 - Czas: 47.75ms
[2025-12-20 14:06:43] [INFO] REQ: POST /predict - Status: 200 - Czas: 48.25ms
[2025-12-20 14:06:43] [INFO] REQ: POST /predict - Status: 200 - Czas: 48.25ms
[2025-12-20 14:06:43] [INFO] REQ: POST /predict - Status: 200 - Czas: 48.25ms
[2025-12-20 14:06:43] [INFO] REQ: POST /predict - Status: 200 - Czas: 48.25ms
[2025-12-20 14:06:43] [INFO] REQ: POST /predict - Status: 200 - Czas: 48.25ms
[2025-12-20 14:06:43] [INFO] REQ: POST /predict - Status: 200 - Czas: 47.25ms
[2025-12-20 14:06:43] [INFO] REQ: POST /predict - Status: 200 - Czas: 47.25ms
[2025-12-20 14:06:43] [INFO] REQ: POST /predict - Status: 200 - Czas: 47.25ms
[2025-12-20 14:06:43] [INFO] REQ: POST /predict - Status: 200 - Czas: 47.25ms
[2025-12-20 14:06:43] [INFO] REQ: POST /predict - Status: 200 - Czas: 47.26ms
[2025-12-20 14:06:43] [INFO] REQ: POST /predict - Status: 200 - Czas: 45.75ms
[2025-12-20 14:06:43] [INFO] REQ: POST /predict - Status: 200 - Czas: 46.75ms
[2025-12-20 14:06:43] [INFO] REQ: POST /predict - Status: 200 - Czas: 46.75ms
[2025-12-20 14:06:43] [INFO] REQ: POST /predict - Status: 200 - Czas: 46.75ms
[2025-12-20 14:06:43] [INFO] REQ: POST /predict - Status: 200 - Czas: 56.82ms
[2025-12-20 14:06:43] [INFO] REQ: POST /predict - Status: 200 - Czas: 56.82ms
[2025-12-20 14:06:43] [INFO] REQ: POST /predict - Status: 200 - Czas: 57.32ms
[2025-12-20 14:06:43] [INFO] REQ: POST /predict - Status: 200 - Czas: 57.32ms
[2025-12-20 14:06:43] [INFO] REQ: POST /predict - Status: 200 - Czas: 56.78ms
[2025-12-20 14:06:43] [INFO] REQ: POST /predict - Status: 200 - Czas: 55.78ms
[2025-12-20 14:06:43] [INFO] REQ: POST /predict - Status: 200 - Czas: 55.78ms
[2025-12-20 14:06:43] [INFO] REQ: POST /predict - Status: 200 - Czas: 55.78ms
[2025-12-20 14:06:43] [INFO] REQ: POST /predict - Status: 200 - Czas: 56.78ms
[2025-12-20 14:06:43] [INFO] REQ: POST /predict - Status: 200 - Czas: 56.78ms
[2025-12-20 14:06:43] [INFO] REQ: POST /predict - Status: 200 - Czas: 56.78ms
[2025-12-20 14:06:43] [INFO] REQ: POST /predict - Status: 200 - Czas: 56.78ms
[2025-12-20 14:06:43] [INFO] REQ: POST /predict - Status: 200 - Czas: 57.29ms
[2025-12-20 14:06:43] [INFO] REQ: POST /predict - Status: 200 - Czas: 57.29ms
[2025-12-20 14:06:43] [INFO] REQ: POST /predict - Status: 200 - Czas: 57.29ms
[2025-12-20 14:06:43] [INFO] REQ: POST /predict - Status: 200 - Czas: 57.29ms
[2025-12-20 14:06:43] [INFO] REQ: POST /predict - Status: 200 - Czas: 57.29ms
[2025-12-20 14:06:43] [INFO] REQ: POST /predict - Status: 200 - Czas: 57.29ms
[2025-12-20 14:06:43] [INFO] REQ: POST /predict - Status: 200 - Czas: 57.29ms
[2025-12-20 14:06:43] [INFO] REQ: POST /predict - Status: 200 - Czas: 57.29ms
[2025-12-20 14:06:43] [INFO] REQ: POST /predict - Status: 200 - Czas: 57.29ms
[2025-12-20 14:06:43] [INFO] REQ: POST /predict - Status: 200 - Czas: 58.29ms
[2025-12-20 14:06:43] [INFO] REQ: POST /predict - Status: 200 - Czas: 58.29ms
[2025-12-20 14:06:43] [INFO] REQ: POST /predict - Status: 200 - Czas: 58.29ms
[2025-12-20 14:06:43] [INFO] REQ: POST /predict - Status: 200 - Czas: 58.29ms
[2025-12-20 14:06:43] [INFO] REQ: POST /predict - Status: 200 - Czas: 58.29ms
[2025-12-20 14:06:43] [INFO] REQ: POST /predict - Status: 200 - Czas: 58.29ms
[2025-12-20 14:06:43] [INFO] REQ: POST /predict - Status: 200 - Czas: 58.31ms
[2025-12-20 14:06:43] [INFO] REQ: POST /predict - Status: 200 - Czas: 56.31ms
[2025-12-20 14:06:43] [INFO] REQ: POST /predict - Status: 200 - Czas: 56.31ms
[2025-12-20 14:06:43] [INFO] REQ: POST /predict - Status: 200 - Czas: 57.31ms
[2025-12-20 14:06:43] [INFO] REQ: POST /predict - Status: 200 - Czas: 57.31ms
[2025-12-20 14:06:43] [INFO] REQ: POST /predict - Status: 200 - Czas: 57.31ms
[2025-12-20 14:06:43] [INFO] REQ: POST /predict - Status: 200 - Czas: 57.31ms
[2025-12-20 14:06:43] [INFO] REQ: POST /predict - Status: 200 - Czas: 57.31ms
[2025-12-20 14:06:43] [INFO] REQ: POST /predict - Status: 200 - Czas: 57.31ms
[2025-12-20 14:06:43] [INFO] REQ: POST /predict - Status: 200 - Czas: 57.31ms
[2025-12-20 14:06:43] [INFO] REQ: POST /predict - Status: 200 - Czas: 57.31ms
[2025-12-20 14:06:43] [INFO] REQ: POST /predict - Status: 200 - Czas: 57.31ms
[2025-12-20 14:06:43] [INFO] REQ: POST /predict - Status: 200 - Czas: 58.31ms
[2025-12-20 14:06:43] [INFO] REQ: POST /predict - Status: 200 - Czas: 53.74ms
[2025-12-20 14:06:43] [INFO] REQ: POST /predict - Status: 200 - Czas: 51.74ms
[2025-12-20 14:06:43] [INFO] REQ: POST /predict - Status: 200 - Czas: 51.74ms
[2025-12-20 14:06:43] [INFO] REQ: POST /predict - Status: 200 - Czas: 52.74ms
[2025-12-20 14:06:43] [INFO] REQ: POST /predict - Status: 200 - Czas: 52.25ms
[2025-12-20 14:06:43] [INFO] REQ: POST /predict - Status: 200 - Czas: 51.24ms
[2025-12-20 14:06:43] [INFO] REQ: POST /predict - Status: 200 - Czas: 51.24ms
[2025-12-20 14:06:43] [INFO] REQ: POST /predict - Status: 200 - Czas: 52.25ms
[2025-12-20 14:06:43] [INFO] REQ: POST /predict - Status: 200 - Czas: 56.71ms
[2025-12-20 14:06:43] [INFO] REQ: POST /predict - Status: 200 - Czas: 57.71ms
[2025-12-20 14:06:43] [INFO] REQ: POST /predict - Status: 200 - Czas: 57.71ms
[2025-12-20 14:06:43] [INFO] REQ: POST /predict - Status: 200 - Czas: 57.71ms
[2025-12-20 14:06:43] [INFO] REQ: POST /predict - Status: 200 - Czas: 50.72ms
[2025-12-20 14:06:43] [INFO] REQ: POST /predict - Status: 200 - Czas: 50.72ms
[2025-12-20 14:06:43] [INFO] REQ: POST /predict - Status: 200 - Czas: 50.72ms
[2025-12-20 14:06:43] [INFO] REQ: POST /predict - Status: 200 - Czas: 50.72ms
[2025-12-20 14:06:43] [INFO] REQ: POST /predict - Status: 200 - Czas: 49.71ms
[2025-12-20 14:06:43] [INFO] REQ: POST /predict - Status: 200 - Czas: 50.71ms
[2025-12-20 14:06:43] [INFO] REQ: POST /predict - Status: 200 - Czas: 50.71ms
[2025-12-20 14:06:43] [INFO] REQ: POST /predict - Status: 200 - Czas: 50.71ms
[2025-12-20 14:06:43] [INFO] REQ: POST /predict - Status: 200 - Czas: 50.71ms
[2025-12-20 14:06:43] [INFO] REQ: POST /predict - Status: 200 - Czas: 50.71ms
[2025-12-20 14:06:43] [INFO] REQ: POST /predict - Status: 200 - Czas: 50.71ms
[2025-12-20 14:06:43] [INFO] REQ: POST /predict - Status: 200 - Czas: 50.71ms
[2025-12-20 14:06:43] [INFO] REQ: POST /predict - Status: 200 - Czas: 50.71ms
[2025-12-20 14:06:43] [INFO] REQ: POST /predict - Status: 200 - Czas: 50.71ms
[2025-12-20 14:06:43] [INFO] REQ: POST /predict - Status: 200 - Czas: 51.71ms
[2025-12-20 14:06:43] [INFO] REQ: POST /predict - Status: 200 - Czas: 51.71ms
[2025-12-20 14:06:43] [INFO] REQ: POST /predict - Status: 200 - Czas: 53.22ms
[2025-12-20 14:06:43] [INFO] REQ: POST /predict - Status: 200 - Czas: 53.72ms
[2025-12-20 14:06:43] [INFO] REQ: POST /predict - Status: 200 - Czas: 53.72ms
[2025-12-20 14:06:43] [INFO] REQ: POST /predict - Status: 200 - Czas: 53.72ms
[2025-12-20 14:06:43] [INFO] REQ: POST /predict - Status: 200 - Czas: 54.24ms
[2025-12-20 14:06:43] [INFO] REQ: POST /predict - Status: 200 - Czas: 54.24ms
[2025-12-20 14:06:43] [INFO] REQ: POST /predict - Status: 200 - Czas: 54.24ms
[2025-12-20 14:06:43] [INFO] REQ: POST /predict - Status: 200 - Czas: 51.20ms
[2025-12-20 14:06:43] [INFO] REQ: POST /predict - Status: 200 - Czas: 51.20ms
[2025-12-20 14:06:43] [INFO] REQ: POST /predict - Status: 200 - Czas: 51.20ms
[2025-12-20 14:06:43] [INFO] REQ: POST /predict - Status: 200 - Czas: 51.20ms
[2025-12-20 14:06:43] [INFO] REQ: POST /predict - Status: 200 - Czas: 51.20ms
[2025-12-20 14:06:43] [INFO] REQ: POST /predict - Status: 200 - Czas: 51.71ms
[2025-12-20 14:06:43] [INFO] REQ: POST /predict - Status: 200 - Czas: 51.71ms
[2025-12-20 14:06:43] [INFO] REQ: POST /predict - Status: 200 - Czas: 51.71ms
[2025-12-20 14:06:43] [INFO] REQ: POST /predict - Status: 200 - Czas: 50.70ms
[2025-12-20 14:06:43] [INFO] REQ: POST /predict - Status: 200 - Czas: 50.70ms
[2025-12-20 14:06:43] [INFO] REQ: POST /predict - Status: 200 - Czas: 50.70ms
[2025-12-20 14:06:43] [INFO] REQ: POST /predict - Status: 200 - Czas: 50.70ms
[2025-12-20 14:06:43] [INFO] REQ: POST /predict - Status: 200 - Czas: 50.70ms
[2025-12-20 14:06:43] [INFO] REQ: POST /predict - Status: 200 - Czas: 50.70ms
[2025-12-20 14:06:43] [INFO] REQ: POST /predict - Status: 200 - Czas: 50.69ms
[2025-12-20 14:06:43] [INFO] REQ: POST /predict - Status: 200 - Czas: 49.69ms
[2025-12-20 14:06:43] [INFO] REQ: POST /predict - Status: 200 - Czas: 49.69ms
[2025-12-20 14:06:43] [INFO] REQ: POST /predict - Status: 200 - Czas: 49.69ms
[2025-12-20 14:06:43] [INFO] REQ: POST /predict - Status: 200 - Czas: 49.69ms
[2025-12-20 14:06:43] [INFO] REQ: POST /predict - Status: 200 - Czas: 49.69ms
[2025-12-20 14:06:43] [INFO] REQ: POST /predict - Status: 200 - Czas: 59.23ms
[2025-12-20 14:06:43] [INFO] REQ: POST /predict - Status: 200 - Czas: 59.23ms
[2025-12-20 14:06:43] [INFO] REQ: POST /predict - Status: 200 - Czas: 58.23ms
[2025-12-20 14:06:43] [INFO] REQ: POST /predict - Status: 200 - Czas: 58.23ms
[2025-12-20 14:06:43] [INFO] REQ: POST /predict - Status: 200 - Czas: 58.23ms
[2025-12-20 14:06:43] [INFO] REQ: POST /predict - Status: 200 - Czas: 60.05ms
[2025-12-20 14:06:43] [INFO] REQ: POST /predict - Status: 200 - Czas: 59.05ms
[2025-12-20 14:06:43] [INFO] REQ: POST /predict - Status: 200 - Czas: 59.05ms
[2025-12-20 14:06:43] [INFO] REQ: POST /predict - Status: 200 - Czas: 59.05ms
[2025-12-20 14:06:43] [INFO] REQ: POST /predict - Status: 200 - Czas: 59.05ms
[2025-12-20 14:06:43] [INFO] REQ: POST /predict - Status: 200 - Czas: 59.05ms
[2025-12-20 14:06:43] [INFO] REQ: POST /predict - Status: 200 - Czas: 59.05ms
[2025-12-20 14:06:43] [INFO] REQ: POST /predict - Status: 200 - Czas: 60.05ms
[2025-12-20 14:06:43] [INFO] REQ: POST /predict - Status: 200 - Czas: 60.05ms
[2025-12-20 14:06:43] [INFO] REQ: POST /predict - Status: 200 - Czas: 60.05ms
[2025-12-20 14:06:43] [INFO] REQ: POST /predict - Status: 200 - Czas: 60.05ms
[2025-12-20 14:06:43] [INFO] REQ: POST /predict - Status: 200 - Czas: 60.05ms
[2025-12-20 14:06:43] [INFO] REQ: POST /predict - Status: 200 - Czas: 60.05ms
[2025-12-20 14:06:43] [INFO] REQ: POST /predict - Status: 200 - Czas: 60.05ms
[2025-12-20 14:06:43] [INFO] REQ: POST /predict - Status: 200 - Czas: 60.05ms
[2025-12-20 14:06:43] [INFO] REQ: POST /predict - Status: 200 - Czas: 60.05ms
[2025-12-20 14:06:43] [INFO] REQ: POST /predict - Status: 200 - Czas: 60.05ms
[2025-12-20 14:06:43] [INFO] REQ: POST /predict - Status: 200 - Czas: 60.05ms
[2025-12-20 14:06:43] [INFO] REQ: POST /predict - Status: 200 - Czas: 60.05ms
[2025-12-20 14:06:43] [INFO] REQ: POST /predict - Status: 200 - Czas: 60.05ms
[2025-12-20 14:06:43] [INFO] REQ: POST /predict - Status: 200 - Czas: 59.05ms
[2025-12-20 14:06:43] [INFO] REQ: POST /predict - Status: 200 - Czas: 60.56ms
[2025-12-20 14:06:43] [INFO] REQ: POST /predict - Status: 200 - Czas: 60.56ms
[2025-12-20 14:06:43] [INFO] REQ: POST /predict - Status: 200 - Czas: 60.56ms
[2025-12-20 14:06:43] [INFO] REQ: POST /predict - Status: 200 - Czas: 60.03ms
[2025-12-20 14:06:43] [INFO] REQ: POST /predict - Status: 200 - Czas: 59.00ms
[2025-12-20 14:06:43] [INFO] REQ: POST /predict - Status: 200 - Czas: 59.00ms
[2025-12-20 14:06:43] [INFO] REQ: POST /predict - Status: 200 - Czas: 59.00ms
[2025-12-20 14:06:43] [INFO] REQ: POST /predict - Status: 200 - Czas: 60.00ms
[2025-12-20 14:06:43] [INFO] REQ: POST /predict - Status: 200 - Czas: 60.00ms
[2025-12-20 14:06:43] [INFO] REQ: POST /predict - Status: 200 - Czas: 60.00ms
[2025-12-20 14:06:43] [INFO] REQ: POST /predict - Status: 200 - Czas: 60.51ms
[2025-12-20 14:06:43] [INFO] REQ: POST /predict - Status: 200 - Czas: 60.51ms
[2025-12-20 14:06:43] [INFO] REQ: POST /predict - Status: 200 - Czas: 60.51ms
[2025-12-20 14:06:43] [INFO] REQ: POST /predict - Status: 200 - Czas: 60.51ms
[2025-12-20 14:06:43] [INFO] REQ: POST /predict - Status: 200 - Czas: 60.51ms
[2025-12-20 14:06:43] [INFO] REQ: POST /predict - Status: 200 - Czas: 60.51ms
[2025-12-20 14:06:43] [INFO] REQ: POST /predict - Status: 200 - Czas: 61.51ms
[2025-12-20 14:06:43] [INFO] REQ: POST /predict - Status: 200 - Czas: 56.01ms
[2025-12-20 14:06:43] [INFO] REQ: POST /predict - Status: 200 - Czas: 55.01ms
[2025-12-20 14:06:43] [INFO] REQ: POST /predict - Status: 200 - Czas: 55.01ms
[2025-12-20 14:06:43] [INFO] REQ: POST /predict - Status: 200 - Czas: 55.01ms
[2025-12-20 14:06:43] [INFO] REQ: POST /predict - Status: 200 - Czas: 55.01ms
[2025-12-20 14:06:43] [INFO] REQ: POST /predict - Status: 200 - Czas: 53.53ms
[2025-12-20 14:06:43] [INFO] REQ: POST /predict - Status: 200 - Czas: 53.53ms
[2025-12-20 14:06:43] [INFO] REQ: POST /predict - Status: 200 - Czas: 53.53ms
[2025-12-20 14:06:43] [INFO] REQ: POST /predict - Status: 200 - Czas: 53.53ms
[2025-12-20 14:06:43] [INFO] REQ: POST /predict - Status: 200 - Czas: 59.15ms
[2025-12-20 14:06:43] [INFO] REQ: POST /predict - Status: 200 - Czas: 60.16ms
[2025-12-20 14:06:43] [INFO] REQ: POST /predict - Status: 200 - Czas: 60.16ms
[2025-12-20 14:06:43] [INFO] REQ: POST /predict - Status: 200 - Czas: 60.16ms
[2025-12-20 14:06:43] [INFO] REQ: POST /predict - Status: 200 - Czas: 52.62ms
[2025-12-20 14:06:43] [INFO] REQ: POST /predict - Status: 200 - Czas: 52.62ms
[2025-12-20 14:06:43] [INFO] REQ: POST /predict - Status: 200 - Czas: 52.62ms
[2025-12-20 14:06:43] [INFO] REQ: POST /predict - Status: 200 - Czas: 52.62ms
[2025-12-20 14:06:43] [INFO] REQ: POST /predict - Status: 200 - Czas: 53.13ms
[2025-12-20 14:06:43] [INFO] REQ: POST /predict - Status: 200 - Czas: 53.13ms
[2025-12-20 14:06:43] [INFO] REQ: POST /predict - Status: 200 - Czas: 53.13ms
[2025-12-20 14:06:43] [INFO] REQ: POST /predict - Status: 200 - Czas: 53.13ms
[2025-12-20 14:06:43] [INFO] REQ: POST /predict - Status: 200 - Czas: 53.13ms
[2025-12-20 14:06:43] [INFO] REQ: POST /predict - Status: 200 - Czas: 53.13ms
[2025-12-20 14:06:43] [INFO] REQ: POST /predict - Status: 200 - Czas: 53.13ms
[2025-12-20 14:06:43] [INFO] REQ: POST /predict - Status: 200 - Czas: 53.13ms
[2025-12-20 14:06:43] [INFO] REQ: POST /predict - Status: 200 - Czas: 54.13ms
[2025-12-20 14:06:43] [INFO] REQ: POST /predict - Status: 200 - Czas: 54.13ms
[2025-12-20 14:06:43] [INFO] REQ: POST /predict - Status: 200 - Czas: 54.13ms
[2025-12-20 14:06:43] [INFO] REQ: POST /predict - Status: 200 - Czas: 54.13ms
[2025-12-20 14:06:43] [INFO] REQ: POST /predict - Status: 200 - Czas: 52.93ms
[2025-12-20 14:06:43] [INFO] REQ: POST /predict - Status: 200 - Czas: 52.93ms
[2025-12-20 14:06:43] [INFO] REQ: POST /predict - Status: 200 - Czas: 53.93ms
[2025-12-20 14:06:43] [INFO] REQ: POST /predict - Status: 200 - Czas: 53.93ms
[2025-12-20 14:06:43] [INFO] REQ: POST /predict - Status: 200 - Czas: 53.93ms
[2025-12-20 14:06:43] [INFO] REQ: POST /predict - Status: 200 - Czas: 53.93ms
[2025-12-20 14:06:43] [INFO] REQ: POST /predict - Status: 200 - Czas: 53.93ms
[2025-12-20 14:06:43] [INFO] REQ: POST /predict - Status: 200 - Czas: 51.32ms
[2025-12-20 14:06:43] [INFO] REQ: POST /predict - Status: 200 - Czas: 51.32ms
[2025-12-20 14:06:43] [INFO] REQ: POST /predict - Status: 200 - Czas: 52.82ms
[2025-12-20 14:06:43] [INFO] REQ: POST /predict - Status: 200 - Czas: 52.82ms
[2025-12-20 14:06:43] [INFO] REQ: POST /predict - Status: 200 - Czas: 52.82ms
[2025-12-20 14:06:43] [INFO] REQ: POST /predict - Status: 200 - Czas: 52.82ms
[2025-12-20 14:06:43] [INFO] REQ: POST /predict - Status: 200 - Czas: 52.82ms
[2025-12-20 14:06:43] [INFO] REQ: POST /predict - Status: 200 - Czas: 53.34ms
[2025-12-20 14:06:43] [INFO] REQ: POST /predict - Status: 200 - Czas: 53.34ms
[2025-12-20 14:06:43] [INFO] REQ: POST /predict - Status: 200 - Czas: 53.34ms
[2025-12-20 14:06:43] [INFO] REQ: POST /predict - Status: 200 - Czas: 53.34ms
[2025-12-20 14:06:43] [INFO] REQ: POST /predict - Status: 200 - Czas: 53.86ms
[2025-12-20 14:06:43] [INFO] REQ: POST /predict - Status: 200 - Czas: 53.86ms
[2025-12-20 14:06:43] [INFO] REQ: POST /predict - Status: 200 - Czas: 53.86ms
[2025-12-20 14:06:43] [INFO] REQ: POST /predict - Status: 200 - Czas: 50.35ms
[2025-12-20 14:06:43] [INFO] REQ: POST /predict - Status: 200 - Czas: 50.35ms
[2025-12-20 14:06:43] [INFO] REQ: POST /predict - Status: 200 - Czas: 50.35ms
[2025-12-20 14:06:43] [INFO] REQ: POST /predict - Status: 200 - Czas: 50.35ms
[2025-12-20 14:06:43] [INFO] REQ: POST /predict - Status: 200 - Czas: 50.35ms
[2025-12-20 14:06:43] [INFO] REQ: POST /predict - Status: 200 - Czas: 50.35ms
[2025-12-20 14:06:43] [INFO] REQ: POST /predict - Status: 200 - Czas: 59.38ms
[2025-12-20 14:06:43] [INFO] REQ: POST /predict - Status: 200 - Czas: 59.38ms
[2025-12-20 14:06:43] [INFO] REQ: POST /predict - Status: 200 - Czas: 59.38ms
[2025-12-20 14:06:43] [INFO] REQ: POST /predict - Status: 200 - Czas: 59.38ms
[2025-12-20 14:06:43] [INFO] REQ: POST /predict - Status: 200 - Czas: 59.38ms
[2025-12-20 14:06:43] [INFO] REQ: POST /predict - Status: 200 - Czas: 59.33ms
[2025-12-20 14:06:43] [INFO] REQ: POST /predict - Status: 200 - Czas: 60.83ms
[2025-12-20 14:06:43] [INFO] REQ: POST /predict - Status: 200 - Czas: 60.83ms
[2025-12-20 14:06:43] [INFO] REQ: POST /predict - Status: 200 - Czas: 60.83ms
[2025-12-20 14:06:43] [INFO] REQ: POST /predict - Status: 200 - Czas: 60.83ms
[2025-12-20 14:06:43] [INFO] REQ: POST /predict - Status: 200 - Czas: 60.83ms
[2025-12-20 14:06:43] [INFO] REQ: POST /predict - Status: 200 - Czas: 60.83ms
[2025-12-20 14:06:43] [INFO] REQ: POST /predict - Status: 200 - Czas: 60.83ms
[2025-12-20 14:06:43] [INFO] REQ: POST /predict - Status: 200 - Czas: 60.83ms
[2025-12-20 14:06:43] [INFO] REQ: POST /predict - Status: 200 - Czas: 60.83ms
[2025-12-20 14:06:43] [INFO] REQ: POST /predict - Status: 200 - Czas: 61.84ms
[2025-12-20 14:06:43] [INFO] REQ: POST /predict - Status: 200 - Czas: 61.84ms
[2025-12-20 14:06:43] [INFO] REQ: POST /predict - Status: 200 - Czas: 61.84ms
[2025-12-20 14:06:43] [INFO] REQ: POST /predict - Status: 200 - Czas: 61.84ms
[2025-12-20 14:06:43] [INFO] REQ: POST /predict - Status: 200 - Czas: 61.84ms
[2025-12-20 14:06:43] [INFO] REQ: POST /predict - Status: 200 - Czas: 61.84ms
[2025-12-20 14:06:43] [INFO] REQ: POST /predict - Status: 200 - Czas: 61.84ms
[2025-12-20 14:06:43] [INFO] REQ: POST /predict - Status: 200 - Czas: 61.84ms
[2025-12-20 14:06:43] [INFO] REQ: POST /predict - Status: 200 - Czas: 61.84ms
[2025-12-20 14:06:43] [INFO] REQ: POST /predict - Status: 200 - Czas: 62.84ms
[2025-12-20 14:06:43] [ERROR] Exception in ASGI application
Traceback (most recent call last):
  File "D:\Programming Projects\ml-docker-performance\.venv\Lib\site-packages\starlette\_exception_handler.py", line 42, in wrapped_app
    await app(scope, receive, sender)
  File "D:\Programming Projects\ml-docker-performance\.venv\Lib\site-packages\fastapi\routing.py", line 106, in app
    response = await f(request)
               ^^^^^^^^^^^^^^^^
  File "D:\Programming Projects\ml-docker-performance\.venv\Lib\site-packages\fastapi\routing.py", line 472, in app
    raise validation_error
fastapi.exceptions.RequestValidationError: 1 validation error:
  {'type': 'string_type', 'loc': ('body', 'text'), 'msg': 'Input should be a valid string', 'input': nan}

  File "D:\Programming Projects\ml-docker-performance\app\server_fastapi.py", line 60, in predict_endpoint
    POST /predict

The above exception was the direct cause of the following exception:

Traceback (most recent call last):
  File "D:\Programming Projects\ml-docker-performance\.venv\Lib\site-packages\uvicorn\protocols\http\httptools_impl.py", line 409, in run_asgi
    result = await app(  # type: ignore[func-returns-value]
             ^^^^^^^^^^^^^^^^^^^^^^^^^^^^^^^^^^^^^^^^^^^^^^
  File "D:\Programming Projects\ml-docker-performance\.venv\Lib\site-packages\uvicorn\middleware\proxy_headers.py", line 60, in __call__
    return await self.app(scope, receive, send)
           ^^^^^^^^^^^^^^^^^^^^^^^^^^^^^^^^^^^^
  File "D:\Programming Projects\ml-docker-performance\.venv\Lib\site-packages\fastapi\applications.py", line 1139, in __call__
    await super().__call__(scope, receive, send)
  File "D:\Programming Projects\ml-docker-performance\.venv\Lib\site-packages\starlette\applications.py", line 107, in __call__
    await self.middleware_stack(scope, receive, send)
  File "D:\Programming Projects\ml-docker-performance\.venv\Lib\site-packages\starlette\middleware\errors.py", line 186, in __call__
    raise exc
  File "D:\Programming Projects\ml-docker-performance\.venv\Lib\site-packages\starlette\middleware\errors.py", line 164, in __call__
    await self.app(scope, receive, _send)
  File "D:\Programming Projects\ml-docker-performance\.venv\Lib\site-packages\starlette\middleware\base.py", line 191, in __call__
    with recv_stream, send_stream, collapse_excgroups():
  File "C:\Users\admin\AppData\Local\Programs\Python\Python312\Lib\contextlib.py", line 158, in __exit__
    self.gen.throw(value)
  File "D:\Programming Projects\ml-docker-performance\.venv\Lib\site-packages\starlette\_utils.py", line 85, in collapse_excgroups
    raise exc
  File "D:\Programming Projects\ml-docker-performance\.venv\Lib\site-packages\starlette\middleware\base.py", line 193, in __call__
    response = await self.dispatch_func(request, call_next)
               ^^^^^^^^^^^^^^^^^^^^^^^^^^^^^^^^^^^^^^^^^^^^
  File "D:\Programming Projects\ml-docker-performance\app\server_fastapi.py", line 41, in log_requests
    response: Response = await call_next(request)
                         ^^^^^^^^^^^^^^^^^^^^^^^^
  File "D:\Programming Projects\ml-docker-performance\.venv\Lib\site-packages\starlette\middleware\base.py", line 168, in call_next
    raise app_exc from app_exc.__cause__ or app_exc.__context__
  File "D:\Programming Projects\ml-docker-performance\.venv\Lib\site-packages\starlette\middleware\base.py", line 144, in coro
    await self.app(scope, receive_or_disconnect, send_no_error)
  File "D:\Programming Projects\ml-docker-performance\.venv\Lib\site-packages\starlette\middleware\exceptions.py", line 63, in __call__
    await wrap_app_handling_exceptions(self.app, conn)(scope, receive, send)
  File "D:\Programming Projects\ml-docker-performance\.venv\Lib\site-packages\starlette\_exception_handler.py", line 53, in wrapped_app
    raise exc
  File "D:\Programming Projects\ml-docker-performance\.venv\Lib\site-packages\starlette\_exception_handler.py", line 42, in wrapped_app
    await app(scope, receive, sender)
  File "D:\Programming Projects\ml-docker-performance\.venv\Lib\site-packages\fastapi\middleware\asyncexitstack.py", line 18, in __call__
    await self.app(scope, receive, send)
  File "D:\Programming Projects\ml-docker-performance\.venv\Lib\site-packages\starlette\routing.py", line 716, in __call__
    await self.middleware_stack(scope, receive, send)
  File "D:\Programming Projects\ml-docker-performance\.venv\Lib\site-packages\starlette\routing.py", line 736, in app
    await route.handle(scope, receive, send)
  File "D:\Programming Projects\ml-docker-performance\.venv\Lib\site-packages\starlette\routing.py", line 290, in handle
    await self.app(scope, receive, send)
  File "D:\Programming Projects\ml-docker-performance\.venv\Lib\site-packages\fastapi\routing.py", line 120, in app
    await wrap_app_handling_exceptions(app, request)(scope, receive, send)
  File "D:\Programming Projects\ml-docker-performance\.venv\Lib\site-packages\starlette\_exception_handler.py", line 59, in wrapped_app
    response = await handler(conn, exc)
               ^^^^^^^^^^^^^^^^^^^^^^^^
  File "D:\Programming Projects\ml-docker-performance\.venv\Lib\site-packages\fastapi\exception_handlers.py", line 23, in request_validation_exception_handler
    return JSONResponse(
           ^^^^^^^^^^^^^
  File "D:\Programming Projects\ml-docker-performance\.venv\Lib\site-packages\starlette\responses.py", line 189, in __init__
    super().__init__(content, status_code, headers, media_type, background)
  File "D:\Programming Projects\ml-docker-performance\.venv\Lib\site-packages\starlette\responses.py", line 46, in __init__
    self.body = self.render(content)
                ^^^^^^^^^^^^^^^^^^^^
  File "D:\Programming Projects\ml-docker-performance\.venv\Lib\site-packages\starlette\responses.py", line 192, in render
    return json.dumps(
           ^^^^^^^^^^^
  File "C:\Users\admin\AppData\Local\Programs\Python\Python312\Lib\json\__init__.py", line 238, in dumps
    **kw).encode(obj)
          ^^^^^^^^^^^
  File "C:\Users\admin\AppData\Local\Programs\Python\Python312\Lib\json\encoder.py", line 200, in encode
    chunks = self.iterencode(o, _one_shot=True)
             ^^^^^^^^^^^^^^^^^^^^^^^^^^^^^^^^^^
  File "C:\Users\admin\AppData\Local\Programs\Python\Python312\Lib\json\encoder.py", line 258, in iterencode
    return _iterencode(o, 0)
           ^^^^^^^^^^^^^^^^^
ValueError: Out of range float values are not JSON compliant: nan
[2025-12-20 14:06:43] [INFO] REQ: POST /predict - Status: 200 - Czas: 64.34ms
[2025-12-20 14:06:43] [INFO] REQ: POST /predict - Status: 200 - Czas: 64.34ms
[2025-12-20 14:06:43] [INFO] REQ: POST /predict - Status: 200 - Czas: 64.34ms
[2025-12-20 14:06:43] [INFO] REQ: POST /predict - Status: 200 - Czas: 62.83ms
[2025-12-20 14:06:43] [INFO] REQ: POST /predict - Status: 200 - Czas: 62.83ms
[2025-12-20 14:06:43] [INFO] REQ: POST /predict - Status: 200 - Czas: 62.83ms
[2025-12-20 14:06:43] [INFO] REQ: POST /predict - Status: 200 - Czas: 61.82ms
[2025-12-20 14:06:43] [INFO] REQ: POST /predict - Status: 200 - Czas: 62.82ms
[2025-12-20 14:06:43] [INFO] REQ: POST /predict - Status: 200 - Czas: 62.82ms
[2025-12-20 14:06:43] [INFO] REQ: POST /predict - Status: 200 - Czas: 62.82ms
[2025-12-20 14:06:43] [INFO] REQ: POST /predict - Status: 200 - Czas: 63.35ms
[2025-12-20 14:06:43] [INFO] REQ: POST /predict - Status: 200 - Czas: 63.35ms
[2025-12-20 14:06:43] [INFO] REQ: POST /predict - Status: 200 - Czas: 63.35ms
[2025-12-20 14:06:43] [INFO] REQ: POST /predict - Status: 200 - Czas: 63.35ms
[2025-12-20 14:06:43] [INFO] REQ: POST /predict - Status: 200 - Czas: 63.35ms
[2025-12-20 14:06:43] [INFO] REQ: POST /predict - Status: 200 - Czas: 63.35ms
[2025-12-20 14:06:43] [INFO] REQ: POST /predict - Status: 200 - Czas: 63.35ms
[2025-12-20 14:06:43] [INFO] REQ: POST /predict - Status: 200 - Czas: 56.77ms
[2025-12-20 14:06:43] [INFO] REQ: POST /predict - Status: 200 - Czas: 56.77ms
[2025-12-20 14:06:43] [INFO] REQ: POST /predict - Status: 200 - Czas: 56.77ms
[2025-12-20 14:06:43] [INFO] REQ: POST /predict - Status: 200 - Czas: 56.77ms
[2025-12-20 14:06:43] [INFO] REQ: POST /predict - Status: 200 - Czas: 56.77ms
[2025-12-20 14:06:43] [INFO] REQ: POST /predict - Status: 200 - Czas: 55.41ms
[2025-12-20 14:06:43] [INFO] REQ: POST /predict - Status: 200 - Czas: 55.41ms
[2025-12-20 14:06:43] [INFO] REQ: POST /predict - Status: 200 - Czas: 55.41ms
[2025-12-20 14:06:43] [INFO] REQ: POST /predict - Status: 200 - Czas: 56.44ms
[2025-12-20 14:06:43] [INFO] REQ: POST /predict - Status: 200 - Czas: 94.67ms
[2025-12-20 14:06:43] [INFO] REQ: POST /predict - Status: 200 - Czas: 94.67ms
[2025-12-20 14:06:43] [INFO] REQ: POST /predict - Status: 200 - Czas: 94.67ms
[2025-12-20 14:06:43] [INFO] REQ: POST /predict - Status: 200 - Czas: 93.67ms
[2025-12-20 14:06:43] [INFO] REQ: POST /predict - Status: 200 - Czas: 87.11ms
[2025-12-20 14:06:43] [INFO] REQ: POST /predict - Status: 200 - Czas: 85.61ms
[2025-12-20 14:06:43] [INFO] REQ: POST /predict - Status: 200 - Czas: 87.67ms
[2025-12-20 14:06:43] [INFO] REQ: POST /predict - Status: 200 - Czas: 87.67ms
[2025-12-20 14:06:43] [INFO] REQ: POST /predict - Status: 200 - Czas: 87.67ms
[2025-12-20 14:06:43] [INFO] REQ: POST /predict - Status: 200 - Czas: 87.67ms
[2025-12-20 14:06:43] [INFO] REQ: POST /predict - Status: 200 - Czas: 87.67ms
[2025-12-20 14:06:43] [INFO] REQ: POST /predict - Status: 200 - Czas: 87.67ms
[2025-12-20 14:06:43] [INFO] REQ: POST /predict - Status: 200 - Czas: 87.67ms
[2025-12-20 14:06:43] [INFO] REQ: POST /predict - Status: 200 - Czas: 88.68ms
[2025-12-20 14:06:43] [INFO] REQ: POST /predict - Status: 200 - Czas: 88.68ms
[2025-12-20 14:06:43] [INFO] REQ: POST /predict - Status: 200 - Czas: 88.68ms
[2025-12-20 14:06:43] [INFO] REQ: POST /predict - Status: 200 - Czas: 88.68ms
[2025-12-20 14:06:43] [INFO] REQ: POST /predict - Status: 200 - Czas: 88.68ms
[2025-12-20 14:06:43] [INFO] REQ: POST /predict - Status: 200 - Czas: 88.68ms
[2025-12-20 14:06:43] [INFO] REQ: POST /predict - Status: 200 - Czas: 88.68ms
[2025-12-20 14:06:43] [INFO] REQ: POST /predict - Status: 200 - Czas: 87.13ms
[2025-12-20 14:06:43] [INFO] REQ: POST /predict - Status: 200 - Czas: 87.13ms
[2025-12-20 14:06:43] [INFO] REQ: POST /predict - Status: 200 - Czas: 87.13ms
[2025-12-20 14:06:43] [INFO] REQ: POST /predict - Status: 200 - Czas: 87.13ms
[2025-12-20 14:06:43] [INFO] REQ: POST /predict - Status: 200 - Czas: 88.63ms
[2025-12-20 14:06:43] [ERROR] Exception in ASGI application
Traceback (most recent call last):
  File "D:\Programming Projects\ml-docker-performance\.venv\Lib\site-packages\starlette\_exception_handler.py", line 42, in wrapped_app
    await app(scope, receive, sender)
  File "D:\Programming Projects\ml-docker-performance\.venv\Lib\site-packages\fastapi\routing.py", line 106, in app
    response = await f(request)
               ^^^^^^^^^^^^^^^^
  File "D:\Programming Projects\ml-docker-performance\.venv\Lib\site-packages\fastapi\routing.py", line 472, in app
    raise validation_error
fastapi.exceptions.RequestValidationError: 1 validation error:
  {'type': 'string_type', 'loc': ('body', 'text'), 'msg': 'Input should be a valid string', 'input': nan}

  File "D:\Programming Projects\ml-docker-performance\app\server_fastapi.py", line 60, in predict_endpoint
    POST /predict

The above exception was the direct cause of the following exception:

Traceback (most recent call last):
  File "D:\Programming Projects\ml-docker-performance\.venv\Lib\site-packages\uvicorn\protocols\http\httptools_impl.py", line 409, in run_asgi
    result = await app(  # type: ignore[func-returns-value]
             ^^^^^^^^^^^^^^^^^^^^^^^^^^^^^^^^^^^^^^^^^^^^^^
  File "D:\Programming Projects\ml-docker-performance\.venv\Lib\site-packages\uvicorn\middleware\proxy_headers.py", line 60, in __call__
    return await self.app(scope, receive, send)
           ^^^^^^^^^^^^^^^^^^^^^^^^^^^^^^^^^^^^
  File "D:\Programming Projects\ml-docker-performance\.venv\Lib\site-packages\fastapi\applications.py", line 1139, in __call__
    await super().__call__(scope, receive, send)
  File "D:\Programming Projects\ml-docker-performance\.venv\Lib\site-packages\starlette\applications.py", line 107, in __call__
    await self.middleware_stack(scope, receive, send)
  File "D:\Programming Projects\ml-docker-performance\.venv\Lib\site-packages\starlette\middleware\errors.py", line 186, in __call__
    raise exc
  File "D:\Programming Projects\ml-docker-performance\.venv\Lib\site-packages\starlette\middleware\errors.py", line 164, in __call__
    await self.app(scope, receive, _send)
  File "D:\Programming Projects\ml-docker-performance\.venv\Lib\site-packages\starlette\middleware\base.py", line 191, in __call__
    with recv_stream, send_stream, collapse_excgroups():
  File "C:\Users\admin\AppData\Local\Programs\Python\Python312\Lib\contextlib.py", line 158, in __exit__
    self.gen.throw(value)
  File "D:\Programming Projects\ml-docker-performance\.venv\Lib\site-packages\starlette\_utils.py", line 85, in collapse_excgroups
    raise exc
  File "D:\Programming Projects\ml-docker-performance\.venv\Lib\site-packages\starlette\middleware\base.py", line 193, in __call__
    response = await self.dispatch_func(request, call_next)
               ^^^^^^^^^^^^^^^^^^^^^^^^^^^^^^^^^^^^^^^^^^^^
  File "D:\Programming Projects\ml-docker-performance\app\server_fastapi.py", line 41, in log_requests
    response: Response = await call_next(request)
                         ^^^^^^^^^^^^^^^^^^^^^^^^
  File "D:\Programming Projects\ml-docker-performance\.venv\Lib\site-packages\starlette\middleware\base.py", line 168, in call_next
    raise app_exc from app_exc.__cause__ or app_exc.__context__
  File "D:\Programming Projects\ml-docker-performance\.venv\Lib\site-packages\starlette\middleware\base.py", line 144, in coro
    await self.app(scope, receive_or_disconnect, send_no_error)
  File "D:\Programming Projects\ml-docker-performance\.venv\Lib\site-packages\starlette\middleware\exceptions.py", line 63, in __call__
    await wrap_app_handling_exceptions(self.app, conn)(scope, receive, send)
  File "D:\Programming Projects\ml-docker-performance\.venv\Lib\site-packages\starlette\_exception_handler.py", line 53, in wrapped_app
    raise exc
  File "D:\Programming Projects\ml-docker-performance\.venv\Lib\site-packages\starlette\_exception_handler.py", line 42, in wrapped_app
    await app(scope, receive, sender)
  File "D:\Programming Projects\ml-docker-performance\.venv\Lib\site-packages\fastapi\middleware\asyncexitstack.py", line 18, in __call__
    await self.app(scope, receive, send)
  File "D:\Programming Projects\ml-docker-performance\.venv\Lib\site-packages\starlette\routing.py", line 716, in __call__
    await self.middleware_stack(scope, receive, send)
  File "D:\Programming Projects\ml-docker-performance\.venv\Lib\site-packages\starlette\routing.py", line 736, in app
    await route.handle(scope, receive, send)
  File "D:\Programming Projects\ml-docker-performance\.venv\Lib\site-packages\starlette\routing.py", line 290, in handle
    await self.app(scope, receive, send)
  File "D:\Programming Projects\ml-docker-performance\.venv\Lib\site-packages\fastapi\routing.py", line 120, in app
    await wrap_app_handling_exceptions(app, request)(scope, receive, send)
  File "D:\Programming Projects\ml-docker-performance\.venv\Lib\site-packages\starlette\_exception_handler.py", line 59, in wrapped_app
    response = await handler(conn, exc)
               ^^^^^^^^^^^^^^^^^^^^^^^^
  File "D:\Programming Projects\ml-docker-performance\.venv\Lib\site-packages\fastapi\exception_handlers.py", line 23, in request_validation_exception_handler
    return JSONResponse(
           ^^^^^^^^^^^^^
  File "D:\Programming Projects\ml-docker-performance\.venv\Lib\site-packages\starlette\responses.py", line 189, in __init__
    super().__init__(content, status_code, headers, media_type, background)
  File "D:\Programming Projects\ml-docker-performance\.venv\Lib\site-packages\starlette\responses.py", line 46, in __init__
    self.body = self.render(content)
                ^^^^^^^^^^^^^^^^^^^^
  File "D:\Programming Projects\ml-docker-performance\.venv\Lib\site-packages\starlette\responses.py", line 192, in render
    return json.dumps(
           ^^^^^^^^^^^
  File "C:\Users\admin\AppData\Local\Programs\Python\Python312\Lib\json\__init__.py", line 238, in dumps
    **kw).encode(obj)
          ^^^^^^^^^^^
  File "C:\Users\admin\AppData\Local\Programs\Python\Python312\Lib\json\encoder.py", line 200, in encode
    chunks = self.iterencode(o, _one_shot=True)
             ^^^^^^^^^^^^^^^^^^^^^^^^^^^^^^^^^^
  File "C:\Users\admin\AppData\Local\Programs\Python\Python312\Lib\json\encoder.py", line 258, in iterencode
    return _iterencode(o, 0)
           ^^^^^^^^^^^^^^^^^
ValueError: Out of range float values are not JSON compliant: nan
[2025-12-20 14:06:43] [INFO] REQ: POST /predict - Status: 200 - Czas: 91.64ms
[2025-12-20 14:06:43] [INFO] REQ: POST /predict - Status: 200 - Czas: 87.19ms
[2025-12-20 14:06:43] [INFO] REQ: POST /predict - Status: 200 - Czas: 87.69ms
[2025-12-20 14:06:43] [INFO] REQ: POST /predict - Status: 200 - Czas: 87.69ms
[2025-12-20 14:06:43] [INFO] REQ: POST /predict - Status: 200 - Czas: 87.69ms
[2025-12-20 14:06:43] [INFO] REQ: POST /predict - Status: 200 - Czas: 87.69ms
[2025-12-20 14:06:43] [INFO] REQ: POST /predict - Status: 200 - Czas: 87.69ms
[2025-12-20 14:06:43] [INFO] REQ: POST /predict - Status: 200 - Czas: 86.68ms
[2025-12-20 14:06:43] [INFO] REQ: POST /predict - Status: 200 - Czas: 86.68ms
[2025-12-20 14:06:43] [INFO] REQ: POST /predict - Status: 200 - Czas: 86.68ms
[2025-12-20 14:06:43] [INFO] REQ: POST /predict - Status: 200 - Czas: 86.68ms
[2025-12-20 14:06:43] [INFO] REQ: POST /predict - Status: 200 - Czas: 86.68ms
[2025-12-20 14:06:43] [INFO] REQ: POST /predict - Status: 200 - Czas: 88.19ms
[2025-12-20 14:06:43] [INFO] REQ: POST /predict - Status: 200 - Czas: 88.19ms
[2025-12-20 14:06:43] [INFO] REQ: POST /predict - Status: 200 - Czas: 88.19ms
[2025-12-20 14:06:43] [INFO] REQ: POST /predict - Status: 200 - Czas: 88.19ms
[2025-12-20 14:06:43] [INFO] REQ: POST /predict - Status: 200 - Czas: 85.71ms
[2025-12-20 14:06:43] [INFO] REQ: POST /predict - Status: 200 - Czas: 85.71ms
[2025-12-20 14:06:43] [INFO] REQ: POST /predict - Status: 200 - Czas: 85.71ms
[2025-12-20 14:06:43] [INFO] REQ: POST /predict - Status: 200 - Czas: 85.71ms
[2025-12-20 14:06:43] [INFO] REQ: POST /predict - Status: 200 - Czas: 86.71ms
[2025-12-20 14:06:43] [INFO] REQ: POST /predict - Status: 200 - Czas: 86.71ms
[2025-12-20 14:06:43] [INFO] REQ: POST /predict - Status: 200 - Czas: 95.15ms
[2025-12-20 14:06:43] [INFO] REQ: POST /predict - Status: 200 - Czas: 96.15ms
[2025-12-20 14:06:43] [INFO] REQ: POST /predict - Status: 200 - Czas: 96.15ms
[2025-12-20 14:06:43] [INFO] REQ: POST /predict - Status: 200 - Czas: 96.15ms
[2025-12-20 14:06:43] [INFO] REQ: POST /predict - Status: 200 - Czas: 96.15ms
[2025-12-20 14:06:43] [INFO] REQ: POST /predict - Status: 200 - Czas: 97.15ms
[2025-12-20 14:06:43] [INFO] REQ: POST /predict - Status: 200 - Czas: 97.15ms
[2025-12-20 14:06:43] [INFO] REQ: POST /predict - Status: 200 - Czas: 97.15ms
[2025-12-20 14:06:43] [INFO] REQ: POST /predict - Status: 200 - Czas: 97.15ms
[2025-12-20 14:06:43] [INFO] REQ: POST /predict - Status: 200 - Czas: 98.15ms
[2025-12-20 14:06:43] [INFO] REQ: POST /predict - Status: 200 - Czas: 98.15ms
[2025-12-20 14:06:43] [INFO] REQ: POST /predict - Status: 200 - Czas: 98.15ms
[2025-12-20 14:06:43] [INFO] REQ: POST /predict - Status: 200 - Czas: 98.15ms
[2025-12-20 14:06:43] [INFO] REQ: POST /predict - Status: 200 - Czas: 98.15ms
[2025-12-20 14:06:43] [INFO] REQ: POST /predict - Status: 200 - Czas: 98.15ms
[2025-12-20 14:06:43] [INFO] REQ: POST /predict - Status: 200 - Czas: 98.15ms
[2025-12-20 14:06:43] [INFO] REQ: POST /predict - Status: 200 - Czas: 98.15ms
[2025-12-20 14:06:43] [INFO] REQ: POST /predict - Status: 200 - Czas: 96.15ms
[2025-12-20 14:06:43] [INFO] REQ: POST /predict - Status: 200 - Czas: 97.15ms
[2025-12-20 14:06:43] [INFO] REQ: POST /predict - Status: 200 - Czas: 97.15ms
[2025-12-20 14:06:43] [INFO] REQ: POST /predict - Status: 200 - Czas: 97.15ms
[2025-12-20 14:06:43] [INFO] REQ: POST /predict - Status: 200 - Czas: 97.15ms
[2025-12-20 14:06:43] [INFO] REQ: POST /predict - Status: 200 - Czas: 97.15ms
[2025-12-20 14:06:43] [INFO] REQ: POST /predict - Status: 200 - Czas: 97.15ms
[2025-12-20 14:06:43] [INFO] REQ: POST /predict - Status: 200 - Czas: 97.15ms
[2025-12-20 14:06:43] [INFO] REQ: POST /predict - Status: 200 - Czas: 97.15ms
[2025-12-20 14:06:43] [INFO] REQ: POST /predict - Status: 200 - Czas: 64.43ms
[2025-12-20 14:06:43] [INFO] REQ: POST /predict - Status: 200 - Czas: 65.43ms
[2025-12-20 14:06:43] [INFO] REQ: POST /predict - Status: 200 - Czas: 61.92ms
[2025-12-20 14:06:43] [INFO] REQ: POST /predict - Status: 200 - Czas: 62.93ms
[2025-12-20 14:06:43] [INFO] REQ: POST /predict - Status: 200 - Czas: 62.93ms
[2025-12-20 14:06:43] [INFO] REQ: POST /predict - Status: 200 - Czas: 62.93ms
[2025-12-20 14:06:43] [INFO] REQ: POST /predict - Status: 200 - Czas: 62.93ms
[2025-12-20 14:06:43] [INFO] REQ: POST /predict - Status: 200 - Czas: 62.93ms
[2025-12-20 14:06:43] [INFO] REQ: POST /predict - Status: 200 - Czas: 62.93ms
[2025-12-20 14:06:43] [INFO] REQ: POST /predict - Status: 200 - Czas: 62.93ms
[2025-12-20 14:06:43] [INFO] REQ: POST /predict - Status: 200 - Czas: 62.93ms
[2025-12-20 14:06:43] [INFO] REQ: POST /predict - Status: 200 - Czas: 62.93ms
[2025-12-20 14:06:43] [INFO] REQ: POST /predict - Status: 200 - Czas: 62.93ms
[2025-12-20 14:06:43] [INFO] REQ: POST /predict - Status: 200 - Czas: 62.93ms
[2025-12-20 14:06:43] [INFO] REQ: POST /predict - Status: 200 - Czas: 62.93ms
[2025-12-20 14:06:43] [INFO] REQ: POST /predict - Status: 200 - Czas: 62.93ms
[2025-12-20 14:06:43] [INFO] REQ: POST /predict - Status: 200 - Czas: 57.39ms
[2025-12-20 14:06:43] [INFO] REQ: POST /predict - Status: 200 - Czas: 57.39ms
[2025-12-20 14:06:43] [INFO] REQ: POST /predict - Status: 200 - Czas: 57.39ms
[2025-12-20 14:06:43] [INFO] REQ: POST /predict - Status: 200 - Czas: 57.39ms
[2025-12-20 14:06:43] [INFO] REQ: POST /predict - Status: 200 - Czas: 57.39ms
[2025-12-20 14:06:43] [INFO] REQ: POST /predict - Status: 200 - Czas: 53.33ms
[2025-12-20 14:06:43] [INFO] REQ: POST /predict - Status: 200 - Czas: 53.33ms
[2025-12-20 14:06:43] [INFO] REQ: POST /predict - Status: 200 - Czas: 53.33ms
[2025-12-20 14:06:43] [INFO] REQ: POST /predict - Status: 200 - Czas: 53.33ms
[2025-12-20 14:06:43] [INFO] REQ: POST /predict - Status: 200 - Czas: 58.43ms
[2025-12-20 14:06:43] [INFO] REQ: POST /predict - Status: 200 - Czas: 58.43ms
[2025-12-20 14:06:43] [INFO] REQ: POST /predict - Status: 200 - Czas: 58.43ms
[2025-12-20 14:06:43] [INFO] REQ: POST /predict - Status: 200 - Czas: 58.43ms
[2025-12-20 14:06:43] [INFO] REQ: POST /predict - Status: 200 - Czas: 59.44ms
[2025-12-20 14:06:43] [INFO] REQ: POST /predict - Status: 200 - Czas: 52.36ms
[2025-12-20 14:06:43] [INFO] REQ: POST /predict - Status: 200 - Czas: 52.36ms
[2025-12-20 14:06:43] [INFO] REQ: POST /predict - Status: 200 - Czas: 52.36ms
[2025-12-20 14:06:43] [INFO] REQ: POST /predict - Status: 200 - Czas: 52.36ms
[2025-12-20 14:06:43] [INFO] REQ: POST /predict - Status: 200 - Czas: 52.36ms
[2025-12-20 14:06:43] [INFO] REQ: POST /predict - Status: 200 - Czas: 52.86ms
[2025-12-20 14:06:43] [INFO] REQ: POST /predict - Status: 200 - Czas: 52.86ms
[2025-12-20 14:06:43] [INFO] REQ: POST /predict - Status: 200 - Czas: 52.86ms
[2025-12-20 14:06:43] [INFO] REQ: POST /predict - Status: 200 - Czas: 52.86ms
[2025-12-20 14:06:43] [INFO] REQ: POST /predict - Status: 200 - Czas: 52.86ms
[2025-12-20 14:06:43] [INFO] REQ: POST /predict - Status: 200 - Czas: 52.36ms
[2025-12-20 14:06:43] [INFO] REQ: POST /predict - Status: 200 - Czas: 52.36ms
[2025-12-20 14:06:43] [INFO] REQ: POST /predict - Status: 200 - Czas: 52.36ms
[2025-12-20 14:06:43] [INFO] REQ: POST /predict - Status: 200 - Czas: 52.36ms
[2025-12-20 14:06:43] [INFO] REQ: POST /predict - Status: 200 - Czas: 53.36ms
[2025-12-20 14:06:43] [INFO] REQ: POST /predict - Status: 200 - Czas: 53.36ms
[2025-12-20 14:06:43] [ERROR] Exception in ASGI application
Traceback (most recent call last):
  File "D:\Programming Projects\ml-docker-performance\.venv\Lib\site-packages\starlette\_exception_handler.py", line 42, in wrapped_app
    await app(scope, receive, sender)
  File "D:\Programming Projects\ml-docker-performance\.venv\Lib\site-packages\fastapi\routing.py", line 106, in app
    response = await f(request)
               ^^^^^^^^^^^^^^^^
  File "D:\Programming Projects\ml-docker-performance\.venv\Lib\site-packages\fastapi\routing.py", line 472, in app
    raise validation_error
fastapi.exceptions.RequestValidationError: 1 validation error:
  {'type': 'string_type', 'loc': ('body', 'text'), 'msg': 'Input should be a valid string', 'input': nan}

  File "D:\Programming Projects\ml-docker-performance\app\server_fastapi.py", line 60, in predict_endpoint
    POST /predict

The above exception was the direct cause of the following exception:

Traceback (most recent call last):
  File "D:\Programming Projects\ml-docker-performance\.venv\Lib\site-packages\uvicorn\protocols\http\httptools_impl.py", line 409, in run_asgi
    result = await app(  # type: ignore[func-returns-value]
             ^^^^^^^^^^^^^^^^^^^^^^^^^^^^^^^^^^^^^^^^^^^^^^
  File "D:\Programming Projects\ml-docker-performance\.venv\Lib\site-packages\uvicorn\middleware\proxy_headers.py", line 60, in __call__
    return await self.app(scope, receive, send)
           ^^^^^^^^^^^^^^^^^^^^^^^^^^^^^^^^^^^^
  File "D:\Programming Projects\ml-docker-performance\.venv\Lib\site-packages\fastapi\applications.py", line 1139, in __call__
    await super().__call__(scope, receive, send)
  File "D:\Programming Projects\ml-docker-performance\.venv\Lib\site-packages\starlette\applications.py", line 107, in __call__
    await self.middleware_stack(scope, receive, send)
  File "D:\Programming Projects\ml-docker-performance\.venv\Lib\site-packages\starlette\middleware\errors.py", line 186, in __call__
    raise exc
  File "D:\Programming Projects\ml-docker-performance\.venv\Lib\site-packages\starlette\middleware\errors.py", line 164, in __call__
    await self.app(scope, receive, _send)
  File "D:\Programming Projects\ml-docker-performance\.venv\Lib\site-packages\starlette\middleware\base.py", line 191, in __call__
    with recv_stream, send_stream, collapse_excgroups():
  File "C:\Users\admin\AppData\Local\Programs\Python\Python312\Lib\contextlib.py", line 158, in __exit__
    self.gen.throw(value)
  File "D:\Programming Projects\ml-docker-performance\.venv\Lib\site-packages\starlette\_utils.py", line 85, in collapse_excgroups
    raise exc
  File "D:\Programming Projects\ml-docker-performance\.venv\Lib\site-packages\starlette\middleware\base.py", line 193, in __call__
    response = await self.dispatch_func(request, call_next)
               ^^^^^^^^^^^^^^^^^^^^^^^^^^^^^^^^^^^^^^^^^^^^
  File "D:\Programming Projects\ml-docker-performance\app\server_fastapi.py", line 41, in log_requests
    response: Response = await call_next(request)
                         ^^^^^^^^^^^^^^^^^^^^^^^^
  File "D:\Programming Projects\ml-docker-performance\.venv\Lib\site-packages\starlette\middleware\base.py", line 168, in call_next
    raise app_exc from app_exc.__cause__ or app_exc.__context__
  File "D:\Programming Projects\ml-docker-performance\.venv\Lib\site-packages\starlette\middleware\base.py", line 144, in coro
    await self.app(scope, receive_or_disconnect, send_no_error)
  File "D:\Programming Projects\ml-docker-performance\.venv\Lib\site-packages\starlette\middleware\exceptions.py", line 63, in __call__
    await wrap_app_handling_exceptions(self.app, conn)(scope, receive, send)
  File "D:\Programming Projects\ml-docker-performance\.venv\Lib\site-packages\starlette\_exception_handler.py", line 53, in wrapped_app
    raise exc
  File "D:\Programming Projects\ml-docker-performance\.venv\Lib\site-packages\starlette\_exception_handler.py", line 42, in wrapped_app
    await app(scope, receive, sender)
  File "D:\Programming Projects\ml-docker-performance\.venv\Lib\site-packages\fastapi\middleware\asyncexitstack.py", line 18, in __call__
    await self.app(scope, receive, send)
  File "D:\Programming Projects\ml-docker-performance\.venv\Lib\site-packages\starlette\routing.py", line 716, in __call__
    await self.middleware_stack(scope, receive, send)
  File "D:\Programming Projects\ml-docker-performance\.venv\Lib\site-packages\starlette\routing.py", line 736, in app
    await route.handle(scope, receive, send)
  File "D:\Programming Projects\ml-docker-performance\.venv\Lib\site-packages\starlette\routing.py", line 290, in handle
    await self.app(scope, receive, send)
  File "D:\Programming Projects\ml-docker-performance\.venv\Lib\site-packages\fastapi\routing.py", line 120, in app
    await wrap_app_handling_exceptions(app, request)(scope, receive, send)
  File "D:\Programming Projects\ml-docker-performance\.venv\Lib\site-packages\starlette\_exception_handler.py", line 59, in wrapped_app
    response = await handler(conn, exc)
               ^^^^^^^^^^^^^^^^^^^^^^^^
  File "D:\Programming Projects\ml-docker-performance\.venv\Lib\site-packages\fastapi\exception_handlers.py", line 23, in request_validation_exception_handler
    return JSONResponse(
           ^^^^^^^^^^^^^
  File "D:\Programming Projects\ml-docker-performance\.venv\Lib\site-packages\starlette\responses.py", line 189, in __init__
    super().__init__(content, status_code, headers, media_type, background)
  File "D:\Programming Projects\ml-docker-performance\.venv\Lib\site-packages\starlette\responses.py", line 46, in __init__
    self.body = self.render(content)
                ^^^^^^^^^^^^^^^^^^^^
  File "D:\Programming Projects\ml-docker-performance\.venv\Lib\site-packages\starlette\responses.py", line 192, in render
    return json.dumps(
           ^^^^^^^^^^^
  File "C:\Users\admin\AppData\Local\Programs\Python\Python312\Lib\json\__init__.py", line 238, in dumps
    **kw).encode(obj)
          ^^^^^^^^^^^
  File "C:\Users\admin\AppData\Local\Programs\Python\Python312\Lib\json\encoder.py", line 200, in encode
    chunks = self.iterencode(o, _one_shot=True)
             ^^^^^^^^^^^^^^^^^^^^^^^^^^^^^^^^^^
  File "C:\Users\admin\AppData\Local\Programs\Python\Python312\Lib\json\encoder.py", line 258, in iterencode
    return _iterencode(o, 0)
           ^^^^^^^^^^^^^^^^^
ValueError: Out of range float values are not JSON compliant: nan
[2025-12-20 14:06:43] [INFO] REQ: POST /predict - Status: 200 - Czas: 55.84ms
[2025-12-20 14:06:43] [INFO] REQ: POST /predict - Status: 200 - Czas: 55.84ms
[2025-12-20 14:06:43] [INFO] REQ: POST /predict - Status: 200 - Czas: 55.84ms
[2025-12-20 14:06:43] [INFO] REQ: POST /predict - Status: 200 - Czas: 55.84ms
[2025-12-20 14:06:43] [INFO] REQ: POST /predict - Status: 200 - Czas: 55.84ms
[2025-12-20 14:06:43] [INFO] REQ: POST /predict - Status: 200 - Czas: 52.41ms
[2025-12-20 14:06:43] [INFO] REQ: POST /predict - Status: 200 - Czas: 52.41ms
[2025-12-20 14:06:43] [INFO] REQ: POST /predict - Status: 200 - Czas: 52.41ms
[2025-12-20 14:06:43] [INFO] REQ: POST /predict - Status: 200 - Czas: 53.92ms
[2025-12-20 14:06:43] [INFO] REQ: POST /predict - Status: 200 - Czas: 53.92ms
[2025-12-20 14:06:43] [INFO] REQ: POST /predict - Status: 200 - Czas: 53.92ms
[2025-12-20 14:06:43] [INFO] REQ: POST /predict - Status: 200 - Czas: 53.92ms
[2025-12-20 14:06:43] [INFO] REQ: POST /predict - Status: 200 - Czas: 53.92ms
[2025-12-20 14:06:43] [INFO] REQ: POST /predict - Status: 200 - Czas: 53.92ms
[2025-12-20 14:06:43] [INFO] REQ: POST /predict - Status: 200 - Czas: 53.92ms
[2025-12-20 14:06:43] [INFO] REQ: POST /predict - Status: 200 - Czas: 53.92ms
[2025-12-20 14:06:43] [INFO] REQ: POST /predict - Status: 200 - Czas: 53.92ms
[2025-12-20 14:06:43] [INFO] REQ: POST /predict - Status: 200 - Czas: 54.92ms
[2025-12-20 14:06:43] [INFO] REQ: POST /predict - Status: 200 - Czas: 54.92ms
[2025-12-20 14:06:43] [INFO] REQ: POST /predict - Status: 200 - Czas: 54.92ms
[2025-12-20 14:06:43] [INFO] REQ: POST /predict - Status: 200 - Czas: 51.85ms
[2025-12-20 14:06:43] [INFO] REQ: POST /predict - Status: 200 - Czas: 51.85ms
[2025-12-20 14:06:43] [INFO] REQ: POST /predict - Status: 200 - Czas: 51.85ms
[2025-12-20 14:06:43] [INFO] REQ: POST /predict - Status: 200 - Czas: 51.85ms
[2025-12-20 14:06:43] [INFO] REQ: POST /predict - Status: 200 - Czas: 51.85ms
[2025-12-20 14:06:43] [INFO] REQ: POST /predict - Status: 200 - Czas: 51.85ms
[2025-12-20 14:06:43] [INFO] REQ: POST /predict - Status: 200 - Czas: 59.93ms
[2025-12-20 14:06:43] [INFO] REQ: POST /predict - Status: 200 - Czas: 59.93ms
[2025-12-20 14:06:43] [INFO] REQ: POST /predict - Status: 200 - Czas: 59.93ms
[2025-12-20 14:06:43] [INFO] REQ: POST /predict - Status: 200 - Czas: 60.93ms
[2025-12-20 14:06:43] [INFO] REQ: POST /predict - Status: 200 - Czas: 60.93ms
[2025-12-20 14:06:43] [INFO] REQ: POST /predict - Status: 200 - Czas: 59.41ms
[2025-12-20 14:06:43] [INFO] REQ: POST /predict - Status: 200 - Czas: 59.41ms
[2025-12-20 14:06:43] [INFO] REQ: POST /predict - Status: 200 - Czas: 58.90ms
[2025-12-20 14:06:43] [INFO] REQ: POST /predict - Status: 200 - Czas: 58.90ms
[2025-12-20 14:06:43] [INFO] REQ: POST /predict - Status: 200 - Czas: 59.91ms
[2025-12-20 14:06:43] [INFO] REQ: POST /predict - Status: 200 - Czas: 59.91ms
[2025-12-20 14:06:43] [INFO] REQ: POST /predict - Status: 200 - Czas: 59.91ms
[2025-12-20 14:06:43] [INFO] REQ: POST /predict - Status: 200 - Czas: 59.91ms
[2025-12-20 14:06:43] [INFO] REQ: POST /predict - Status: 200 - Czas: 59.91ms
[2025-12-20 14:06:43] [INFO] REQ: POST /predict - Status: 200 - Czas: 59.91ms
[2025-12-20 14:06:43] [INFO] REQ: POST /predict - Status: 200 - Czas: 59.91ms
[2025-12-20 14:06:43] [INFO] REQ: POST /predict - Status: 200 - Czas: 59.91ms
[2025-12-20 14:06:43] [INFO] REQ: POST /predict - Status: 200 - Czas: 59.91ms
[2025-12-20 14:06:43] [INFO] REQ: POST /predict - Status: 200 - Czas: 59.91ms
[2025-12-20 14:06:43] [INFO] REQ: POST /predict - Status: 200 - Czas: 59.91ms
[2025-12-20 14:06:43] [INFO] REQ: POST /predict - Status: 200 - Czas: 61.16ms
[2025-12-20 14:06:43] [INFO] REQ: POST /predict - Status: 200 - Czas: 61.16ms
[2025-12-20 14:06:43] [INFO] REQ: POST /predict - Status: 200 - Czas: 61.16ms
[2025-12-20 14:06:43] [INFO] REQ: POST /predict - Status: 200 - Czas: 61.16ms
[2025-12-20 14:06:43] [INFO] REQ: POST /predict - Status: 200 - Czas: 61.16ms
[2025-12-20 14:06:43] [INFO] REQ: POST /predict - Status: 200 - Czas: 61.16ms
[2025-12-20 14:06:43] [INFO] REQ: POST /predict - Status: 200 - Czas: 61.16ms
[2025-12-20 14:06:43] [INFO] REQ: POST /predict - Status: 200 - Czas: 61.16ms
[2025-12-20 14:06:43] [INFO] REQ: POST /predict - Status: 200 - Czas: 60.15ms
[2025-12-20 14:06:43] [INFO] REQ: POST /predict - Status: 200 - Czas: 60.15ms
[2025-12-20 14:06:43] [INFO] REQ: POST /predict - Status: 200 - Czas: 61.15ms
[2025-12-20 14:06:43] [INFO] REQ: POST /predict - Status: 200 - Czas: 60.14ms
[2025-12-20 14:06:43] [INFO] REQ: POST /predict - Status: 200 - Czas: 60.14ms
[2025-12-20 14:06:43] [INFO] REQ: POST /predict - Status: 200 - Czas: 60.14ms
[2025-12-20 14:06:43] [INFO] REQ: POST /predict - Status: 200 - Czas: 60.14ms
[2025-12-20 14:06:43] [INFO] REQ: POST /predict - Status: 200 - Czas: 60.65ms
[2025-12-20 14:06:43] [INFO] REQ: POST /predict - Status: 200 - Czas: 60.65ms
[2025-12-20 14:06:43] [INFO] REQ: POST /predict - Status: 200 - Czas: 60.65ms
[2025-12-20 14:06:43] [INFO] REQ: POST /predict - Status: 200 - Czas: 60.65ms
[2025-12-20 14:06:43] [INFO] REQ: POST /predict - Status: 200 - Czas: 61.15ms
[2025-12-20 14:06:43] [INFO] REQ: POST /predict - Status: 200 - Czas: 61.15ms
[2025-12-20 14:06:43] [INFO] REQ: POST /predict - Status: 200 - Czas: 61.15ms
[2025-12-20 14:06:43] [INFO] REQ: POST /predict - Status: 200 - Czas: 54.63ms
[2025-12-20 14:06:43] [INFO] REQ: POST /predict - Status: 200 - Czas: 54.63ms
[2025-12-20 14:06:43] [INFO] REQ: POST /predict - Status: 200 - Czas: 54.63ms
[2025-12-20 14:06:43] [INFO] REQ: POST /predict - Status: 200 - Czas: 54.63ms
[2025-12-20 14:06:43] [INFO] REQ: POST /predict - Status: 200 - Czas: 54.63ms
[2025-12-20 14:06:43] [INFO] REQ: POST /predict - Status: 200 - Czas: 52.07ms
[2025-12-20 14:06:43] [INFO] REQ: POST /predict - Status: 200 - Czas: 52.07ms
[2025-12-20 14:06:43] [INFO] REQ: POST /predict - Status: 200 - Czas: 52.07ms
[2025-12-20 14:06:43] [INFO] REQ: POST /predict - Status: 200 - Czas: 52.07ms
[2025-12-20 14:06:43] [INFO] REQ: POST /predict - Status: 200 - Czas: 57.07ms
[2025-12-20 14:06:43] [INFO] REQ: POST /predict - Status: 200 - Czas: 57.07ms
[2025-12-20 14:06:43] [INFO] REQ: POST /predict - Status: 200 - Czas: 57.07ms
[2025-12-20 14:06:43] [INFO] REQ: POST /predict - Status: 200 - Czas: 57.07ms
[2025-12-20 14:06:43] [INFO] REQ: POST /predict - Status: 200 - Czas: 57.07ms
[2025-12-20 14:06:43] [INFO] REQ: POST /predict - Status: 200 - Czas: 49.48ms
[2025-12-20 14:06:43] [INFO] REQ: POST /predict - Status: 200 - Czas: 49.48ms
[2025-12-20 14:06:43] [INFO] REQ: POST /predict - Status: 200 - Czas: 49.48ms
[2025-12-20 14:06:43] [INFO] REQ: POST /predict - Status: 200 - Czas: 49.48ms
[2025-12-20 14:06:43] [INFO] REQ: POST /predict - Status: 200 - Czas: 49.48ms
[2025-12-20 14:06:43] [INFO] REQ: POST /predict - Status: 200 - Czas: 50.49ms
[2025-12-20 14:06:43] [INFO] REQ: POST /predict - Status: 200 - Czas: 50.49ms
[2025-12-20 14:06:43] [INFO] REQ: POST /predict - Status: 200 - Czas: 50.49ms
[2025-12-20 14:06:43] [INFO] REQ: POST /predict - Status: 200 - Czas: 50.49ms
[2025-12-20 14:06:43] [INFO] REQ: POST /predict - Status: 200 - Czas: 50.49ms
[2025-12-20 14:06:43] [INFO] REQ: POST /predict - Status: 200 - Czas: 50.49ms
[2025-12-20 14:06:43] [INFO] REQ: POST /predict - Status: 200 - Czas: 50.49ms
[2025-12-20 14:06:43] [INFO] REQ: POST /predict - Status: 200 - Czas: 50.49ms
[2025-12-20 14:06:43] [INFO] REQ: POST /predict - Status: 200 - Czas: 50.49ms
[2025-12-20 14:06:43] [INFO] REQ: POST /predict - Status: 200 - Czas: 50.49ms
[2025-12-20 14:06:43] [INFO] REQ: POST /predict - Status: 200 - Czas: 50.49ms
[2025-12-20 14:06:43] [INFO] REQ: POST /predict - Status: 200 - Czas: 51.55ms
[2025-12-20 14:06:43] [INFO] REQ: POST /predict - Status: 200 - Czas: 51.55ms
[2025-12-20 14:06:43] [INFO] REQ: POST /predict - Status: 200 - Czas: 51.55ms
[2025-12-20 14:06:43] [INFO] REQ: POST /predict - Status: 200 - Czas: 51.55ms
[2025-12-20 14:06:43] [INFO] REQ: POST /predict - Status: 200 - Czas: 52.82ms
[2025-12-20 14:06:43] [INFO] REQ: POST /predict - Status: 200 - Czas: 51.00ms
[2025-12-20 14:06:43] [INFO] REQ: POST /predict - Status: 200 - Czas: 51.00ms
[2025-12-20 14:06:43] [INFO] REQ: POST /predict - Status: 200 - Czas: 51.00ms
[2025-12-20 14:06:43] [INFO] REQ: POST /predict - Status: 200 - Czas: 49.50ms
[2025-12-20 14:06:43] [INFO] REQ: POST /predict - Status: 200 - Czas: 49.50ms
[2025-12-20 14:06:43] [INFO] REQ: POST /predict - Status: 200 - Czas: 49.50ms
[2025-12-20 14:06:43] [INFO] REQ: POST /predict - Status: 200 - Czas: 49.50ms
[2025-12-20 14:06:43] [INFO] REQ: POST /predict - Status: 200 - Czas: 51.00ms
[2025-12-20 14:06:43] [INFO] REQ: POST /predict - Status: 200 - Czas: 51.00ms
[2025-12-20 14:06:43] [INFO] REQ: POST /predict - Status: 200 - Czas: 51.00ms
[2025-12-20 14:06:43] [INFO] REQ: POST /predict - Status: 200 - Czas: 50.00ms
[2025-12-20 14:06:43] [INFO] REQ: POST /predict - Status: 200 - Czas: 50.00ms
[2025-12-20 14:06:43] [INFO] REQ: POST /predict - Status: 200 - Czas: 50.00ms
[2025-12-20 14:06:43] [INFO] REQ: POST /predict - Status: 200 - Czas: 50.00ms
[2025-12-20 14:06:43] [INFO] REQ: POST /predict - Status: 200 - Czas: 50.00ms
[2025-12-20 14:06:43] [INFO] REQ: POST /predict - Status: 200 - Czas: 49.04ms
[2025-12-20 14:06:43] [INFO] REQ: POST /predict - Status: 200 - Czas: 48.51ms
[2025-12-20 14:06:43] [ERROR] Exception in ASGI application
Traceback (most recent call last):
  File "D:\Programming Projects\ml-docker-performance\.venv\Lib\site-packages\starlette\_exception_handler.py", line 42, in wrapped_app
    await app(scope, receive, sender)
  File "D:\Programming Projects\ml-docker-performance\.venv\Lib\site-packages\fastapi\routing.py", line 106, in app
    response = await f(request)
               ^^^^^^^^^^^^^^^^
  File "D:\Programming Projects\ml-docker-performance\.venv\Lib\site-packages\fastapi\routing.py", line 472, in app
    raise validation_error
fastapi.exceptions.RequestValidationError: 1 validation error:
  {'type': 'string_type', 'loc': ('body', 'text'), 'msg': 'Input should be a valid string', 'input': nan}

  File "D:\Programming Projects\ml-docker-performance\app\server_fastapi.py", line 60, in predict_endpoint
    POST /predict

The above exception was the direct cause of the following exception:

Traceback (most recent call last):
  File "D:\Programming Projects\ml-docker-performance\.venv\Lib\site-packages\uvicorn\protocols\http\httptools_impl.py", line 409, in run_asgi
    result = await app(  # type: ignore[func-returns-value]
             ^^^^^^^^^^^^^^^^^^^^^^^^^^^^^^^^^^^^^^^^^^^^^^
  File "D:\Programming Projects\ml-docker-performance\.venv\Lib\site-packages\uvicorn\middleware\proxy_headers.py", line 60, in __call__
    return await self.app(scope, receive, send)
           ^^^^^^^^^^^^^^^^^^^^^^^^^^^^^^^^^^^^
  File "D:\Programming Projects\ml-docker-performance\.venv\Lib\site-packages\fastapi\applications.py", line 1139, in __call__
    await super().__call__(scope, receive, send)
  File "D:\Programming Projects\ml-docker-performance\.venv\Lib\site-packages\starlette\applications.py", line 107, in __call__
    await self.middleware_stack(scope, receive, send)
  File "D:\Programming Projects\ml-docker-performance\.venv\Lib\site-packages\starlette\middleware\errors.py", line 186, in __call__
    raise exc
  File "D:\Programming Projects\ml-docker-performance\.venv\Lib\site-packages\starlette\middleware\errors.py", line 164, in __call__
    await self.app(scope, receive, _send)
  File "D:\Programming Projects\ml-docker-performance\.venv\Lib\site-packages\starlette\middleware\base.py", line 191, in __call__
    with recv_stream, send_stream, collapse_excgroups():
  File "C:\Users\admin\AppData\Local\Programs\Python\Python312\Lib\contextlib.py", line 158, in __exit__
    self.gen.throw(value)
  File "D:\Programming Projects\ml-docker-performance\.venv\Lib\site-packages\starlette\_utils.py", line 85, in collapse_excgroups
    raise exc
  File "D:\Programming Projects\ml-docker-performance\.venv\Lib\site-packages\starlette\middleware\base.py", line 193, in __call__
    response = await self.dispatch_func(request, call_next)
               ^^^^^^^^^^^^^^^^^^^^^^^^^^^^^^^^^^^^^^^^^^^^
  File "D:\Programming Projects\ml-docker-performance\app\server_fastapi.py", line 41, in log_requests
    response: Response = await call_next(request)
                         ^^^^^^^^^^^^^^^^^^^^^^^^
  File "D:\Programming Projects\ml-docker-performance\.venv\Lib\site-packages\starlette\middleware\base.py", line 168, in call_next
    raise app_exc from app_exc.__cause__ or app_exc.__context__
  File "D:\Programming Projects\ml-docker-performance\.venv\Lib\site-packages\starlette\middleware\base.py", line 144, in coro
    await self.app(scope, receive_or_disconnect, send_no_error)
  File "D:\Programming Projects\ml-docker-performance\.venv\Lib\site-packages\starlette\middleware\exceptions.py", line 63, in __call__
    await wrap_app_handling_exceptions(self.app, conn)(scope, receive, send)
  File "D:\Programming Projects\ml-docker-performance\.venv\Lib\site-packages\starlette\_exception_handler.py", line 53, in wrapped_app
    raise exc
  File "D:\Programming Projects\ml-docker-performance\.venv\Lib\site-packages\starlette\_exception_handler.py", line 42, in wrapped_app
    await app(scope, receive, sender)
  File "D:\Programming Projects\ml-docker-performance\.venv\Lib\site-packages\fastapi\middleware\asyncexitstack.py", line 18, in __call__
    await self.app(scope, receive, send)
  File "D:\Programming Projects\ml-docker-performance\.venv\Lib\site-packages\starlette\routing.py", line 716, in __call__
    await self.middleware_stack(scope, receive, send)
  File "D:\Programming Projects\ml-docker-performance\.venv\Lib\site-packages\starlette\routing.py", line 736, in app
    await route.handle(scope, receive, send)
  File "D:\Programming Projects\ml-docker-performance\.venv\Lib\site-packages\starlette\routing.py", line 290, in handle
    await self.app(scope, receive, send)
  File "D:\Programming Projects\ml-docker-performance\.venv\Lib\site-packages\fastapi\routing.py", line 120, in app
    await wrap_app_handling_exceptions(app, request)(scope, receive, send)
  File "D:\Programming Projects\ml-docker-performance\.venv\Lib\site-packages\starlette\_exception_handler.py", line 59, in wrapped_app
    response = await handler(conn, exc)
               ^^^^^^^^^^^^^^^^^^^^^^^^
  File "D:\Programming Projects\ml-docker-performance\.venv\Lib\site-packages\fastapi\exception_handlers.py", line 23, in request_validation_exception_handler
    return JSONResponse(
           ^^^^^^^^^^^^^
  File "D:\Programming Projects\ml-docker-performance\.venv\Lib\site-packages\starlette\responses.py", line 189, in __init__
    super().__init__(content, status_code, headers, media_type, background)
  File "D:\Programming Projects\ml-docker-performance\.venv\Lib\site-packages\starlette\responses.py", line 46, in __init__
    self.body = self.render(content)
                ^^^^^^^^^^^^^^^^^^^^
  File "D:\Programming Projects\ml-docker-performance\.venv\Lib\site-packages\starlette\responses.py", line 192, in render
    return json.dumps(
           ^^^^^^^^^^^
  File "C:\Users\admin\AppData\Local\Programs\Python\Python312\Lib\json\__init__.py", line 238, in dumps
    **kw).encode(obj)
          ^^^^^^^^^^^
  File "C:\Users\admin\AppData\Local\Programs\Python\Python312\Lib\json\encoder.py", line 200, in encode
    chunks = self.iterencode(o, _one_shot=True)
             ^^^^^^^^^^^^^^^^^^^^^^^^^^^^^^^^^^
  File "C:\Users\admin\AppData\Local\Programs\Python\Python312\Lib\json\encoder.py", line 258, in iterencode
    return _iterencode(o, 0)
           ^^^^^^^^^^^^^^^^^
ValueError: Out of range float values are not JSON compliant: nan
[2025-12-20 14:06:43] [INFO] REQ: POST /predict - Status: 200 - Czas: 52.88ms
[2025-12-20 14:06:43] [INFO] REQ: POST /predict - Status: 200 - Czas: 52.88ms
[2025-12-20 14:06:43] [INFO] REQ: POST /predict - Status: 200 - Czas: 52.88ms
[2025-12-20 14:06:43] [INFO] REQ: POST /predict - Status: 200 - Czas: 61.84ms
[2025-12-20 14:06:43] [INFO] REQ: POST /predict - Status: 200 - Czas: 61.84ms
[2025-12-20 14:06:43] [INFO] REQ: POST /predict - Status: 200 - Czas: 61.84ms
[2025-12-20 14:06:43] [INFO] REQ: POST /predict - Status: 200 - Czas: 60.84ms
[2025-12-20 14:06:43] [INFO] REQ: POST /predict - Status: 200 - Czas: 60.84ms
[2025-12-20 14:06:43] [INFO] REQ: POST /predict - Status: 200 - Czas: 61.34ms
[2025-12-20 14:06:43] [INFO] REQ: POST /predict - Status: 200 - Czas: 61.85ms
[2025-12-20 14:06:43] [INFO] REQ: POST /predict - Status: 200 - Czas: 61.35ms
[2025-12-20 14:06:43] [INFO] REQ: POST /predict - Status: 200 - Czas: 61.35ms
[2025-12-20 14:06:43] [INFO] REQ: POST /predict - Status: 200 - Czas: 61.35ms
[2025-12-20 14:06:43] [INFO] REQ: POST /predict - Status: 200 - Czas: 61.35ms
[2025-12-20 14:06:43] [INFO] REQ: POST /predict - Status: 200 - Czas: 61.35ms
[2025-12-20 14:06:43] [INFO] REQ: POST /predict - Status: 200 - Czas: 61.35ms
[2025-12-20 14:06:43] [INFO] REQ: POST /predict - Status: 200 - Czas: 61.35ms
[2025-12-20 14:06:43] [INFO] REQ: POST /predict - Status: 200 - Czas: 62.36ms
[2025-12-20 14:06:43] [INFO] REQ: POST /predict - Status: 200 - Czas: 62.36ms
[2025-12-20 14:06:43] [INFO] REQ: POST /predict - Status: 200 - Czas: 62.36ms
[2025-12-20 14:06:43] [INFO] REQ: POST /predict - Status: 200 - Czas: 62.36ms
[2025-12-20 14:06:43] [INFO] REQ: POST /predict - Status: 200 - Czas: 62.89ms
[2025-12-20 14:06:43] [INFO] REQ: POST /predict - Status: 200 - Czas: 62.89ms
[2025-12-20 14:06:43] [INFO] REQ: POST /predict - Status: 200 - Czas: 62.89ms
[2025-12-20 14:06:43] [INFO] REQ: POST /predict - Status: 200 - Czas: 62.89ms
[2025-12-20 14:06:43] [INFO] REQ: POST /predict - Status: 200 - Czas: 62.89ms
[2025-12-20 14:06:43] [INFO] REQ: POST /predict - Status: 200 - Czas: 62.89ms
[2025-12-20 14:06:43] [INFO] REQ: POST /predict - Status: 200 - Czas: 62.89ms
[2025-12-20 14:06:43] [INFO] REQ: POST /predict - Status: 200 - Czas: 62.89ms
[2025-12-20 14:06:43] [INFO] REQ: POST /predict - Status: 200 - Czas: 62.89ms
[2025-12-20 14:06:43] [INFO] REQ: POST /predict - Status: 200 - Czas: 63.89ms
[2025-12-20 14:06:43] [INFO] REQ: POST /predict - Status: 200 - Czas: 63.89ms
[2025-12-20 14:06:43] [INFO] REQ: POST /predict - Status: 200 - Czas: 61.90ms
[2025-12-20 14:06:43] [INFO] REQ: POST /predict - Status: 200 - Czas: 61.90ms
[2025-12-20 14:06:43] [INFO] REQ: POST /predict - Status: 200 - Czas: 61.90ms
[2025-12-20 14:06:43] [INFO] REQ: POST /predict - Status: 200 - Czas: 61.90ms
[2025-12-20 14:06:43] [INFO] REQ: POST /predict - Status: 200 - Czas: 63.40ms
[2025-12-20 14:06:43] [INFO] REQ: POST /predict - Status: 200 - Czas: 63.40ms
[2025-12-20 14:06:43] [INFO] REQ: POST /predict - Status: 200 - Czas: 63.40ms
[2025-12-20 14:06:43] [INFO] REQ: POST /predict - Status: 200 - Czas: 63.40ms
[2025-12-20 14:06:43] [INFO] REQ: POST /predict - Status: 200 - Czas: 63.40ms
[2025-12-20 14:06:43] [INFO] REQ: POST /predict - Status: 200 - Czas: 63.40ms
[2025-12-20 14:06:43] [INFO] REQ: POST /predict - Status: 200 - Czas: 63.40ms
[2025-12-20 14:06:43] [INFO] REQ: POST /predict - Status: 200 - Czas: 63.40ms
[2025-12-20 14:06:43] [INFO] REQ: POST /predict - Status: 200 - Czas: 63.40ms
[2025-12-20 14:06:43] [INFO] REQ: POST /predict - Status: 200 - Czas: 63.40ms
[2025-12-20 14:06:43] [INFO] REQ: POST /predict - Status: 200 - Czas: 56.32ms
[2025-12-20 14:06:43] [INFO] REQ: POST /predict - Status: 200 - Czas: 56.32ms
[2025-12-20 14:06:43] [INFO] REQ: POST /predict - Status: 200 - Czas: 56.32ms
[2025-12-20 14:06:43] [INFO] REQ: POST /predict - Status: 200 - Czas: 56.32ms
[2025-12-20 14:06:43] [INFO] REQ: POST /predict - Status: 200 - Czas: 57.33ms
[2025-12-20 14:06:43] [INFO] REQ: POST /predict - Status: 200 - Czas: 57.11ms
[2025-12-20 14:06:43] [INFO] REQ: POST /predict - Status: 200 - Czas: 57.11ms
[2025-12-20 14:06:43] [INFO] REQ: POST /predict - Status: 200 - Czas: 56.11ms
[2025-12-20 14:06:43] [INFO] REQ: POST /predict - Status: 200 - Czas: 57.11ms
[2025-12-20 14:06:43] [INFO] REQ: POST /predict - Status: 200 - Czas: 62.14ms
[2025-12-20 14:06:43] [INFO] REQ: POST /predict - Status: 200 - Czas: 62.14ms
[2025-12-20 14:06:43] [INFO] REQ: POST /predict - Status: 200 - Czas: 63.14ms
[2025-12-20 14:06:43] [INFO] REQ: POST /predict - Status: 200 - Czas: 63.14ms
[2025-12-20 14:06:43] [INFO] REQ: POST /predict - Status: 200 - Czas: 63.14ms
[2025-12-20 14:06:43] [INFO] REQ: POST /predict - Status: 200 - Czas: 51.85ms
[2025-12-20 14:06:43] [INFO] REQ: POST /predict - Status: 200 - Czas: 51.85ms
[2025-12-20 14:06:43] [INFO] REQ: POST /predict - Status: 200 - Czas: 51.85ms
[2025-12-20 14:06:43] [INFO] REQ: POST /predict - Status: 200 - Czas: 50.85ms
[2025-12-20 14:06:43] [INFO] REQ: POST /predict - Status: 200 - Czas: 50.85ms
[2025-12-20 14:06:43] [INFO] REQ: POST /predict - Status: 200 - Czas: 50.85ms
[2025-12-20 14:06:43] [INFO] REQ: POST /predict - Status: 200 - Czas: 50.85ms
[2025-12-20 14:06:43] [INFO] REQ: POST /predict - Status: 200 - Czas: 50.85ms
[2025-12-20 14:06:43] [INFO] REQ: POST /predict - Status: 200 - Czas: 51.85ms
[2025-12-20 14:06:43] [INFO] REQ: POST /predict - Status: 200 - Czas: 51.85ms
[2025-12-20 14:06:43] [INFO] REQ: POST /predict - Status: 200 - Czas: 51.85ms
[2025-12-20 14:06:43] [INFO] REQ: POST /predict - Status: 200 - Czas: 51.85ms
[2025-12-20 14:06:43] [INFO] REQ: POST /predict - Status: 200 - Czas: 51.85ms
[2025-12-20 14:06:43] [INFO] REQ: POST /predict - Status: 200 - Czas: 51.85ms
[2025-12-20 14:06:43] [INFO] REQ: POST /predict - Status: 200 - Czas: 51.85ms
[2025-12-20 14:06:43] [INFO] REQ: POST /predict - Status: 200 - Czas: 51.85ms
[2025-12-20 14:06:43] [INFO] REQ: POST /predict - Status: 200 - Czas: 53.29ms
[2025-12-20 14:06:43] [INFO] REQ: POST /predict - Status: 200 - Czas: 53.29ms
[2025-12-20 14:06:43] [INFO] REQ: POST /predict - Status: 200 - Czas: 53.29ms
[2025-12-20 14:06:43] [INFO] REQ: POST /predict - Status: 200 - Czas: 53.29ms
[2025-12-20 14:06:43] [INFO] REQ: POST /predict - Status: 200 - Czas: 53.29ms
[2025-12-20 14:06:43] [INFO] REQ: POST /predict - Status: 200 - Czas: 50.73ms
[2025-12-20 14:06:43] [INFO] REQ: POST /predict - Status: 200 - Czas: 50.73ms
[2025-12-20 14:06:43] [INFO] REQ: POST /predict - Status: 200 - Czas: 50.73ms
[2025-12-20 14:06:43] [INFO] REQ: POST /predict - Status: 200 - Czas: 50.73ms
[2025-12-20 14:06:43] [INFO] REQ: POST /predict - Status: 200 - Czas: 50.73ms
[2025-12-20 14:06:43] [INFO] REQ: POST /predict - Status: 200 - Czas: 51.73ms
[2025-12-20 14:06:43] [INFO] REQ: POST /predict - Status: 200 - Czas: 51.73ms
[2025-12-20 14:06:43] [INFO] REQ: POST /predict - Status: 200 - Czas: 51.73ms
[2025-12-20 14:06:43] [INFO] REQ: POST /predict - Status: 200 - Czas: 51.73ms
[2025-12-20 14:06:43] [INFO] REQ: POST /predict - Status: 200 - Czas: 51.73ms
[2025-12-20 14:06:43] [INFO] REQ: POST /predict - Status: 200 - Czas: 51.73ms
[2025-12-20 14:06:43] [INFO] REQ: POST /predict - Status: 200 - Czas: 51.73ms
[2025-12-20 14:06:43] [INFO] REQ: POST /predict - Status: 200 - Czas: 51.73ms
[2025-12-20 14:06:43] [INFO] REQ: POST /predict - Status: 200 - Czas: 51.73ms
[2025-12-20 14:06:43] [INFO] REQ: POST /predict - Status: 200 - Czas: 52.73ms
[2025-12-20 14:06:43] [INFO] REQ: POST /predict - Status: 200 - Czas: 49.82ms
[2025-12-20 14:06:43] [INFO] REQ: POST /predict - Status: 200 - Czas: 49.82ms
[2025-12-20 14:06:43] [INFO] REQ: POST /predict - Status: 200 - Czas: 49.82ms
[2025-12-20 14:06:43] [INFO] REQ: POST /predict - Status: 200 - Czas: 50.82ms
[2025-12-20 14:06:43] [INFO] REQ: POST /predict - Status: 200 - Czas: 50.82ms
[2025-12-20 14:06:43] [INFO] REQ: POST /predict - Status: 200 - Czas: 60.86ms
[2025-12-20 14:06:43] [INFO] REQ: POST /predict - Status: 200 - Czas: 60.86ms
[2025-12-20 14:06:43] [INFO] REQ: POST /predict - Status: 200 - Czas: 59.35ms
[2025-12-20 14:06:43] [INFO] REQ: POST /predict - Status: 200 - Czas: 59.35ms
[2025-12-20 14:06:43] [INFO] REQ: POST /predict - Status: 200 - Czas: 59.35ms
[2025-12-20 14:06:43] [INFO] REQ: POST /predict - Status: 200 - Czas: 59.90ms
[2025-12-20 14:06:43] [INFO] REQ: POST /predict - Status: 200 - Czas: 59.90ms
[2025-12-20 14:06:43] [INFO] REQ: POST /predict - Status: 200 - Czas: 59.90ms
[2025-12-20 14:06:43] [INFO] REQ: POST /predict - Status: 200 - Czas: 58.89ms
[2025-12-20 14:06:43] [INFO] REQ: POST /predict - Status: 200 - Czas: 58.89ms
[2025-12-20 14:06:43] [INFO] REQ: POST /predict - Status: 200 - Czas: 58.89ms
[2025-12-20 14:06:43] [INFO] REQ: POST /predict - Status: 200 - Czas: 58.89ms
[2025-12-20 14:06:43] [INFO] REQ: POST /predict - Status: 200 - Czas: 59.90ms
[2025-12-20 14:06:43] [INFO] REQ: POST /predict - Status: 200 - Czas: 59.90ms
[2025-12-20 14:06:43] [INFO] REQ: POST /predict - Status: 200 - Czas: 59.90ms
[2025-12-20 14:06:43] [INFO] REQ: POST /predict - Status: 200 - Czas: 59.90ms
[2025-12-20 14:06:43] [INFO] REQ: POST /predict - Status: 200 - Czas: 59.90ms
[2025-12-20 14:06:43] [ERROR] Exception in ASGI application
Traceback (most recent call last):
  File "D:\Programming Projects\ml-docker-performance\.venv\Lib\site-packages\starlette\_exception_handler.py", line 42, in wrapped_app
    await app(scope, receive, sender)
  File "D:\Programming Projects\ml-docker-performance\.venv\Lib\site-packages\fastapi\routing.py", line 106, in app
    response = await f(request)
               ^^^^^^^^^^^^^^^^
  File "D:\Programming Projects\ml-docker-performance\.venv\Lib\site-packages\fastapi\routing.py", line 472, in app
    raise validation_error
fastapi.exceptions.RequestValidationError: 1 validation error:
  {'type': 'string_type', 'loc': ('body', 'text'), 'msg': 'Input should be a valid string', 'input': nan}

  File "D:\Programming Projects\ml-docker-performance\app\server_fastapi.py", line 60, in predict_endpoint
    POST /predict

The above exception was the direct cause of the following exception:

Traceback (most recent call last):
  File "D:\Programming Projects\ml-docker-performance\.venv\Lib\site-packages\uvicorn\protocols\http\httptools_impl.py", line 409, in run_asgi
    result = await app(  # type: ignore[func-returns-value]
             ^^^^^^^^^^^^^^^^^^^^^^^^^^^^^^^^^^^^^^^^^^^^^^
  File "D:\Programming Projects\ml-docker-performance\.venv\Lib\site-packages\uvicorn\middleware\proxy_headers.py", line 60, in __call__
    return await self.app(scope, receive, send)
           ^^^^^^^^^^^^^^^^^^^^^^^^^^^^^^^^^^^^
  File "D:\Programming Projects\ml-docker-performance\.venv\Lib\site-packages\fastapi\applications.py", line 1139, in __call__
    await super().__call__(scope, receive, send)
  File "D:\Programming Projects\ml-docker-performance\.venv\Lib\site-packages\starlette\applications.py", line 107, in __call__
    await self.middleware_stack(scope, receive, send)
  File "D:\Programming Projects\ml-docker-performance\.venv\Lib\site-packages\starlette\middleware\errors.py", line 186, in __call__
    raise exc
  File "D:\Programming Projects\ml-docker-performance\.venv\Lib\site-packages\starlette\middleware\errors.py", line 164, in __call__
    await self.app(scope, receive, _send)
  File "D:\Programming Projects\ml-docker-performance\.venv\Lib\site-packages\starlette\middleware\base.py", line 191, in __call__
    with recv_stream, send_stream, collapse_excgroups():
  File "C:\Users\admin\AppData\Local\Programs\Python\Python312\Lib\contextlib.py", line 158, in __exit__
    self.gen.throw(value)
  File "D:\Programming Projects\ml-docker-performance\.venv\Lib\site-packages\starlette\_utils.py", line 85, in collapse_excgroups
    raise exc
  File "D:\Programming Projects\ml-docker-performance\.venv\Lib\site-packages\starlette\middleware\base.py", line 193, in __call__
    response = await self.dispatch_func(request, call_next)
               ^^^^^^^^^^^^^^^^^^^^^^^^^^^^^^^^^^^^^^^^^^^^
  File "D:\Programming Projects\ml-docker-performance\app\server_fastapi.py", line 41, in log_requests
    response: Response = await call_next(request)
                         ^^^^^^^^^^^^^^^^^^^^^^^^
  File "D:\Programming Projects\ml-docker-performance\.venv\Lib\site-packages\starlette\middleware\base.py", line 168, in call_next
    raise app_exc from app_exc.__cause__ or app_exc.__context__
  File "D:\Programming Projects\ml-docker-performance\.venv\Lib\site-packages\starlette\middleware\base.py", line 144, in coro
    await self.app(scope, receive_or_disconnect, send_no_error)
  File "D:\Programming Projects\ml-docker-performance\.venv\Lib\site-packages\starlette\middleware\exceptions.py", line 63, in __call__
    await wrap_app_handling_exceptions(self.app, conn)(scope, receive, send)
  File "D:\Programming Projects\ml-docker-performance\.venv\Lib\site-packages\starlette\_exception_handler.py", line 53, in wrapped_app
    raise exc
  File "D:\Programming Projects\ml-docker-performance\.venv\Lib\site-packages\starlette\_exception_handler.py", line 42, in wrapped_app
    await app(scope, receive, sender)
  File "D:\Programming Projects\ml-docker-performance\.venv\Lib\site-packages\fastapi\middleware\asyncexitstack.py", line 18, in __call__
    await self.app(scope, receive, send)
  File "D:\Programming Projects\ml-docker-performance\.venv\Lib\site-packages\starlette\routing.py", line 716, in __call__
    await self.middleware_stack(scope, receive, send)
  File "D:\Programming Projects\ml-docker-performance\.venv\Lib\site-packages\starlette\routing.py", line 736, in app
    await route.handle(scope, receive, send)
  File "D:\Programming Projects\ml-docker-performance\.venv\Lib\site-packages\starlette\routing.py", line 290, in handle
    await self.app(scope, receive, send)
  File "D:\Programming Projects\ml-docker-performance\.venv\Lib\site-packages\fastapi\routing.py", line 120, in app
    await wrap_app_handling_exceptions(app, request)(scope, receive, send)
  File "D:\Programming Projects\ml-docker-performance\.venv\Lib\site-packages\starlette\_exception_handler.py", line 59, in wrapped_app
    response = await handler(conn, exc)
               ^^^^^^^^^^^^^^^^^^^^^^^^
  File "D:\Programming Projects\ml-docker-performance\.venv\Lib\site-packages\fastapi\exception_handlers.py", line 23, in request_validation_exception_handler
    return JSONResponse(
           ^^^^^^^^^^^^^
  File "D:\Programming Projects\ml-docker-performance\.venv\Lib\site-packages\starlette\responses.py", line 189, in __init__
    super().__init__(content, status_code, headers, media_type, background)
  File "D:\Programming Projects\ml-docker-performance\.venv\Lib\site-packages\starlette\responses.py", line 46, in __init__
    self.body = self.render(content)
                ^^^^^^^^^^^^^^^^^^^^
  File "D:\Programming Projects\ml-docker-performance\.venv\Lib\site-packages\starlette\responses.py", line 192, in render
    return json.dumps(
           ^^^^^^^^^^^
  File "C:\Users\admin\AppData\Local\Programs\Python\Python312\Lib\json\__init__.py", line 238, in dumps
    **kw).encode(obj)
          ^^^^^^^^^^^
  File "C:\Users\admin\AppData\Local\Programs\Python\Python312\Lib\json\encoder.py", line 200, in encode
    chunks = self.iterencode(o, _one_shot=True)
             ^^^^^^^^^^^^^^^^^^^^^^^^^^^^^^^^^^
  File "C:\Users\admin\AppData\Local\Programs\Python\Python312\Lib\json\encoder.py", line 258, in iterencode
    return _iterencode(o, 0)
           ^^^^^^^^^^^^^^^^^
ValueError: Out of range float values are not JSON compliant: nan
[2025-12-20 14:06:43] [INFO] REQ: POST /predict - Status: 200 - Czas: 62.41ms
[2025-12-20 14:06:43] [INFO] REQ: POST /predict - Status: 200 - Czas: 62.41ms
[2025-12-20 14:06:43] [INFO] REQ: POST /predict - Status: 200 - Czas: 62.41ms
[2025-12-20 14:06:43] [INFO] REQ: POST /predict - Status: 200 - Czas: 62.41ms
[2025-12-20 14:06:43] [INFO] REQ: POST /predict - Status: 200 - Czas: 62.41ms
[2025-12-20 14:06:43] [INFO] REQ: POST /predict - Status: 200 - Czas: 62.41ms
[2025-12-20 14:06:43] [INFO] REQ: POST /predict - Status: 200 - Czas: 62.41ms
[2025-12-20 14:06:43] [INFO] REQ: POST /predict - Status: 200 - Czas: 62.41ms
[2025-12-20 14:06:43] [INFO] REQ: POST /predict - Status: 200 - Czas: 63.41ms
[2025-12-20 14:06:43] [INFO] REQ: POST /predict - Status: 200 - Czas: 63.41ms
[2025-12-20 14:06:43] [INFO] REQ: POST /predict - Status: 200 - Czas: 63.41ms
[2025-12-20 14:06:43] [INFO] REQ: POST /predict - Status: 200 - Czas: 60.92ms
[2025-12-20 14:06:43] [INFO] REQ: POST /predict - Status: 200 - Czas: 61.92ms
[2025-12-20 14:06:43] [INFO] REQ: POST /predict - Status: 200 - Czas: 61.92ms
[2025-12-20 14:06:43] [INFO] REQ: POST /predict - Status: 200 - Czas: 61.92ms
[2025-12-20 14:06:43] [INFO] REQ: POST /predict - Status: 200 - Czas: 61.92ms
[2025-12-20 14:06:43] [INFO] REQ: POST /predict - Status: 200 - Czas: 61.92ms
[2025-12-20 14:06:43] [INFO] REQ: POST /predict - Status: 200 - Czas: 61.92ms
[2025-12-20 14:06:43] [INFO] REQ: POST /predict - Status: 200 - Czas: 61.92ms
[2025-12-20 14:06:43] [INFO] REQ: POST /predict - Status: 200 - Czas: 61.92ms
[2025-12-20 14:06:43] [INFO] REQ: POST /predict - Status: 200 - Czas: 61.92ms
[2025-12-20 14:06:43] [INFO] REQ: POST /predict - Status: 200 - Czas: 61.92ms
[2025-12-20 14:06:43] [INFO] REQ: POST /predict - Status: 200 - Czas: 61.92ms
[2025-12-20 14:06:43] [INFO] REQ: POST /predict - Status: 200 - Czas: 61.92ms
[2025-12-20 14:06:43] [INFO] REQ: POST /predict - Status: 200 - Czas: 61.92ms
[2025-12-20 14:06:43] [INFO] REQ: POST /predict - Status: 200 - Czas: 54.39ms
[2025-12-20 14:06:43] [INFO] REQ: POST /predict - Status: 200 - Czas: 54.39ms
[2025-12-20 14:06:43] [INFO] REQ: POST /predict - Status: 200 - Czas: 55.39ms
[2025-12-20 14:06:43] [INFO] REQ: POST /predict - Status: 200 - Czas: 55.39ms
[2025-12-20 14:06:43] [INFO] REQ: POST /predict - Status: 200 - Czas: 55.39ms
[2025-12-20 14:06:43] [INFO] REQ: POST /predict - Status: 200 - Czas: 54.90ms
[2025-12-20 14:06:43] [ERROR] Exception in ASGI application
Traceback (most recent call last):
  File "D:\Programming Projects\ml-docker-performance\.venv\Lib\site-packages\starlette\_exception_handler.py", line 42, in wrapped_app
    await app(scope, receive, sender)
  File "D:\Programming Projects\ml-docker-performance\.venv\Lib\site-packages\fastapi\routing.py", line 106, in app
    response = await f(request)
               ^^^^^^^^^^^^^^^^
  File "D:\Programming Projects\ml-docker-performance\.venv\Lib\site-packages\fastapi\routing.py", line 472, in app
    raise validation_error
fastapi.exceptions.RequestValidationError: 1 validation error:
  {'type': 'string_type', 'loc': ('body', 'text'), 'msg': 'Input should be a valid string', 'input': nan}

  File "D:\Programming Projects\ml-docker-performance\app\server_fastapi.py", line 60, in predict_endpoint
    POST /predict

The above exception was the direct cause of the following exception:

Traceback (most recent call last):
  File "D:\Programming Projects\ml-docker-performance\.venv\Lib\site-packages\uvicorn\protocols\http\httptools_impl.py", line 409, in run_asgi
    result = await app(  # type: ignore[func-returns-value]
             ^^^^^^^^^^^^^^^^^^^^^^^^^^^^^^^^^^^^^^^^^^^^^^
  File "D:\Programming Projects\ml-docker-performance\.venv\Lib\site-packages\uvicorn\middleware\proxy_headers.py", line 60, in __call__
    return await self.app(scope, receive, send)
           ^^^^^^^^^^^^^^^^^^^^^^^^^^^^^^^^^^^^
  File "D:\Programming Projects\ml-docker-performance\.venv\Lib\site-packages\fastapi\applications.py", line 1139, in __call__
    await super().__call__(scope, receive, send)
  File "D:\Programming Projects\ml-docker-performance\.venv\Lib\site-packages\starlette\applications.py", line 107, in __call__
    await self.middleware_stack(scope, receive, send)
  File "D:\Programming Projects\ml-docker-performance\.venv\Lib\site-packages\starlette\middleware\errors.py", line 186, in __call__
    raise exc
  File "D:\Programming Projects\ml-docker-performance\.venv\Lib\site-packages\starlette\middleware\errors.py", line 164, in __call__
    await self.app(scope, receive, _send)
  File "D:\Programming Projects\ml-docker-performance\.venv\Lib\site-packages\starlette\middleware\base.py", line 191, in __call__
    with recv_stream, send_stream, collapse_excgroups():
  File "C:\Users\admin\AppData\Local\Programs\Python\Python312\Lib\contextlib.py", line 158, in __exit__
    self.gen.throw(value)
  File "D:\Programming Projects\ml-docker-performance\.venv\Lib\site-packages\starlette\_utils.py", line 85, in collapse_excgroups
    raise exc
  File "D:\Programming Projects\ml-docker-performance\.venv\Lib\site-packages\starlette\middleware\base.py", line 193, in __call__
    response = await self.dispatch_func(request, call_next)
               ^^^^^^^^^^^^^^^^^^^^^^^^^^^^^^^^^^^^^^^^^^^^
  File "D:\Programming Projects\ml-docker-performance\app\server_fastapi.py", line 41, in log_requests
    response: Response = await call_next(request)
                         ^^^^^^^^^^^^^^^^^^^^^^^^
  File "D:\Programming Projects\ml-docker-performance\.venv\Lib\site-packages\starlette\middleware\base.py", line 168, in call_next
    raise app_exc from app_exc.__cause__ or app_exc.__context__
  File "D:\Programming Projects\ml-docker-performance\.venv\Lib\site-packages\starlette\middleware\base.py", line 144, in coro
    await self.app(scope, receive_or_disconnect, send_no_error)
  File "D:\Programming Projects\ml-docker-performance\.venv\Lib\site-packages\starlette\middleware\exceptions.py", line 63, in __call__
    await wrap_app_handling_exceptions(self.app, conn)(scope, receive, send)
  File "D:\Programming Projects\ml-docker-performance\.venv\Lib\site-packages\starlette\_exception_handler.py", line 53, in wrapped_app
    raise exc
  File "D:\Programming Projects\ml-docker-performance\.venv\Lib\site-packages\starlette\_exception_handler.py", line 42, in wrapped_app
    await app(scope, receive, sender)
  File "D:\Programming Projects\ml-docker-performance\.venv\Lib\site-packages\fastapi\middleware\asyncexitstack.py", line 18, in __call__
    await self.app(scope, receive, send)
  File "D:\Programming Projects\ml-docker-performance\.venv\Lib\site-packages\starlette\routing.py", line 716, in __call__
    await self.middleware_stack(scope, receive, send)
  File "D:\Programming Projects\ml-docker-performance\.venv\Lib\site-packages\starlette\routing.py", line 736, in app
    await route.handle(scope, receive, send)
  File "D:\Programming Projects\ml-docker-performance\.venv\Lib\site-packages\starlette\routing.py", line 290, in handle
    await self.app(scope, receive, send)
  File "D:\Programming Projects\ml-docker-performance\.venv\Lib\site-packages\fastapi\routing.py", line 120, in app
    await wrap_app_handling_exceptions(app, request)(scope, receive, send)
  File "D:\Programming Projects\ml-docker-performance\.venv\Lib\site-packages\starlette\_exception_handler.py", line 59, in wrapped_app
    response = await handler(conn, exc)
               ^^^^^^^^^^^^^^^^^^^^^^^^
  File "D:\Programming Projects\ml-docker-performance\.venv\Lib\site-packages\fastapi\exception_handlers.py", line 23, in request_validation_exception_handler
    return JSONResponse(
           ^^^^^^^^^^^^^
  File "D:\Programming Projects\ml-docker-performance\.venv\Lib\site-packages\starlette\responses.py", line 189, in __init__
    super().__init__(content, status_code, headers, media_type, background)
  File "D:\Programming Projects\ml-docker-performance\.venv\Lib\site-packages\starlette\responses.py", line 46, in __init__
    self.body = self.render(content)
                ^^^^^^^^^^^^^^^^^^^^
  File "D:\Programming Projects\ml-docker-performance\.venv\Lib\site-packages\starlette\responses.py", line 192, in render
    return json.dumps(
           ^^^^^^^^^^^
  File "C:\Users\admin\AppData\Local\Programs\Python\Python312\Lib\json\__init__.py", line 238, in dumps
    **kw).encode(obj)
          ^^^^^^^^^^^
  File "C:\Users\admin\AppData\Local\Programs\Python\Python312\Lib\json\encoder.py", line 200, in encode
    chunks = self.iterencode(o, _one_shot=True)
             ^^^^^^^^^^^^^^^^^^^^^^^^^^^^^^^^^^
  File "C:\Users\admin\AppData\Local\Programs\Python\Python312\Lib\json\encoder.py", line 258, in iterencode
    return _iterencode(o, 0)
           ^^^^^^^^^^^^^^^^^
ValueError: Out of range float values are not JSON compliant: nan
[2025-12-20 14:06:43] [INFO] REQ: POST /predict - Status: 200 - Czas: 58.41ms
[2025-12-20 14:06:43] [INFO] REQ: POST /predict - Status: 200 - Czas: 58.41ms
[2025-12-20 14:06:43] [INFO] REQ: POST /predict - Status: 200 - Czas: 62.82ms
[2025-12-20 14:06:43] [INFO] REQ: POST /predict - Status: 200 - Czas: 62.82ms
[2025-12-20 14:06:43] [INFO] REQ: POST /predict - Status: 200 - Czas: 62.82ms
[2025-12-20 14:06:43] [INFO] REQ: POST /predict - Status: 200 - Czas: 62.82ms
[2025-12-20 14:06:43] [INFO] REQ: POST /predict - Status: 200 - Czas: 62.82ms
[2025-12-20 14:06:43] [INFO] REQ: POST /predict - Status: 200 - Czas: 54.76ms
[2025-12-20 14:06:43] [INFO] REQ: POST /predict - Status: 200 - Czas: 54.76ms
[2025-12-20 14:06:43] [INFO] REQ: POST /predict - Status: 200 - Czas: 54.76ms
[2025-12-20 14:06:43] [INFO] REQ: POST /predict - Status: 200 - Czas: 55.77ms
[2025-12-20 14:06:43] [INFO] REQ: POST /predict - Status: 200 - Czas: 55.77ms
[2025-12-20 14:06:43] [INFO] REQ: POST /predict - Status: 200 - Czas: 55.77ms
[2025-12-20 14:06:43] [INFO] REQ: POST /predict - Status: 200 - Czas: 55.77ms
[2025-12-20 14:06:43] [INFO] REQ: POST /predict - Status: 200 - Czas: 55.77ms
[2025-12-20 14:06:43] [INFO] REQ: POST /predict - Status: 200 - Czas: 55.77ms
[2025-12-20 14:06:43] [INFO] REQ: POST /predict - Status: 200 - Czas: 55.77ms
[2025-12-20 14:06:43] [INFO] REQ: POST /predict - Status: 200 - Czas: 55.77ms
[2025-12-20 14:06:43] [INFO] REQ: POST /predict - Status: 200 - Czas: 55.77ms
[2025-12-20 14:06:43] [INFO] REQ: POST /predict - Status: 200 - Czas: 56.77ms
[2025-12-20 14:06:43] [INFO] REQ: POST /predict - Status: 200 - Czas: 56.77ms
[2025-12-20 14:06:43] [INFO] REQ: POST /predict - Status: 200 - Czas: 56.77ms
[2025-12-20 14:06:43] [INFO] REQ: POST /predict - Status: 200 - Czas: 56.77ms
[2025-12-20 14:06:43] [INFO] REQ: POST /predict - Status: 200 - Czas: 58.26ms
[2025-12-20 14:06:43] [INFO] REQ: POST /predict - Status: 200 - Czas: 58.26ms
[2025-12-20 14:06:43] [INFO] REQ: POST /predict - Status: 200 - Czas: 59.26ms
[2025-12-20 14:06:43] [INFO] REQ: POST /predict - Status: 200 - Czas: 59.26ms
[2025-12-20 14:06:43] [INFO] REQ: POST /predict - Status: 200 - Czas: 59.26ms
[2025-12-20 14:06:43] [INFO] REQ: POST /predict - Status: 200 - Czas: 54.72ms
[2025-12-20 14:06:43] [INFO] REQ: POST /predict - Status: 200 - Czas: 53.20ms
[2025-12-20 14:06:43] [INFO] REQ: POST /predict - Status: 200 - Czas: 53.20ms
[2025-12-20 14:06:43] [INFO] REQ: POST /predict - Status: 200 - Czas: 53.20ms
[2025-12-20 14:06:43] [INFO] REQ: POST /predict - Status: 200 - Czas: 53.20ms
[2025-12-20 14:06:43] [INFO] REQ: POST /predict - Status: 200 - Czas: 54.20ms
[2025-12-20 14:06:43] [INFO] REQ: POST /predict - Status: 200 - Czas: 54.20ms
[2025-12-20 14:06:43] [INFO] REQ: POST /predict - Status: 200 - Czas: 54.20ms
[2025-12-20 14:06:43] [INFO] REQ: POST /predict - Status: 200 - Czas: 54.20ms
[2025-12-20 14:06:43] [INFO] REQ: POST /predict - Status: 200 - Czas: 54.20ms
[2025-12-20 14:06:43] [INFO] REQ: POST /predict - Status: 200 - Czas: 54.20ms
[2025-12-20 14:06:43] [INFO] REQ: POST /predict - Status: 200 - Czas: 54.20ms
[2025-12-20 14:06:43] [INFO] REQ: POST /predict - Status: 200 - Czas: 54.20ms
[2025-12-20 14:06:43] [INFO] REQ: POST /predict - Status: 200 - Czas: 55.20ms
[2025-12-20 14:06:43] [INFO] REQ: POST /predict - Status: 200 - Czas: 55.20ms
[2025-12-20 14:06:43] [INFO] REQ: POST /predict - Status: 200 - Czas: 54.20ms
[2025-12-20 14:06:43] [INFO] REQ: POST /predict - Status: 200 - Czas: 53.20ms
[2025-12-20 14:06:43] [ERROR] Exception in ASGI application
Traceback (most recent call last):
  File "D:\Programming Projects\ml-docker-performance\.venv\Lib\site-packages\starlette\_exception_handler.py", line 42, in wrapped_app
    await app(scope, receive, sender)
  File "D:\Programming Projects\ml-docker-performance\.venv\Lib\site-packages\fastapi\routing.py", line 106, in app
    response = await f(request)
               ^^^^^^^^^^^^^^^^
  File "D:\Programming Projects\ml-docker-performance\.venv\Lib\site-packages\fastapi\routing.py", line 472, in app
    raise validation_error
fastapi.exceptions.RequestValidationError: 1 validation error:
  {'type': 'string_type', 'loc': ('body', 'text'), 'msg': 'Input should be a valid string', 'input': nan}

  File "D:\Programming Projects\ml-docker-performance\app\server_fastapi.py", line 60, in predict_endpoint
    POST /predict

The above exception was the direct cause of the following exception:

Traceback (most recent call last):
  File "D:\Programming Projects\ml-docker-performance\.venv\Lib\site-packages\uvicorn\protocols\http\httptools_impl.py", line 409, in run_asgi
    result = await app(  # type: ignore[func-returns-value]
             ^^^^^^^^^^^^^^^^^^^^^^^^^^^^^^^^^^^^^^^^^^^^^^
  File "D:\Programming Projects\ml-docker-performance\.venv\Lib\site-packages\uvicorn\middleware\proxy_headers.py", line 60, in __call__
    return await self.app(scope, receive, send)
           ^^^^^^^^^^^^^^^^^^^^^^^^^^^^^^^^^^^^
  File "D:\Programming Projects\ml-docker-performance\.venv\Lib\site-packages\fastapi\applications.py", line 1139, in __call__
    await super().__call__(scope, receive, send)
  File "D:\Programming Projects\ml-docker-performance\.venv\Lib\site-packages\starlette\applications.py", line 107, in __call__
    await self.middleware_stack(scope, receive, send)
  File "D:\Programming Projects\ml-docker-performance\.venv\Lib\site-packages\starlette\middleware\errors.py", line 186, in __call__
    raise exc
  File "D:\Programming Projects\ml-docker-performance\.venv\Lib\site-packages\starlette\middleware\errors.py", line 164, in __call__
    await self.app(scope, receive, _send)
  File "D:\Programming Projects\ml-docker-performance\.venv\Lib\site-packages\starlette\middleware\base.py", line 191, in __call__
    with recv_stream, send_stream, collapse_excgroups():
  File "C:\Users\admin\AppData\Local\Programs\Python\Python312\Lib\contextlib.py", line 158, in __exit__
    self.gen.throw(value)
  File "D:\Programming Projects\ml-docker-performance\.venv\Lib\site-packages\starlette\_utils.py", line 85, in collapse_excgroups
    raise exc
  File "D:\Programming Projects\ml-docker-performance\.venv\Lib\site-packages\starlette\middleware\base.py", line 193, in __call__
    response = await self.dispatch_func(request, call_next)
               ^^^^^^^^^^^^^^^^^^^^^^^^^^^^^^^^^^^^^^^^^^^^
  File "D:\Programming Projects\ml-docker-performance\app\server_fastapi.py", line 41, in log_requests
    response: Response = await call_next(request)
                         ^^^^^^^^^^^^^^^^^^^^^^^^
  File "D:\Programming Projects\ml-docker-performance\.venv\Lib\site-packages\starlette\middleware\base.py", line 168, in call_next
    raise app_exc from app_exc.__cause__ or app_exc.__context__
  File "D:\Programming Projects\ml-docker-performance\.venv\Lib\site-packages\starlette\middleware\base.py", line 144, in coro
    await self.app(scope, receive_or_disconnect, send_no_error)
  File "D:\Programming Projects\ml-docker-performance\.venv\Lib\site-packages\starlette\middleware\exceptions.py", line 63, in __call__
    await wrap_app_handling_exceptions(self.app, conn)(scope, receive, send)
  File "D:\Programming Projects\ml-docker-performance\.venv\Lib\site-packages\starlette\_exception_handler.py", line 53, in wrapped_app
    raise exc
  File "D:\Programming Projects\ml-docker-performance\.venv\Lib\site-packages\starlette\_exception_handler.py", line 42, in wrapped_app
    await app(scope, receive, sender)
  File "D:\Programming Projects\ml-docker-performance\.venv\Lib\site-packages\fastapi\middleware\asyncexitstack.py", line 18, in __call__
    await self.app(scope, receive, send)
  File "D:\Programming Projects\ml-docker-performance\.venv\Lib\site-packages\starlette\routing.py", line 716, in __call__
    await self.middleware_stack(scope, receive, send)
  File "D:\Programming Projects\ml-docker-performance\.venv\Lib\site-packages\starlette\routing.py", line 736, in app
    await route.handle(scope, receive, send)
  File "D:\Programming Projects\ml-docker-performance\.venv\Lib\site-packages\starlette\routing.py", line 290, in handle
    await self.app(scope, receive, send)
  File "D:\Programming Projects\ml-docker-performance\.venv\Lib\site-packages\fastapi\routing.py", line 120, in app
    await wrap_app_handling_exceptions(app, request)(scope, receive, send)
  File "D:\Programming Projects\ml-docker-performance\.venv\Lib\site-packages\starlette\_exception_handler.py", line 59, in wrapped_app
    response = await handler(conn, exc)
               ^^^^^^^^^^^^^^^^^^^^^^^^
  File "D:\Programming Projects\ml-docker-performance\.venv\Lib\site-packages\fastapi\exception_handlers.py", line 23, in request_validation_exception_handler
    return JSONResponse(
           ^^^^^^^^^^^^^
  File "D:\Programming Projects\ml-docker-performance\.venv\Lib\site-packages\starlette\responses.py", line 189, in __init__
    super().__init__(content, status_code, headers, media_type, background)
  File "D:\Programming Projects\ml-docker-performance\.venv\Lib\site-packages\starlette\responses.py", line 46, in __init__
    self.body = self.render(content)
                ^^^^^^^^^^^^^^^^^^^^
  File "D:\Programming Projects\ml-docker-performance\.venv\Lib\site-packages\starlette\responses.py", line 192, in render
    return json.dumps(
           ^^^^^^^^^^^
  File "C:\Users\admin\AppData\Local\Programs\Python\Python312\Lib\json\__init__.py", line 238, in dumps
    **kw).encode(obj)
          ^^^^^^^^^^^
  File "C:\Users\admin\AppData\Local\Programs\Python\Python312\Lib\json\encoder.py", line 200, in encode
    chunks = self.iterencode(o, _one_shot=True)
             ^^^^^^^^^^^^^^^^^^^^^^^^^^^^^^^^^^
  File "C:\Users\admin\AppData\Local\Programs\Python\Python312\Lib\json\encoder.py", line 258, in iterencode
    return _iterencode(o, 0)
           ^^^^^^^^^^^^^^^^^
ValueError: Out of range float values are not JSON compliant: nan
[2025-12-20 14:06:43] [INFO] REQ: POST /predict - Status: 200 - Czas: 60.75ms
[2025-12-20 14:06:43] [INFO] REQ: POST /predict - Status: 200 - Czas: 60.75ms
[2025-12-20 14:06:43] [INFO] REQ: POST /predict - Status: 200 - Czas: 60.75ms
[2025-12-20 14:06:43] [INFO] REQ: POST /predict - Status: 200 - Czas: 68.78ms
[2025-12-20 14:06:43] [INFO] REQ: POST /predict - Status: 200 - Czas: 68.78ms
[2025-12-20 14:06:43] [INFO] REQ: POST /predict - Status: 200 - Czas: 68.78ms
[2025-12-20 14:06:43] [INFO] REQ: POST /predict - Status: 200 - Czas: 69.95ms
[2025-12-20 14:06:43] [INFO] REQ: POST /predict - Status: 200 - Czas: 69.95ms
[2025-12-20 14:06:43] [INFO] REQ: POST /predict - Status: 200 - Czas: 68.49ms
[2025-12-20 14:06:43] [INFO] REQ: POST /predict - Status: 200 - Czas: 68.49ms
[2025-12-20 14:06:43] [INFO] REQ: POST /predict - Status: 200 - Czas: 68.49ms
[2025-12-20 14:06:43] [INFO] REQ: POST /predict - Status: 200 - Czas: 68.49ms
[2025-12-20 14:06:43] [INFO] REQ: POST /predict - Status: 200 - Czas: 68.49ms
[2025-12-20 14:06:43] [INFO] REQ: POST /predict - Status: 200 - Czas: 68.49ms
[2025-12-20 14:06:43] [INFO] REQ: POST /predict - Status: 200 - Czas: 69.49ms
[2025-12-20 14:06:43] [INFO] REQ: POST /predict - Status: 200 - Czas: 69.49ms
[2025-12-20 14:06:43] [INFO] REQ: POST /predict - Status: 200 - Czas: 69.49ms
[2025-12-20 14:06:43] [INFO] REQ: POST /predict - Status: 200 - Czas: 69.49ms
[2025-12-20 14:06:43] [INFO] REQ: POST /predict - Status: 200 - Czas: 69.49ms
[2025-12-20 14:06:43] [INFO] REQ: POST /predict - Status: 200 - Czas: 69.49ms
[2025-12-20 14:06:43] [INFO] REQ: POST /predict - Status: 200 - Czas: 69.49ms
[2025-12-20 14:06:43] [INFO] REQ: POST /predict - Status: 200 - Czas: 67.98ms
[2025-12-20 14:06:43] [INFO] REQ: POST /predict - Status: 200 - Czas: 67.98ms
[2025-12-20 14:06:43] [INFO] REQ: POST /predict - Status: 200 - Czas: 68.98ms
[2025-12-20 14:06:43] [INFO] REQ: POST /predict - Status: 200 - Czas: 68.98ms
[2025-12-20 14:06:43] [INFO] REQ: POST /predict - Status: 200 - Czas: 68.98ms
[2025-12-20 14:06:43] [INFO] REQ: POST /predict - Status: 200 - Czas: 68.98ms
[2025-12-20 14:06:43] [INFO] REQ: POST /predict - Status: 200 - Czas: 68.98ms
[2025-12-20 14:06:43] [INFO] REQ: POST /predict - Status: 200 - Czas: 68.98ms
[2025-12-20 14:06:43] [INFO] REQ: POST /predict - Status: 200 - Czas: 68.98ms
[2025-12-20 14:06:43] [INFO] REQ: POST /predict - Status: 200 - Czas: 68.98ms
[2025-12-20 14:06:43] [INFO] REQ: POST /predict - Status: 200 - Czas: 67.97ms
[2025-12-20 14:06:43] [INFO] REQ: POST /predict - Status: 200 - Czas: 67.97ms
[2025-12-20 14:06:43] [INFO] REQ: POST /predict - Status: 200 - Czas: 67.97ms
[2025-12-20 14:06:43] [INFO] REQ: POST /predict - Status: 200 - Czas: 67.97ms
[2025-12-20 14:06:43] [INFO] REQ: POST /predict - Status: 200 - Czas: 67.97ms
[2025-12-20 14:06:43] [INFO] REQ: POST /predict - Status: 200 - Czas: 67.97ms
[2025-12-20 14:06:43] [INFO] REQ: POST /predict - Status: 200 - Czas: 67.97ms
[2025-12-20 14:06:43] [INFO] REQ: POST /predict - Status: 200 - Czas: 67.97ms
[2025-12-20 14:06:43] [INFO] REQ: POST /predict - Status: 200 - Czas: 68.97ms
[2025-12-20 14:06:43] [INFO] REQ: POST /predict - Status: 200 - Czas: 68.97ms
[2025-12-20 14:06:43] [INFO] REQ: POST /predict - Status: 200 - Czas: 68.97ms
[2025-12-20 14:06:43] [INFO] REQ: POST /predict - Status: 200 - Czas: 68.97ms
[2025-12-20 14:06:43] [INFO] REQ: POST /predict - Status: 200 - Czas: 68.97ms
[2025-12-20 14:06:43] [INFO] REQ: POST /predict - Status: 200 - Czas: 68.97ms
[2025-12-20 14:06:43] [INFO] REQ: POST /predict - Status: 200 - Czas: 60.40ms
[2025-12-20 14:06:43] [INFO] REQ: POST /predict - Status: 200 - Czas: 60.96ms
[2025-12-20 14:06:43] [INFO] REQ: POST /predict - Status: 200 - Czas: 60.96ms
[2025-12-20 14:06:43] [INFO] REQ: POST /predict - Status: 200 - Czas: 60.96ms
[2025-12-20 14:06:43] [INFO] REQ: POST /predict - Status: 200 - Czas: 60.96ms
[2025-12-20 14:06:43] [INFO] REQ: POST /predict - Status: 200 - Czas: 60.45ms
[2025-12-20 14:06:43] [INFO] REQ: POST /predict - Status: 200 - Czas: 61.45ms
[2025-12-20 14:06:43] [INFO] REQ: POST /predict - Status: 200 - Czas: 61.45ms
[2025-12-20 14:06:43] [INFO] REQ: POST /predict - Status: 200 - Czas: 65.97ms
[2025-12-20 14:06:43] [INFO] REQ: POST /predict - Status: 200 - Czas: 66.49ms
[2025-12-20 14:06:43] [INFO] REQ: POST /predict - Status: 200 - Czas: 66.49ms
[2025-12-20 14:06:43] [INFO] REQ: POST /predict - Status: 200 - Czas: 66.49ms
[2025-12-20 14:06:43] [INFO] REQ: POST /predict - Status: 200 - Czas: 65.49ms
[2025-12-20 14:06:43] [INFO] REQ: POST /predict - Status: 200 - Czas: 65.49ms
[2025-12-20 14:06:43] [INFO] REQ: POST /predict - Status: 200 - Czas: 51.43ms
[2025-12-20 14:06:43] [INFO] REQ: POST /predict - Status: 200 - Czas: 52.43ms
[2025-12-20 14:06:43] [INFO] REQ: POST /predict - Status: 200 - Czas: 52.43ms
[2025-12-20 14:06:43] [INFO] REQ: POST /predict - Status: 200 - Czas: 52.43ms
[2025-12-20 14:06:43] [INFO] REQ: POST /predict - Status: 200 - Czas: 52.43ms
[2025-12-20 14:06:43] [INFO] REQ: POST /predict - Status: 200 - Czas: 52.43ms
[2025-12-20 14:06:43] [INFO] REQ: POST /predict - Status: 200 - Czas: 52.43ms
[2025-12-20 14:06:43] [INFO] REQ: POST /predict - Status: 200 - Czas: 52.43ms
[2025-12-20 14:06:43] [INFO] REQ: POST /predict - Status: 200 - Czas: 52.43ms
[2025-12-20 14:06:43] [INFO] REQ: POST /predict - Status: 200 - Czas: 52.43ms
[2025-12-20 14:06:43] [INFO] REQ: POST /predict - Status: 200 - Czas: 53.44ms
[2025-12-20 14:06:43] [INFO] REQ: POST /predict - Status: 200 - Czas: 52.44ms
[2025-12-20 14:06:43] [ERROR] Exception in ASGI application
Traceback (most recent call last):
  File "D:\Programming Projects\ml-docker-performance\.venv\Lib\site-packages\starlette\_exception_handler.py", line 42, in wrapped_app
    await app(scope, receive, sender)
  File "D:\Programming Projects\ml-docker-performance\.venv\Lib\site-packages\fastapi\routing.py", line 106, in app
    response = await f(request)
               ^^^^^^^^^^^^^^^^
  File "D:\Programming Projects\ml-docker-performance\.venv\Lib\site-packages\fastapi\routing.py", line 472, in app
    raise validation_error
fastapi.exceptions.RequestValidationError: 1 validation error:
  {'type': 'string_type', 'loc': ('body', 'text'), 'msg': 'Input should be a valid string', 'input': nan}

  File "D:\Programming Projects\ml-docker-performance\app\server_fastapi.py", line 60, in predict_endpoint
    POST /predict

The above exception was the direct cause of the following exception:

Traceback (most recent call last):
  File "D:\Programming Projects\ml-docker-performance\.venv\Lib\site-packages\uvicorn\protocols\http\httptools_impl.py", line 409, in run_asgi
    result = await app(  # type: ignore[func-returns-value]
             ^^^^^^^^^^^^^^^^^^^^^^^^^^^^^^^^^^^^^^^^^^^^^^
  File "D:\Programming Projects\ml-docker-performance\.venv\Lib\site-packages\uvicorn\middleware\proxy_headers.py", line 60, in __call__
    return await self.app(scope, receive, send)
           ^^^^^^^^^^^^^^^^^^^^^^^^^^^^^^^^^^^^
  File "D:\Programming Projects\ml-docker-performance\.venv\Lib\site-packages\fastapi\applications.py", line 1139, in __call__
    await super().__call__(scope, receive, send)
  File "D:\Programming Projects\ml-docker-performance\.venv\Lib\site-packages\starlette\applications.py", line 107, in __call__
    await self.middleware_stack(scope, receive, send)
  File "D:\Programming Projects\ml-docker-performance\.venv\Lib\site-packages\starlette\middleware\errors.py", line 186, in __call__
    raise exc
  File "D:\Programming Projects\ml-docker-performance\.venv\Lib\site-packages\starlette\middleware\errors.py", line 164, in __call__
    await self.app(scope, receive, _send)
  File "D:\Programming Projects\ml-docker-performance\.venv\Lib\site-packages\starlette\middleware\base.py", line 191, in __call__
    with recv_stream, send_stream, collapse_excgroups():
  File "C:\Users\admin\AppData\Local\Programs\Python\Python312\Lib\contextlib.py", line 158, in __exit__
    self.gen.throw(value)
  File "D:\Programming Projects\ml-docker-performance\.venv\Lib\site-packages\starlette\_utils.py", line 85, in collapse_excgroups
    raise exc
  File "D:\Programming Projects\ml-docker-performance\.venv\Lib\site-packages\starlette\middleware\base.py", line 193, in __call__
    response = await self.dispatch_func(request, call_next)
               ^^^^^^^^^^^^^^^^^^^^^^^^^^^^^^^^^^^^^^^^^^^^
  File "D:\Programming Projects\ml-docker-performance\app\server_fastapi.py", line 41, in log_requests
    response: Response = await call_next(request)
                         ^^^^^^^^^^^^^^^^^^^^^^^^
  File "D:\Programming Projects\ml-docker-performance\.venv\Lib\site-packages\starlette\middleware\base.py", line 168, in call_next
    raise app_exc from app_exc.__cause__ or app_exc.__context__
  File "D:\Programming Projects\ml-docker-performance\.venv\Lib\site-packages\starlette\middleware\base.py", line 144, in coro
    await self.app(scope, receive_or_disconnect, send_no_error)
  File "D:\Programming Projects\ml-docker-performance\.venv\Lib\site-packages\starlette\middleware\exceptions.py", line 63, in __call__
    await wrap_app_handling_exceptions(self.app, conn)(scope, receive, send)
  File "D:\Programming Projects\ml-docker-performance\.venv\Lib\site-packages\starlette\_exception_handler.py", line 53, in wrapped_app
    raise exc
  File "D:\Programming Projects\ml-docker-performance\.venv\Lib\site-packages\starlette\_exception_handler.py", line 42, in wrapped_app
    await app(scope, receive, sender)
  File "D:\Programming Projects\ml-docker-performance\.venv\Lib\site-packages\fastapi\middleware\asyncexitstack.py", line 18, in __call__
    await self.app(scope, receive, send)
  File "D:\Programming Projects\ml-docker-performance\.venv\Lib\site-packages\starlette\routing.py", line 716, in __call__
    await self.middleware_stack(scope, receive, send)
  File "D:\Programming Projects\ml-docker-performance\.venv\Lib\site-packages\starlette\routing.py", line 736, in app
    await route.handle(scope, receive, send)
  File "D:\Programming Projects\ml-docker-performance\.venv\Lib\site-packages\starlette\routing.py", line 290, in handle
    await self.app(scope, receive, send)
  File "D:\Programming Projects\ml-docker-performance\.venv\Lib\site-packages\fastapi\routing.py", line 120, in app
    await wrap_app_handling_exceptions(app, request)(scope, receive, send)
  File "D:\Programming Projects\ml-docker-performance\.venv\Lib\site-packages\starlette\_exception_handler.py", line 59, in wrapped_app
    response = await handler(conn, exc)
               ^^^^^^^^^^^^^^^^^^^^^^^^
  File "D:\Programming Projects\ml-docker-performance\.venv\Lib\site-packages\fastapi\exception_handlers.py", line 23, in request_validation_exception_handler
    return JSONResponse(
           ^^^^^^^^^^^^^
  File "D:\Programming Projects\ml-docker-performance\.venv\Lib\site-packages\starlette\responses.py", line 189, in __init__
    super().__init__(content, status_code, headers, media_type, background)
  File "D:\Programming Projects\ml-docker-performance\.venv\Lib\site-packages\starlette\responses.py", line 46, in __init__
    self.body = self.render(content)
                ^^^^^^^^^^^^^^^^^^^^
  File "D:\Programming Projects\ml-docker-performance\.venv\Lib\site-packages\starlette\responses.py", line 192, in render
    return json.dumps(
           ^^^^^^^^^^^
  File "C:\Users\admin\AppData\Local\Programs\Python\Python312\Lib\json\__init__.py", line 238, in dumps
    **kw).encode(obj)
          ^^^^^^^^^^^
  File "C:\Users\admin\AppData\Local\Programs\Python\Python312\Lib\json\encoder.py", line 200, in encode
    chunks = self.iterencode(o, _one_shot=True)
             ^^^^^^^^^^^^^^^^^^^^^^^^^^^^^^^^^^
  File "C:\Users\admin\AppData\Local\Programs\Python\Python312\Lib\json\encoder.py", line 258, in iterencode
    return _iterencode(o, 0)
           ^^^^^^^^^^^^^^^^^
ValueError: Out of range float values are not JSON compliant: nan
[2025-12-20 14:06:43] [INFO] REQ: POST /predict - Status: 200 - Czas: 55.43ms
[2025-12-20 14:06:43] [INFO] REQ: POST /predict - Status: 200 - Czas: 55.43ms
[2025-12-20 14:06:43] [INFO] REQ: POST /predict - Status: 200 - Czas: 55.43ms
[2025-12-20 14:06:43] [INFO] REQ: POST /predict - Status: 200 - Czas: 56.56ms
[2025-12-20 14:06:43] [INFO] REQ: POST /predict - Status: 200 - Czas: 56.56ms
[2025-12-20 14:06:43] [INFO] REQ: POST /predict - Status: 200 - Czas: 56.56ms
[2025-12-20 14:06:43] [INFO] REQ: POST /predict - Status: 200 - Czas: 56.56ms
[2025-12-20 14:06:43] [INFO] REQ: POST /predict - Status: 200 - Czas: 56.56ms
[2025-12-20 14:06:43] [INFO] REQ: POST /predict - Status: 200 - Czas: 53.52ms
[2025-12-20 14:06:43] [INFO] REQ: POST /predict - Status: 200 - Czas: 53.52ms
[2025-12-20 14:06:43] [INFO] REQ: POST /predict - Status: 200 - Czas: 54.53ms
[2025-12-20 14:06:43] [INFO] REQ: POST /predict - Status: 200 - Czas: 53.53ms
[2025-12-20 14:06:43] [INFO] REQ: POST /predict - Status: 200 - Czas: 53.53ms
[2025-12-20 14:06:43] [INFO] REQ: POST /predict - Status: 200 - Czas: 53.53ms
[2025-12-20 14:06:43] [INFO] REQ: POST /predict - Status: 200 - Czas: 53.53ms
[2025-12-20 14:06:43] [INFO] REQ: POST /predict - Status: 200 - Czas: 53.53ms
[2025-12-20 14:06:43] [INFO] REQ: POST /predict - Status: 200 - Czas: 53.53ms
[2025-12-20 14:06:43] [INFO] REQ: POST /predict - Status: 200 - Czas: 53.53ms
[2025-12-20 14:06:43] [INFO] REQ: POST /predict - Status: 200 - Czas: 53.53ms
[2025-12-20 14:06:43] [INFO] REQ: POST /predict - Status: 200 - Czas: 54.53ms
[2025-12-20 14:06:43] [INFO] REQ: POST /predict - Status: 200 - Czas: 54.53ms
[2025-12-20 14:06:43] [INFO] REQ: POST /predict - Status: 200 - Czas: 54.53ms
[2025-12-20 14:06:43] [INFO] REQ: POST /predict - Status: 200 - Czas: 54.53ms
[2025-12-20 14:06:43] [INFO] REQ: POST /predict - Status: 200 - Czas: 54.07ms
[2025-12-20 14:06:43] [INFO] REQ: POST /predict - Status: 200 - Czas: 54.07ms
[2025-12-20 14:06:43] [INFO] REQ: POST /predict - Status: 200 - Czas: 54.07ms
[2025-12-20 14:06:43] [INFO] REQ: POST /predict - Status: 200 - Czas: 54.07ms
[2025-12-20 14:06:43] [INFO] REQ: POST /predict - Status: 200 - Czas: 55.07ms
[2025-12-20 14:06:43] [INFO] REQ: POST /predict - Status: 200 - Czas: 62.03ms
[2025-12-20 14:06:43] [INFO] REQ: POST /predict - Status: 200 - Czas: 62.03ms
[2025-12-20 14:06:43] [INFO] REQ: POST /predict - Status: 200 - Czas: 62.03ms
[2025-12-20 14:06:43] [INFO] REQ: POST /predict - Status: 200 - Czas: 62.03ms
[2025-12-20 14:06:43] [INFO] REQ: POST /predict - Status: 200 - Czas: 62.03ms
[2025-12-20 14:06:43] [INFO] REQ: POST /predict - Status: 200 - Czas: 62.04ms
[2025-12-20 14:06:43] [INFO] REQ: POST /predict - Status: 200 - Czas: 63.04ms
[2025-12-20 14:06:43] [INFO] REQ: POST /predict - Status: 200 - Czas: 63.04ms
[2025-12-20 14:06:43] [INFO] REQ: POST /predict - Status: 200 - Czas: 63.04ms
[2025-12-20 14:06:43] [INFO] REQ: POST /predict - Status: 200 - Czas: 62.03ms
[2025-12-20 14:06:43] [INFO] REQ: POST /predict - Status: 200 - Czas: 62.03ms
[2025-12-20 14:06:43] [INFO] REQ: POST /predict - Status: 200 - Czas: 62.03ms
[2025-12-20 14:06:43] [INFO] REQ: POST /predict - Status: 200 - Czas: 62.03ms
[2025-12-20 14:06:43] [INFO] REQ: POST /predict - Status: 200 - Czas: 62.03ms
[2025-12-20 14:06:43] [INFO] REQ: POST /predict - Status: 200 - Czas: 62.03ms
[2025-12-20 14:06:43] [INFO] REQ: POST /predict - Status: 200 - Czas: 63.03ms
[2025-12-20 14:06:43] [INFO] REQ: POST /predict - Status: 200 - Czas: 63.03ms
[2025-12-20 14:06:43] [INFO] REQ: POST /predict - Status: 200 - Czas: 63.03ms
[2025-12-20 14:06:43] [INFO] REQ: POST /predict - Status: 200 - Czas: 63.03ms
[2025-12-20 14:06:43] [INFO] REQ: POST /predict - Status: 200 - Czas: 63.03ms
[2025-12-20 14:06:43] [INFO] REQ: POST /predict - Status: 200 - Czas: 63.03ms
[2025-12-20 14:06:43] [INFO] REQ: POST /predict - Status: 200 - Czas: 63.03ms
[2025-12-20 14:06:43] [INFO] REQ: POST /predict - Status: 200 - Czas: 63.03ms
[2025-12-20 14:06:43] [INFO] REQ: POST /predict - Status: 200 - Czas: 64.03ms
[2025-12-20 14:06:43] [INFO] REQ: POST /predict - Status: 200 - Czas: 64.03ms
[2025-12-20 14:06:43] [INFO] REQ: POST /predict - Status: 200 - Czas: 64.03ms
[2025-12-20 14:06:43] [INFO] REQ: POST /predict - Status: 200 - Czas: 64.03ms
[2025-12-20 14:06:43] [INFO] REQ: POST /predict - Status: 200 - Czas: 64.57ms
[2025-12-20 14:06:43] [INFO] REQ: POST /predict - Status: 200 - Czas: 61.54ms
[2025-12-20 14:06:43] [INFO] REQ: POST /predict - Status: 200 - Czas: 61.54ms
[2025-12-20 14:06:43] [INFO] REQ: POST /predict - Status: 200 - Czas: 63.05ms
[2025-12-20 14:06:43] [INFO] REQ: POST /predict - Status: 200 - Czas: 63.05ms
[2025-12-20 14:06:43] [INFO] REQ: POST /predict - Status: 200 - Czas: 63.05ms
[2025-12-20 14:06:43] [INFO] REQ: POST /predict - Status: 200 - Czas: 63.05ms
[2025-12-20 14:06:43] [INFO] REQ: POST /predict - Status: 200 - Czas: 63.05ms
[2025-12-20 14:06:43] [INFO] REQ: POST /predict - Status: 200 - Czas: 63.05ms
[2025-12-20 14:06:43] [INFO] REQ: POST /predict - Status: 200 - Czas: 63.05ms
[2025-12-20 14:06:43] [INFO] REQ: POST /predict - Status: 200 - Czas: 61.54ms
[2025-12-20 14:06:43] [INFO] REQ: POST /predict - Status: 200 - Czas: 61.54ms
[2025-12-20 14:06:43] [INFO] REQ: POST /predict - Status: 200 - Czas: 62.55ms
[2025-12-20 14:06:43] [INFO] REQ: POST /predict - Status: 200 - Czas: 62.55ms
[2025-12-20 14:06:43] [INFO] REQ: POST /predict - Status: 200 - Czas: 62.55ms
[2025-12-20 14:06:43] [INFO] REQ: POST /predict - Status: 200 - Czas: 54.75ms
[2025-12-20 14:06:43] [INFO] REQ: POST /predict - Status: 200 - Czas: 52.75ms
[2025-12-20 14:06:43] [INFO] REQ: POST /predict - Status: 200 - Czas: 53.75ms
[2025-12-20 14:06:43] [INFO] REQ: POST /predict - Status: 200 - Czas: 53.75ms
[2025-12-20 14:06:43] [INFO] REQ: POST /predict - Status: 200 - Czas: 53.75ms
[2025-12-20 14:06:43] [INFO] REQ: POST /predict - Status: 200 - Czas: 53.75ms
[2025-12-20 14:06:43] [INFO] REQ: POST /predict - Status: 200 - Czas: 53.77ms
[2025-12-20 14:06:43] [INFO] REQ: POST /predict - Status: 200 - Czas: 53.77ms
[2025-12-20 14:06:43] [INFO] REQ: POST /predict - Status: 200 - Czas: 52.76ms
[2025-12-20 14:06:43] [INFO] REQ: POST /predict - Status: 200 - Czas: 57.75ms
[2025-12-20 14:06:43] [INFO] REQ: POST /predict - Status: 200 - Czas: 57.24ms
[2025-12-20 14:06:43] [INFO] REQ: POST /predict - Status: 200 - Czas: 57.24ms
[2025-12-20 14:06:43] [INFO] REQ: POST /predict - Status: 200 - Czas: 57.24ms
[2025-12-20 14:06:43] [INFO] REQ: POST /predict - Status: 200 - Czas: 58.24ms
[2025-12-20 14:06:43] [INFO] REQ: POST /predict - Status: 200 - Czas: 58.24ms
[2025-12-20 14:06:43] [INFO] REQ: POST /predict - Status: 200 - Czas: 49.26ms
[2025-12-20 14:06:43] [INFO] REQ: POST /predict - Status: 200 - Czas: 49.26ms
[2025-12-20 14:06:43] [INFO] REQ: POST /predict - Status: 200 - Czas: 49.26ms
[2025-12-20 14:06:43] [INFO] REQ: POST /predict - Status: 200 - Czas: 49.26ms
[2025-12-20 14:06:43] [INFO] REQ: POST /predict - Status: 200 - Czas: 49.26ms
[2025-12-20 14:06:43] [INFO] REQ: POST /predict - Status: 200 - Czas: 50.76ms
[2025-12-20 14:06:43] [INFO] REQ: POST /predict - Status: 200 - Czas: 50.76ms
[2025-12-20 14:06:43] [INFO] REQ: POST /predict - Status: 200 - Czas: 50.76ms
[2025-12-20 14:06:43] [INFO] REQ: POST /predict - Status: 200 - Czas: 50.76ms
[2025-12-20 14:06:43] [INFO] REQ: POST /predict - Status: 200 - Czas: 50.76ms
[2025-12-20 14:06:43] [INFO] REQ: POST /predict - Status: 200 - Czas: 50.76ms
[2025-12-20 14:06:43] [INFO] REQ: POST /predict - Status: 200 - Czas: 50.76ms
[2025-12-20 14:06:43] [INFO] REQ: POST /predict - Status: 200 - Czas: 50.76ms
[2025-12-20 14:06:43] [INFO] REQ: POST /predict - Status: 200 - Czas: 50.76ms
[2025-12-20 14:06:43] [INFO] REQ: POST /predict - Status: 200 - Czas: 51.77ms
[2025-12-20 14:06:43] [INFO] REQ: POST /predict - Status: 200 - Czas: 54.34ms
[2025-12-20 14:06:43] [INFO] REQ: POST /predict - Status: 200 - Czas: 53.33ms
[2025-12-20 14:06:43] [INFO] REQ: POST /predict - Status: 200 - Czas: 53.33ms
[2025-12-20 14:06:43] [INFO] REQ: POST /predict - Status: 200 - Czas: 53.33ms
[2025-12-20 14:06:43] [INFO] REQ: POST /predict - Status: 200 - Czas: 53.33ms
[2025-12-20 14:06:43] [INFO] REQ: POST /predict - Status: 200 - Czas: 53.33ms
[2025-12-20 14:06:43] [INFO] REQ: POST /predict - Status: 200 - Czas: 53.07ms
[2025-12-20 14:06:43] [INFO] REQ: POST /predict - Status: 200 - Czas: 53.07ms
[2025-12-20 14:06:43] [INFO] REQ: POST /predict - Status: 200 - Czas: 53.07ms
[2025-12-20 14:06:43] [INFO] REQ: POST /predict - Status: 200 - Czas: 53.07ms
[2025-12-20 14:06:43] [INFO] REQ: POST /predict - Status: 200 - Czas: 53.07ms
[2025-12-20 14:06:43] [INFO] REQ: POST /predict - Status: 200 - Czas: 53.07ms
[2025-12-20 14:06:43] [INFO] REQ: POST /predict - Status: 200 - Czas: 53.07ms
[2025-12-20 14:06:43] [INFO] REQ: POST /predict - Status: 200 - Czas: 53.07ms
[2025-12-20 14:06:43] [INFO] REQ: POST /predict - Status: 200 - Czas: 54.07ms
[2025-12-20 14:06:43] [INFO] REQ: POST /predict - Status: 200 - Czas: 54.07ms
[2025-12-20 14:06:43] [INFO] REQ: POST /predict - Status: 200 - Czas: 54.07ms
[2025-12-20 14:06:43] [INFO] REQ: POST /predict - Status: 200 - Czas: 54.07ms
[2025-12-20 14:06:43] [INFO] REQ: POST /predict - Status: 200 - Czas: 53.57ms
[2025-12-20 14:06:43] [INFO] REQ: POST /predict - Status: 200 - Czas: 53.57ms
[2025-12-20 14:06:43] [INFO] REQ: POST /predict - Status: 200 - Czas: 53.57ms
[2025-12-20 14:06:43] [INFO] REQ: POST /predict - Status: 200 - Czas: 87.77ms
[2025-12-20 14:06:43] [INFO] REQ: POST /predict - Status: 200 - Czas: 87.77ms
[2025-12-20 14:06:43] [INFO] REQ: POST /predict - Status: 200 - Czas: 87.77ms
[2025-12-20 14:06:43] [INFO] REQ: POST /predict - Status: 200 - Czas: 87.77ms
[2025-12-20 14:06:43] [INFO] REQ: POST /predict - Status: 200 - Czas: 87.77ms
[2025-12-20 14:06:43] [INFO] REQ: POST /predict - Status: 200 - Czas: 95.85ms
[2025-12-20 14:06:43] [INFO] REQ: POST /predict - Status: 200 - Czas: 95.85ms
[2025-12-20 14:06:43] [INFO] REQ: POST /predict - Status: 200 - Czas: 95.85ms
[2025-12-20 14:06:43] [INFO] REQ: POST /predict - Status: 200 - Czas: 96.85ms
[2025-12-20 14:06:43] [INFO] REQ: POST /predict - Status: 200 - Czas: 96.85ms
[2025-12-20 14:06:43] [INFO] REQ: POST /predict - Status: 200 - Czas: 97.63ms
[2025-12-20 14:06:43] [INFO] REQ: POST /predict - Status: 200 - Czas: 97.63ms
[2025-12-20 14:06:43] [INFO] REQ: POST /predict - Status: 200 - Czas: 97.63ms
[2025-12-20 14:06:43] [INFO] REQ: POST /predict - Status: 200 - Czas: 97.63ms
[2025-12-20 14:06:43] [INFO] REQ: POST /predict - Status: 200 - Czas: 97.63ms
[2025-12-20 14:06:43] [INFO] REQ: POST /predict - Status: 200 - Czas: 97.63ms
[2025-12-20 14:06:43] [INFO] REQ: POST /predict - Status: 200 - Czas: 97.63ms
[2025-12-20 14:06:43] [INFO] REQ: POST /predict - Status: 200 - Czas: 98.70ms
[2025-12-20 14:06:43] [INFO] REQ: POST /predict - Status: 200 - Czas: 98.70ms
[2025-12-20 14:06:43] [INFO] REQ: POST /predict - Status: 200 - Czas: 98.70ms
[2025-12-20 14:06:43] [INFO] REQ: POST /predict - Status: 200 - Czas: 99.26ms
[2025-12-20 14:06:43] [INFO] REQ: POST /predict - Status: 200 - Czas: 99.26ms
[2025-12-20 14:06:43] [INFO] REQ: POST /predict - Status: 200 - Czas: 99.26ms
[2025-12-20 14:06:43] [INFO] REQ: POST /predict - Status: 200 - Czas: 99.26ms
[2025-12-20 14:06:43] [INFO] REQ: POST /predict - Status: 200 - Czas: 99.26ms
[2025-12-20 14:06:43] [INFO] REQ: POST /predict - Status: 200 - Czas: 99.26ms
[2025-12-20 14:06:43] [INFO] REQ: POST /predict - Status: 200 - Czas: 98.26ms
[2025-12-20 14:06:43] [INFO] REQ: POST /predict - Status: 200 - Czas: 98.26ms
[2025-12-20 14:06:43] [INFO] REQ: POST /predict - Status: 200 - Czas: 99.26ms
[2025-12-20 14:06:43] [INFO] REQ: POST /predict - Status: 200 - Czas: 99.26ms
[2025-12-20 14:06:43] [INFO] REQ: POST /predict - Status: 200 - Czas: 99.26ms
[2025-12-20 14:06:43] [INFO] REQ: POST /predict - Status: 200 - Czas: 99.26ms
[2025-12-20 14:06:43] [INFO] REQ: POST /predict - Status: 200 - Czas: 99.26ms
[2025-12-20 14:06:43] [INFO] REQ: POST /predict - Status: 200 - Czas: 99.21ms
[2025-12-20 14:06:43] [INFO] REQ: POST /predict - Status: 200 - Czas: 99.21ms
[2025-12-20 14:06:43] [INFO] REQ: POST /predict - Status: 200 - Czas: 99.21ms
[2025-12-20 14:06:43] [INFO] REQ: POST /predict - Status: 200 - Czas: 99.21ms
[2025-12-20 14:06:43] [INFO] REQ: POST /predict - Status: 200 - Czas: 99.21ms
[2025-12-20 14:06:43] [INFO] REQ: POST /predict - Status: 200 - Czas: 98.21ms
[2025-12-20 14:06:43] [INFO] REQ: POST /predict - Status: 200 - Czas: 98.21ms
[2025-12-20 14:06:43] [INFO] REQ: POST /predict - Status: 200 - Czas: 98.21ms
[2025-12-20 14:06:43] [INFO] REQ: POST /predict - Status: 200 - Czas: 98.21ms
[2025-12-20 14:06:43] [INFO] REQ: POST /predict - Status: 200 - Czas: 99.21ms
[2025-12-20 14:06:43] [INFO] REQ: POST /predict - Status: 200 - Czas: 99.21ms
[2025-12-20 14:06:43] [INFO] REQ: POST /predict - Status: 200 - Czas: 99.21ms
[2025-12-20 14:06:43] [INFO] REQ: POST /predict - Status: 200 - Czas: 99.21ms
[2025-12-20 14:06:43] [INFO] REQ: POST /predict - Status: 200 - Czas: 99.71ms
[2025-12-20 14:06:43] [INFO] REQ: POST /predict - Status: 200 - Czas: 92.63ms
[2025-12-20 14:06:43] [INFO] REQ: POST /predict - Status: 200 - Czas: 92.63ms
[2025-12-20 14:06:43] [INFO] REQ: POST /predict - Status: 200 - Czas: 92.63ms
[2025-12-20 14:06:43] [ERROR] Exception in ASGI application
Traceback (most recent call last):
  File "D:\Programming Projects\ml-docker-performance\.venv\Lib\site-packages\starlette\_exception_handler.py", line 42, in wrapped_app
    await app(scope, receive, sender)
  File "D:\Programming Projects\ml-docker-performance\.venv\Lib\site-packages\fastapi\routing.py", line 106, in app
    response = await f(request)
               ^^^^^^^^^^^^^^^^
  File "D:\Programming Projects\ml-docker-performance\.venv\Lib\site-packages\fastapi\routing.py", line 472, in app
    raise validation_error
fastapi.exceptions.RequestValidationError: 1 validation error:
  {'type': 'string_type', 'loc': ('body', 'text'), 'msg': 'Input should be a valid string', 'input': nan}

  File "D:\Programming Projects\ml-docker-performance\app\server_fastapi.py", line 60, in predict_endpoint
    POST /predict

The above exception was the direct cause of the following exception:

Traceback (most recent call last):
  File "D:\Programming Projects\ml-docker-performance\.venv\Lib\site-packages\uvicorn\protocols\http\httptools_impl.py", line 409, in run_asgi
    result = await app(  # type: ignore[func-returns-value]
             ^^^^^^^^^^^^^^^^^^^^^^^^^^^^^^^^^^^^^^^^^^^^^^
  File "D:\Programming Projects\ml-docker-performance\.venv\Lib\site-packages\uvicorn\middleware\proxy_headers.py", line 60, in __call__
    return await self.app(scope, receive, send)
           ^^^^^^^^^^^^^^^^^^^^^^^^^^^^^^^^^^^^
  File "D:\Programming Projects\ml-docker-performance\.venv\Lib\site-packages\fastapi\applications.py", line 1139, in __call__
    await super().__call__(scope, receive, send)
  File "D:\Programming Projects\ml-docker-performance\.venv\Lib\site-packages\starlette\applications.py", line 107, in __call__
    await self.middleware_stack(scope, receive, send)
  File "D:\Programming Projects\ml-docker-performance\.venv\Lib\site-packages\starlette\middleware\errors.py", line 186, in __call__
    raise exc
  File "D:\Programming Projects\ml-docker-performance\.venv\Lib\site-packages\starlette\middleware\errors.py", line 164, in __call__
    await self.app(scope, receive, _send)
  File "D:\Programming Projects\ml-docker-performance\.venv\Lib\site-packages\starlette\middleware\base.py", line 191, in __call__
    with recv_stream, send_stream, collapse_excgroups():
  File "C:\Users\admin\AppData\Local\Programs\Python\Python312\Lib\contextlib.py", line 158, in __exit__
    self.gen.throw(value)
  File "D:\Programming Projects\ml-docker-performance\.venv\Lib\site-packages\starlette\_utils.py", line 85, in collapse_excgroups
    raise exc
  File "D:\Programming Projects\ml-docker-performance\.venv\Lib\site-packages\starlette\middleware\base.py", line 193, in __call__
    response = await self.dispatch_func(request, call_next)
               ^^^^^^^^^^^^^^^^^^^^^^^^^^^^^^^^^^^^^^^^^^^^
  File "D:\Programming Projects\ml-docker-performance\app\server_fastapi.py", line 41, in log_requests
    response: Response = await call_next(request)
                         ^^^^^^^^^^^^^^^^^^^^^^^^
  File "D:\Programming Projects\ml-docker-performance\.venv\Lib\site-packages\starlette\middleware\base.py", line 168, in call_next
    raise app_exc from app_exc.__cause__ or app_exc.__context__
  File "D:\Programming Projects\ml-docker-performance\.venv\Lib\site-packages\starlette\middleware\base.py", line 144, in coro
    await self.app(scope, receive_or_disconnect, send_no_error)
  File "D:\Programming Projects\ml-docker-performance\.venv\Lib\site-packages\starlette\middleware\exceptions.py", line 63, in __call__
    await wrap_app_handling_exceptions(self.app, conn)(scope, receive, send)
  File "D:\Programming Projects\ml-docker-performance\.venv\Lib\site-packages\starlette\_exception_handler.py", line 53, in wrapped_app
    raise exc
  File "D:\Programming Projects\ml-docker-performance\.venv\Lib\site-packages\starlette\_exception_handler.py", line 42, in wrapped_app
    await app(scope, receive, sender)
  File "D:\Programming Projects\ml-docker-performance\.venv\Lib\site-packages\fastapi\middleware\asyncexitstack.py", line 18, in __call__
    await self.app(scope, receive, send)
  File "D:\Programming Projects\ml-docker-performance\.venv\Lib\site-packages\starlette\routing.py", line 716, in __call__
    await self.middleware_stack(scope, receive, send)
  File "D:\Programming Projects\ml-docker-performance\.venv\Lib\site-packages\starlette\routing.py", line 736, in app
    await route.handle(scope, receive, send)
  File "D:\Programming Projects\ml-docker-performance\.venv\Lib\site-packages\starlette\routing.py", line 290, in handle
    await self.app(scope, receive, send)
  File "D:\Programming Projects\ml-docker-performance\.venv\Lib\site-packages\fastapi\routing.py", line 120, in app
    await wrap_app_handling_exceptions(app, request)(scope, receive, send)
  File "D:\Programming Projects\ml-docker-performance\.venv\Lib\site-packages\starlette\_exception_handler.py", line 59, in wrapped_app
    response = await handler(conn, exc)
               ^^^^^^^^^^^^^^^^^^^^^^^^
  File "D:\Programming Projects\ml-docker-performance\.venv\Lib\site-packages\fastapi\exception_handlers.py", line 23, in request_validation_exception_handler
    return JSONResponse(
           ^^^^^^^^^^^^^
  File "D:\Programming Projects\ml-docker-performance\.venv\Lib\site-packages\starlette\responses.py", line 189, in __init__
    super().__init__(content, status_code, headers, media_type, background)
  File "D:\Programming Projects\ml-docker-performance\.venv\Lib\site-packages\starlette\responses.py", line 46, in __init__
    self.body = self.render(content)
                ^^^^^^^^^^^^^^^^^^^^
  File "D:\Programming Projects\ml-docker-performance\.venv\Lib\site-packages\starlette\responses.py", line 192, in render
    return json.dumps(
           ^^^^^^^^^^^
  File "C:\Users\admin\AppData\Local\Programs\Python\Python312\Lib\json\__init__.py", line 238, in dumps
    **kw).encode(obj)
          ^^^^^^^^^^^
  File "C:\Users\admin\AppData\Local\Programs\Python\Python312\Lib\json\encoder.py", line 200, in encode
    chunks = self.iterencode(o, _one_shot=True)
             ^^^^^^^^^^^^^^^^^^^^^^^^^^^^^^^^^^
  File "C:\Users\admin\AppData\Local\Programs\Python\Python312\Lib\json\encoder.py", line 258, in iterencode
    return _iterencode(o, 0)
           ^^^^^^^^^^^^^^^^^
ValueError: Out of range float values are not JSON compliant: nan
[2025-12-20 14:06:43] [INFO] REQ: POST /predict - Status: 200 - Czas: 95.18ms
[2025-12-20 14:06:43] [INFO] REQ: POST /predict - Status: 200 - Czas: 95.18ms
[2025-12-20 14:06:43] [INFO] REQ: POST /predict - Status: 200 - Czas: 91.60ms
[2025-12-20 14:06:43] [INFO] REQ: POST /predict - Status: 200 - Czas: 91.60ms
[2025-12-20 14:06:43] [INFO] REQ: POST /predict - Status: 200 - Czas: 92.60ms
[2025-12-20 14:06:43] [INFO] REQ: POST /predict - Status: 200 - Czas: 98.16ms
[2025-12-20 14:06:43] [INFO] REQ: POST /predict - Status: 200 - Czas: 98.16ms
[2025-12-20 14:06:43] [INFO] REQ: POST /predict - Status: 200 - Czas: 98.16ms
[2025-12-20 14:06:43] [INFO] REQ: POST /predict - Status: 200 - Czas: 98.16ms
[2025-12-20 14:06:43] [INFO] REQ: POST /predict - Status: 200 - Czas: 98.16ms
[2025-12-20 14:06:43] [INFO] REQ: POST /predict - Status: 200 - Czas: 61.96ms
[2025-12-20 14:06:43] [INFO] REQ: POST /predict - Status: 200 - Czas: 54.36ms
[2025-12-20 14:06:43] [INFO] REQ: POST /predict - Status: 200 - Czas: 54.36ms
[2025-12-20 14:06:43] [INFO] REQ: POST /predict - Status: 200 - Czas: 55.36ms
[2025-12-20 14:06:43] [INFO] REQ: POST /predict - Status: 200 - Czas: 55.36ms
[2025-12-20 14:06:43] [INFO] REQ: POST /predict - Status: 200 - Czas: 55.36ms
[2025-12-20 14:06:43] [INFO] REQ: POST /predict - Status: 200 - Czas: 55.36ms
[2025-12-20 14:06:43] [INFO] REQ: POST /predict - Status: 200 - Czas: 55.36ms
[2025-12-20 14:06:43] [INFO] REQ: POST /predict - Status: 200 - Czas: 55.36ms
[2025-12-20 14:06:43] [INFO] REQ: POST /predict - Status: 200 - Czas: 55.36ms
[2025-12-20 14:06:43] [INFO] REQ: POST /predict - Status: 200 - Czas: 55.36ms
[2025-12-20 14:06:43] [INFO] REQ: POST /predict - Status: 200 - Czas: 55.36ms
[2025-12-20 14:06:43] [INFO] REQ: POST /predict - Status: 200 - Czas: 55.36ms
[2025-12-20 14:06:43] [INFO] REQ: POST /predict - Status: 200 - Czas: 55.36ms
[2025-12-20 14:06:43] [INFO] REQ: POST /predict - Status: 200 - Czas: 55.36ms
[2025-12-20 14:06:43] [INFO] REQ: POST /predict - Status: 200 - Czas: 55.36ms
[2025-12-20 14:06:43] [INFO] REQ: POST /predict - Status: 200 - Czas: 55.62ms
[2025-12-20 14:06:43] [INFO] REQ: POST /predict - Status: 200 - Czas: 55.62ms
[2025-12-20 14:06:43] [INFO] REQ: POST /predict - Status: 200 - Czas: 55.62ms
[2025-12-20 14:06:43] [INFO] REQ: POST /predict - Status: 200 - Czas: 55.62ms
[2025-12-20 14:06:43] [INFO] REQ: POST /predict - Status: 200 - Czas: 55.62ms
[2025-12-20 14:06:43] [INFO] REQ: POST /predict - Status: 200 - Czas: 55.62ms
[2025-12-20 14:06:43] [INFO] REQ: POST /predict - Status: 200 - Czas: 52.50ms
[2025-12-20 14:06:43] [INFO] REQ: POST /predict - Status: 200 - Czas: 52.50ms
[2025-12-20 14:06:43] [INFO] REQ: POST /predict - Status: 200 - Czas: 52.50ms
[2025-12-20 14:06:43] [INFO] REQ: POST /predict - Status: 200 - Czas: 52.50ms
[2025-12-20 14:06:43] [INFO] REQ: POST /predict - Status: 200 - Czas: 52.50ms
[2025-12-20 14:06:43] [INFO] REQ: POST /predict - Status: 200 - Czas: 53.50ms
[2025-12-20 14:06:43] [INFO] REQ: POST /predict - Status: 200 - Czas: 53.50ms
[2025-12-20 14:06:43] [INFO] REQ: POST /predict - Status: 200 - Czas: 53.50ms
[2025-12-20 14:06:43] [INFO] REQ: POST /predict - Status: 200 - Czas: 53.50ms
[2025-12-20 14:06:43] [INFO] REQ: POST /predict - Status: 200 - Czas: 53.50ms
[2025-12-20 14:06:43] [INFO] REQ: POST /predict - Status: 200 - Czas: 53.50ms
[2025-12-20 14:06:43] [INFO] REQ: POST /predict - Status: 200 - Czas: 53.50ms
[2025-12-20 14:06:43] [INFO] REQ: POST /predict - Status: 200 - Czas: 53.50ms
[2025-12-20 14:06:43] [INFO] REQ: POST /predict - Status: 200 - Czas: 53.50ms
[2025-12-20 14:06:43] [INFO] REQ: POST /predict - Status: 200 - Czas: 54.51ms
[2025-12-20 14:06:43] [INFO] REQ: POST /predict - Status: 200 - Czas: 51.53ms
[2025-12-20 14:06:43] [INFO] REQ: POST /predict - Status: 200 - Czas: 51.53ms
[2025-12-20 14:06:43] [INFO] REQ: POST /predict - Status: 200 - Czas: 52.53ms
[2025-12-20 14:06:43] [INFO] REQ: POST /predict - Status: 200 - Czas: 52.53ms
[2025-12-20 14:06:43] [INFO] REQ: POST /predict - Status: 200 - Czas: 52.53ms
[2025-12-20 14:06:44] [INFO] REQ: POST /predict - Status: 200 - Czas: 58.81ms
[2025-12-20 14:06:44] [INFO] REQ: POST /predict - Status: 200 - Czas: 57.80ms
[2025-12-20 14:06:44] [INFO] REQ: POST /predict - Status: 200 - Czas: 58.81ms
[2025-12-20 14:06:44] [INFO] REQ: POST /predict - Status: 200 - Czas: 58.81ms
[2025-12-20 14:06:44] [INFO] REQ: POST /predict - Status: 200 - Czas: 58.81ms
[2025-12-20 14:06:44] [INFO] REQ: POST /predict - Status: 200 - Czas: 58.81ms
[2025-12-20 14:06:44] [INFO] REQ: POST /predict - Status: 200 - Czas: 59.26ms
[2025-12-20 14:06:44] [INFO] REQ: POST /predict - Status: 200 - Czas: 59.26ms
[2025-12-20 14:06:44] [INFO] REQ: POST /predict - Status: 200 - Czas: 59.26ms
[2025-12-20 14:06:44] [INFO] REQ: POST /predict - Status: 200 - Czas: 60.27ms
[2025-12-20 14:06:44] [INFO] REQ: POST /predict - Status: 200 - Czas: 60.27ms
[2025-12-20 14:06:44] [INFO] REQ: POST /predict - Status: 200 - Czas: 60.27ms
[2025-12-20 14:06:44] [INFO] REQ: POST /predict - Status: 200 - Czas: 60.27ms
[2025-12-20 14:06:44] [INFO] REQ: POST /predict - Status: 200 - Czas: 60.27ms
[2025-12-20 14:06:44] [INFO] REQ: POST /predict - Status: 200 - Czas: 60.27ms
[2025-12-20 14:06:44] [INFO] REQ: POST /predict - Status: 200 - Czas: 60.27ms
[2025-12-20 14:06:44] [INFO] REQ: POST /predict - Status: 200 - Czas: 60.27ms
[2025-12-20 14:06:44] [INFO] REQ: POST /predict - Status: 200 - Czas: 60.26ms
[2025-12-20 14:06:44] [INFO] REQ: POST /predict - Status: 200 - Czas: 60.26ms
[2025-12-20 14:06:44] [INFO] REQ: POST /predict - Status: 200 - Czas: 60.26ms
[2025-12-20 14:06:44] [INFO] REQ: POST /predict - Status: 200 - Czas: 59.26ms
[2025-12-20 14:06:44] [INFO] REQ: POST /predict - Status: 200 - Czas: 59.26ms
[2025-12-20 14:06:44] [INFO] REQ: POST /predict - Status: 200 - Czas: 59.26ms
[2025-12-20 14:06:44] [INFO] REQ: POST /predict - Status: 200 - Czas: 59.26ms
[2025-12-20 14:06:44] [INFO] REQ: POST /predict - Status: 200 - Czas: 59.26ms
[2025-12-20 14:06:44] [INFO] REQ: POST /predict - Status: 200 - Czas: 59.26ms
[2025-12-20 14:06:44] [INFO] REQ: POST /predict - Status: 200 - Czas: 59.26ms
[2025-12-20 14:06:44] [INFO] REQ: POST /predict - Status: 200 - Czas: 59.26ms
[2025-12-20 14:06:44] [INFO] REQ: POST /predict - Status: 200 - Czas: 59.26ms
[2025-12-20 14:06:44] [INFO] REQ: POST /predict - Status: 200 - Czas: 59.25ms
[2025-12-20 14:06:44] [INFO] REQ: POST /predict - Status: 200 - Czas: 59.25ms
[2025-12-20 14:06:44] [INFO] REQ: POST /predict - Status: 200 - Czas: 59.25ms
[2025-12-20 14:06:44] [INFO] REQ: POST /predict - Status: 200 - Czas: 60.26ms
[2025-12-20 14:06:44] [INFO] REQ: POST /predict - Status: 200 - Czas: 60.26ms
[2025-12-20 14:06:44] [INFO] REQ: POST /predict - Status: 200 - Czas: 60.26ms
[2025-12-20 14:06:44] [INFO] REQ: POST /predict - Status: 200 - Czas: 60.26ms
[2025-12-20 14:06:44] [INFO] REQ: POST /predict - Status: 200 - Czas: 60.26ms
[2025-12-20 14:06:44] [INFO] REQ: POST /predict - Status: 200 - Czas: 60.26ms
[2025-12-20 14:06:44] [INFO] REQ: POST /predict - Status: 200 - Czas: 60.26ms
[2025-12-20 14:06:44] [INFO] REQ: POST /predict - Status: 200 - Czas: 59.26ms
[2025-12-20 14:06:44] [INFO] REQ: POST /predict - Status: 200 - Czas: 59.26ms
[2025-12-20 14:06:44] [INFO] REQ: POST /predict - Status: 200 - Czas: 60.26ms
[2025-12-20 14:06:44] [INFO] REQ: POST /predict - Status: 200 - Czas: 60.26ms
[2025-12-20 14:06:44] [INFO] REQ: POST /predict - Status: 200 - Czas: 53.19ms
[2025-12-20 14:06:44] [INFO] REQ: POST /predict - Status: 200 - Czas: 54.19ms
[2025-12-20 14:06:44] [INFO] REQ: POST /predict - Status: 200 - Czas: 54.19ms
[2025-12-20 14:06:44] [INFO] REQ: POST /predict - Status: 200 - Czas: 54.19ms
[2025-12-20 14:06:44] [INFO] REQ: POST /predict - Status: 200 - Czas: 54.19ms
[2025-12-20 14:06:44] [INFO] REQ: POST /predict - Status: 200 - Czas: 55.74ms
[2025-12-20 14:06:44] [INFO] REQ: POST /predict - Status: 200 - Czas: 54.74ms
[2025-12-20 14:06:44] [INFO] REQ: POST /predict - Status: 200 - Czas: 54.74ms
[2025-12-20 14:06:44] [INFO] REQ: POST /predict - Status: 200 - Czas: 58.21ms
[2025-12-20 14:06:44] [INFO] REQ: POST /predict - Status: 200 - Czas: 59.21ms
[2025-12-20 14:06:44] [INFO] REQ: POST /predict - Status: 200 - Czas: 59.21ms
[2025-12-20 14:06:44] [INFO] REQ: POST /predict - Status: 200 - Czas: 59.21ms
[2025-12-20 14:06:44] [INFO] REQ: POST /predict - Status: 200 - Czas: 59.21ms
[2025-12-20 14:06:44] [INFO] REQ: POST /predict - Status: 200 - Czas: 59.21ms
[2025-12-20 14:06:44] [INFO] REQ: POST /predict - Status: 200 - Czas: 53.19ms
[2025-12-20 14:06:44] [INFO] REQ: POST /predict - Status: 200 - Czas: 53.19ms
[2025-12-20 14:06:44] [INFO] REQ: POST /predict - Status: 200 - Czas: 53.19ms
[2025-12-20 14:06:44] [INFO] REQ: POST /predict - Status: 200 - Czas: 54.19ms
[2025-12-20 14:06:44] [INFO] REQ: POST /predict - Status: 200 - Czas: 54.19ms
[2025-12-20 14:06:44] [INFO] REQ: POST /predict - Status: 200 - Czas: 54.19ms
[2025-12-20 14:06:44] [INFO] REQ: POST /predict - Status: 200 - Czas: 54.19ms
[2025-12-20 14:06:44] [INFO] REQ: POST /predict - Status: 200 - Czas: 54.19ms
[2025-12-20 14:06:44] [INFO] REQ: POST /predict - Status: 200 - Czas: 54.19ms
[2025-12-20 14:06:44] [INFO] REQ: POST /predict - Status: 200 - Czas: 54.19ms
[2025-12-20 14:06:44] [INFO] REQ: POST /predict - Status: 200 - Czas: 54.19ms
[2025-12-20 14:06:44] [INFO] REQ: POST /predict - Status: 200 - Czas: 54.19ms
[2025-12-20 14:06:44] [INFO] REQ: POST /predict - Status: 200 - Czas: 55.19ms
[2025-12-20 14:06:44] [INFO] REQ: POST /predict - Status: 200 - Czas: 54.67ms
[2025-12-20 14:06:44] [INFO] REQ: POST /predict - Status: 200 - Czas: 54.67ms
[2025-12-20 14:06:44] [INFO] REQ: POST /predict - Status: 200 - Czas: 56.18ms
[2025-12-20 14:06:44] [INFO] REQ: POST /predict - Status: 200 - Czas: 53.68ms
[2025-12-20 14:06:44] [INFO] REQ: POST /predict - Status: 200 - Czas: 53.68ms
[2025-12-20 14:06:44] [INFO] REQ: POST /predict - Status: 200 - Czas: 53.68ms
[2025-12-20 14:06:44] [INFO] REQ: POST /predict - Status: 200 - Czas: 53.68ms
[2025-12-20 14:06:44] [INFO] REQ: POST /predict - Status: 200 - Czas: 53.68ms
[2025-12-20 14:06:44] [INFO] REQ: POST /predict - Status: 200 - Czas: 55.18ms
[2025-12-20 14:06:44] [INFO] REQ: POST /predict - Status: 200 - Czas: 51.17ms
[2025-12-20 14:06:44] [INFO] REQ: POST /predict - Status: 200 - Czas: 51.68ms
[2025-12-20 14:06:44] [INFO] REQ: POST /predict - Status: 200 - Czas: 51.68ms
[2025-12-20 14:06:44] [INFO] REQ: POST /predict - Status: 200 - Czas: 51.68ms
[2025-12-20 14:06:44] [INFO] REQ: POST /predict - Status: 200 - Czas: 51.68ms
[2025-12-20 14:06:44] [INFO] REQ: POST /predict - Status: 200 - Czas: 51.68ms
[2025-12-20 14:06:44] [INFO] REQ: POST /predict - Status: 200 - Czas: 51.68ms
[2025-12-20 14:06:44] [INFO] REQ: POST /predict - Status: 200 - Czas: 51.68ms
[2025-12-20 14:06:44] [INFO] REQ: POST /predict - Status: 200 - Czas: 51.68ms
[2025-12-20 14:06:44] [INFO] REQ: POST /predict - Status: 200 - Czas: 52.68ms
[2025-12-20 14:06:44] [INFO] REQ: POST /predict - Status: 200 - Czas: 52.68ms
[2025-12-20 14:06:44] [INFO] REQ: POST /predict - Status: 200 - Czas: 52.68ms
[2025-12-20 14:06:44] [INFO] REQ: POST /predict - Status: 200 - Czas: 52.68ms
[2025-12-20 14:06:44] [INFO] REQ: POST /predict - Status: 200 - Czas: 52.68ms
[2025-12-20 14:06:44] [INFO] REQ: POST /predict - Status: 200 - Czas: 52.68ms
[2025-12-20 14:06:44] [INFO] REQ: POST /predict - Status: 200 - Czas: 51.68ms
[2025-12-20 14:06:44] [INFO] REQ: POST /predict - Status: 200 - Czas: 52.68ms
[2025-12-20 14:06:44] [INFO] REQ: POST /predict - Status: 200 - Czas: 52.68ms
[2025-12-20 14:06:44] [INFO] REQ: POST /predict - Status: 200 - Czas: 52.68ms
[2025-12-20 14:06:44] [INFO] REQ: POST /predict - Status: 200 - Czas: 52.68ms
[2025-12-20 14:06:44] [INFO] REQ: POST /predict - Status: 200 - Czas: 60.70ms
[2025-12-20 14:06:44] [INFO] REQ: POST /predict - Status: 200 - Czas: 59.16ms
[2025-12-20 14:06:44] [INFO] REQ: POST /predict - Status: 200 - Czas: 59.16ms
[2025-12-20 14:06:44] [INFO] REQ: POST /predict - Status: 200 - Czas: 59.16ms
[2025-12-20 14:06:44] [INFO] REQ: POST /predict - Status: 200 - Czas: 59.16ms
[2025-12-20 14:06:44] [INFO] REQ: POST /predict - Status: 200 - Czas: 59.16ms
[2025-12-20 14:06:44] [INFO] REQ: POST /predict - Status: 200 - Czas: 60.65ms
[2025-12-20 14:06:44] [INFO] REQ: POST /predict - Status: 200 - Czas: 59.65ms
[2025-12-20 14:06:44] [INFO] REQ: POST /predict - Status: 200 - Czas: 60.65ms
[2025-12-20 14:06:44] [INFO] REQ: POST /predict - Status: 200 - Czas: 60.65ms
[2025-12-20 14:06:44] [INFO] REQ: POST /predict - Status: 200 - Czas: 60.65ms
[2025-12-20 14:06:44] [INFO] REQ: POST /predict - Status: 200 - Czas: 60.65ms
[2025-12-20 14:06:44] [INFO] REQ: POST /predict - Status: 200 - Czas: 60.65ms
[2025-12-20 14:06:44] [INFO] REQ: POST /predict - Status: 200 - Czas: 60.65ms
[2025-12-20 14:06:44] [INFO] REQ: POST /predict - Status: 200 - Czas: 60.65ms
[2025-12-20 14:06:44] [INFO] REQ: POST /predict - Status: 200 - Czas: 60.65ms
[2025-12-20 14:06:44] [INFO] REQ: POST /predict - Status: 200 - Czas: 60.65ms
[2025-12-20 14:06:44] [INFO] REQ: POST /predict - Status: 200 - Czas: 60.65ms
[2025-12-20 14:06:44] [INFO] REQ: POST /predict - Status: 200 - Czas: 60.65ms
[2025-12-20 14:06:44] [INFO] REQ: POST /predict - Status: 200 - Czas: 60.65ms
[2025-12-20 14:06:44] [INFO] REQ: POST /predict - Status: 200 - Czas: 60.65ms
[2025-12-20 14:06:44] [INFO] REQ: POST /predict - Status: 200 - Czas: 60.65ms
[2025-12-20 14:06:44] [INFO] REQ: POST /predict - Status: 200 - Czas: 62.16ms
[2025-12-20 14:06:44] [INFO] REQ: POST /predict - Status: 200 - Czas: 62.16ms
[2025-12-20 14:06:44] [INFO] REQ: POST /predict - Status: 200 - Czas: 62.16ms
[2025-12-20 14:06:44] [INFO] REQ: POST /predict - Status: 200 - Czas: 62.16ms
[2025-12-20 14:06:44] [INFO] REQ: POST /predict - Status: 200 - Czas: 62.16ms
[2025-12-20 14:06:44] [INFO] REQ: POST /predict - Status: 200 - Czas: 62.16ms
[2025-12-20 14:06:44] [INFO] REQ: POST /predict - Status: 200 - Czas: 62.16ms
[2025-12-20 14:06:44] [INFO] REQ: POST /predict - Status: 200 - Czas: 61.16ms
[2025-12-20 14:06:44] [INFO] REQ: POST /predict - Status: 200 - Czas: 58.67ms
[2025-12-20 14:06:44] [INFO] REQ: POST /predict - Status: 200 - Czas: 58.67ms
[2025-12-20 14:06:44] [INFO] REQ: POST /predict - Status: 200 - Czas: 58.67ms
[2025-12-20 14:06:44] [INFO] REQ: POST /predict - Status: 200 - Czas: 60.19ms
[2025-12-20 14:06:44] [INFO] REQ: POST /predict - Status: 200 - Czas: 60.19ms
[2025-12-20 14:06:44] [INFO] REQ: POST /predict - Status: 200 - Czas: 60.19ms
[2025-12-20 14:06:44] [INFO] REQ: POST /predict - Status: 200 - Czas: 60.19ms
[2025-12-20 14:06:44] [INFO] REQ: POST /predict - Status: 200 - Czas: 60.19ms
[2025-12-20 14:06:44] [INFO] REQ: POST /predict - Status: 200 - Czas: 60.19ms
[2025-12-20 14:06:44] [INFO] REQ: POST /predict - Status: 200 - Czas: 60.19ms
[2025-12-20 14:06:44] [INFO] REQ: POST /predict - Status: 200 - Czas: 60.19ms
[2025-12-20 14:06:44] [INFO] REQ: POST /predict - Status: 200 - Czas: 60.19ms
[2025-12-20 14:06:44] [INFO] REQ: POST /predict - Status: 200 - Czas: 60.19ms
[2025-12-20 14:06:44] [INFO] REQ: POST /predict - Status: 200 - Czas: 60.19ms
[2025-12-20 14:06:44] [INFO] REQ: POST /predict - Status: 200 - Czas: 53.16ms
[2025-12-20 14:06:44] [INFO] REQ: POST /predict - Status: 200 - Czas: 53.16ms
[2025-12-20 14:06:44] [INFO] REQ: POST /predict - Status: 200 - Czas: 53.16ms
[2025-12-20 14:06:44] [INFO] REQ: POST /predict - Status: 200 - Czas: 54.17ms
[2025-12-20 14:06:44] [INFO] REQ: POST /predict - Status: 200 - Czas: 54.17ms
[2025-12-20 14:06:44] [INFO] REQ: POST /predict - Status: 200 - Czas: 53.67ms
[2025-12-20 14:06:44] [INFO] REQ: POST /predict - Status: 200 - Czas: 53.67ms
[2025-12-20 14:06:44] [INFO] REQ: POST /predict - Status: 200 - Czas: 53.67ms
[2025-12-20 14:06:44] [INFO] REQ: POST /predict - Status: 200 - Czas: 57.18ms
[2025-12-20 14:06:44] [INFO] REQ: POST /predict - Status: 200 - Czas: 58.19ms
[2025-12-20 14:06:44] [INFO] REQ: POST /predict - Status: 200 - Czas: 58.19ms
[2025-12-20 14:06:44] [INFO] REQ: POST /predict - Status: 200 - Czas: 58.19ms
[2025-12-20 14:06:44] [INFO] REQ: POST /predict - Status: 200 - Czas: 58.19ms
[2025-12-20 14:06:44] [INFO] REQ: POST /predict - Status: 200 - Czas: 58.19ms
[2025-12-20 14:06:44] [INFO] REQ: POST /predict - Status: 200 - Czas: 51.71ms
[2025-12-20 14:06:44] [INFO] REQ: POST /predict - Status: 200 - Czas: 51.71ms
[2025-12-20 14:06:44] [INFO] REQ: POST /predict - Status: 200 - Czas: 51.71ms
[2025-12-20 14:06:44] [INFO] REQ: POST /predict - Status: 200 - Czas: 51.71ms
[2025-12-20 14:06:44] [INFO] REQ: POST /predict - Status: 200 - Czas: 51.71ms
[2025-12-20 14:06:44] [INFO] REQ: POST /predict - Status: 200 - Czas: 51.71ms
[2025-12-20 14:06:44] [INFO] REQ: POST /predict - Status: 200 - Czas: 51.71ms
[2025-12-20 14:06:44] [INFO] REQ: POST /predict - Status: 200 - Czas: 52.71ms
[2025-12-20 14:06:44] [INFO] REQ: POST /predict - Status: 200 - Czas: 52.71ms
[2025-12-20 14:06:44] [INFO] REQ: POST /predict - Status: 200 - Czas: 51.70ms
[2025-12-20 14:06:44] [INFO] REQ: POST /predict - Status: 200 - Czas: 51.70ms
[2025-12-20 14:06:44] [INFO] REQ: POST /predict - Status: 200 - Czas: 52.20ms
[2025-12-20 14:06:44] [INFO] REQ: POST /predict - Status: 200 - Czas: 52.20ms
[2025-12-20 14:06:44] [INFO] REQ: POST /predict - Status: 200 - Czas: 52.20ms
[2025-12-20 14:06:44] [INFO] REQ: POST /predict - Status: 200 - Czas: 52.20ms
[2025-12-20 14:06:44] [INFO] REQ: POST /predict - Status: 200 - Czas: 53.89ms
[2025-12-20 14:06:44] [INFO] REQ: POST /predict - Status: 200 - Czas: 54.41ms
[2025-12-20 14:06:44] [INFO] REQ: POST /predict - Status: 200 - Czas: 54.41ms
[2025-12-20 14:06:44] [INFO] REQ: POST /predict - Status: 200 - Czas: 54.41ms
[2025-12-20 14:06:44] [INFO] REQ: POST /predict - Status: 200 - Czas: 54.41ms
[2025-12-20 14:06:44] [INFO] REQ: POST /predict - Status: 200 - Czas: 54.97ms
[2025-12-20 14:06:44] [INFO] REQ: POST /predict - Status: 200 - Czas: 54.97ms
[2025-12-20 14:06:44] [INFO] REQ: POST /predict - Status: 200 - Czas: 52.68ms
[2025-12-20 14:06:44] [INFO] REQ: POST /predict - Status: 200 - Czas: 52.68ms
[2025-12-20 14:06:44] [INFO] REQ: POST /predict - Status: 200 - Czas: 52.68ms
[2025-12-20 14:06:44] [INFO] REQ: POST /predict - Status: 200 - Czas: 53.22ms
[2025-12-20 14:06:44] [INFO] REQ: POST /predict - Status: 200 - Czas: 53.22ms
[2025-12-20 14:06:44] [INFO] REQ: POST /predict - Status: 200 - Czas: 53.22ms
[2025-12-20 14:06:44] [INFO] REQ: POST /predict - Status: 200 - Czas: 53.22ms
[2025-12-20 14:06:44] [INFO] REQ: POST /predict - Status: 200 - Czas: 53.74ms
[2025-12-20 14:06:44] [INFO] REQ: POST /predict - Status: 200 - Czas: 53.74ms
[2025-12-20 14:06:44] [INFO] REQ: POST /predict - Status: 200 - Czas: 53.74ms
[2025-12-20 14:06:44] [INFO] REQ: POST /predict - Status: 200 - Czas: 53.74ms
[2025-12-20 14:06:44] [INFO] REQ: POST /predict - Status: 200 - Czas: 53.74ms
[2025-12-20 14:06:44] [INFO] REQ: POST /predict - Status: 200 - Czas: 54.25ms
[2025-12-20 14:06:44] [INFO] REQ: POST /predict - Status: 200 - Czas: 54.25ms
[2025-12-20 14:06:44] [INFO] REQ: POST /predict - Status: 200 - Czas: 54.25ms
[2025-12-20 14:06:44] [INFO] REQ: POST /predict - Status: 200 - Czas: 52.85ms
[2025-12-20 14:06:44] [INFO] REQ: POST /predict - Status: 200 - Czas: 52.85ms
[2025-12-20 14:06:44] [INFO] REQ: POST /predict - Status: 200 - Czas: 52.85ms
[2025-12-20 14:06:44] [INFO] REQ: POST /predict - Status: 200 - Czas: 52.85ms
[2025-12-20 14:06:44] [INFO] REQ: POST /predict - Status: 200 - Czas: 54.35ms
[2025-12-20 14:06:44] [INFO] REQ: POST /predict - Status: 200 - Czas: 63.89ms
[2025-12-20 14:06:44] [INFO] REQ: POST /predict - Status: 200 - Czas: 63.89ms
[2025-12-20 14:06:44] [INFO] REQ: POST /predict - Status: 200 - Czas: 63.89ms
[2025-12-20 14:06:44] [INFO] REQ: POST /predict - Status: 200 - Czas: 63.89ms
[2025-12-20 14:06:44] [INFO] REQ: POST /predict - Status: 200 - Czas: 63.89ms
[2025-12-20 14:06:44] [INFO] REQ: POST /predict - Status: 200 - Czas: 63.89ms
[2025-12-20 14:06:44] [INFO] REQ: POST /predict - Status: 200 - Czas: 63.91ms
[2025-12-20 14:06:44] [INFO] REQ: POST /predict - Status: 200 - Czas: 63.91ms
[2025-12-20 14:06:44] [INFO] REQ: POST /predict - Status: 200 - Czas: 63.91ms
[2025-12-20 14:06:44] [INFO] REQ: POST /predict - Status: 200 - Czas: 62.91ms
[2025-12-20 14:06:44] [INFO] REQ: POST /predict - Status: 200 - Czas: 62.91ms
[2025-12-20 14:06:44] [INFO] REQ: POST /predict - Status: 200 - Czas: 62.91ms
[2025-12-20 14:06:44] [INFO] REQ: POST /predict - Status: 200 - Czas: 63.91ms
[2025-12-20 14:06:44] [INFO] REQ: POST /predict - Status: 200 - Czas: 63.91ms
[2025-12-20 14:06:44] [INFO] REQ: POST /predict - Status: 200 - Czas: 63.91ms
[2025-12-20 14:06:44] [INFO] REQ: POST /predict - Status: 200 - Czas: 63.91ms
[2025-12-20 14:06:44] [INFO] REQ: POST /predict - Status: 200 - Czas: 63.91ms
[2025-12-20 14:06:44] [INFO] REQ: POST /predict - Status: 200 - Czas: 63.91ms
[2025-12-20 14:06:44] [INFO] REQ: POST /predict - Status: 200 - Czas: 63.91ms
[2025-12-20 14:06:44] [INFO] REQ: POST /predict - Status: 200 - Czas: 63.91ms
[2025-12-20 14:06:44] [INFO] REQ: POST /predict - Status: 200 - Czas: 63.91ms
[2025-12-20 14:06:44] [INFO] REQ: POST /predict - Status: 200 - Czas: 63.91ms
[2025-12-20 14:06:44] [INFO] REQ: POST /predict - Status: 200 - Czas: 63.91ms
[2025-12-20 14:06:44] [INFO] REQ: POST /predict - Status: 200 - Czas: 63.91ms
[2025-12-20 14:06:44] [INFO] REQ: POST /predict - Status: 200 - Czas: 63.40ms
[2025-12-20 14:06:44] [INFO] REQ: POST /predict - Status: 200 - Czas: 64.91ms
[2025-12-20 14:06:44] [INFO] REQ: POST /predict - Status: 200 - Czas: 64.91ms
[2025-12-20 14:06:44] [INFO] REQ: POST /predict - Status: 200 - Czas: 64.91ms
[2025-12-20 14:06:44] [INFO] REQ: POST /predict - Status: 200 - Czas: 64.91ms
[2025-12-20 14:06:44] [INFO] REQ: POST /predict - Status: 200 - Czas: 64.91ms
[2025-12-20 14:06:44] [INFO] REQ: POST /predict - Status: 200 - Czas: 62.95ms
[2025-12-20 14:06:44] [INFO] REQ: POST /predict - Status: 200 - Czas: 62.95ms
[2025-12-20 14:06:44] [INFO] REQ: POST /predict - Status: 200 - Czas: 62.95ms
[2025-12-20 14:06:44] [INFO] REQ: POST /predict - Status: 200 - Czas: 62.95ms
[2025-12-20 14:06:44] [INFO] REQ: POST /predict - Status: 200 - Czas: 62.95ms
[2025-12-20 14:06:44] [INFO] REQ: POST /predict - Status: 200 - Czas: 62.95ms
[2025-12-20 14:06:44] [INFO] REQ: POST /predict - Status: 200 - Czas: 63.96ms
[2025-12-20 14:06:44] [INFO] REQ: POST /predict - Status: 200 - Czas: 63.96ms
[2025-12-20 14:06:44] [INFO] REQ: POST /predict - Status: 200 - Czas: 63.96ms
[2025-12-20 14:06:44] [INFO] REQ: POST /predict - Status: 200 - Czas: 63.96ms
[2025-12-20 14:06:44] [INFO] REQ: POST /predict - Status: 200 - Czas: 63.96ms
[2025-12-20 14:06:44] [INFO] REQ: POST /predict - Status: 200 - Czas: 63.96ms
[2025-12-20 14:06:44] [INFO] REQ: POST /predict - Status: 200 - Czas: 63.96ms
[2025-12-20 14:06:44] [INFO] REQ: POST /predict - Status: 200 - Czas: 63.96ms
[2025-12-20 14:06:44] [INFO] REQ: POST /predict - Status: 200 - Czas: 57.44ms
[2025-12-20 14:06:44] [INFO] REQ: POST /predict - Status: 200 - Czas: 57.44ms
[2025-12-20 14:06:44] [INFO] REQ: POST /predict - Status: 200 - Czas: 57.44ms
[2025-12-20 14:06:44] [INFO] REQ: POST /predict - Status: 200 - Czas: 57.44ms
[2025-12-20 14:06:44] [INFO] REQ: POST /predict - Status: 200 - Czas: 57.78ms
[2025-12-20 14:06:44] [INFO] REQ: POST /predict - Status: 200 - Czas: 56.50ms
[2025-12-20 14:06:44] [INFO] REQ: POST /predict - Status: 200 - Czas: 56.50ms
[2025-12-20 14:06:44] [INFO] REQ: POST /predict - Status: 200 - Czas: 56.98ms
[2025-12-20 14:06:44] [INFO] REQ: POST /predict - Status: 200 - Czas: 60.87ms
[2025-12-20 14:06:44] [INFO] REQ: POST /predict - Status: 200 - Czas: 60.87ms
[2025-12-20 14:06:44] [INFO] REQ: POST /predict - Status: 200 - Czas: 60.87ms
[2025-12-20 14:06:44] [INFO] REQ: POST /predict - Status: 200 - Czas: 60.87ms
[2025-12-20 14:06:44] [INFO] REQ: POST /predict - Status: 200 - Czas: 60.87ms
[2025-12-20 14:06:44] [INFO] REQ: POST /predict - Status: 200 - Czas: 60.87ms
[2025-12-20 14:06:44] [INFO] REQ: POST /predict - Status: 200 - Czas: 52.90ms
[2025-12-20 14:06:44] [INFO] REQ: POST /predict - Status: 200 - Czas: 52.90ms
[2025-12-20 14:06:44] [INFO] REQ: POST /predict - Status: 200 - Czas: 52.90ms
[2025-12-20 14:06:44] [INFO] REQ: POST /predict - Status: 200 - Czas: 53.94ms
[2025-12-20 14:06:44] [INFO] REQ: POST /predict - Status: 200 - Czas: 52.93ms
[2025-12-20 14:06:44] [INFO] REQ: POST /predict - Status: 200 - Czas: 52.93ms
[2025-12-20 14:06:44] [INFO] REQ: POST /predict - Status: 200 - Czas: 52.93ms
[2025-12-20 14:06:44] [INFO] REQ: POST /predict - Status: 200 - Czas: 52.93ms
[2025-12-20 14:06:44] [INFO] REQ: POST /predict - Status: 200 - Czas: 52.93ms
[2025-12-20 14:06:44] [INFO] REQ: POST /predict - Status: 200 - Czas: 52.93ms
[2025-12-20 14:06:44] [INFO] REQ: POST /predict - Status: 200 - Czas: 52.93ms
[2025-12-20 14:06:44] [INFO] REQ: POST /predict - Status: 200 - Czas: 53.93ms
[2025-12-20 14:06:44] [INFO] REQ: POST /predict - Status: 200 - Czas: 53.93ms
[2025-12-20 14:06:44] [INFO] REQ: POST /predict - Status: 200 - Czas: 53.93ms
[2025-12-20 14:06:44] [INFO] REQ: POST /predict - Status: 200 - Czas: 53.93ms
[2025-12-20 14:06:44] [INFO] REQ: POST /predict - Status: 200 - Czas: 54.45ms
[2025-12-20 14:06:44] [INFO] REQ: POST /predict - Status: 200 - Czas: 54.45ms
[2025-12-20 14:06:44] [INFO] REQ: POST /predict - Status: 200 - Czas: 54.45ms
[2025-12-20 14:06:44] [INFO] REQ: POST /predict - Status: 200 - Czas: 54.98ms
[2025-12-20 14:06:44] [INFO] REQ: POST /predict - Status: 200 - Czas: 54.98ms
[2025-12-20 14:06:44] [ERROR] Exception in ASGI application
Traceback (most recent call last):
  File "D:\Programming Projects\ml-docker-performance\.venv\Lib\site-packages\starlette\_exception_handler.py", line 42, in wrapped_app
    await app(scope, receive, sender)
  File "D:\Programming Projects\ml-docker-performance\.venv\Lib\site-packages\fastapi\routing.py", line 106, in app
    response = await f(request)
               ^^^^^^^^^^^^^^^^
  File "D:\Programming Projects\ml-docker-performance\.venv\Lib\site-packages\fastapi\routing.py", line 472, in app
    raise validation_error
fastapi.exceptions.RequestValidationError: 1 validation error:
  {'type': 'string_type', 'loc': ('body', 'text'), 'msg': 'Input should be a valid string', 'input': nan}

  File "D:\Programming Projects\ml-docker-performance\app\server_fastapi.py", line 60, in predict_endpoint
    POST /predict

The above exception was the direct cause of the following exception:

Traceback (most recent call last):
  File "D:\Programming Projects\ml-docker-performance\.venv\Lib\site-packages\uvicorn\protocols\http\httptools_impl.py", line 409, in run_asgi
    result = await app(  # type: ignore[func-returns-value]
             ^^^^^^^^^^^^^^^^^^^^^^^^^^^^^^^^^^^^^^^^^^^^^^
  File "D:\Programming Projects\ml-docker-performance\.venv\Lib\site-packages\uvicorn\middleware\proxy_headers.py", line 60, in __call__
    return await self.app(scope, receive, send)
           ^^^^^^^^^^^^^^^^^^^^^^^^^^^^^^^^^^^^
  File "D:\Programming Projects\ml-docker-performance\.venv\Lib\site-packages\fastapi\applications.py", line 1139, in __call__
    await super().__call__(scope, receive, send)
  File "D:\Programming Projects\ml-docker-performance\.venv\Lib\site-packages\starlette\applications.py", line 107, in __call__
    await self.middleware_stack(scope, receive, send)
  File "D:\Programming Projects\ml-docker-performance\.venv\Lib\site-packages\starlette\middleware\errors.py", line 186, in __call__
    raise exc
  File "D:\Programming Projects\ml-docker-performance\.venv\Lib\site-packages\starlette\middleware\errors.py", line 164, in __call__
    await self.app(scope, receive, _send)
  File "D:\Programming Projects\ml-docker-performance\.venv\Lib\site-packages\starlette\middleware\base.py", line 191, in __call__
    with recv_stream, send_stream, collapse_excgroups():
  File "C:\Users\admin\AppData\Local\Programs\Python\Python312\Lib\contextlib.py", line 158, in __exit__
    self.gen.throw(value)
  File "D:\Programming Projects\ml-docker-performance\.venv\Lib\site-packages\starlette\_utils.py", line 85, in collapse_excgroups
    raise exc
  File "D:\Programming Projects\ml-docker-performance\.venv\Lib\site-packages\starlette\middleware\base.py", line 193, in __call__
    response = await self.dispatch_func(request, call_next)
               ^^^^^^^^^^^^^^^^^^^^^^^^^^^^^^^^^^^^^^^^^^^^
  File "D:\Programming Projects\ml-docker-performance\app\server_fastapi.py", line 41, in log_requests
    response: Response = await call_next(request)
                         ^^^^^^^^^^^^^^^^^^^^^^^^
  File "D:\Programming Projects\ml-docker-performance\.venv\Lib\site-packages\starlette\middleware\base.py", line 168, in call_next
    raise app_exc from app_exc.__cause__ or app_exc.__context__
  File "D:\Programming Projects\ml-docker-performance\.venv\Lib\site-packages\starlette\middleware\base.py", line 144, in coro
    await self.app(scope, receive_or_disconnect, send_no_error)
  File "D:\Programming Projects\ml-docker-performance\.venv\Lib\site-packages\starlette\middleware\exceptions.py", line 63, in __call__
    await wrap_app_handling_exceptions(self.app, conn)(scope, receive, send)
  File "D:\Programming Projects\ml-docker-performance\.venv\Lib\site-packages\starlette\_exception_handler.py", line 53, in wrapped_app
    raise exc
  File "D:\Programming Projects\ml-docker-performance\.venv\Lib\site-packages\starlette\_exception_handler.py", line 42, in wrapped_app
    await app(scope, receive, sender)
  File "D:\Programming Projects\ml-docker-performance\.venv\Lib\site-packages\fastapi\middleware\asyncexitstack.py", line 18, in __call__
    await self.app(scope, receive, send)
  File "D:\Programming Projects\ml-docker-performance\.venv\Lib\site-packages\starlette\routing.py", line 716, in __call__
    await self.middleware_stack(scope, receive, send)
  File "D:\Programming Projects\ml-docker-performance\.venv\Lib\site-packages\starlette\routing.py", line 736, in app
    await route.handle(scope, receive, send)
  File "D:\Programming Projects\ml-docker-performance\.venv\Lib\site-packages\starlette\routing.py", line 290, in handle
    await self.app(scope, receive, send)
  File "D:\Programming Projects\ml-docker-performance\.venv\Lib\site-packages\fastapi\routing.py", line 120, in app
    await wrap_app_handling_exceptions(app, request)(scope, receive, send)
  File "D:\Programming Projects\ml-docker-performance\.venv\Lib\site-packages\starlette\_exception_handler.py", line 59, in wrapped_app
    response = await handler(conn, exc)
               ^^^^^^^^^^^^^^^^^^^^^^^^
  File "D:\Programming Projects\ml-docker-performance\.venv\Lib\site-packages\fastapi\exception_handlers.py", line 23, in request_validation_exception_handler
    return JSONResponse(
           ^^^^^^^^^^^^^
  File "D:\Programming Projects\ml-docker-performance\.venv\Lib\site-packages\starlette\responses.py", line 189, in __init__
    super().__init__(content, status_code, headers, media_type, background)
  File "D:\Programming Projects\ml-docker-performance\.venv\Lib\site-packages\starlette\responses.py", line 46, in __init__
    self.body = self.render(content)
                ^^^^^^^^^^^^^^^^^^^^
  File "D:\Programming Projects\ml-docker-performance\.venv\Lib\site-packages\starlette\responses.py", line 192, in render
    return json.dumps(
           ^^^^^^^^^^^
  File "C:\Users\admin\AppData\Local\Programs\Python\Python312\Lib\json\__init__.py", line 238, in dumps
    **kw).encode(obj)
          ^^^^^^^^^^^
  File "C:\Users\admin\AppData\Local\Programs\Python\Python312\Lib\json\encoder.py", line 200, in encode
    chunks = self.iterencode(o, _one_shot=True)
             ^^^^^^^^^^^^^^^^^^^^^^^^^^^^^^^^^^
  File "C:\Users\admin\AppData\Local\Programs\Python\Python312\Lib\json\encoder.py", line 258, in iterencode
    return _iterencode(o, 0)
           ^^^^^^^^^^^^^^^^^
ValueError: Out of range float values are not JSON compliant: nan
[2025-12-20 14:06:44] [INFO] REQ: POST /predict - Status: 200 - Czas: 59.01ms
[2025-12-20 14:06:44] [INFO] REQ: POST /predict - Status: 200 - Czas: 56.00ms
[2025-12-20 14:06:44] [INFO] REQ: POST /predict - Status: 200 - Czas: 57.50ms
[2025-12-20 14:06:44] [INFO] REQ: POST /predict - Status: 200 - Czas: 57.50ms
[2025-12-20 14:06:44] [INFO] REQ: POST /predict - Status: 200 - Czas: 57.50ms
[2025-12-20 14:06:44] [INFO] REQ: POST /predict - Status: 200 - Czas: 57.50ms
[2025-12-20 14:06:44] [INFO] REQ: POST /predict - Status: 200 - Czas: 57.50ms
[2025-12-20 14:06:44] [INFO] REQ: POST /predict - Status: 200 - Czas: 57.50ms
[2025-12-20 14:06:44] [INFO] REQ: POST /predict - Status: 200 - Czas: 57.50ms
[2025-12-20 14:06:44] [INFO] REQ: POST /predict - Status: 200 - Czas: 57.50ms
[2025-12-20 14:06:44] [INFO] REQ: POST /predict - Status: 200 - Czas: 57.50ms
[2025-12-20 14:06:44] [INFO] REQ: POST /predict - Status: 200 - Czas: 58.51ms
[2025-12-20 14:06:44] [INFO] REQ: POST /predict - Status: 200 - Czas: 58.51ms
[2025-12-20 14:06:44] [INFO] REQ: POST /predict - Status: 200 - Czas: 57.51ms
[2025-12-20 14:06:44] [INFO] REQ: POST /predict - Status: 200 - Czas: 57.51ms
[2025-12-20 14:06:44] [INFO] REQ: POST /predict - Status: 200 - Czas: 58.03ms
[2025-12-20 14:06:44] [INFO] REQ: POST /predict - Status: 200 - Czas: 57.49ms
[2025-12-20 14:06:44] [INFO] REQ: POST /predict - Status: 200 - Czas: 57.49ms
[2025-12-20 14:06:44] [INFO] REQ: POST /predict - Status: 200 - Czas: 57.49ms
[2025-12-20 14:06:44] [INFO] REQ: POST /predict - Status: 200 - Czas: 57.49ms
[2025-12-20 14:06:44] [INFO] REQ: POST /predict - Status: 200 - Czas: 57.49ms
[2025-12-20 14:06:44] [INFO] REQ: POST /predict - Status: 200 - Czas: 66.08ms
[2025-12-20 14:06:44] [INFO] REQ: POST /predict - Status: 200 - Czas: 66.08ms
[2025-12-20 14:06:44] [INFO] REQ: POST /predict - Status: 200 - Czas: 67.09ms
[2025-12-20 14:06:44] [INFO] REQ: POST /predict - Status: 200 - Czas: 67.09ms
[2025-12-20 14:06:44] [INFO] REQ: POST /predict - Status: 200 - Czas: 67.09ms
[2025-12-20 14:06:44] [INFO] REQ: POST /predict - Status: 200 - Czas: 67.09ms
[2025-12-20 14:06:44] [INFO] REQ: POST /predict - Status: 200 - Czas: 65.51ms
[2025-12-20 14:06:44] [INFO] REQ: POST /predict - Status: 200 - Czas: 65.51ms
[2025-12-20 14:06:44] [INFO] REQ: POST /predict - Status: 200 - Czas: 65.51ms
[2025-12-20 14:06:44] [INFO] REQ: POST /predict - Status: 200 - Czas: 65.51ms
[2025-12-20 14:06:44] [INFO] REQ: POST /predict - Status: 200 - Czas: 66.52ms
[2025-12-20 14:06:44] [INFO] REQ: POST /predict - Status: 200 - Czas: 66.52ms
[2025-12-20 14:06:44] [INFO] REQ: POST /predict - Status: 200 - Czas: 66.52ms
[2025-12-20 14:06:44] [INFO] REQ: POST /predict - Status: 200 - Czas: 66.52ms
[2025-12-20 14:06:44] [INFO] REQ: POST /predict - Status: 200 - Czas: 66.52ms
[2025-12-20 14:06:44] [INFO] REQ: POST /predict - Status: 200 - Czas: 65.51ms
[2025-12-20 14:06:44] [INFO] REQ: POST /predict - Status: 200 - Czas: 65.51ms
[2025-12-20 14:06:44] [INFO] REQ: POST /predict - Status: 200 - Czas: 65.51ms
[2025-12-20 14:06:44] [INFO] REQ: POST /predict - Status: 200 - Czas: 65.51ms
[2025-12-20 14:06:44] [INFO] REQ: POST /predict - Status: 200 - Czas: 65.51ms
[2025-12-20 14:06:44] [INFO] REQ: POST /predict - Status: 200 - Czas: 65.51ms
[2025-12-20 14:06:44] [INFO] REQ: POST /predict - Status: 200 - Czas: 65.51ms
[2025-12-20 14:06:44] [INFO] REQ: POST /predict - Status: 200 - Czas: 65.51ms
[2025-12-20 14:06:44] [INFO] REQ: POST /predict - Status: 200 - Czas: 67.01ms
[2025-12-20 14:06:44] [INFO] REQ: POST /predict - Status: 200 - Czas: 67.01ms
[2025-12-20 14:06:44] [INFO] REQ: POST /predict - Status: 200 - Czas: 67.01ms
[2025-12-20 14:06:44] [INFO] REQ: POST /predict - Status: 200 - Czas: 67.01ms
[2025-12-20 14:06:44] [INFO] REQ: POST /predict - Status: 200 - Czas: 67.01ms
[2025-12-20 14:06:44] [INFO] REQ: POST /predict - Status: 200 - Czas: 67.01ms
[2025-12-20 14:06:44] [INFO] REQ: POST /predict - Status: 200 - Czas: 66.51ms
[2025-12-20 14:06:44] [INFO] REQ: POST /predict - Status: 200 - Czas: 64.99ms
[2025-12-20 14:06:44] [INFO] REQ: POST /predict - Status: 200 - Czas: 64.99ms
[2025-12-20 14:06:44] [INFO] REQ: POST /predict - Status: 200 - Czas: 64.99ms
[2025-12-20 14:06:44] [INFO] REQ: POST /predict - Status: 200 - Czas: 64.99ms
[2025-12-20 14:06:44] [INFO] REQ: POST /predict - Status: 200 - Czas: 65.99ms
[2025-12-20 14:06:44] [INFO] REQ: POST /predict - Status: 200 - Czas: 65.99ms
[2025-12-20 14:06:44] [INFO] REQ: POST /predict - Status: 200 - Czas: 65.99ms
[2025-12-20 14:06:44] [INFO] REQ: POST /predict - Status: 200 - Czas: 65.99ms
[2025-12-20 14:06:44] [INFO] REQ: POST /predict - Status: 200 - Czas: 65.99ms
[2025-12-20 14:06:44] [INFO] REQ: POST /predict - Status: 200 - Czas: 65.99ms
[2025-12-20 14:06:44] [INFO] REQ: POST /predict - Status: 200 - Czas: 65.99ms
[2025-12-20 14:06:44] [INFO] REQ: POST /predict - Status: 200 - Czas: 65.99ms
[2025-12-20 14:06:44] [INFO] REQ: POST /predict - Status: 200 - Czas: 64.99ms
[2025-12-20 14:06:44] [INFO] REQ: POST /predict - Status: 200 - Czas: 65.99ms
[2025-12-20 14:06:44] [INFO] REQ: POST /predict - Status: 200 - Czas: 58.90ms
[2025-12-20 14:06:44] [INFO] REQ: POST /predict - Status: 200 - Czas: 58.90ms
[2025-12-20 14:06:44] [INFO] REQ: POST /predict - Status: 200 - Czas: 58.90ms
[2025-12-20 14:06:44] [INFO] REQ: POST /predict - Status: 200 - Czas: 58.90ms
[2025-12-20 14:06:44] [INFO] REQ: POST /predict - Status: 200 - Czas: 58.90ms
[2025-12-20 14:06:44] [INFO] REQ: POST /predict - Status: 200 - Czas: 54.34ms
[2025-12-20 14:06:44] [INFO] REQ: POST /predict - Status: 200 - Czas: 54.34ms
[2025-12-20 14:06:44] [INFO] REQ: POST /predict - Status: 200 - Czas: 54.34ms
[2025-12-20 14:06:44] [INFO] REQ: POST /predict - Status: 200 - Czas: 58.37ms
[2025-12-20 14:06:44] [INFO] REQ: POST /predict - Status: 200 - Czas: 59.37ms
[2025-12-20 14:06:44] [INFO] REQ: POST /predict - Status: 200 - Czas: 59.37ms
[2025-12-20 14:06:44] [INFO] REQ: POST /predict - Status: 200 - Czas: 59.37ms
[2025-12-20 14:06:44] [INFO] REQ: POST /predict - Status: 200 - Czas: 57.32ms
[2025-12-20 14:06:44] [INFO] REQ: POST /predict - Status: 200 - Czas: 57.32ms
[2025-12-20 14:06:44] [INFO] REQ: POST /predict - Status: 200 - Czas: 50.30ms
[2025-12-20 14:06:44] [INFO] REQ: POST /predict - Status: 200 - Czas: 49.30ms
[2025-12-20 14:06:44] [INFO] REQ: POST /predict - Status: 200 - Czas: 49.30ms
[2025-12-20 14:06:44] [INFO] REQ: POST /predict - Status: 200 - Czas: 50.31ms
[2025-12-20 14:06:44] [INFO] REQ: POST /predict - Status: 200 - Czas: 50.31ms
[2025-12-20 14:06:44] [INFO] REQ: POST /predict - Status: 200 - Czas: 50.31ms
[2025-12-20 14:06:44] [INFO] REQ: POST /predict - Status: 200 - Czas: 50.31ms
[2025-12-20 14:06:44] [INFO] REQ: POST /predict - Status: 200 - Czas: 50.31ms
[2025-12-20 14:06:44] [INFO] REQ: POST /predict - Status: 200 - Czas: 50.31ms
[2025-12-20 14:06:44] [INFO] REQ: POST /predict - Status: 200 - Czas: 50.31ms
[2025-12-20 14:06:44] [INFO] REQ: POST /predict - Status: 200 - Czas: 50.31ms
[2025-12-20 14:06:44] [INFO] REQ: POST /predict - Status: 200 - Czas: 50.31ms
[2025-12-20 14:06:44] [INFO] REQ: POST /predict - Status: 200 - Czas: 51.31ms
[2025-12-20 14:06:44] [INFO] REQ: POST /predict - Status: 200 - Czas: 51.31ms
[2025-12-20 14:06:44] [INFO] REQ: POST /predict - Status: 200 - Czas: 50.76ms
[2025-12-20 14:06:44] [INFO] REQ: POST /predict - Status: 200 - Czas: 50.78ms
[2025-12-20 14:06:44] [INFO] REQ: POST /predict - Status: 200 - Czas: 51.78ms
[2025-12-20 14:06:44] [INFO] REQ: POST /predict - Status: 200 - Czas: 51.78ms
[2025-12-20 14:06:44] [INFO] REQ: POST /predict - Status: 200 - Czas: 51.78ms
[2025-12-20 14:06:44] [INFO] REQ: POST /predict - Status: 200 - Czas: 51.78ms
[2025-12-20 14:06:44] [INFO] REQ: POST /predict - Status: 200 - Czas: 51.78ms
[2025-12-20 14:06:44] [INFO] REQ: POST /predict - Status: 200 - Czas: 49.25ms
[2025-12-20 14:06:44] [INFO] REQ: POST /predict - Status: 200 - Czas: 49.25ms
[2025-12-20 14:06:44] [INFO] REQ: POST /predict - Status: 200 - Czas: 49.25ms
[2025-12-20 14:06:44] [INFO] REQ: POST /predict - Status: 200 - Czas: 49.25ms
[2025-12-20 14:06:44] [INFO] REQ: POST /predict - Status: 200 - Czas: 49.25ms
[2025-12-20 14:06:44] [INFO] REQ: POST /predict - Status: 200 - Czas: 49.25ms
[2025-12-20 14:06:44] [INFO] REQ: POST /predict - Status: 200 - Czas: 49.25ms
[2025-12-20 14:06:44] [INFO] REQ: POST /predict - Status: 200 - Czas: 49.25ms
[2025-12-20 14:06:44] [INFO] REQ: POST /predict - Status: 200 - Czas: 50.25ms
[2025-12-20 14:06:44] [INFO] REQ: POST /predict - Status: 200 - Czas: 50.25ms
[2025-12-20 14:06:44] [INFO] REQ: POST /predict - Status: 200 - Czas: 50.25ms
[2025-12-20 14:06:44] [INFO] REQ: POST /predict - Status: 200 - Czas: 50.25ms
[2025-12-20 14:06:44] [INFO] REQ: POST /predict - Status: 200 - Czas: 50.25ms
[2025-12-20 14:06:44] [INFO] REQ: POST /predict - Status: 200 - Czas: 50.25ms
[2025-12-20 14:06:44] [INFO] REQ: POST /predict - Status: 200 - Czas: 50.25ms
[2025-12-20 14:06:44] [INFO] REQ: POST /predict - Status: 200 - Czas: 48.75ms
[2025-12-20 14:06:44] [INFO] REQ: POST /predict - Status: 200 - Czas: 48.75ms
[2025-12-20 14:06:44] [INFO] REQ: POST /predict - Status: 200 - Czas: 48.75ms
[2025-12-20 14:06:44] [INFO] REQ: POST /predict - Status: 200 - Czas: 48.75ms
[2025-12-20 14:06:44] [INFO] REQ: POST /predict - Status: 200 - Czas: 48.75ms
[2025-12-20 14:06:44] [INFO] REQ: POST /predict - Status: 200 - Czas: 57.34ms
[2025-12-20 14:06:44] [INFO] REQ: POST /predict - Status: 200 - Czas: 57.34ms
[2025-12-20 14:06:44] [INFO] REQ: POST /predict - Status: 200 - Czas: 58.84ms
[2025-12-20 14:06:44] [INFO] REQ: POST /predict - Status: 200 - Czas: 58.84ms
[2025-12-20 14:06:44] [INFO] REQ: POST /predict - Status: 200 - Czas: 58.84ms
[2025-12-20 14:06:44] [INFO] REQ: POST /predict - Status: 200 - Czas: 58.84ms
[2025-12-20 14:06:44] [INFO] REQ: POST /predict - Status: 200 - Czas: 60.33ms
[2025-12-20 14:06:44] [INFO] REQ: POST /predict - Status: 200 - Czas: 61.33ms
[2025-12-20 14:06:44] [INFO] REQ: POST /predict - Status: 200 - Czas: 61.33ms
[2025-12-20 14:06:44] [INFO] REQ: POST /predict - Status: 200 - Czas: 61.33ms
[2025-12-20 14:06:44] [INFO] REQ: POST /predict - Status: 200 - Czas: 61.33ms
[2025-12-20 14:06:44] [INFO] REQ: POST /predict - Status: 200 - Czas: 61.33ms
[2025-12-20 14:06:44] [INFO] REQ: POST /predict - Status: 200 - Czas: 61.33ms
[2025-12-20 14:06:44] [INFO] REQ: POST /predict - Status: 200 - Czas: 61.33ms
[2025-12-20 14:06:44] [INFO] REQ: POST /predict - Status: 200 - Czas: 61.33ms
[2025-12-20 14:06:44] [INFO] REQ: POST /predict - Status: 200 - Czas: 62.33ms
[2025-12-20 14:06:44] [INFO] REQ: POST /predict - Status: 200 - Czas: 62.33ms
[2025-12-20 14:06:44] [INFO] REQ: POST /predict - Status: 200 - Czas: 61.33ms
[2025-12-20 14:06:44] [INFO] REQ: POST /predict - Status: 200 - Czas: 61.33ms
[2025-12-20 14:06:44] [INFO] REQ: POST /predict - Status: 200 - Czas: 61.33ms
[2025-12-20 14:06:44] [INFO] REQ: POST /predict - Status: 200 - Czas: 61.33ms
[2025-12-20 14:06:44] [INFO] REQ: POST /predict - Status: 200 - Czas: 61.33ms
[2025-12-20 14:06:44] [INFO] REQ: POST /predict - Status: 200 - Czas: 61.33ms
[2025-12-20 14:06:44] [INFO] REQ: POST /predict - Status: 200 - Czas: 61.33ms
[2025-12-20 14:06:44] [INFO] REQ: POST /predict - Status: 200 - Czas: 61.33ms
[2025-12-20 14:06:44] [INFO] REQ: POST /predict - Status: 200 - Czas: 61.33ms
[2025-12-20 14:06:44] [INFO] REQ: POST /predict - Status: 200 - Czas: 61.33ms
[2025-12-20 14:06:44] [INFO] REQ: POST /predict - Status: 200 - Czas: 61.33ms
[2025-12-20 14:06:44] [INFO] REQ: POST /predict - Status: 200 - Czas: 61.33ms
[2025-12-20 14:06:44] [INFO] REQ: POST /predict - Status: 200 - Czas: 61.33ms
[2025-12-20 14:06:44] [INFO] REQ: POST /predict - Status: 200 - Czas: 60.34ms
[2025-12-20 14:06:44] [INFO] REQ: POST /predict - Status: 200 - Czas: 60.85ms
[2025-12-20 14:06:44] [INFO] REQ: POST /predict - Status: 200 - Czas: 60.85ms
[2025-12-20 14:06:44] [INFO] REQ: POST /predict - Status: 200 - Czas: 60.85ms
[2025-12-20 14:06:44] [INFO] REQ: POST /predict - Status: 200 - Czas: 60.85ms
[2025-12-20 14:06:44] [INFO] REQ: POST /predict - Status: 200 - Czas: 60.85ms
[2025-12-20 14:06:44] [INFO] REQ: POST /predict - Status: 200 - Czas: 60.85ms
[2025-12-20 14:06:44] [INFO] REQ: POST /predict - Status: 200 - Czas: 60.85ms
[2025-12-20 14:06:44] [INFO] REQ: POST /predict - Status: 200 - Czas: 60.85ms
[2025-12-20 14:06:44] [INFO] REQ: POST /predict - Status: 200 - Czas: 60.85ms
[2025-12-20 14:06:44] [INFO] REQ: POST /predict - Status: 200 - Czas: 61.85ms
[2025-12-20 14:06:44] [INFO] REQ: POST /predict - Status: 200 - Czas: 61.85ms
[2025-12-20 14:06:44] [INFO] REQ: POST /predict - Status: 200 - Czas: 61.34ms
[2025-12-20 14:06:44] [INFO] REQ: POST /predict - Status: 200 - Czas: 61.34ms
[2025-12-20 14:06:44] [INFO] REQ: POST /predict - Status: 200 - Czas: 55.35ms
[2025-12-20 14:06:44] [INFO] REQ: POST /predict - Status: 200 - Czas: 55.35ms
[2025-12-20 14:06:44] [INFO] REQ: POST /predict - Status: 200 - Czas: 55.35ms
[2025-12-20 14:06:44] [INFO] REQ: POST /predict - Status: 200 - Czas: 55.35ms
[2025-12-20 14:06:44] [INFO] REQ: POST /predict - Status: 200 - Czas: 54.35ms
[2025-12-20 14:06:44] [INFO] REQ: POST /predict - Status: 200 - Czas: 54.65ms
[2025-12-20 14:06:44] [INFO] REQ: POST /predict - Status: 200 - Czas: 54.65ms
[2025-12-20 14:06:44] [INFO] REQ: POST /predict - Status: 200 - Czas: 54.65ms
[2025-12-20 14:06:44] [INFO] REQ: POST /predict - Status: 200 - Czas: 59.16ms
[2025-12-20 14:06:44] [INFO] REQ: POST /predict - Status: 200 - Czas: 59.16ms
[2025-12-20 14:06:44] [INFO] REQ: POST /predict - Status: 200 - Czas: 59.16ms
[2025-12-20 14:06:44] [INFO] REQ: POST /predict - Status: 200 - Czas: 59.16ms
[2025-12-20 14:06:44] [INFO] REQ: POST /predict - Status: 200 - Czas: 59.16ms
[2025-12-20 14:06:44] [INFO] REQ: POST /predict - Status: 200 - Czas: 59.16ms
[2025-12-20 14:06:44] [INFO] REQ: POST /predict - Status: 200 - Czas: 52.08ms
[2025-12-20 14:06:44] [INFO] REQ: POST /predict - Status: 200 - Czas: 52.08ms
[2025-12-20 14:06:44] [INFO] REQ: POST /predict - Status: 200 - Czas: 52.08ms
[2025-12-20 14:06:44] [INFO] REQ: POST /predict - Status: 200 - Czas: 52.08ms
[2025-12-20 14:06:44] [INFO] REQ: POST /predict - Status: 200 - Czas: 52.08ms
[2025-12-20 14:06:44] [INFO] REQ: POST /predict - Status: 200 - Czas: 52.08ms
[2025-12-20 14:06:44] [INFO] REQ: POST /predict - Status: 200 - Czas: 52.08ms
[2025-12-20 14:06:44] [INFO] REQ: POST /predict - Status: 200 - Czas: 52.08ms
[2025-12-20 14:06:44] [INFO] REQ: POST /predict - Status: 200 - Czas: 52.08ms
[2025-12-20 14:06:44] [INFO] REQ: POST /predict - Status: 200 - Czas: 52.08ms
[2025-12-20 14:06:44] [INFO] REQ: POST /predict - Status: 200 - Czas: 52.08ms
[2025-12-20 14:06:44] [INFO] REQ: POST /predict - Status: 200 - Czas: 53.58ms
[2025-12-20 14:06:44] [INFO] REQ: POST /predict - Status: 200 - Czas: 53.58ms
[2025-12-20 14:06:44] [INFO] REQ: POST /predict - Status: 200 - Czas: 53.58ms
[2025-12-20 14:06:44] [INFO] REQ: POST /predict - Status: 200 - Czas: 53.58ms
[2025-12-20 14:06:44] [INFO] REQ: POST /predict - Status: 200 - Czas: 53.12ms
[2025-12-20 14:06:44] [INFO] REQ: POST /predict - Status: 200 - Czas: 52.12ms
[2025-12-20 14:06:44] [INFO] REQ: POST /predict - Status: 200 - Czas: 52.12ms
[2025-12-20 14:06:44] [INFO] REQ: POST /predict - Status: 200 - Czas: 52.12ms
[2025-12-20 14:06:44] [INFO] REQ: POST /predict - Status: 200 - Czas: 52.12ms
[2025-12-20 14:06:44] [INFO] REQ: POST /predict - Status: 200 - Czas: 52.12ms
[2025-12-20 14:06:44] [INFO] REQ: POST /predict - Status: 200 - Czas: 50.14ms
[2025-12-20 14:06:44] [INFO] REQ: POST /predict - Status: 200 - Czas: 50.64ms
[2025-12-20 14:06:44] [INFO] REQ: POST /predict - Status: 200 - Czas: 50.64ms
[2025-12-20 14:06:44] [INFO] REQ: POST /predict - Status: 200 - Czas: 50.64ms
[2025-12-20 14:06:44] [INFO] REQ: POST /predict - Status: 200 - Czas: 50.64ms
[2025-12-20 14:06:44] [INFO] REQ: POST /predict - Status: 200 - Czas: 50.64ms
[2025-12-20 14:06:44] [INFO] REQ: POST /predict - Status: 200 - Czas: 50.64ms
[2025-12-20 14:06:44] [INFO] REQ: POST /predict - Status: 200 - Czas: 50.64ms
[2025-12-20 14:06:44] [INFO] REQ: POST /predict - Status: 200 - Czas: 50.64ms
[2025-12-20 14:06:44] [INFO] REQ: POST /predict - Status: 200 - Czas: 50.64ms
[2025-12-20 14:06:44] [INFO] REQ: POST /predict - Status: 200 - Czas: 50.64ms
[2025-12-20 14:06:44] [INFO] REQ: POST /predict - Status: 200 - Czas: 49.64ms
[2025-12-20 14:06:44] [INFO] REQ: POST /predict - Status: 200 - Czas: 49.64ms
[2025-12-20 14:06:44] [INFO] REQ: POST /predict - Status: 200 - Czas: 49.64ms
[2025-12-20 14:06:44] [INFO] REQ: POST /predict - Status: 200 - Czas: 49.64ms
[2025-12-20 14:06:44] [INFO] REQ: POST /predict - Status: 200 - Czas: 50.10ms
[2025-12-20 14:06:44] [INFO] REQ: POST /predict - Status: 200 - Czas: 50.10ms
[2025-12-20 14:06:44] [INFO] REQ: POST /predict - Status: 200 - Czas: 50.10ms
[2025-12-20 14:06:44] [INFO] REQ: POST /predict - Status: 200 - Czas: 50.10ms
[2025-12-20 14:06:44] [INFO] REQ: POST /predict - Status: 200 - Czas: 50.10ms
[2025-12-20 14:06:44] [INFO] REQ: POST /predict - Status: 200 - Czas: 60.37ms
[2025-12-20 14:06:44] [INFO] REQ: POST /predict - Status: 200 - Czas: 60.37ms
[2025-12-20 14:06:44] [INFO] REQ: POST /predict - Status: 200 - Czas: 60.37ms
[2025-12-20 14:06:44] [INFO] REQ: POST /predict - Status: 200 - Czas: 60.88ms
[2025-12-20 14:06:44] [INFO] REQ: POST /predict - Status: 200 - Czas: 60.88ms
[2025-12-20 14:06:44] [INFO] REQ: POST /predict - Status: 200 - Czas: 60.88ms
[2025-12-20 14:06:44] [INFO] REQ: POST /predict - Status: 200 - Czas: 60.39ms
[2025-12-20 14:06:44] [INFO] REQ: POST /predict - Status: 200 - Czas: 60.39ms
[2025-12-20 14:06:44] [INFO] REQ: POST /predict - Status: 200 - Czas: 60.39ms
[2025-12-20 14:06:44] [INFO] REQ: POST /predict - Status: 200 - Czas: 60.39ms
[2025-12-20 14:06:44] [INFO] REQ: POST /predict - Status: 200 - Czas: 60.39ms
[2025-12-20 14:06:44] [INFO] REQ: POST /predict - Status: 200 - Czas: 60.39ms
[2025-12-20 14:06:44] [INFO] REQ: POST /predict - Status: 200 - Czas: 60.39ms
[2025-12-20 14:06:44] [INFO] REQ: POST /predict - Status: 200 - Czas: 60.39ms
[2025-12-20 14:06:44] [INFO] REQ: POST /predict - Status: 200 - Czas: 61.89ms
[2025-12-20 14:06:44] [INFO] REQ: POST /predict - Status: 200 - Czas: 61.89ms
[2025-12-20 14:06:44] [INFO] REQ: POST /predict - Status: 200 - Czas: 61.89ms
[2025-12-20 14:06:44] [INFO] REQ: POST /predict - Status: 200 - Czas: 60.89ms
[2025-12-20 14:06:44] [INFO] REQ: POST /predict - Status: 200 - Czas: 60.89ms
[2025-12-20 14:06:44] [INFO] REQ: POST /predict - Status: 200 - Czas: 60.89ms
[2025-12-20 14:06:44] [INFO] REQ: POST /predict - Status: 200 - Czas: 60.89ms
[2025-12-20 14:06:44] [INFO] REQ: POST /predict - Status: 200 - Czas: 60.89ms
[2025-12-20 14:06:44] [INFO] REQ: POST /predict - Status: 200 - Czas: 61.89ms
[2025-12-20 14:06:44] [INFO] REQ: POST /predict - Status: 200 - Czas: 61.89ms
[2025-12-20 14:06:44] [INFO] REQ: POST /predict - Status: 200 - Czas: 61.89ms
[2025-12-20 14:06:44] [INFO] REQ: POST /predict - Status: 200 - Czas: 61.89ms
[2025-12-20 14:06:44] [INFO] REQ: POST /predict - Status: 200 - Czas: 61.89ms
[2025-12-20 14:06:44] [INFO] REQ: POST /predict - Status: 200 - Czas: 61.89ms
[2025-12-20 14:06:44] [INFO] REQ: POST /predict - Status: 200 - Czas: 61.89ms
[2025-12-20 14:06:44] [INFO] REQ: POST /predict - Status: 200 - Czas: 61.89ms
[2025-12-20 14:06:44] [INFO] REQ: POST /predict - Status: 200 - Czas: 96.01ms
[2025-12-20 14:06:44] [INFO] REQ: POST /predict - Status: 200 - Czas: 97.01ms
[2025-12-20 14:06:44] [INFO] REQ: POST /predict - Status: 200 - Czas: 97.01ms
[2025-12-20 14:06:44] [INFO] REQ: POST /predict - Status: 200 - Czas: 97.01ms
[2025-12-20 14:06:44] [INFO] REQ: POST /predict - Status: 200 - Czas: 97.01ms
[2025-12-20 14:06:44] [INFO] REQ: POST /predict - Status: 200 - Czas: 97.01ms
[2025-12-20 14:06:44] [INFO] REQ: POST /predict - Status: 200 - Czas: 97.01ms
[2025-12-20 14:06:44] [INFO] REQ: POST /predict - Status: 200 - Czas: 97.01ms
[2025-12-20 14:06:44] [INFO] REQ: POST /predict - Status: 200 - Czas: 96.01ms
[2025-12-20 14:06:44] [INFO] REQ: POST /predict - Status: 200 - Czas: 97.01ms
[2025-12-20 14:06:44] [INFO] REQ: POST /predict - Status: 200 - Czas: 97.01ms
[2025-12-20 14:06:44] [INFO] REQ: POST /predict - Status: 200 - Czas: 97.01ms
[2025-12-20 14:06:44] [INFO] REQ: POST /predict - Status: 200 - Czas: 97.01ms
[2025-12-20 14:06:44] [INFO] REQ: POST /predict - Status: 200 - Czas: 97.01ms
[2025-12-20 14:06:44] [INFO] REQ: POST /predict - Status: 200 - Czas: 89.96ms
[2025-12-20 14:06:44] [INFO] REQ: POST /predict - Status: 200 - Czas: 89.96ms
[2025-12-20 14:06:44] [INFO] REQ: POST /predict - Status: 200 - Czas: 89.96ms
[2025-12-20 14:06:44] [INFO] REQ: POST /predict - Status: 200 - Czas: 89.96ms
[2025-12-20 14:06:44] [INFO] REQ: POST /predict - Status: 200 - Czas: 89.96ms
[2025-12-20 14:06:44] [INFO] REQ: POST /predict - Status: 200 - Czas: 90.38ms
[2025-12-20 14:06:44] [INFO] REQ: POST /predict - Status: 200 - Czas: 90.38ms
[2025-12-20 14:06:44] [INFO] REQ: POST /predict - Status: 200 - Czas: 90.38ms
[2025-12-20 14:06:44] [INFO] REQ: POST /predict - Status: 200 - Czas: 93.95ms
[2025-12-20 14:06:44] [INFO] REQ: POST /predict - Status: 200 - Czas: 94.96ms
[2025-12-20 14:06:44] [INFO] REQ: POST /predict - Status: 200 - Czas: 94.96ms
[2025-12-20 14:06:44] [INFO] REQ: POST /predict - Status: 200 - Czas: 94.96ms
[2025-12-20 14:06:44] [INFO] REQ: POST /predict - Status: 200 - Czas: 94.96ms
[2025-12-20 14:06:44] [INFO] REQ: POST /predict - Status: 200 - Czas: 94.96ms
[2025-12-20 14:06:44] [INFO] REQ: POST /predict - Status: 200 - Czas: 86.41ms
[2025-12-20 14:06:44] [INFO] REQ: POST /predict - Status: 200 - Czas: 86.41ms
[2025-12-20 14:06:44] [INFO] REQ: POST /predict - Status: 200 - Czas: 86.41ms
[2025-12-20 14:06:44] [INFO] REQ: POST /predict - Status: 200 - Czas: 85.90ms
[2025-12-20 14:06:44] [INFO] REQ: POST /predict - Status: 200 - Czas: 85.90ms
[2025-12-20 14:06:44] [INFO] REQ: POST /predict - Status: 200 - Czas: 85.90ms
[2025-12-20 14:06:44] [INFO] REQ: POST /predict - Status: 200 - Czas: 85.90ms
[2025-12-20 14:06:44] [INFO] REQ: POST /predict - Status: 200 - Czas: 85.90ms
[2025-12-20 14:06:44] [INFO] REQ: POST /predict - Status: 200 - Czas: 85.90ms
[2025-12-20 14:06:44] [INFO] REQ: POST /predict - Status: 200 - Czas: 86.90ms
[2025-12-20 14:06:44] [INFO] REQ: POST /predict - Status: 200 - Czas: 86.90ms
[2025-12-20 14:06:44] [INFO] REQ: POST /predict - Status: 200 - Czas: 86.90ms
[2025-12-20 14:06:44] [ERROR] Exception in ASGI application
Traceback (most recent call last):
  File "D:\Programming Projects\ml-docker-performance\.venv\Lib\site-packages\starlette\_exception_handler.py", line 42, in wrapped_app
    await app(scope, receive, sender)
  File "D:\Programming Projects\ml-docker-performance\.venv\Lib\site-packages\fastapi\routing.py", line 106, in app
    response = await f(request)
               ^^^^^^^^^^^^^^^^
  File "D:\Programming Projects\ml-docker-performance\.venv\Lib\site-packages\fastapi\routing.py", line 472, in app
    raise validation_error
fastapi.exceptions.RequestValidationError: 1 validation error:
  {'type': 'string_type', 'loc': ('body', 'text'), 'msg': 'Input should be a valid string', 'input': nan}

  File "D:\Programming Projects\ml-docker-performance\app\server_fastapi.py", line 60, in predict_endpoint
    POST /predict

The above exception was the direct cause of the following exception:

Traceback (most recent call last):
  File "D:\Programming Projects\ml-docker-performance\.venv\Lib\site-packages\uvicorn\protocols\http\httptools_impl.py", line 409, in run_asgi
    result = await app(  # type: ignore[func-returns-value]
             ^^^^^^^^^^^^^^^^^^^^^^^^^^^^^^^^^^^^^^^^^^^^^^
  File "D:\Programming Projects\ml-docker-performance\.venv\Lib\site-packages\uvicorn\middleware\proxy_headers.py", line 60, in __call__
    return await self.app(scope, receive, send)
           ^^^^^^^^^^^^^^^^^^^^^^^^^^^^^^^^^^^^
  File "D:\Programming Projects\ml-docker-performance\.venv\Lib\site-packages\fastapi\applications.py", line 1139, in __call__
    await super().__call__(scope, receive, send)
  File "D:\Programming Projects\ml-docker-performance\.venv\Lib\site-packages\starlette\applications.py", line 107, in __call__
    await self.middleware_stack(scope, receive, send)
  File "D:\Programming Projects\ml-docker-performance\.venv\Lib\site-packages\starlette\middleware\errors.py", line 186, in __call__
    raise exc
  File "D:\Programming Projects\ml-docker-performance\.venv\Lib\site-packages\starlette\middleware\errors.py", line 164, in __call__
    await self.app(scope, receive, _send)
  File "D:\Programming Projects\ml-docker-performance\.venv\Lib\site-packages\starlette\middleware\base.py", line 191, in __call__
    with recv_stream, send_stream, collapse_excgroups():
  File "C:\Users\admin\AppData\Local\Programs\Python\Python312\Lib\contextlib.py", line 158, in __exit__
    self.gen.throw(value)
  File "D:\Programming Projects\ml-docker-performance\.venv\Lib\site-packages\starlette\_utils.py", line 85, in collapse_excgroups
    raise exc
  File "D:\Programming Projects\ml-docker-performance\.venv\Lib\site-packages\starlette\middleware\base.py", line 193, in __call__
    response = await self.dispatch_func(request, call_next)
               ^^^^^^^^^^^^^^^^^^^^^^^^^^^^^^^^^^^^^^^^^^^^
  File "D:\Programming Projects\ml-docker-performance\app\server_fastapi.py", line 41, in log_requests
    response: Response = await call_next(request)
                         ^^^^^^^^^^^^^^^^^^^^^^^^
  File "D:\Programming Projects\ml-docker-performance\.venv\Lib\site-packages\starlette\middleware\base.py", line 168, in call_next
    raise app_exc from app_exc.__cause__ or app_exc.__context__
  File "D:\Programming Projects\ml-docker-performance\.venv\Lib\site-packages\starlette\middleware\base.py", line 144, in coro
    await self.app(scope, receive_or_disconnect, send_no_error)
  File "D:\Programming Projects\ml-docker-performance\.venv\Lib\site-packages\starlette\middleware\exceptions.py", line 63, in __call__
    await wrap_app_handling_exceptions(self.app, conn)(scope, receive, send)
  File "D:\Programming Projects\ml-docker-performance\.venv\Lib\site-packages\starlette\_exception_handler.py", line 53, in wrapped_app
    raise exc
  File "D:\Programming Projects\ml-docker-performance\.venv\Lib\site-packages\starlette\_exception_handler.py", line 42, in wrapped_app
    await app(scope, receive, sender)
  File "D:\Programming Projects\ml-docker-performance\.venv\Lib\site-packages\fastapi\middleware\asyncexitstack.py", line 18, in __call__
    await self.app(scope, receive, send)
  File "D:\Programming Projects\ml-docker-performance\.venv\Lib\site-packages\starlette\routing.py", line 716, in __call__
    await self.middleware_stack(scope, receive, send)
  File "D:\Programming Projects\ml-docker-performance\.venv\Lib\site-packages\starlette\routing.py", line 736, in app
    await route.handle(scope, receive, send)
  File "D:\Programming Projects\ml-docker-performance\.venv\Lib\site-packages\starlette\routing.py", line 290, in handle
    await self.app(scope, receive, send)
  File "D:\Programming Projects\ml-docker-performance\.venv\Lib\site-packages\fastapi\routing.py", line 120, in app
    await wrap_app_handling_exceptions(app, request)(scope, receive, send)
  File "D:\Programming Projects\ml-docker-performance\.venv\Lib\site-packages\starlette\_exception_handler.py", line 59, in wrapped_app
    response = await handler(conn, exc)
               ^^^^^^^^^^^^^^^^^^^^^^^^
  File "D:\Programming Projects\ml-docker-performance\.venv\Lib\site-packages\fastapi\exception_handlers.py", line 23, in request_validation_exception_handler
    return JSONResponse(
           ^^^^^^^^^^^^^
  File "D:\Programming Projects\ml-docker-performance\.venv\Lib\site-packages\starlette\responses.py", line 189, in __init__
    super().__init__(content, status_code, headers, media_type, background)
  File "D:\Programming Projects\ml-docker-performance\.venv\Lib\site-packages\starlette\responses.py", line 46, in __init__
    self.body = self.render(content)
                ^^^^^^^^^^^^^^^^^^^^
  File "D:\Programming Projects\ml-docker-performance\.venv\Lib\site-packages\starlette\responses.py", line 192, in render
    return json.dumps(
           ^^^^^^^^^^^
  File "C:\Users\admin\AppData\Local\Programs\Python\Python312\Lib\json\__init__.py", line 238, in dumps
    **kw).encode(obj)
          ^^^^^^^^^^^
  File "C:\Users\admin\AppData\Local\Programs\Python\Python312\Lib\json\encoder.py", line 200, in encode
    chunks = self.iterencode(o, _one_shot=True)
             ^^^^^^^^^^^^^^^^^^^^^^^^^^^^^^^^^^
  File "C:\Users\admin\AppData\Local\Programs\Python\Python312\Lib\json\encoder.py", line 258, in iterencode
    return _iterencode(o, 0)
           ^^^^^^^^^^^^^^^^^
ValueError: Out of range float values are not JSON compliant: nan
[2025-12-20 14:06:44] [INFO] REQ: POST /predict - Status: 200 - Czas: 88.90ms
[2025-12-20 14:06:44] [INFO] REQ: POST /predict - Status: 200 - Czas: 88.90ms
[2025-12-20 14:06:44] [INFO] REQ: POST /predict - Status: 200 - Czas: 90.42ms
[2025-12-20 14:06:44] [INFO] REQ: POST /predict - Status: 200 - Czas: 90.42ms
[2025-12-20 14:06:44] [INFO] REQ: POST /predict - Status: 200 - Czas: 90.42ms
[2025-12-20 14:06:44] [INFO] REQ: POST /predict - Status: 200 - Czas: 90.42ms
[2025-12-20 14:06:44] [INFO] REQ: POST /predict - Status: 200 - Czas: 90.42ms
[2025-12-20 14:06:44] [INFO] REQ: POST /predict - Status: 200 - Czas: 90.42ms
[2025-12-20 14:06:44] [INFO] REQ: POST /predict - Status: 200 - Czas: 86.97ms
[2025-12-20 14:06:44] [INFO] REQ: POST /predict - Status: 200 - Czas: 86.97ms
[2025-12-20 14:06:44] [INFO] REQ: POST /predict - Status: 200 - Czas: 87.97ms
[2025-12-20 14:06:44] [INFO] REQ: POST /predict - Status: 200 - Czas: 87.97ms
[2025-12-20 14:06:44] [INFO] REQ: POST /predict - Status: 200 - Czas: 87.97ms
[2025-12-20 14:06:44] [INFO] REQ: POST /predict - Status: 200 - Czas: 87.97ms
[2025-12-20 14:06:44] [INFO] REQ: POST /predict - Status: 200 - Czas: 87.97ms
[2025-12-20 14:06:44] [INFO] REQ: POST /predict - Status: 200 - Czas: 87.97ms
[2025-12-20 14:06:44] [INFO] REQ: POST /predict - Status: 200 - Czas: 87.97ms
[2025-12-20 14:06:44] [INFO] REQ: POST /predict - Status: 200 - Czas: 52.34ms
[2025-12-20 14:06:44] [INFO] REQ: POST /predict - Status: 200 - Czas: 52.34ms
[2025-12-20 14:06:44] [INFO] REQ: POST /predict - Status: 200 - Czas: 53.34ms
[2025-12-20 14:06:44] [INFO] REQ: POST /predict - Status: 200 - Czas: 53.34ms
[2025-12-20 14:06:44] [INFO] REQ: POST /predict - Status: 200 - Czas: 53.34ms
[2025-12-20 14:06:44] [INFO] REQ: POST /predict - Status: 200 - Czas: 53.34ms
[2025-12-20 14:06:44] [INFO] REQ: POST /predict - Status: 200 - Czas: 52.32ms
[2025-12-20 14:06:44] [INFO] REQ: POST /predict - Status: 200 - Czas: 53.33ms
[2025-12-20 14:06:44] [INFO] REQ: POST /predict - Status: 200 - Czas: 52.32ms
[2025-12-20 14:06:44] [INFO] REQ: POST /predict - Status: 200 - Czas: 52.32ms
[2025-12-20 14:06:44] [ERROR] Exception in ASGI application
Traceback (most recent call last):
  File "D:\Programming Projects\ml-docker-performance\.venv\Lib\site-packages\starlette\_exception_handler.py", line 42, in wrapped_app
    await app(scope, receive, sender)
  File "D:\Programming Projects\ml-docker-performance\.venv\Lib\site-packages\fastapi\routing.py", line 106, in app
    response = await f(request)
               ^^^^^^^^^^^^^^^^
  File "D:\Programming Projects\ml-docker-performance\.venv\Lib\site-packages\fastapi\routing.py", line 472, in app
    raise validation_error
fastapi.exceptions.RequestValidationError: 1 validation error:
  {'type': 'string_type', 'loc': ('body', 'text'), 'msg': 'Input should be a valid string', 'input': nan}

  File "D:\Programming Projects\ml-docker-performance\app\server_fastapi.py", line 60, in predict_endpoint
    POST /predict

The above exception was the direct cause of the following exception:

Traceback (most recent call last):
  File "D:\Programming Projects\ml-docker-performance\.venv\Lib\site-packages\uvicorn\protocols\http\httptools_impl.py", line 409, in run_asgi
    result = await app(  # type: ignore[func-returns-value]
             ^^^^^^^^^^^^^^^^^^^^^^^^^^^^^^^^^^^^^^^^^^^^^^
  File "D:\Programming Projects\ml-docker-performance\.venv\Lib\site-packages\uvicorn\middleware\proxy_headers.py", line 60, in __call__
    return await self.app(scope, receive, send)
           ^^^^^^^^^^^^^^^^^^^^^^^^^^^^^^^^^^^^
  File "D:\Programming Projects\ml-docker-performance\.venv\Lib\site-packages\fastapi\applications.py", line 1139, in __call__
    await super().__call__(scope, receive, send)
  File "D:\Programming Projects\ml-docker-performance\.venv\Lib\site-packages\starlette\applications.py", line 107, in __call__
    await self.middleware_stack(scope, receive, send)
  File "D:\Programming Projects\ml-docker-performance\.venv\Lib\site-packages\starlette\middleware\errors.py", line 186, in __call__
    raise exc
  File "D:\Programming Projects\ml-docker-performance\.venv\Lib\site-packages\starlette\middleware\errors.py", line 164, in __call__
    await self.app(scope, receive, _send)
  File "D:\Programming Projects\ml-docker-performance\.venv\Lib\site-packages\starlette\middleware\base.py", line 191, in __call__
    with recv_stream, send_stream, collapse_excgroups():
  File "C:\Users\admin\AppData\Local\Programs\Python\Python312\Lib\contextlib.py", line 158, in __exit__
    self.gen.throw(value)
  File "D:\Programming Projects\ml-docker-performance\.venv\Lib\site-packages\starlette\_utils.py", line 85, in collapse_excgroups
    raise exc
  File "D:\Programming Projects\ml-docker-performance\.venv\Lib\site-packages\starlette\middleware\base.py", line 193, in __call__
    response = await self.dispatch_func(request, call_next)
               ^^^^^^^^^^^^^^^^^^^^^^^^^^^^^^^^^^^^^^^^^^^^
  File "D:\Programming Projects\ml-docker-performance\app\server_fastapi.py", line 41, in log_requests
    response: Response = await call_next(request)
                         ^^^^^^^^^^^^^^^^^^^^^^^^
  File "D:\Programming Projects\ml-docker-performance\.venv\Lib\site-packages\starlette\middleware\base.py", line 168, in call_next
    raise app_exc from app_exc.__cause__ or app_exc.__context__
  File "D:\Programming Projects\ml-docker-performance\.venv\Lib\site-packages\starlette\middleware\base.py", line 144, in coro
    await self.app(scope, receive_or_disconnect, send_no_error)
  File "D:\Programming Projects\ml-docker-performance\.venv\Lib\site-packages\starlette\middleware\exceptions.py", line 63, in __call__
    await wrap_app_handling_exceptions(self.app, conn)(scope, receive, send)
  File "D:\Programming Projects\ml-docker-performance\.venv\Lib\site-packages\starlette\_exception_handler.py", line 53, in wrapped_app
    raise exc
  File "D:\Programming Projects\ml-docker-performance\.venv\Lib\site-packages\starlette\_exception_handler.py", line 42, in wrapped_app
    await app(scope, receive, sender)
  File "D:\Programming Projects\ml-docker-performance\.venv\Lib\site-packages\fastapi\middleware\asyncexitstack.py", line 18, in __call__
    await self.app(scope, receive, send)
  File "D:\Programming Projects\ml-docker-performance\.venv\Lib\site-packages\starlette\routing.py", line 716, in __call__
    await self.middleware_stack(scope, receive, send)
  File "D:\Programming Projects\ml-docker-performance\.venv\Lib\site-packages\starlette\routing.py", line 736, in app
    await route.handle(scope, receive, send)
  File "D:\Programming Projects\ml-docker-performance\.venv\Lib\site-packages\starlette\routing.py", line 290, in handle
    await self.app(scope, receive, send)
  File "D:\Programming Projects\ml-docker-performance\.venv\Lib\site-packages\fastapi\routing.py", line 120, in app
    await wrap_app_handling_exceptions(app, request)(scope, receive, send)
  File "D:\Programming Projects\ml-docker-performance\.venv\Lib\site-packages\starlette\_exception_handler.py", line 59, in wrapped_app
    response = await handler(conn, exc)
               ^^^^^^^^^^^^^^^^^^^^^^^^
  File "D:\Programming Projects\ml-docker-performance\.venv\Lib\site-packages\fastapi\exception_handlers.py", line 23, in request_validation_exception_handler
    return JSONResponse(
           ^^^^^^^^^^^^^
  File "D:\Programming Projects\ml-docker-performance\.venv\Lib\site-packages\starlette\responses.py", line 189, in __init__
    super().__init__(content, status_code, headers, media_type, background)
  File "D:\Programming Projects\ml-docker-performance\.venv\Lib\site-packages\starlette\responses.py", line 46, in __init__
    self.body = self.render(content)
                ^^^^^^^^^^^^^^^^^^^^
  File "D:\Programming Projects\ml-docker-performance\.venv\Lib\site-packages\starlette\responses.py", line 192, in render
    return json.dumps(
           ^^^^^^^^^^^
  File "C:\Users\admin\AppData\Local\Programs\Python\Python312\Lib\json\__init__.py", line 238, in dumps
    **kw).encode(obj)
          ^^^^^^^^^^^
  File "C:\Users\admin\AppData\Local\Programs\Python\Python312\Lib\json\encoder.py", line 200, in encode
    chunks = self.iterencode(o, _one_shot=True)
             ^^^^^^^^^^^^^^^^^^^^^^^^^^^^^^^^^^
  File "C:\Users\admin\AppData\Local\Programs\Python\Python312\Lib\json\encoder.py", line 258, in iterencode
    return _iterencode(o, 0)
           ^^^^^^^^^^^^^^^^^
ValueError: Out of range float values are not JSON compliant: nan
[2025-12-20 14:06:44] [INFO] REQ: POST /predict - Status: 200 - Czas: 62.88ms
[2025-12-20 14:06:44] [INFO] REQ: POST /predict - Status: 200 - Czas: 62.88ms
[2025-12-20 14:06:44] [INFO] REQ: POST /predict - Status: 200 - Czas: 61.88ms
[2025-12-20 14:06:44] [INFO] REQ: POST /predict - Status: 200 - Czas: 61.88ms
[2025-12-20 14:06:44] [INFO] REQ: POST /predict - Status: 200 - Czas: 61.88ms
[2025-12-20 14:06:44] [INFO] REQ: POST /predict - Status: 200 - Czas: 61.88ms
[2025-12-20 14:06:44] [INFO] REQ: POST /predict - Status: 200 - Czas: 62.86ms
[2025-12-20 14:06:44] [INFO] REQ: POST /predict - Status: 200 - Czas: 62.86ms
[2025-12-20 14:06:44] [INFO] REQ: POST /predict - Status: 200 - Czas: 62.86ms
[2025-12-20 14:06:44] [INFO] REQ: POST /predict - Status: 200 - Czas: 62.36ms
[2025-12-20 14:06:44] [INFO] REQ: POST /predict - Status: 200 - Czas: 62.36ms
[2025-12-20 14:06:44] [INFO] REQ: POST /predict - Status: 200 - Czas: 62.36ms
[2025-12-20 14:06:44] [INFO] REQ: POST /predict - Status: 200 - Czas: 63.36ms
[2025-12-20 14:06:44] [INFO] REQ: POST /predict - Status: 200 - Czas: 63.36ms
[2025-12-20 14:06:44] [INFO] REQ: POST /predict - Status: 200 - Czas: 63.36ms
[2025-12-20 14:06:44] [INFO] REQ: POST /predict - Status: 200 - Czas: 63.36ms
[2025-12-20 14:06:44] [INFO] REQ: POST /predict - Status: 200 - Czas: 63.36ms
[2025-12-20 14:06:44] [INFO] REQ: POST /predict - Status: 200 - Czas: 63.36ms
[2025-12-20 14:06:44] [INFO] REQ: POST /predict - Status: 200 - Czas: 63.36ms
[2025-12-20 14:06:44] [INFO] REQ: POST /predict - Status: 200 - Czas: 63.36ms
[2025-12-20 14:06:44] [INFO] REQ: POST /predict - Status: 200 - Czas: 63.36ms
[2025-12-20 14:06:44] [INFO] REQ: POST /predict - Status: 200 - Czas: 63.36ms
[2025-12-20 14:06:44] [INFO] REQ: POST /predict - Status: 200 - Czas: 63.36ms
[2025-12-20 14:06:44] [INFO] REQ: POST /predict - Status: 200 - Czas: 63.36ms
[2025-12-20 14:06:44] [INFO] REQ: POST /predict - Status: 200 - Czas: 63.36ms
[2025-12-20 14:06:44] [INFO] REQ: POST /predict - Status: 200 - Czas: 63.36ms
[2025-12-20 14:06:44] [INFO] REQ: POST /predict - Status: 200 - Czas: 62.86ms
[2025-12-20 14:06:44] [INFO] REQ: POST /predict - Status: 200 - Czas: 62.86ms
[2025-12-20 14:06:44] [INFO] REQ: POST /predict - Status: 200 - Czas: 64.57ms
[2025-12-20 14:06:44] [INFO] REQ: POST /predict - Status: 200 - Czas: 64.57ms
[2025-12-20 14:06:44] [INFO] REQ: POST /predict - Status: 200 - Czas: 63.04ms
[2025-12-20 14:06:44] [INFO] REQ: POST /predict - Status: 200 - Czas: 64.04ms
[2025-12-20 14:06:44] [INFO] REQ: POST /predict - Status: 200 - Czas: 63.53ms
[2025-12-20 14:06:44] [INFO] REQ: POST /predict - Status: 200 - Czas: 63.53ms
[2025-12-20 14:06:44] [INFO] REQ: POST /predict - Status: 200 - Czas: 63.53ms
[2025-12-20 14:06:44] [INFO] REQ: POST /predict - Status: 200 - Czas: 63.53ms
[2025-12-20 14:06:44] [INFO] REQ: POST /predict - Status: 200 - Czas: 64.53ms
[2025-12-20 14:06:44] [INFO] REQ: POST /predict - Status: 200 - Czas: 64.53ms
[2025-12-20 14:06:44] [INFO] REQ: POST /predict - Status: 200 - Czas: 64.53ms
[2025-12-20 14:06:44] [INFO] REQ: POST /predict - Status: 200 - Czas: 64.53ms
[2025-12-20 14:06:44] [INFO] REQ: POST /predict - Status: 200 - Czas: 64.53ms
[2025-12-20 14:06:44] [INFO] REQ: POST /predict - Status: 200 - Czas: 64.53ms
[2025-12-20 14:06:44] [INFO] REQ: POST /predict - Status: 200 - Czas: 64.53ms
[2025-12-20 14:06:44] [INFO] REQ: POST /predict - Status: 200 - Czas: 64.53ms
[2025-12-20 14:06:44] [INFO] REQ: POST /predict - Status: 200 - Czas: 55.00ms
[2025-12-20 14:06:44] [INFO] REQ: POST /predict - Status: 200 - Czas: 55.00ms
[2025-12-20 14:06:44] [INFO] REQ: POST /predict - Status: 200 - Czas: 55.00ms
[2025-12-20 14:06:44] [INFO] REQ: POST /predict - Status: 200 - Czas: 55.00ms
[2025-12-20 14:06:44] [INFO] REQ: POST /predict - Status: 200 - Czas: 55.00ms
[2025-12-20 14:06:44] [INFO] REQ: POST /predict - Status: 200 - Czas: 54.97ms
[2025-12-20 14:06:44] [INFO] REQ: POST /predict - Status: 200 - Czas: 54.44ms
[2025-12-20 14:06:44] [INFO] REQ: POST /predict - Status: 200 - Czas: 55.94ms
[2025-12-20 14:06:44] [INFO] REQ: POST /predict - Status: 200 - Czas: 54.94ms
[2025-12-20 14:06:44] [INFO] REQ: POST /predict - Status: 200 - Czas: 59.50ms
[2025-12-20 14:06:44] [INFO] REQ: POST /predict - Status: 200 - Czas: 59.50ms
[2025-12-20 14:06:44] [INFO] REQ: POST /predict - Status: 200 - Czas: 59.50ms
[2025-12-20 14:06:44] [INFO] REQ: POST /predict - Status: 200 - Czas: 59.50ms
[2025-12-20 14:06:44] [INFO] REQ: POST /predict - Status: 200 - Czas: 59.50ms
[2025-12-20 14:06:44] [INFO] REQ: POST /predict - Status: 200 - Czas: 59.50ms
[2025-12-20 14:06:44] [INFO] REQ: POST /predict - Status: 200 - Czas: 50.96ms
[2025-12-20 14:06:44] [INFO] REQ: POST /predict - Status: 200 - Czas: 50.96ms
[2025-12-20 14:06:44] [INFO] REQ: POST /predict - Status: 200 - Czas: 50.96ms
[2025-12-20 14:06:44] [INFO] REQ: POST /predict - Status: 200 - Czas: 50.96ms
[2025-12-20 14:06:44] [INFO] REQ: POST /predict - Status: 200 - Czas: 50.96ms
[2025-12-20 14:06:44] [INFO] REQ: POST /predict - Status: 200 - Czas: 50.96ms
[2025-12-20 14:06:44] [INFO] REQ: POST /predict - Status: 200 - Czas: 50.96ms
[2025-12-20 14:06:44] [INFO] REQ: POST /predict - Status: 200 - Czas: 50.96ms
[2025-12-20 14:06:44] [INFO] REQ: POST /predict - Status: 200 - Czas: 50.96ms
[2025-12-20 14:06:44] [INFO] REQ: POST /predict - Status: 200 - Czas: 50.96ms
[2025-12-20 14:06:44] [INFO] REQ: POST /predict - Status: 200 - Czas: 50.96ms
[2025-12-20 14:06:44] [INFO] REQ: POST /predict - Status: 200 - Czas: 52.47ms
[2025-12-20 14:06:44] [INFO] REQ: POST /predict - Status: 200 - Czas: 52.47ms
[2025-12-20 14:06:44] [INFO] REQ: POST /predict - Status: 200 - Czas: 52.47ms
[2025-12-20 14:06:44] [INFO] REQ: POST /predict - Status: 200 - Czas: 51.99ms
[2025-12-20 14:06:44] [INFO] REQ: POST /predict - Status: 200 - Czas: 52.99ms
[2025-12-20 14:06:44] [INFO] REQ: POST /predict - Status: 200 - Czas: 52.99ms
[2025-12-20 14:06:44] [INFO] REQ: POST /predict - Status: 200 - Czas: 52.99ms
[2025-12-20 14:06:44] [INFO] REQ: POST /predict - Status: 200 - Czas: 52.99ms
[2025-12-20 14:06:44] [INFO] REQ: POST /predict - Status: 200 - Czas: 52.99ms
[2025-12-20 14:06:44] [INFO] REQ: POST /predict - Status: 200 - Czas: 48.78ms
[2025-12-20 14:06:44] [INFO] REQ: POST /predict - Status: 200 - Czas: 49.78ms
[2025-12-20 14:06:44] [INFO] REQ: POST /predict - Status: 200 - Czas: 49.78ms
[2025-12-20 14:06:44] [INFO] REQ: POST /predict - Status: 200 - Czas: 50.78ms
[2025-12-20 14:06:44] [INFO] REQ: POST /predict - Status: 200 - Czas: 50.78ms
[2025-12-20 14:06:44] [INFO] REQ: POST /predict - Status: 200 - Czas: 50.78ms
[2025-12-20 14:06:44] [INFO] REQ: POST /predict - Status: 200 - Czas: 50.78ms
[2025-12-20 14:06:44] [INFO] REQ: POST /predict - Status: 200 - Czas: 50.78ms
[2025-12-20 14:06:44] [INFO] REQ: POST /predict - Status: 200 - Czas: 50.78ms
[2025-12-20 14:06:44] [INFO] REQ: POST /predict - Status: 200 - Czas: 50.78ms
[2025-12-20 14:06:44] [INFO] REQ: POST /predict - Status: 200 - Czas: 50.78ms
[2025-12-20 14:06:44] [INFO] REQ: POST /predict - Status: 200 - Czas: 50.78ms
[2025-12-20 14:06:44] [INFO] REQ: POST /predict - Status: 200 - Czas: 51.78ms
[2025-12-20 14:06:44] [INFO] REQ: POST /predict - Status: 200 - Czas: 51.78ms
[2025-12-20 14:06:44] [INFO] REQ: POST /predict - Status: 200 - Czas: 51.78ms
[2025-12-20 14:06:44] [INFO] REQ: POST /predict - Status: 200 - Czas: 49.80ms
[2025-12-20 14:06:44] [INFO] REQ: POST /predict - Status: 200 - Czas: 49.80ms
[2025-12-20 14:06:44] [INFO] REQ: POST /predict - Status: 200 - Czas: 50.81ms
[2025-12-20 14:06:44] [INFO] REQ: POST /predict - Status: 200 - Czas: 50.81ms
[2025-12-20 14:06:44] [INFO] REQ: POST /predict - Status: 200 - Czas: 59.87ms
[2025-12-20 14:06:44] [INFO] REQ: POST /predict - Status: 200 - Czas: 59.87ms
[2025-12-20 14:06:44] [INFO] REQ: POST /predict - Status: 200 - Czas: 59.87ms
[2025-12-20 14:06:44] [INFO] REQ: POST /predict - Status: 200 - Czas: 59.87ms
[2025-12-20 14:06:44] [INFO] REQ: POST /predict - Status: 200 - Czas: 59.87ms
[2025-12-20 14:06:44] [INFO] REQ: POST /predict - Status: 200 - Czas: 59.87ms
[2025-12-20 14:06:44] [INFO] REQ: POST /predict - Status: 200 - Czas: 59.87ms
[2025-12-20 14:06:44] [INFO] REQ: POST /predict - Status: 200 - Czas: 58.86ms
[2025-12-20 14:06:44] [INFO] REQ: POST /predict - Status: 200 - Czas: 58.86ms
[2025-12-20 14:06:44] [INFO] REQ: POST /predict - Status: 200 - Czas: 59.40ms
[2025-12-20 14:06:44] [INFO] REQ: POST /predict - Status: 200 - Czas: 59.40ms
[2025-12-20 14:06:44] [INFO] REQ: POST /predict - Status: 200 - Czas: 59.40ms
[2025-12-20 14:06:44] [INFO] REQ: POST /predict - Status: 200 - Czas: 59.40ms
[2025-12-20 14:06:44] [INFO] REQ: POST /predict - Status: 200 - Czas: 59.40ms
[2025-12-20 14:06:44] [INFO] REQ: POST /predict - Status: 200 - Czas: 59.40ms
[2025-12-20 14:06:44] [INFO] REQ: POST /predict - Status: 200 - Czas: 59.40ms
[2025-12-20 14:06:44] [INFO] REQ: POST /predict - Status: 200 - Czas: 59.40ms
[2025-12-20 14:06:44] [INFO] REQ: POST /predict - Status: 200 - Czas: 59.40ms
[2025-12-20 14:06:44] [INFO] REQ: POST /predict - Status: 200 - Czas: 60.41ms
[2025-12-20 14:06:44] [INFO] REQ: POST /predict - Status: 200 - Czas: 60.41ms
[2025-12-20 14:06:44] [INFO] REQ: POST /predict - Status: 200 - Czas: 60.41ms
[2025-12-20 14:06:44] [INFO] REQ: POST /predict - Status: 200 - Czas: 60.41ms
[2025-12-20 14:06:44] [INFO] REQ: POST /predict - Status: 200 - Czas: 60.41ms
[2025-12-20 14:06:44] [INFO] REQ: POST /predict - Status: 200 - Czas: 60.41ms
[2025-12-20 14:06:44] [INFO] REQ: POST /predict - Status: 200 - Czas: 60.41ms
[2025-12-20 14:06:44] [INFO] REQ: POST /predict - Status: 200 - Czas: 60.41ms
[2025-12-20 14:06:44] [INFO] REQ: POST /predict - Status: 200 - Czas: 60.41ms
[2025-12-20 14:06:44] [INFO] REQ: POST /predict - Status: 200 - Czas: 61.45ms
[2025-12-20 14:06:44] [INFO] REQ: POST /predict - Status: 200 - Czas: 61.45ms
[2025-12-20 14:06:44] [INFO] REQ: POST /predict - Status: 200 - Czas: 61.45ms
[2025-12-20 14:06:44] [INFO] REQ: POST /predict - Status: 200 - Czas: 61.45ms
[2025-12-20 14:06:44] [INFO] REQ: POST /predict - Status: 200 - Czas: 59.41ms
[2025-12-20 14:06:44] [INFO] REQ: POST /predict - Status: 200 - Czas: 59.41ms
[2025-12-20 14:06:44] [INFO] REQ: POST /predict - Status: 200 - Czas: 59.41ms
[2025-12-20 14:06:44] [INFO] REQ: POST /predict - Status: 200 - Czas: 59.41ms
[2025-12-20 14:06:44] [INFO] REQ: POST /predict - Status: 200 - Czas: 59.41ms
[2025-12-20 14:06:44] [INFO] REQ: POST /predict - Status: 200 - Czas: 59.41ms
[2025-12-20 14:06:44] [INFO] REQ: POST /predict - Status: 200 - Czas: 59.41ms
[2025-12-20 14:06:44] [INFO] REQ: POST /predict - Status: 200 - Czas: 59.41ms
[2025-12-20 14:06:44] [INFO] REQ: POST /predict - Status: 200 - Czas: 60.41ms
[2025-12-20 14:06:44] [INFO] REQ: POST /predict - Status: 200 - Czas: 60.41ms
[2025-12-20 14:06:44] [INFO] REQ: POST /predict - Status: 200 - Czas: 60.41ms
[2025-12-20 14:06:44] [INFO] REQ: POST /predict - Status: 200 - Czas: 60.41ms
[2025-12-20 14:06:44] [INFO] REQ: POST /predict - Status: 200 - Czas: 60.41ms
[2025-12-20 14:06:44] [INFO] REQ: POST /predict - Status: 200 - Czas: 60.91ms
[2025-12-20 14:06:44] [INFO] REQ: POST /predict - Status: 200 - Czas: 54.34ms
[2025-12-20 14:06:44] [INFO] REQ: POST /predict - Status: 200 - Czas: 54.34ms
[2025-12-20 14:06:44] [INFO] REQ: POST /predict - Status: 200 - Czas: 54.34ms
[2025-12-20 14:06:44] [INFO] REQ: POST /predict - Status: 200 - Czas: 52.83ms
[2025-12-20 14:06:44] [INFO] REQ: POST /predict - Status: 200 - Czas: 52.83ms
[2025-12-20 14:06:44] [INFO] REQ: POST /predict - Status: 200 - Czas: 53.88ms
[2025-12-20 14:06:44] [INFO] REQ: POST /predict - Status: 200 - Czas: 53.88ms
[2025-12-20 14:06:44] [INFO] REQ: POST /predict - Status: 200 - Czas: 53.88ms
[2025-12-20 14:06:44] [INFO] REQ: POST /predict - Status: 200 - Czas: 53.88ms
[2025-12-20 14:06:44] [INFO] REQ: POST /predict - Status: 200 - Czas: 57.36ms
[2025-12-20 14:06:44] [INFO] REQ: POST /predict - Status: 200 - Czas: 56.36ms
[2025-12-20 14:06:44] [INFO] REQ: POST /predict - Status: 200 - Czas: 56.36ms
[2025-12-20 14:06:44] [INFO] REQ: POST /predict - Status: 200 - Czas: 56.36ms
[2025-12-20 14:06:44] [INFO] REQ: POST /predict - Status: 200 - Czas: 56.36ms
[2025-12-20 14:06:44] [INFO] REQ: POST /predict - Status: 200 - Czas: 57.86ms
[2025-12-20 14:06:44] [INFO] REQ: POST /predict - Status: 200 - Czas: 51.85ms
[2025-12-20 14:06:44] [INFO] REQ: POST /predict - Status: 200 - Czas: 51.85ms
[2025-12-20 14:06:44] [INFO] REQ: POST /predict - Status: 200 - Czas: 51.85ms
[2025-12-20 14:06:44] [INFO] REQ: POST /predict - Status: 200 - Czas: 51.85ms
[2025-12-20 14:06:44] [INFO] REQ: POST /predict - Status: 200 - Czas: 51.85ms
[2025-12-20 14:06:44] [INFO] REQ: POST /predict - Status: 200 - Czas: 51.85ms
[2025-12-20 14:06:44] [INFO] REQ: POST /predict - Status: 200 - Czas: 51.85ms
[2025-12-20 14:06:44] [INFO] REQ: POST /predict - Status: 200 - Czas: 52.86ms
[2025-12-20 14:06:44] [INFO] REQ: POST /predict - Status: 200 - Czas: 52.86ms
[2025-12-20 14:06:44] [INFO] REQ: POST /predict - Status: 200 - Czas: 50.86ms
[2025-12-20 14:06:44] [INFO] REQ: POST /predict - Status: 200 - Czas: 50.86ms
[2025-12-20 14:06:44] [INFO] REQ: POST /predict - Status: 200 - Czas: 50.86ms
[2025-12-20 14:06:44] [INFO] REQ: POST /predict - Status: 200 - Czas: 50.86ms
[2025-12-20 14:06:44] [INFO] REQ: POST /predict - Status: 200 - Czas: 50.86ms
[2025-12-20 14:06:44] [INFO] REQ: POST /predict - Status: 200 - Czas: 50.85ms
[2025-12-20 14:06:44] [INFO] REQ: POST /predict - Status: 200 - Czas: 50.85ms
[2025-12-20 14:06:44] [INFO] REQ: POST /predict - Status: 200 - Czas: 50.85ms
[2025-12-20 14:06:44] [INFO] REQ: POST /predict - Status: 200 - Czas: 50.85ms
[2025-12-20 14:06:44] [INFO] REQ: POST /predict - Status: 200 - Czas: 50.85ms
[2025-12-20 14:06:44] [INFO] REQ: POST /predict - Status: 200 - Czas: 50.85ms
[2025-12-20 14:06:44] [ERROR] Exception in ASGI application
Traceback (most recent call last):
  File "D:\Programming Projects\ml-docker-performance\.venv\Lib\site-packages\starlette\_exception_handler.py", line 42, in wrapped_app
    await app(scope, receive, sender)
  File "D:\Programming Projects\ml-docker-performance\.venv\Lib\site-packages\fastapi\routing.py", line 106, in app
    response = await f(request)
               ^^^^^^^^^^^^^^^^
  File "D:\Programming Projects\ml-docker-performance\.venv\Lib\site-packages\fastapi\routing.py", line 472, in app
    raise validation_error
fastapi.exceptions.RequestValidationError: 1 validation error:
  {'type': 'string_type', 'loc': ('body', 'text'), 'msg': 'Input should be a valid string', 'input': nan}

  File "D:\Programming Projects\ml-docker-performance\app\server_fastapi.py", line 60, in predict_endpoint
    POST /predict

The above exception was the direct cause of the following exception:

Traceback (most recent call last):
  File "D:\Programming Projects\ml-docker-performance\.venv\Lib\site-packages\uvicorn\protocols\http\httptools_impl.py", line 409, in run_asgi
    result = await app(  # type: ignore[func-returns-value]
             ^^^^^^^^^^^^^^^^^^^^^^^^^^^^^^^^^^^^^^^^^^^^^^
  File "D:\Programming Projects\ml-docker-performance\.venv\Lib\site-packages\uvicorn\middleware\proxy_headers.py", line 60, in __call__
    return await self.app(scope, receive, send)
           ^^^^^^^^^^^^^^^^^^^^^^^^^^^^^^^^^^^^
  File "D:\Programming Projects\ml-docker-performance\.venv\Lib\site-packages\fastapi\applications.py", line 1139, in __call__
    await super().__call__(scope, receive, send)
  File "D:\Programming Projects\ml-docker-performance\.venv\Lib\site-packages\starlette\applications.py", line 107, in __call__
    await self.middleware_stack(scope, receive, send)
  File "D:\Programming Projects\ml-docker-performance\.venv\Lib\site-packages\starlette\middleware\errors.py", line 186, in __call__
    raise exc
  File "D:\Programming Projects\ml-docker-performance\.venv\Lib\site-packages\starlette\middleware\errors.py", line 164, in __call__
    await self.app(scope, receive, _send)
  File "D:\Programming Projects\ml-docker-performance\.venv\Lib\site-packages\starlette\middleware\base.py", line 191, in __call__
    with recv_stream, send_stream, collapse_excgroups():
  File "C:\Users\admin\AppData\Local\Programs\Python\Python312\Lib\contextlib.py", line 158, in __exit__
    self.gen.throw(value)
  File "D:\Programming Projects\ml-docker-performance\.venv\Lib\site-packages\starlette\_utils.py", line 85, in collapse_excgroups
    raise exc
  File "D:\Programming Projects\ml-docker-performance\.venv\Lib\site-packages\starlette\middleware\base.py", line 193, in __call__
    response = await self.dispatch_func(request, call_next)
               ^^^^^^^^^^^^^^^^^^^^^^^^^^^^^^^^^^^^^^^^^^^^
  File "D:\Programming Projects\ml-docker-performance\app\server_fastapi.py", line 41, in log_requests
    response: Response = await call_next(request)
                         ^^^^^^^^^^^^^^^^^^^^^^^^
  File "D:\Programming Projects\ml-docker-performance\.venv\Lib\site-packages\starlette\middleware\base.py", line 168, in call_next
    raise app_exc from app_exc.__cause__ or app_exc.__context__
  File "D:\Programming Projects\ml-docker-performance\.venv\Lib\site-packages\starlette\middleware\base.py", line 144, in coro
    await self.app(scope, receive_or_disconnect, send_no_error)
  File "D:\Programming Projects\ml-docker-performance\.venv\Lib\site-packages\starlette\middleware\exceptions.py", line 63, in __call__
    await wrap_app_handling_exceptions(self.app, conn)(scope, receive, send)
  File "D:\Programming Projects\ml-docker-performance\.venv\Lib\site-packages\starlette\_exception_handler.py", line 53, in wrapped_app
    raise exc
  File "D:\Programming Projects\ml-docker-performance\.venv\Lib\site-packages\starlette\_exception_handler.py", line 42, in wrapped_app
    await app(scope, receive, sender)
  File "D:\Programming Projects\ml-docker-performance\.venv\Lib\site-packages\fastapi\middleware\asyncexitstack.py", line 18, in __call__
    await self.app(scope, receive, send)
  File "D:\Programming Projects\ml-docker-performance\.venv\Lib\site-packages\starlette\routing.py", line 716, in __call__
    await self.middleware_stack(scope, receive, send)
  File "D:\Programming Projects\ml-docker-performance\.venv\Lib\site-packages\starlette\routing.py", line 736, in app
    await route.handle(scope, receive, send)
  File "D:\Programming Projects\ml-docker-performance\.venv\Lib\site-packages\starlette\routing.py", line 290, in handle
    await self.app(scope, receive, send)
  File "D:\Programming Projects\ml-docker-performance\.venv\Lib\site-packages\fastapi\routing.py", line 120, in app
    await wrap_app_handling_exceptions(app, request)(scope, receive, send)
  File "D:\Programming Projects\ml-docker-performance\.venv\Lib\site-packages\starlette\_exception_handler.py", line 59, in wrapped_app
    response = await handler(conn, exc)
               ^^^^^^^^^^^^^^^^^^^^^^^^
  File "D:\Programming Projects\ml-docker-performance\.venv\Lib\site-packages\fastapi\exception_handlers.py", line 23, in request_validation_exception_handler
    return JSONResponse(
           ^^^^^^^^^^^^^
  File "D:\Programming Projects\ml-docker-performance\.venv\Lib\site-packages\starlette\responses.py", line 189, in __init__
    super().__init__(content, status_code, headers, media_type, background)
  File "D:\Programming Projects\ml-docker-performance\.venv\Lib\site-packages\starlette\responses.py", line 46, in __init__
    self.body = self.render(content)
                ^^^^^^^^^^^^^^^^^^^^
  File "D:\Programming Projects\ml-docker-performance\.venv\Lib\site-packages\starlette\responses.py", line 192, in render
    return json.dumps(
           ^^^^^^^^^^^
  File "C:\Users\admin\AppData\Local\Programs\Python\Python312\Lib\json\__init__.py", line 238, in dumps
    **kw).encode(obj)
          ^^^^^^^^^^^
  File "C:\Users\admin\AppData\Local\Programs\Python\Python312\Lib\json\encoder.py", line 200, in encode
    chunks = self.iterencode(o, _one_shot=True)
             ^^^^^^^^^^^^^^^^^^^^^^^^^^^^^^^^^^
  File "C:\Users\admin\AppData\Local\Programs\Python\Python312\Lib\json\encoder.py", line 258, in iterencode
    return _iterencode(o, 0)
           ^^^^^^^^^^^^^^^^^
ValueError: Out of range float values are not JSON compliant: nan
[2025-12-20 14:06:44] [INFO] REQ: POST /predict - Status: 200 - Czas: 52.28ms
[2025-12-20 14:06:44] [INFO] REQ: POST /predict - Status: 200 - Czas: 52.28ms
[2025-12-20 14:06:44] [INFO] REQ: POST /predict - Status: 200 - Czas: 52.28ms
[2025-12-20 14:06:44] [INFO] REQ: POST /predict - Status: 200 - Czas: 52.28ms
[2025-12-20 14:06:44] [INFO] REQ: POST /predict - Status: 200 - Czas: 52.28ms
[2025-12-20 14:06:44] [INFO] REQ: POST /predict - Status: 200 - Czas: 52.28ms
[2025-12-20 14:06:44] [INFO] REQ: POST /predict - Status: 200 - Czas: 53.28ms
[2025-12-20 14:06:44] [INFO] REQ: POST /predict - Status: 200 - Czas: 53.28ms
[2025-12-20 14:06:44] [INFO] REQ: POST /predict - Status: 200 - Czas: 53.28ms
[2025-12-20 14:06:44] [INFO] REQ: POST /predict - Status: 200 - Czas: 53.28ms
[2025-12-20 14:06:44] [INFO] REQ: POST /predict - Status: 200 - Czas: 53.28ms
[2025-12-20 14:06:44] [INFO] REQ: POST /predict - Status: 200 - Czas: 53.28ms
[2025-12-20 14:06:44] [INFO] REQ: POST /predict - Status: 200 - Czas: 53.28ms
[2025-12-20 14:06:44] [INFO] REQ: POST /predict - Status: 200 - Czas: 53.28ms
[2025-12-20 14:06:44] [INFO] REQ: POST /predict - Status: 200 - Czas: 52.83ms
[2025-12-20 14:06:44] [INFO] REQ: POST /predict - Status: 200 - Czas: 52.83ms
[2025-12-20 14:06:44] [INFO] REQ: POST /predict - Status: 200 - Czas: 52.83ms
[2025-12-20 14:06:44] [INFO] REQ: POST /predict - Status: 200 - Czas: 52.83ms
[2025-12-20 14:06:44] [INFO] REQ: POST /predict - Status: 200 - Czas: 62.84ms
[2025-12-20 14:06:44] [INFO] REQ: POST /predict - Status: 200 - Czas: 62.84ms
[2025-12-20 14:06:44] [INFO] REQ: POST /predict - Status: 200 - Czas: 62.84ms
[2025-12-20 14:06:44] [INFO] REQ: POST /predict - Status: 200 - Czas: 61.84ms
[2025-12-20 14:06:44] [INFO] REQ: POST /predict - Status: 200 - Czas: 61.84ms
[2025-12-20 14:06:44] [INFO] REQ: POST /predict - Status: 200 - Czas: 61.84ms
[2025-12-20 14:06:44] [INFO] REQ: POST /predict - Status: 200 - Czas: 61.84ms
[2025-12-20 14:06:44] [INFO] REQ: POST /predict - Status: 200 - Czas: 63.35ms
[2025-12-20 14:06:44] [INFO] REQ: POST /predict - Status: 200 - Czas: 63.35ms
[2025-12-20 14:06:44] [INFO] REQ: POST /predict - Status: 200 - Czas: 63.35ms
[2025-12-20 14:06:44] [INFO] REQ: POST /predict - Status: 200 - Czas: 63.35ms
[2025-12-20 14:06:44] [INFO] REQ: POST /predict - Status: 200 - Czas: 63.35ms
[2025-12-20 14:06:44] [INFO] REQ: POST /predict - Status: 200 - Czas: 63.35ms
[2025-12-20 14:06:44] [INFO] REQ: POST /predict - Status: 200 - Czas: 63.35ms
[2025-12-20 14:06:44] [INFO] REQ: POST /predict - Status: 200 - Czas: 64.36ms
[2025-12-20 14:06:44] [INFO] REQ: POST /predict - Status: 200 - Czas: 64.36ms
[2025-12-20 14:06:44] [INFO] REQ: POST /predict - Status: 200 - Czas: 64.36ms
[2025-12-20 14:06:44] [ERROR] Exception in ASGI application
Traceback (most recent call last):
  File "D:\Programming Projects\ml-docker-performance\.venv\Lib\site-packages\starlette\_exception_handler.py", line 42, in wrapped_app
    await app(scope, receive, sender)
  File "D:\Programming Projects\ml-docker-performance\.venv\Lib\site-packages\fastapi\routing.py", line 106, in app
    response = await f(request)
               ^^^^^^^^^^^^^^^^
  File "D:\Programming Projects\ml-docker-performance\.venv\Lib\site-packages\fastapi\routing.py", line 472, in app
    raise validation_error
fastapi.exceptions.RequestValidationError: 1 validation error:
  {'type': 'string_type', 'loc': ('body', 'text'), 'msg': 'Input should be a valid string', 'input': nan}

  File "D:\Programming Projects\ml-docker-performance\app\server_fastapi.py", line 60, in predict_endpoint
    POST /predict

The above exception was the direct cause of the following exception:

Traceback (most recent call last):
  File "D:\Programming Projects\ml-docker-performance\.venv\Lib\site-packages\uvicorn\protocols\http\httptools_impl.py", line 409, in run_asgi
    result = await app(  # type: ignore[func-returns-value]
             ^^^^^^^^^^^^^^^^^^^^^^^^^^^^^^^^^^^^^^^^^^^^^^
  File "D:\Programming Projects\ml-docker-performance\.venv\Lib\site-packages\uvicorn\middleware\proxy_headers.py", line 60, in __call__
    return await self.app(scope, receive, send)
           ^^^^^^^^^^^^^^^^^^^^^^^^^^^^^^^^^^^^
  File "D:\Programming Projects\ml-docker-performance\.venv\Lib\site-packages\fastapi\applications.py", line 1139, in __call__
    await super().__call__(scope, receive, send)
  File "D:\Programming Projects\ml-docker-performance\.venv\Lib\site-packages\starlette\applications.py", line 107, in __call__
    await self.middleware_stack(scope, receive, send)
  File "D:\Programming Projects\ml-docker-performance\.venv\Lib\site-packages\starlette\middleware\errors.py", line 186, in __call__
    raise exc
  File "D:\Programming Projects\ml-docker-performance\.venv\Lib\site-packages\starlette\middleware\errors.py", line 164, in __call__
    await self.app(scope, receive, _send)
  File "D:\Programming Projects\ml-docker-performance\.venv\Lib\site-packages\starlette\middleware\base.py", line 191, in __call__
    with recv_stream, send_stream, collapse_excgroups():
  File "C:\Users\admin\AppData\Local\Programs\Python\Python312\Lib\contextlib.py", line 158, in __exit__
    self.gen.throw(value)
  File "D:\Programming Projects\ml-docker-performance\.venv\Lib\site-packages\starlette\_utils.py", line 85, in collapse_excgroups
    raise exc
  File "D:\Programming Projects\ml-docker-performance\.venv\Lib\site-packages\starlette\middleware\base.py", line 193, in __call__
    response = await self.dispatch_func(request, call_next)
               ^^^^^^^^^^^^^^^^^^^^^^^^^^^^^^^^^^^^^^^^^^^^
  File "D:\Programming Projects\ml-docker-performance\app\server_fastapi.py", line 41, in log_requests
    response: Response = await call_next(request)
                         ^^^^^^^^^^^^^^^^^^^^^^^^
  File "D:\Programming Projects\ml-docker-performance\.venv\Lib\site-packages\starlette\middleware\base.py", line 168, in call_next
    raise app_exc from app_exc.__cause__ or app_exc.__context__
  File "D:\Programming Projects\ml-docker-performance\.venv\Lib\site-packages\starlette\middleware\base.py", line 144, in coro
    await self.app(scope, receive_or_disconnect, send_no_error)
  File "D:\Programming Projects\ml-docker-performance\.venv\Lib\site-packages\starlette\middleware\exceptions.py", line 63, in __call__
    await wrap_app_handling_exceptions(self.app, conn)(scope, receive, send)
  File "D:\Programming Projects\ml-docker-performance\.venv\Lib\site-packages\starlette\_exception_handler.py", line 53, in wrapped_app
    raise exc
  File "D:\Programming Projects\ml-docker-performance\.venv\Lib\site-packages\starlette\_exception_handler.py", line 42, in wrapped_app
    await app(scope, receive, sender)
  File "D:\Programming Projects\ml-docker-performance\.venv\Lib\site-packages\fastapi\middleware\asyncexitstack.py", line 18, in __call__
    await self.app(scope, receive, send)
  File "D:\Programming Projects\ml-docker-performance\.venv\Lib\site-packages\starlette\routing.py", line 716, in __call__
    await self.middleware_stack(scope, receive, send)
  File "D:\Programming Projects\ml-docker-performance\.venv\Lib\site-packages\starlette\routing.py", line 736, in app
    await route.handle(scope, receive, send)
  File "D:\Programming Projects\ml-docker-performance\.venv\Lib\site-packages\starlette\routing.py", line 290, in handle
    await self.app(scope, receive, send)
  File "D:\Programming Projects\ml-docker-performance\.venv\Lib\site-packages\fastapi\routing.py", line 120, in app
    await wrap_app_handling_exceptions(app, request)(scope, receive, send)
  File "D:\Programming Projects\ml-docker-performance\.venv\Lib\site-packages\starlette\_exception_handler.py", line 59, in wrapped_app
    response = await handler(conn, exc)
               ^^^^^^^^^^^^^^^^^^^^^^^^
  File "D:\Programming Projects\ml-docker-performance\.venv\Lib\site-packages\fastapi\exception_handlers.py", line 23, in request_validation_exception_handler
    return JSONResponse(
           ^^^^^^^^^^^^^
  File "D:\Programming Projects\ml-docker-performance\.venv\Lib\site-packages\starlette\responses.py", line 189, in __init__
    super().__init__(content, status_code, headers, media_type, background)
  File "D:\Programming Projects\ml-docker-performance\.venv\Lib\site-packages\starlette\responses.py", line 46, in __init__
    self.body = self.render(content)
                ^^^^^^^^^^^^^^^^^^^^
  File "D:\Programming Projects\ml-docker-performance\.venv\Lib\site-packages\starlette\responses.py", line 192, in render
    return json.dumps(
           ^^^^^^^^^^^
  File "C:\Users\admin\AppData\Local\Programs\Python\Python312\Lib\json\__init__.py", line 238, in dumps
    **kw).encode(obj)
          ^^^^^^^^^^^
  File "C:\Users\admin\AppData\Local\Programs\Python\Python312\Lib\json\encoder.py", line 200, in encode
    chunks = self.iterencode(o, _one_shot=True)
             ^^^^^^^^^^^^^^^^^^^^^^^^^^^^^^^^^^
  File "C:\Users\admin\AppData\Local\Programs\Python\Python312\Lib\json\encoder.py", line 258, in iterencode
    return _iterencode(o, 0)
           ^^^^^^^^^^^^^^^^^
ValueError: Out of range float values are not JSON compliant: nan
[2025-12-20 14:06:44] [INFO] REQ: POST /predict - Status: 200 - Czas: 68.42ms
[2025-12-20 14:06:44] [INFO] REQ: POST /predict - Status: 200 - Czas: 68.42ms
[2025-12-20 14:06:44] [INFO] REQ: POST /predict - Status: 200 - Czas: 68.42ms
[2025-12-20 14:06:44] [INFO] REQ: POST /predict - Status: 200 - Czas: 68.42ms
[2025-12-20 14:06:44] [INFO] REQ: POST /predict - Status: 200 - Czas: 68.42ms
[2025-12-20 14:06:44] [INFO] REQ: POST /predict - Status: 200 - Czas: 68.42ms
[2025-12-20 14:06:44] [INFO] REQ: POST /predict - Status: 200 - Czas: 68.42ms
[2025-12-20 14:06:44] [INFO] REQ: POST /predict - Status: 200 - Czas: 67.42ms
[2025-12-20 14:06:44] [INFO] REQ: POST /predict - Status: 200 - Czas: 67.42ms
[2025-12-20 14:06:44] [INFO] REQ: POST /predict - Status: 200 - Czas: 67.42ms
[2025-12-20 14:06:44] [INFO] REQ: POST /predict - Status: 200 - Czas: 68.93ms
[2025-12-20 14:06:44] [INFO] REQ: POST /predict - Status: 200 - Czas: 68.93ms
[2025-12-20 14:06:44] [INFO] REQ: POST /predict - Status: 200 - Czas: 68.93ms
[2025-12-20 14:06:44] [INFO] REQ: POST /predict - Status: 200 - Czas: 67.37ms
[2025-12-20 14:06:44] [INFO] REQ: POST /predict - Status: 200 - Czas: 67.37ms
[2025-12-20 14:06:44] [INFO] REQ: POST /predict - Status: 200 - Czas: 67.37ms
[2025-12-20 14:06:44] [INFO] REQ: POST /predict - Status: 200 - Czas: 67.37ms
[2025-12-20 14:06:44] [INFO] REQ: POST /predict - Status: 200 - Czas: 67.37ms
[2025-12-20 14:06:44] [INFO] REQ: POST /predict - Status: 200 - Czas: 67.37ms
[2025-12-20 14:06:44] [INFO] REQ: POST /predict - Status: 200 - Czas: 67.37ms
[2025-12-20 14:06:44] [INFO] REQ: POST /predict - Status: 200 - Czas: 68.37ms
[2025-12-20 14:06:44] [INFO] REQ: POST /predict - Status: 200 - Czas: 68.37ms
[2025-12-20 14:06:44] [INFO] REQ: POST /predict - Status: 200 - Czas: 68.37ms
[2025-12-20 14:06:44] [INFO] REQ: POST /predict - Status: 200 - Czas: 68.37ms
[2025-12-20 14:06:44] [INFO] REQ: POST /predict - Status: 200 - Czas: 68.37ms
[2025-12-20 14:06:44] [INFO] REQ: POST /predict - Status: 200 - Czas: 68.88ms
[2025-12-20 14:06:44] [INFO] REQ: POST /predict - Status: 200 - Czas: 68.88ms
[2025-12-20 14:06:44] [INFO] REQ: POST /predict - Status: 200 - Czas: 63.38ms
[2025-12-20 14:06:44] [INFO] REQ: POST /predict - Status: 200 - Czas: 63.38ms
[2025-12-20 14:06:44] [INFO] REQ: POST /predict - Status: 200 - Czas: 63.38ms
[2025-12-20 14:06:44] [INFO] REQ: POST /predict - Status: 200 - Czas: 63.38ms
[2025-12-20 14:06:44] [ERROR] Exception in ASGI application
Traceback (most recent call last):
  File "D:\Programming Projects\ml-docker-performance\.venv\Lib\site-packages\starlette\_exception_handler.py", line 42, in wrapped_app
    await app(scope, receive, sender)
  File "D:\Programming Projects\ml-docker-performance\.venv\Lib\site-packages\fastapi\routing.py", line 106, in app
    response = await f(request)
               ^^^^^^^^^^^^^^^^
  File "D:\Programming Projects\ml-docker-performance\.venv\Lib\site-packages\fastapi\routing.py", line 472, in app
    raise validation_error
fastapi.exceptions.RequestValidationError: 1 validation error:
  {'type': 'string_type', 'loc': ('body', 'text'), 'msg': 'Input should be a valid string', 'input': nan}

  File "D:\Programming Projects\ml-docker-performance\app\server_fastapi.py", line 60, in predict_endpoint
    POST /predict

The above exception was the direct cause of the following exception:

Traceback (most recent call last):
  File "D:\Programming Projects\ml-docker-performance\.venv\Lib\site-packages\uvicorn\protocols\http\httptools_impl.py", line 409, in run_asgi
    result = await app(  # type: ignore[func-returns-value]
             ^^^^^^^^^^^^^^^^^^^^^^^^^^^^^^^^^^^^^^^^^^^^^^
  File "D:\Programming Projects\ml-docker-performance\.venv\Lib\site-packages\uvicorn\middleware\proxy_headers.py", line 60, in __call__
    return await self.app(scope, receive, send)
           ^^^^^^^^^^^^^^^^^^^^^^^^^^^^^^^^^^^^
  File "D:\Programming Projects\ml-docker-performance\.venv\Lib\site-packages\fastapi\applications.py", line 1139, in __call__
    await super().__call__(scope, receive, send)
  File "D:\Programming Projects\ml-docker-performance\.venv\Lib\site-packages\starlette\applications.py", line 107, in __call__
    await self.middleware_stack(scope, receive, send)
  File "D:\Programming Projects\ml-docker-performance\.venv\Lib\site-packages\starlette\middleware\errors.py", line 186, in __call__
    raise exc
  File "D:\Programming Projects\ml-docker-performance\.venv\Lib\site-packages\starlette\middleware\errors.py", line 164, in __call__
    await self.app(scope, receive, _send)
  File "D:\Programming Projects\ml-docker-performance\.venv\Lib\site-packages\starlette\middleware\base.py", line 191, in __call__
    with recv_stream, send_stream, collapse_excgroups():
  File "C:\Users\admin\AppData\Local\Programs\Python\Python312\Lib\contextlib.py", line 158, in __exit__
    self.gen.throw(value)
  File "D:\Programming Projects\ml-docker-performance\.venv\Lib\site-packages\starlette\_utils.py", line 85, in collapse_excgroups
    raise exc
  File "D:\Programming Projects\ml-docker-performance\.venv\Lib\site-packages\starlette\middleware\base.py", line 193, in __call__
    response = await self.dispatch_func(request, call_next)
               ^^^^^^^^^^^^^^^^^^^^^^^^^^^^^^^^^^^^^^^^^^^^
  File "D:\Programming Projects\ml-docker-performance\app\server_fastapi.py", line 41, in log_requests
    response: Response = await call_next(request)
                         ^^^^^^^^^^^^^^^^^^^^^^^^
  File "D:\Programming Projects\ml-docker-performance\.venv\Lib\site-packages\starlette\middleware\base.py", line 168, in call_next
    raise app_exc from app_exc.__cause__ or app_exc.__context__
  File "D:\Programming Projects\ml-docker-performance\.venv\Lib\site-packages\starlette\middleware\base.py", line 144, in coro
    await self.app(scope, receive_or_disconnect, send_no_error)
  File "D:\Programming Projects\ml-docker-performance\.venv\Lib\site-packages\starlette\middleware\exceptions.py", line 63, in __call__
    await wrap_app_handling_exceptions(self.app, conn)(scope, receive, send)
  File "D:\Programming Projects\ml-docker-performance\.venv\Lib\site-packages\starlette\_exception_handler.py", line 53, in wrapped_app
    raise exc
  File "D:\Programming Projects\ml-docker-performance\.venv\Lib\site-packages\starlette\_exception_handler.py", line 42, in wrapped_app
    await app(scope, receive, sender)
  File "D:\Programming Projects\ml-docker-performance\.venv\Lib\site-packages\fastapi\middleware\asyncexitstack.py", line 18, in __call__
    await self.app(scope, receive, send)
  File "D:\Programming Projects\ml-docker-performance\.venv\Lib\site-packages\starlette\routing.py", line 716, in __call__
    await self.middleware_stack(scope, receive, send)
  File "D:\Programming Projects\ml-docker-performance\.venv\Lib\site-packages\starlette\routing.py", line 736, in app
    await route.handle(scope, receive, send)
  File "D:\Programming Projects\ml-docker-performance\.venv\Lib\site-packages\starlette\routing.py", line 290, in handle
    await self.app(scope, receive, send)
  File "D:\Programming Projects\ml-docker-performance\.venv\Lib\site-packages\fastapi\routing.py", line 120, in app
    await wrap_app_handling_exceptions(app, request)(scope, receive, send)
  File "D:\Programming Projects\ml-docker-performance\.venv\Lib\site-packages\starlette\_exception_handler.py", line 59, in wrapped_app
    response = await handler(conn, exc)
               ^^^^^^^^^^^^^^^^^^^^^^^^
  File "D:\Programming Projects\ml-docker-performance\.venv\Lib\site-packages\fastapi\exception_handlers.py", line 23, in request_validation_exception_handler
    return JSONResponse(
           ^^^^^^^^^^^^^
  File "D:\Programming Projects\ml-docker-performance\.venv\Lib\site-packages\starlette\responses.py", line 189, in __init__
    super().__init__(content, status_code, headers, media_type, background)
  File "D:\Programming Projects\ml-docker-performance\.venv\Lib\site-packages\starlette\responses.py", line 46, in __init__
    self.body = self.render(content)
                ^^^^^^^^^^^^^^^^^^^^
  File "D:\Programming Projects\ml-docker-performance\.venv\Lib\site-packages\starlette\responses.py", line 192, in render
    return json.dumps(
           ^^^^^^^^^^^
  File "C:\Users\admin\AppData\Local\Programs\Python\Python312\Lib\json\__init__.py", line 238, in dumps
    **kw).encode(obj)
          ^^^^^^^^^^^
  File "C:\Users\admin\AppData\Local\Programs\Python\Python312\Lib\json\encoder.py", line 200, in encode
    chunks = self.iterencode(o, _one_shot=True)
             ^^^^^^^^^^^^^^^^^^^^^^^^^^^^^^^^^^
  File "C:\Users\admin\AppData\Local\Programs\Python\Python312\Lib\json\encoder.py", line 258, in iterencode
    return _iterencode(o, 0)
           ^^^^^^^^^^^^^^^^^
ValueError: Out of range float values are not JSON compliant: nan
[2025-12-20 14:06:44] [INFO] REQ: POST /predict - Status: 200 - Czas: 64.90ms
[2025-12-20 14:06:44] [INFO] REQ: POST /predict - Status: 200 - Czas: 64.90ms
[2025-12-20 14:06:44] [INFO] REQ: POST /predict - Status: 200 - Czas: 64.90ms
[2025-12-20 14:06:44] [INFO] REQ: POST /predict - Status: 200 - Czas: 64.90ms
[2025-12-20 14:06:44] [INFO] REQ: POST /predict - Status: 200 - Czas: 63.39ms
[2025-12-20 14:06:44] [INFO] REQ: POST /predict - Status: 200 - Czas: 63.39ms
[2025-12-20 14:06:44] [INFO] REQ: POST /predict - Status: 200 - Czas: 63.39ms
[2025-12-20 14:06:44] [INFO] REQ: POST /predict - Status: 200 - Czas: 63.39ms
[2025-12-20 14:06:44] [INFO] REQ: POST /predict - Status: 200 - Czas: 63.39ms
[2025-12-20 14:06:44] [INFO] REQ: POST /predict - Status: 200 - Czas: 63.39ms
[2025-12-20 14:06:44] [INFO] REQ: POST /predict - Status: 200 - Czas: 54.82ms
[2025-12-20 14:06:44] [INFO] REQ: POST /predict - Status: 200 - Czas: 54.82ms
[2025-12-20 14:06:44] [ERROR] Exception in ASGI application
Traceback (most recent call last):
  File "D:\Programming Projects\ml-docker-performance\.venv\Lib\site-packages\starlette\_exception_handler.py", line 42, in wrapped_app
    await app(scope, receive, sender)
  File "D:\Programming Projects\ml-docker-performance\.venv\Lib\site-packages\fastapi\routing.py", line 106, in app
    response = await f(request)
               ^^^^^^^^^^^^^^^^
  File "D:\Programming Projects\ml-docker-performance\.venv\Lib\site-packages\fastapi\routing.py", line 472, in app
    raise validation_error
fastapi.exceptions.RequestValidationError: 1 validation error:
  {'type': 'string_type', 'loc': ('body', 'text'), 'msg': 'Input should be a valid string', 'input': nan}

  File "D:\Programming Projects\ml-docker-performance\app\server_fastapi.py", line 60, in predict_endpoint
    POST /predict

The above exception was the direct cause of the following exception:

Traceback (most recent call last):
  File "D:\Programming Projects\ml-docker-performance\.venv\Lib\site-packages\uvicorn\protocols\http\httptools_impl.py", line 409, in run_asgi
    result = await app(  # type: ignore[func-returns-value]
             ^^^^^^^^^^^^^^^^^^^^^^^^^^^^^^^^^^^^^^^^^^^^^^
  File "D:\Programming Projects\ml-docker-performance\.venv\Lib\site-packages\uvicorn\middleware\proxy_headers.py", line 60, in __call__
    return await self.app(scope, receive, send)
           ^^^^^^^^^^^^^^^^^^^^^^^^^^^^^^^^^^^^
  File "D:\Programming Projects\ml-docker-performance\.venv\Lib\site-packages\fastapi\applications.py", line 1139, in __call__
    await super().__call__(scope, receive, send)
  File "D:\Programming Projects\ml-docker-performance\.venv\Lib\site-packages\starlette\applications.py", line 107, in __call__
    await self.middleware_stack(scope, receive, send)
  File "D:\Programming Projects\ml-docker-performance\.venv\Lib\site-packages\starlette\middleware\errors.py", line 186, in __call__
    raise exc
  File "D:\Programming Projects\ml-docker-performance\.venv\Lib\site-packages\starlette\middleware\errors.py", line 164, in __call__
    await self.app(scope, receive, _send)
  File "D:\Programming Projects\ml-docker-performance\.venv\Lib\site-packages\starlette\middleware\base.py", line 191, in __call__
    with recv_stream, send_stream, collapse_excgroups():
  File "C:\Users\admin\AppData\Local\Programs\Python\Python312\Lib\contextlib.py", line 158, in __exit__
    self.gen.throw(value)
  File "D:\Programming Projects\ml-docker-performance\.venv\Lib\site-packages\starlette\_utils.py", line 85, in collapse_excgroups
    raise exc
  File "D:\Programming Projects\ml-docker-performance\.venv\Lib\site-packages\starlette\middleware\base.py", line 193, in __call__
    response = await self.dispatch_func(request, call_next)
               ^^^^^^^^^^^^^^^^^^^^^^^^^^^^^^^^^^^^^^^^^^^^
  File "D:\Programming Projects\ml-docker-performance\app\server_fastapi.py", line 41, in log_requests
    response: Response = await call_next(request)
                         ^^^^^^^^^^^^^^^^^^^^^^^^
  File "D:\Programming Projects\ml-docker-performance\.venv\Lib\site-packages\starlette\middleware\base.py", line 168, in call_next
    raise app_exc from app_exc.__cause__ or app_exc.__context__
  File "D:\Programming Projects\ml-docker-performance\.venv\Lib\site-packages\starlette\middleware\base.py", line 144, in coro
    await self.app(scope, receive_or_disconnect, send_no_error)
  File "D:\Programming Projects\ml-docker-performance\.venv\Lib\site-packages\starlette\middleware\exceptions.py", line 63, in __call__
    await wrap_app_handling_exceptions(self.app, conn)(scope, receive, send)
  File "D:\Programming Projects\ml-docker-performance\.venv\Lib\site-packages\starlette\_exception_handler.py", line 53, in wrapped_app
    raise exc
  File "D:\Programming Projects\ml-docker-performance\.venv\Lib\site-packages\starlette\_exception_handler.py", line 42, in wrapped_app
    await app(scope, receive, sender)
  File "D:\Programming Projects\ml-docker-performance\.venv\Lib\site-packages\fastapi\middleware\asyncexitstack.py", line 18, in __call__
    await self.app(scope, receive, send)
  File "D:\Programming Projects\ml-docker-performance\.venv\Lib\site-packages\starlette\routing.py", line 716, in __call__
    await self.middleware_stack(scope, receive, send)
  File "D:\Programming Projects\ml-docker-performance\.venv\Lib\site-packages\starlette\routing.py", line 736, in app
    await route.handle(scope, receive, send)
  File "D:\Programming Projects\ml-docker-performance\.venv\Lib\site-packages\starlette\routing.py", line 290, in handle
    await self.app(scope, receive, send)
  File "D:\Programming Projects\ml-docker-performance\.venv\Lib\site-packages\fastapi\routing.py", line 120, in app
    await wrap_app_handling_exceptions(app, request)(scope, receive, send)
  File "D:\Programming Projects\ml-docker-performance\.venv\Lib\site-packages\starlette\_exception_handler.py", line 59, in wrapped_app
    response = await handler(conn, exc)
               ^^^^^^^^^^^^^^^^^^^^^^^^
  File "D:\Programming Projects\ml-docker-performance\.venv\Lib\site-packages\fastapi\exception_handlers.py", line 23, in request_validation_exception_handler
    return JSONResponse(
           ^^^^^^^^^^^^^
  File "D:\Programming Projects\ml-docker-performance\.venv\Lib\site-packages\starlette\responses.py", line 189, in __init__
    super().__init__(content, status_code, headers, media_type, background)
  File "D:\Programming Projects\ml-docker-performance\.venv\Lib\site-packages\starlette\responses.py", line 46, in __init__
    self.body = self.render(content)
                ^^^^^^^^^^^^^^^^^^^^
  File "D:\Programming Projects\ml-docker-performance\.venv\Lib\site-packages\starlette\responses.py", line 192, in render
    return json.dumps(
           ^^^^^^^^^^^
  File "C:\Users\admin\AppData\Local\Programs\Python\Python312\Lib\json\__init__.py", line 238, in dumps
    **kw).encode(obj)
          ^^^^^^^^^^^
  File "C:\Users\admin\AppData\Local\Programs\Python\Python312\Lib\json\encoder.py", line 200, in encode
    chunks = self.iterencode(o, _one_shot=True)
             ^^^^^^^^^^^^^^^^^^^^^^^^^^^^^^^^^^
  File "C:\Users\admin\AppData\Local\Programs\Python\Python312\Lib\json\encoder.py", line 258, in iterencode
    return _iterencode(o, 0)
           ^^^^^^^^^^^^^^^^^
ValueError: Out of range float values are not JSON compliant: nan
[2025-12-20 14:06:44] [INFO] REQ: POST /predict - Status: 200 - Czas: 60.33ms
[2025-12-20 14:06:44] [INFO] REQ: POST /predict - Status: 200 - Czas: 60.33ms
[2025-12-20 14:06:44] [INFO] REQ: POST /predict - Status: 200 - Czas: 60.33ms
[2025-12-20 14:06:44] [INFO] REQ: POST /predict - Status: 200 - Czas: 60.33ms
[2025-12-20 14:06:44] [INFO] REQ: POST /predict - Status: 200 - Czas: 60.33ms
[2025-12-20 14:06:44] [INFO] REQ: POST /predict - Status: 200 - Czas: 60.33ms
[2025-12-20 14:06:44] [INFO] REQ: POST /predict - Status: 200 - Czas: 60.33ms
[2025-12-20 14:06:44] [INFO] REQ: POST /predict - Status: 200 - Czas: 60.33ms
[2025-12-20 14:06:44] [INFO] REQ: POST /predict - Status: 200 - Czas: 61.33ms
[2025-12-20 14:06:44] [INFO] REQ: POST /predict - Status: 200 - Czas: 61.33ms
[2025-12-20 14:06:44] [INFO] REQ: POST /predict - Status: 200 - Czas: 61.33ms
[2025-12-20 14:06:44] [INFO] REQ: POST /predict - Status: 200 - Czas: 61.36ms
[2025-12-20 14:06:44] [INFO] REQ: POST /predict - Status: 200 - Czas: 62.37ms
[2025-12-20 14:06:44] [INFO] REQ: POST /predict - Status: 200 - Czas: 62.37ms
[2025-12-20 14:06:44] [INFO] REQ: POST /predict - Status: 200 - Czas: 62.37ms
[2025-12-20 14:06:44] [INFO] REQ: POST /predict - Status: 200 - Czas: 62.37ms
[2025-12-20 14:06:44] [INFO] REQ: POST /predict - Status: 200 - Czas: 62.37ms
[2025-12-20 14:06:44] [INFO] REQ: POST /predict - Status: 200 - Czas: 54.77ms
[2025-12-20 14:06:44] [INFO] REQ: POST /predict - Status: 200 - Czas: 55.28ms
[2025-12-20 14:06:44] [INFO] REQ: POST /predict - Status: 200 - Czas: 55.28ms
[2025-12-20 14:06:44] [INFO] REQ: POST /predict - Status: 200 - Czas: 55.28ms
[2025-12-20 14:06:44] [INFO] REQ: POST /predict - Status: 200 - Czas: 55.28ms
[2025-12-20 14:06:44] [INFO] REQ: POST /predict - Status: 200 - Czas: 55.28ms
[2025-12-20 14:06:44] [INFO] REQ: POST /predict - Status: 200 - Czas: 55.28ms
[2025-12-20 14:06:44] [INFO] REQ: POST /predict - Status: 200 - Czas: 55.28ms
[2025-12-20 14:06:44] [INFO] REQ: POST /predict - Status: 200 - Czas: 55.28ms
[2025-12-20 14:06:44] [INFO] REQ: POST /predict - Status: 200 - Czas: 55.28ms
[2025-12-20 14:06:44] [INFO] REQ: POST /predict - Status: 200 - Czas: 55.28ms
[2025-12-20 14:06:44] [INFO] REQ: POST /predict - Status: 200 - Czas: 55.28ms
[2025-12-20 14:06:44] [INFO] REQ: POST /predict - Status: 200 - Czas: 55.28ms
[2025-12-20 14:06:44] [INFO] REQ: POST /predict - Status: 200 - Czas: 55.28ms
[2025-12-20 14:06:44] [INFO] REQ: POST /predict - Status: 200 - Czas: 53.73ms
[2025-12-20 14:06:44] [INFO] REQ: POST /predict - Status: 200 - Czas: 53.73ms
[2025-12-20 14:06:44] [INFO] REQ: POST /predict - Status: 200 - Czas: 53.73ms
[2025-12-20 14:06:44] [INFO] REQ: POST /predict - Status: 200 - Czas: 53.73ms
[2025-12-20 14:06:44] [INFO] REQ: POST /predict - Status: 200 - Czas: 60.71ms
[2025-12-20 14:06:44] [INFO] REQ: POST /predict - Status: 200 - Czas: 61.22ms
[2025-12-20 14:06:44] [INFO] REQ: POST /predict - Status: 200 - Czas: 61.22ms
[2025-12-20 14:06:44] [INFO] REQ: POST /predict - Status: 200 - Czas: 60.22ms
[2025-12-20 14:06:44] [INFO] REQ: POST /predict - Status: 200 - Czas: 60.22ms
[2025-12-20 14:06:44] [INFO] REQ: POST /predict - Status: 200 - Czas: 60.22ms
[2025-12-20 14:06:44] [INFO] REQ: POST /predict - Status: 200 - Czas: 60.22ms
[2025-12-20 14:06:44] [INFO] REQ: POST /predict - Status: 200 - Czas: 61.68ms
[2025-12-20 14:06:44] [INFO] REQ: POST /predict - Status: 200 - Czas: 61.68ms
[2025-12-20 14:06:44] [INFO] REQ: POST /predict - Status: 200 - Czas: 62.18ms
[2025-12-20 14:06:44] [INFO] REQ: POST /predict - Status: 200 - Czas: 62.18ms
[2025-12-20 14:06:44] [INFO] REQ: POST /predict - Status: 200 - Czas: 62.18ms
[2025-12-20 14:06:44] [INFO] REQ: POST /predict - Status: 200 - Czas: 62.18ms
[2025-12-20 14:06:44] [INFO] REQ: POST /predict - Status: 200 - Czas: 62.18ms
[2025-12-20 14:06:44] [INFO] REQ: POST /predict - Status: 200 - Czas: 62.18ms
[2025-12-20 14:06:44] [INFO] REQ: POST /predict - Status: 200 - Czas: 62.18ms
[2025-12-20 14:06:44] [INFO] REQ: POST /predict - Status: 200 - Czas: 62.18ms
[2025-12-20 14:06:44] [INFO] REQ: POST /predict - Status: 200 - Czas: 62.18ms
[2025-12-20 14:06:44] [INFO] REQ: POST /predict - Status: 200 - Czas: 63.19ms
[2025-12-20 14:06:44] [INFO] REQ: POST /predict - Status: 200 - Czas: 63.19ms
[2025-12-20 14:06:44] [INFO] REQ: POST /predict - Status: 200 - Czas: 63.19ms
[2025-12-20 14:06:44] [INFO] REQ: POST /predict - Status: 200 - Czas: 63.19ms
[2025-12-20 14:06:44] [INFO] REQ: POST /predict - Status: 200 - Czas: 63.19ms
[2025-12-20 14:06:44] [INFO] REQ: POST /predict - Status: 200 - Czas: 63.19ms
[2025-12-20 14:06:44] [INFO] REQ: POST /predict - Status: 200 - Czas: 63.19ms
[2025-12-20 14:06:44] [INFO] REQ: POST /predict - Status: 200 - Czas: 63.19ms
[2025-12-20 14:06:44] [ERROR] Exception in ASGI application
Traceback (most recent call last):
  File "D:\Programming Projects\ml-docker-performance\.venv\Lib\site-packages\starlette\_exception_handler.py", line 42, in wrapped_app
    await app(scope, receive, sender)
  File "D:\Programming Projects\ml-docker-performance\.venv\Lib\site-packages\fastapi\routing.py", line 106, in app
    response = await f(request)
               ^^^^^^^^^^^^^^^^
  File "D:\Programming Projects\ml-docker-performance\.venv\Lib\site-packages\fastapi\routing.py", line 472, in app
    raise validation_error
fastapi.exceptions.RequestValidationError: 1 validation error:
  {'type': 'string_type', 'loc': ('body', 'text'), 'msg': 'Input should be a valid string', 'input': nan}

  File "D:\Programming Projects\ml-docker-performance\app\server_fastapi.py", line 60, in predict_endpoint
    POST /predict

The above exception was the direct cause of the following exception:

Traceback (most recent call last):
  File "D:\Programming Projects\ml-docker-performance\.venv\Lib\site-packages\uvicorn\protocols\http\httptools_impl.py", line 409, in run_asgi
    result = await app(  # type: ignore[func-returns-value]
             ^^^^^^^^^^^^^^^^^^^^^^^^^^^^^^^^^^^^^^^^^^^^^^
  File "D:\Programming Projects\ml-docker-performance\.venv\Lib\site-packages\uvicorn\middleware\proxy_headers.py", line 60, in __call__
    return await self.app(scope, receive, send)
           ^^^^^^^^^^^^^^^^^^^^^^^^^^^^^^^^^^^^
  File "D:\Programming Projects\ml-docker-performance\.venv\Lib\site-packages\fastapi\applications.py", line 1139, in __call__
    await super().__call__(scope, receive, send)
  File "D:\Programming Projects\ml-docker-performance\.venv\Lib\site-packages\starlette\applications.py", line 107, in __call__
    await self.middleware_stack(scope, receive, send)
  File "D:\Programming Projects\ml-docker-performance\.venv\Lib\site-packages\starlette\middleware\errors.py", line 186, in __call__
    raise exc
  File "D:\Programming Projects\ml-docker-performance\.venv\Lib\site-packages\starlette\middleware\errors.py", line 164, in __call__
    await self.app(scope, receive, _send)
  File "D:\Programming Projects\ml-docker-performance\.venv\Lib\site-packages\starlette\middleware\base.py", line 191, in __call__
    with recv_stream, send_stream, collapse_excgroups():
  File "C:\Users\admin\AppData\Local\Programs\Python\Python312\Lib\contextlib.py", line 158, in __exit__
    self.gen.throw(value)
  File "D:\Programming Projects\ml-docker-performance\.venv\Lib\site-packages\starlette\_utils.py", line 85, in collapse_excgroups
    raise exc
  File "D:\Programming Projects\ml-docker-performance\.venv\Lib\site-packages\starlette\middleware\base.py", line 193, in __call__
    response = await self.dispatch_func(request, call_next)
               ^^^^^^^^^^^^^^^^^^^^^^^^^^^^^^^^^^^^^^^^^^^^
  File "D:\Programming Projects\ml-docker-performance\app\server_fastapi.py", line 41, in log_requests
    response: Response = await call_next(request)
                         ^^^^^^^^^^^^^^^^^^^^^^^^
  File "D:\Programming Projects\ml-docker-performance\.venv\Lib\site-packages\starlette\middleware\base.py", line 168, in call_next
    raise app_exc from app_exc.__cause__ or app_exc.__context__
  File "D:\Programming Projects\ml-docker-performance\.venv\Lib\site-packages\starlette\middleware\base.py", line 144, in coro
    await self.app(scope, receive_or_disconnect, send_no_error)
  File "D:\Programming Projects\ml-docker-performance\.venv\Lib\site-packages\starlette\middleware\exceptions.py", line 63, in __call__
    await wrap_app_handling_exceptions(self.app, conn)(scope, receive, send)
  File "D:\Programming Projects\ml-docker-performance\.venv\Lib\site-packages\starlette\_exception_handler.py", line 53, in wrapped_app
    raise exc
  File "D:\Programming Projects\ml-docker-performance\.venv\Lib\site-packages\starlette\_exception_handler.py", line 42, in wrapped_app
    await app(scope, receive, sender)
  File "D:\Programming Projects\ml-docker-performance\.venv\Lib\site-packages\fastapi\middleware\asyncexitstack.py", line 18, in __call__
    await self.app(scope, receive, send)
  File "D:\Programming Projects\ml-docker-performance\.venv\Lib\site-packages\starlette\routing.py", line 716, in __call__
    await self.middleware_stack(scope, receive, send)
  File "D:\Programming Projects\ml-docker-performance\.venv\Lib\site-packages\starlette\routing.py", line 736, in app
    await route.handle(scope, receive, send)
  File "D:\Programming Projects\ml-docker-performance\.venv\Lib\site-packages\starlette\routing.py", line 290, in handle
    await self.app(scope, receive, send)
  File "D:\Programming Projects\ml-docker-performance\.venv\Lib\site-packages\fastapi\routing.py", line 120, in app
    await wrap_app_handling_exceptions(app, request)(scope, receive, send)
  File "D:\Programming Projects\ml-docker-performance\.venv\Lib\site-packages\starlette\_exception_handler.py", line 59, in wrapped_app
    response = await handler(conn, exc)
               ^^^^^^^^^^^^^^^^^^^^^^^^
  File "D:\Programming Projects\ml-docker-performance\.venv\Lib\site-packages\fastapi\exception_handlers.py", line 23, in request_validation_exception_handler
    return JSONResponse(
           ^^^^^^^^^^^^^
  File "D:\Programming Projects\ml-docker-performance\.venv\Lib\site-packages\starlette\responses.py", line 189, in __init__
    super().__init__(content, status_code, headers, media_type, background)
  File "D:\Programming Projects\ml-docker-performance\.venv\Lib\site-packages\starlette\responses.py", line 46, in __init__
    self.body = self.render(content)
                ^^^^^^^^^^^^^^^^^^^^
  File "D:\Programming Projects\ml-docker-performance\.venv\Lib\site-packages\starlette\responses.py", line 192, in render
    return json.dumps(
           ^^^^^^^^^^^
  File "C:\Users\admin\AppData\Local\Programs\Python\Python312\Lib\json\__init__.py", line 238, in dumps
    **kw).encode(obj)
          ^^^^^^^^^^^
  File "C:\Users\admin\AppData\Local\Programs\Python\Python312\Lib\json\encoder.py", line 200, in encode
    chunks = self.iterencode(o, _one_shot=True)
             ^^^^^^^^^^^^^^^^^^^^^^^^^^^^^^^^^^
  File "C:\Users\admin\AppData\Local\Programs\Python\Python312\Lib\json\encoder.py", line 258, in iterencode
    return _iterencode(o, 0)
           ^^^^^^^^^^^^^^^^^
ValueError: Out of range float values are not JSON compliant: nan
[2025-12-20 14:06:44] [INFO] REQ: POST /predict - Status: 200 - Czas: 71.21ms
[2025-12-20 14:06:44] [INFO] REQ: POST /predict - Status: 200 - Czas: 71.21ms
[2025-12-20 14:06:44] [INFO] REQ: POST /predict - Status: 200 - Czas: 70.20ms
[2025-12-20 14:06:44] [INFO] REQ: POST /predict - Status: 200 - Czas: 70.22ms
[2025-12-20 14:06:44] [INFO] REQ: POST /predict - Status: 200 - Czas: 69.22ms
[2025-12-20 14:06:44] [INFO] REQ: POST /predict - Status: 200 - Czas: 70.22ms
[2025-12-20 14:06:44] [INFO] REQ: POST /predict - Status: 200 - Czas: 70.22ms
[2025-12-20 14:06:44] [INFO] REQ: POST /predict - Status: 200 - Czas: 69.22ms
[2025-12-20 14:06:44] [INFO] REQ: POST /predict - Status: 200 - Czas: 69.22ms
[2025-12-20 14:06:44] [INFO] REQ: POST /predict - Status: 200 - Czas: 69.78ms
[2025-12-20 14:06:44] [INFO] REQ: POST /predict - Status: 200 - Czas: 69.78ms
[2025-12-20 14:06:44] [INFO] REQ: POST /predict - Status: 200 - Czas: 69.78ms
[2025-12-20 14:06:44] [INFO] REQ: POST /predict - Status: 200 - Czas: 69.78ms
[2025-12-20 14:06:44] [INFO] REQ: POST /predict - Status: 200 - Czas: 69.78ms
[2025-12-20 14:06:44] [INFO] REQ: POST /predict - Status: 200 - Czas: 69.78ms
[2025-12-20 14:06:44] [INFO] REQ: POST /predict - Status: 200 - Czas: 69.78ms
[2025-12-20 14:06:44] [INFO] REQ: POST /predict - Status: 200 - Czas: 69.78ms
[2025-12-20 14:06:44] [INFO] REQ: POST /predict - Status: 200 - Czas: 70.78ms
[2025-12-20 14:06:44] [INFO] REQ: POST /predict - Status: 200 - Czas: 58.72ms
[2025-12-20 14:06:44] [INFO] REQ: POST /predict - Status: 200 - Czas: 58.72ms
[2025-12-20 14:06:44] [INFO] REQ: POST /predict - Status: 200 - Czas: 58.72ms
[2025-12-20 14:06:44] [INFO] REQ: POST /predict - Status: 200 - Czas: 59.23ms
[2025-12-20 14:06:44] [INFO] REQ: POST /predict - Status: 200 - Czas: 59.24ms
[2025-12-20 14:06:44] [INFO] REQ: POST /predict - Status: 200 - Czas: 60.24ms
[2025-12-20 14:06:44] [INFO] REQ: POST /predict - Status: 200 - Czas: 60.24ms
[2025-12-20 14:06:44] [INFO] REQ: POST /predict - Status: 200 - Czas: 60.24ms
[2025-12-20 14:06:44] [INFO] REQ: POST /predict - Status: 200 - Czas: 64.28ms
[2025-12-20 14:06:44] [INFO] REQ: POST /predict - Status: 200 - Czas: 64.28ms
[2025-12-20 14:06:44] [INFO] REQ: POST /predict - Status: 200 - Czas: 64.28ms
[2025-12-20 14:06:44] [INFO] REQ: POST /predict - Status: 200 - Czas: 64.28ms
[2025-12-20 14:06:44] [INFO] REQ: POST /predict - Status: 200 - Czas: 65.28ms
[2025-12-20 14:06:44] [INFO] REQ: POST /predict - Status: 200 - Czas: 64.28ms
[2025-12-20 14:06:44] [INFO] REQ: POST /predict - Status: 200 - Czas: 58.28ms
[2025-12-20 14:06:44] [INFO] REQ: POST /predict - Status: 200 - Czas: 58.28ms
[2025-12-20 14:06:44] [INFO] REQ: POST /predict - Status: 200 - Czas: 58.28ms
[2025-12-20 14:06:44] [INFO] REQ: POST /predict - Status: 200 - Czas: 58.28ms
[2025-12-20 14:06:44] [INFO] REQ: POST /predict - Status: 200 - Czas: 58.28ms
[2025-12-20 14:06:44] [INFO] REQ: POST /predict - Status: 200 - Czas: 58.28ms
[2025-12-20 14:06:44] [INFO] REQ: POST /predict - Status: 200 - Czas: 58.28ms
[2025-12-20 14:06:44] [INFO] REQ: POST /predict - Status: 200 - Czas: 58.28ms
[2025-12-20 14:06:44] [INFO] REQ: POST /predict - Status: 200 - Czas: 58.28ms
[2025-12-20 14:06:44] [INFO] REQ: POST /predict - Status: 200 - Czas: 59.28ms
[2025-12-20 14:06:44] [INFO] REQ: POST /predict - Status: 200 - Czas: 59.28ms
[2025-12-20 14:06:44] [INFO] REQ: POST /predict - Status: 200 - Czas: 59.28ms
[2025-12-20 14:06:44] [INFO] REQ: POST /predict - Status: 200 - Czas: 59.28ms
[2025-12-20 14:06:44] [INFO] REQ: POST /predict - Status: 200 - Czas: 58.84ms
[2025-12-20 14:06:44] [INFO] REQ: POST /predict - Status: 200 - Czas: 57.83ms
[2025-12-20 14:06:44] [INFO] REQ: POST /predict - Status: 200 - Czas: 57.83ms
[2025-12-20 14:06:44] [INFO] REQ: POST /predict - Status: 200 - Czas: 57.83ms
[2025-12-20 14:06:44] [INFO] REQ: POST /predict - Status: 200 - Czas: 57.83ms
[2025-12-20 14:06:44] [INFO] REQ: POST /predict - Status: 200 - Czas: 57.83ms
[2025-12-20 14:06:44] [INFO] REQ: POST /predict - Status: 200 - Czas: 57.83ms
[2025-12-20 14:06:44] [INFO] REQ: POST /predict - Status: 200 - Czas: 48.30ms
[2025-12-20 14:06:44] [INFO] REQ: POST /predict - Status: 200 - Czas: 48.30ms
[2025-12-20 14:06:44] [INFO] REQ: POST /predict - Status: 200 - Czas: 49.30ms
[2025-12-20 14:06:44] [INFO] REQ: POST /predict - Status: 200 - Czas: 49.30ms
[2025-12-20 14:06:44] [INFO] REQ: POST /predict - Status: 200 - Czas: 49.30ms
[2025-12-20 14:06:44] [INFO] REQ: POST /predict - Status: 200 - Czas: 49.30ms
[2025-12-20 14:06:44] [INFO] REQ: POST /predict - Status: 200 - Czas: 49.80ms
[2025-12-20 14:06:44] [INFO] REQ: POST /predict - Status: 200 - Czas: 49.80ms
[2025-12-20 14:06:44] [INFO] REQ: POST /predict - Status: 200 - Czas: 49.80ms
[2025-12-20 14:06:44] [INFO] REQ: POST /predict - Status: 200 - Czas: 49.80ms
[2025-12-20 14:06:44] [INFO] REQ: POST /predict - Status: 200 - Czas: 49.80ms
[2025-12-20 14:06:44] [INFO] REQ: POST /predict - Status: 200 - Czas: 49.80ms
[2025-12-20 14:06:44] [INFO] REQ: POST /predict - Status: 200 - Czas: 49.80ms
[2025-12-20 14:06:44] [INFO] REQ: POST /predict - Status: 200 - Czas: 49.80ms
[2025-12-20 14:06:44] [INFO] REQ: POST /predict - Status: 200 - Czas: 48.74ms
[2025-12-20 14:06:44] [INFO] REQ: POST /predict - Status: 200 - Czas: 48.74ms
[2025-12-20 14:06:44] [INFO] REQ: POST /predict - Status: 200 - Czas: 48.74ms
[2025-12-20 14:06:44] [INFO] REQ: POST /predict - Status: 200 - Czas: 49.74ms
[2025-12-20 14:06:44] [INFO] REQ: POST /predict - Status: 200 - Czas: 58.28ms
[2025-12-20 14:06:44] [INFO] REQ: POST /predict - Status: 200 - Czas: 58.28ms
[2025-12-20 14:06:44] [INFO] REQ: POST /predict - Status: 200 - Czas: 58.28ms
[2025-12-20 14:06:44] [INFO] REQ: POST /predict - Status: 200 - Czas: 59.28ms
[2025-12-20 14:06:44] [INFO] REQ: POST /predict - Status: 200 - Czas: 59.28ms
[2025-12-20 14:06:44] [INFO] REQ: POST /predict - Status: 200 - Czas: 58.28ms
[2025-12-20 14:06:44] [INFO] REQ: POST /predict - Status: 200 - Czas: 58.28ms
[2025-12-20 14:06:44] [INFO] REQ: POST /predict - Status: 200 - Czas: 58.28ms
[2025-12-20 14:06:44] [INFO] REQ: POST /predict - Status: 200 - Czas: 59.28ms
[2025-12-20 14:06:44] [INFO] REQ: POST /predict - Status: 200 - Czas: 59.28ms
[2025-12-20 14:06:44] [INFO] REQ: POST /predict - Status: 200 - Czas: 59.28ms
[2025-12-20 14:06:44] [INFO] REQ: POST /predict - Status: 200 - Czas: 59.28ms
[2025-12-20 14:06:44] [INFO] REQ: POST /predict - Status: 200 - Czas: 59.28ms
[2025-12-20 14:06:44] [INFO] REQ: POST /predict - Status: 200 - Czas: 59.28ms
[2025-12-20 14:06:44] [INFO] REQ: POST /predict - Status: 200 - Czas: 59.28ms
[2025-12-20 14:06:44] [INFO] REQ: POST /predict - Status: 200 - Czas: 59.28ms
[2025-12-20 14:06:44] [INFO] REQ: POST /predict - Status: 200 - Czas: 60.28ms
[2025-12-20 14:06:44] [INFO] REQ: POST /predict - Status: 200 - Czas: 60.28ms
[2025-12-20 14:06:44] [INFO] REQ: POST /predict - Status: 200 - Czas: 60.28ms
[2025-12-20 14:06:44] [INFO] REQ: POST /predict - Status: 200 - Czas: 60.28ms
[2025-12-20 14:06:44] [INFO] REQ: POST /predict - Status: 200 - Czas: 60.28ms
[2025-12-20 14:06:44] [INFO] REQ: POST /predict - Status: 200 - Czas: 59.28ms
[2025-12-20 14:06:44] [INFO] REQ: POST /predict - Status: 200 - Czas: 59.28ms
[2025-12-20 14:06:44] [INFO] REQ: POST /predict - Status: 200 - Czas: 59.28ms
[2025-12-20 14:06:44] [INFO] REQ: POST /predict - Status: 200 - Czas: 59.28ms
[2025-12-20 14:06:44] [INFO] REQ: POST /predict - Status: 200 - Czas: 60.29ms
[2025-12-20 14:06:44] [INFO] REQ: POST /predict - Status: 200 - Czas: 60.29ms
[2025-12-20 14:06:44] [INFO] REQ: POST /predict - Status: 200 - Czas: 60.29ms
[2025-12-20 14:06:44] [INFO] REQ: POST /predict - Status: 200 - Czas: 60.29ms
[2025-12-20 14:06:44] [INFO] REQ: POST /predict - Status: 200 - Czas: 60.29ms
[2025-12-20 14:06:44] [INFO] REQ: POST /predict - Status: 200 - Czas: 59.27ms
[2025-12-20 14:06:44] [INFO] REQ: POST /predict - Status: 200 - Czas: 59.27ms
[2025-12-20 14:06:44] [INFO] REQ: POST /predict - Status: 200 - Czas: 59.27ms
[2025-12-20 14:06:44] [INFO] REQ: POST /predict - Status: 200 - Czas: 58.27ms
[2025-12-20 14:06:44] [INFO] REQ: POST /predict - Status: 200 - Czas: 58.27ms
[2025-12-20 14:06:44] [INFO] REQ: POST /predict - Status: 200 - Czas: 58.27ms
[2025-12-20 14:06:44] [INFO] REQ: POST /predict - Status: 200 - Czas: 58.27ms
[2025-12-20 14:06:44] [INFO] REQ: POST /predict - Status: 200 - Czas: 58.27ms
[2025-12-20 14:06:44] [INFO] REQ: POST /predict - Status: 200 - Czas: 59.28ms
[2025-12-20 14:06:44] [INFO] REQ: POST /predict - Status: 200 - Czas: 59.28ms
[2025-12-20 14:06:44] [INFO] REQ: POST /predict - Status: 200 - Czas: 59.28ms
[2025-12-20 14:06:44] [INFO] REQ: POST /predict - Status: 200 - Czas: 59.28ms
[2025-12-20 14:06:44] [INFO] REQ: POST /predict - Status: 200 - Czas: 59.28ms
[2025-12-20 14:06:44] [INFO] REQ: POST /predict - Status: 200 - Czas: 59.28ms
[2025-12-20 14:06:44] [INFO] REQ: POST /predict - Status: 200 - Czas: 59.28ms
[2025-12-20 14:06:44] [INFO] REQ: POST /predict - Status: 200 - Czas: 54.19ms
[2025-12-20 14:06:44] [INFO] REQ: POST /predict - Status: 200 - Czas: 54.19ms
[2025-12-20 14:06:44] [INFO] REQ: POST /predict - Status: 200 - Czas: 54.19ms
[2025-12-20 14:06:44] [INFO] REQ: POST /predict - Status: 200 - Czas: 54.19ms
[2025-12-20 14:06:45] [INFO] REQ: POST /predict - Status: 200 - Czas: 54.73ms
[2025-12-20 14:06:45] [INFO] REQ: POST /predict - Status: 200 - Czas: 54.73ms
[2025-12-20 14:06:45] [INFO] REQ: POST /predict - Status: 200 - Czas: 54.73ms
[2025-12-20 14:06:45] [INFO] REQ: POST /predict - Status: 200 - Czas: 54.73ms
[2025-12-20 14:06:45] [INFO] REQ: POST /predict - Status: 200 - Czas: 58.24ms
[2025-12-20 14:06:45] [INFO] REQ: POST /predict - Status: 200 - Czas: 57.24ms
[2025-12-20 14:06:45] [INFO] REQ: POST /predict - Status: 200 - Czas: 57.24ms
[2025-12-20 14:06:45] [INFO] REQ: POST /predict - Status: 200 - Czas: 57.24ms
[2025-12-20 14:06:45] [INFO] REQ: POST /predict - Status: 200 - Czas: 57.24ms
[2025-12-20 14:06:45] [INFO] REQ: POST /predict - Status: 200 - Czas: 57.24ms
[2025-12-20 14:06:45] [INFO] REQ: POST /predict - Status: 200 - Czas: 57.24ms
[2025-12-20 14:06:45] [INFO] REQ: POST /predict - Status: 200 - Czas: 53.23ms
[2025-12-20 14:06:45] [INFO] REQ: POST /predict - Status: 200 - Czas: 53.23ms
[2025-12-20 14:06:45] [INFO] REQ: POST /predict - Status: 200 - Czas: 53.23ms
[2025-12-20 14:06:45] [INFO] REQ: POST /predict - Status: 200 - Czas: 53.23ms
[2025-12-20 14:06:45] [INFO] REQ: POST /predict - Status: 200 - Czas: 53.23ms
[2025-12-20 14:06:45] [INFO] REQ: POST /predict - Status: 200 - Czas: 54.23ms
[2025-12-20 14:06:45] [INFO] REQ: POST /predict - Status: 200 - Czas: 54.23ms
[2025-12-20 14:06:45] [INFO] REQ: POST /predict - Status: 200 - Czas: 54.23ms
[2025-12-20 14:06:45] [INFO] REQ: POST /predict - Status: 200 - Czas: 52.70ms
[2025-12-20 14:06:45] [INFO] REQ: POST /predict - Status: 200 - Czas: 52.70ms
[2025-12-20 14:06:45] [INFO] REQ: POST /predict - Status: 200 - Czas: 52.70ms
[2025-12-20 14:06:45] [INFO] REQ: POST /predict - Status: 200 - Czas: 52.70ms
[2025-12-20 14:06:45] [INFO] REQ: POST /predict - Status: 200 - Czas: 52.70ms
[2025-12-20 14:06:45] [INFO] REQ: POST /predict - Status: 200 - Czas: 52.26ms
[2025-12-20 14:06:45] [INFO] REQ: POST /predict - Status: 200 - Czas: 52.26ms
[2025-12-20 14:06:45] [INFO] REQ: POST /predict - Status: 200 - Czas: 52.26ms
[2025-12-20 14:06:45] [INFO] REQ: POST /predict - Status: 200 - Czas: 52.26ms
[2025-12-20 14:06:45] [INFO] REQ: POST /predict - Status: 200 - Czas: 52.26ms
[2025-12-20 14:06:45] [INFO] REQ: POST /predict - Status: 200 - Czas: 52.26ms
[2025-12-20 14:06:45] [INFO] REQ: POST /predict - Status: 200 - Czas: 52.26ms
[2025-12-20 14:06:45] [INFO] REQ: POST /predict - Status: 200 - Czas: 48.22ms
[2025-12-20 14:06:45] [INFO] REQ: POST /predict - Status: 200 - Czas: 48.22ms
[2025-12-20 14:06:45] [INFO] REQ: POST /predict - Status: 200 - Czas: 49.22ms
[2025-12-20 14:06:45] [ERROR] Exception in ASGI application
Traceback (most recent call last):
  File "D:\Programming Projects\ml-docker-performance\.venv\Lib\site-packages\starlette\_exception_handler.py", line 42, in wrapped_app
    await app(scope, receive, sender)
  File "D:\Programming Projects\ml-docker-performance\.venv\Lib\site-packages\fastapi\routing.py", line 106, in app
    response = await f(request)
               ^^^^^^^^^^^^^^^^
  File "D:\Programming Projects\ml-docker-performance\.venv\Lib\site-packages\fastapi\routing.py", line 472, in app
    raise validation_error
fastapi.exceptions.RequestValidationError: 1 validation error:
  {'type': 'string_type', 'loc': ('body', 'text'), 'msg': 'Input should be a valid string', 'input': nan}

  File "D:\Programming Projects\ml-docker-performance\app\server_fastapi.py", line 60, in predict_endpoint
    POST /predict

The above exception was the direct cause of the following exception:

Traceback (most recent call last):
  File "D:\Programming Projects\ml-docker-performance\.venv\Lib\site-packages\uvicorn\protocols\http\httptools_impl.py", line 409, in run_asgi
    result = await app(  # type: ignore[func-returns-value]
             ^^^^^^^^^^^^^^^^^^^^^^^^^^^^^^^^^^^^^^^^^^^^^^
  File "D:\Programming Projects\ml-docker-performance\.venv\Lib\site-packages\uvicorn\middleware\proxy_headers.py", line 60, in __call__
    return await self.app(scope, receive, send)
           ^^^^^^^^^^^^^^^^^^^^^^^^^^^^^^^^^^^^
  File "D:\Programming Projects\ml-docker-performance\.venv\Lib\site-packages\fastapi\applications.py", line 1139, in __call__
    await super().__call__(scope, receive, send)
  File "D:\Programming Projects\ml-docker-performance\.venv\Lib\site-packages\starlette\applications.py", line 107, in __call__
    await self.middleware_stack(scope, receive, send)
  File "D:\Programming Projects\ml-docker-performance\.venv\Lib\site-packages\starlette\middleware\errors.py", line 186, in __call__
    raise exc
  File "D:\Programming Projects\ml-docker-performance\.venv\Lib\site-packages\starlette\middleware\errors.py", line 164, in __call__
    await self.app(scope, receive, _send)
  File "D:\Programming Projects\ml-docker-performance\.venv\Lib\site-packages\starlette\middleware\base.py", line 191, in __call__
    with recv_stream, send_stream, collapse_excgroups():
  File "C:\Users\admin\AppData\Local\Programs\Python\Python312\Lib\contextlib.py", line 158, in __exit__
    self.gen.throw(value)
  File "D:\Programming Projects\ml-docker-performance\.venv\Lib\site-packages\starlette\_utils.py", line 85, in collapse_excgroups
    raise exc
  File "D:\Programming Projects\ml-docker-performance\.venv\Lib\site-packages\starlette\middleware\base.py", line 193, in __call__
    response = await self.dispatch_func(request, call_next)
               ^^^^^^^^^^^^^^^^^^^^^^^^^^^^^^^^^^^^^^^^^^^^
  File "D:\Programming Projects\ml-docker-performance\app\server_fastapi.py", line 41, in log_requests
    response: Response = await call_next(request)
                         ^^^^^^^^^^^^^^^^^^^^^^^^
  File "D:\Programming Projects\ml-docker-performance\.venv\Lib\site-packages\starlette\middleware\base.py", line 168, in call_next
    raise app_exc from app_exc.__cause__ or app_exc.__context__
  File "D:\Programming Projects\ml-docker-performance\.venv\Lib\site-packages\starlette\middleware\base.py", line 144, in coro
    await self.app(scope, receive_or_disconnect, send_no_error)
  File "D:\Programming Projects\ml-docker-performance\.venv\Lib\site-packages\starlette\middleware\exceptions.py", line 63, in __call__
    await wrap_app_handling_exceptions(self.app, conn)(scope, receive, send)
  File "D:\Programming Projects\ml-docker-performance\.venv\Lib\site-packages\starlette\_exception_handler.py", line 53, in wrapped_app
    raise exc
  File "D:\Programming Projects\ml-docker-performance\.venv\Lib\site-packages\starlette\_exception_handler.py", line 42, in wrapped_app
    await app(scope, receive, sender)
  File "D:\Programming Projects\ml-docker-performance\.venv\Lib\site-packages\fastapi\middleware\asyncexitstack.py", line 18, in __call__
    await self.app(scope, receive, send)
  File "D:\Programming Projects\ml-docker-performance\.venv\Lib\site-packages\starlette\routing.py", line 716, in __call__
    await self.middleware_stack(scope, receive, send)
  File "D:\Programming Projects\ml-docker-performance\.venv\Lib\site-packages\starlette\routing.py", line 736, in app
    await route.handle(scope, receive, send)
  File "D:\Programming Projects\ml-docker-performance\.venv\Lib\site-packages\starlette\routing.py", line 290, in handle
    await self.app(scope, receive, send)
  File "D:\Programming Projects\ml-docker-performance\.venv\Lib\site-packages\fastapi\routing.py", line 120, in app
    await wrap_app_handling_exceptions(app, request)(scope, receive, send)
  File "D:\Programming Projects\ml-docker-performance\.venv\Lib\site-packages\starlette\_exception_handler.py", line 59, in wrapped_app
    response = await handler(conn, exc)
               ^^^^^^^^^^^^^^^^^^^^^^^^
  File "D:\Programming Projects\ml-docker-performance\.venv\Lib\site-packages\fastapi\exception_handlers.py", line 23, in request_validation_exception_handler
    return JSONResponse(
           ^^^^^^^^^^^^^
  File "D:\Programming Projects\ml-docker-performance\.venv\Lib\site-packages\starlette\responses.py", line 189, in __init__
    super().__init__(content, status_code, headers, media_type, background)
  File "D:\Programming Projects\ml-docker-performance\.venv\Lib\site-packages\starlette\responses.py", line 46, in __init__
    self.body = self.render(content)
                ^^^^^^^^^^^^^^^^^^^^
  File "D:\Programming Projects\ml-docker-performance\.venv\Lib\site-packages\starlette\responses.py", line 192, in render
    return json.dumps(
           ^^^^^^^^^^^
  File "C:\Users\admin\AppData\Local\Programs\Python\Python312\Lib\json\__init__.py", line 238, in dumps
    **kw).encode(obj)
          ^^^^^^^^^^^
  File "C:\Users\admin\AppData\Local\Programs\Python\Python312\Lib\json\encoder.py", line 200, in encode
    chunks = self.iterencode(o, _one_shot=True)
             ^^^^^^^^^^^^^^^^^^^^^^^^^^^^^^^^^^
  File "C:\Users\admin\AppData\Local\Programs\Python\Python312\Lib\json\encoder.py", line 258, in iterencode
    return _iterencode(o, 0)
           ^^^^^^^^^^^^^^^^^
ValueError: Out of range float values are not JSON compliant: nan
[2025-12-20 14:06:45] [INFO] REQ: POST /predict - Status: 200 - Czas: 51.21ms
[2025-12-20 14:06:45] [INFO] REQ: POST /predict - Status: 200 - Czas: 51.21ms
[2025-12-20 14:06:45] [INFO] REQ: POST /predict - Status: 200 - Czas: 51.21ms
[2025-12-20 14:06:45] [INFO] REQ: POST /predict - Status: 200 - Czas: 51.73ms
[2025-12-20 14:06:45] [INFO] REQ: POST /predict - Status: 200 - Czas: 51.73ms
[2025-12-20 14:06:45] [INFO] REQ: POST /predict - Status: 200 - Czas: 51.73ms
[2025-12-20 14:06:45] [INFO] REQ: POST /predict - Status: 200 - Czas: 51.73ms
[2025-12-20 14:06:45] [INFO] REQ: POST /predict - Status: 200 - Czas: 51.73ms
[2025-12-20 14:06:45] [INFO] REQ: POST /predict - Status: 200 - Czas: 51.73ms
[2025-12-20 14:06:45] [INFO] REQ: POST /predict - Status: 200 - Czas: 51.73ms
[2025-12-20 14:06:45] [ERROR] Exception in ASGI application
Traceback (most recent call last):
  File "D:\Programming Projects\ml-docker-performance\.venv\Lib\site-packages\starlette\_exception_handler.py", line 42, in wrapped_app
    await app(scope, receive, sender)
  File "D:\Programming Projects\ml-docker-performance\.venv\Lib\site-packages\fastapi\routing.py", line 106, in app
    response = await f(request)
               ^^^^^^^^^^^^^^^^
  File "D:\Programming Projects\ml-docker-performance\.venv\Lib\site-packages\fastapi\routing.py", line 472, in app
    raise validation_error
fastapi.exceptions.RequestValidationError: 1 validation error:
  {'type': 'string_type', 'loc': ('body', 'text'), 'msg': 'Input should be a valid string', 'input': nan}

  File "D:\Programming Projects\ml-docker-performance\app\server_fastapi.py", line 60, in predict_endpoint
    POST /predict

The above exception was the direct cause of the following exception:

Traceback (most recent call last):
  File "D:\Programming Projects\ml-docker-performance\.venv\Lib\site-packages\uvicorn\protocols\http\httptools_impl.py", line 409, in run_asgi
    result = await app(  # type: ignore[func-returns-value]
             ^^^^^^^^^^^^^^^^^^^^^^^^^^^^^^^^^^^^^^^^^^^^^^
  File "D:\Programming Projects\ml-docker-performance\.venv\Lib\site-packages\uvicorn\middleware\proxy_headers.py", line 60, in __call__
    return await self.app(scope, receive, send)
           ^^^^^^^^^^^^^^^^^^^^^^^^^^^^^^^^^^^^
  File "D:\Programming Projects\ml-docker-performance\.venv\Lib\site-packages\fastapi\applications.py", line 1139, in __call__
    await super().__call__(scope, receive, send)
  File "D:\Programming Projects\ml-docker-performance\.venv\Lib\site-packages\starlette\applications.py", line 107, in __call__
    await self.middleware_stack(scope, receive, send)
  File "D:\Programming Projects\ml-docker-performance\.venv\Lib\site-packages\starlette\middleware\errors.py", line 186, in __call__
    raise exc
  File "D:\Programming Projects\ml-docker-performance\.venv\Lib\site-packages\starlette\middleware\errors.py", line 164, in __call__
    await self.app(scope, receive, _send)
  File "D:\Programming Projects\ml-docker-performance\.venv\Lib\site-packages\starlette\middleware\base.py", line 191, in __call__
    with recv_stream, send_stream, collapse_excgroups():
  File "C:\Users\admin\AppData\Local\Programs\Python\Python312\Lib\contextlib.py", line 158, in __exit__
    self.gen.throw(value)
  File "D:\Programming Projects\ml-docker-performance\.venv\Lib\site-packages\starlette\_utils.py", line 85, in collapse_excgroups
    raise exc
  File "D:\Programming Projects\ml-docker-performance\.venv\Lib\site-packages\starlette\middleware\base.py", line 193, in __call__
    response = await self.dispatch_func(request, call_next)
               ^^^^^^^^^^^^^^^^^^^^^^^^^^^^^^^^^^^^^^^^^^^^
  File "D:\Programming Projects\ml-docker-performance\app\server_fastapi.py", line 41, in log_requests
    response: Response = await call_next(request)
                         ^^^^^^^^^^^^^^^^^^^^^^^^
  File "D:\Programming Projects\ml-docker-performance\.venv\Lib\site-packages\starlette\middleware\base.py", line 168, in call_next
    raise app_exc from app_exc.__cause__ or app_exc.__context__
  File "D:\Programming Projects\ml-docker-performance\.venv\Lib\site-packages\starlette\middleware\base.py", line 144, in coro
    await self.app(scope, receive_or_disconnect, send_no_error)
  File "D:\Programming Projects\ml-docker-performance\.venv\Lib\site-packages\starlette\middleware\exceptions.py", line 63, in __call__
    await wrap_app_handling_exceptions(self.app, conn)(scope, receive, send)
  File "D:\Programming Projects\ml-docker-performance\.venv\Lib\site-packages\starlette\_exception_handler.py", line 53, in wrapped_app
    raise exc
  File "D:\Programming Projects\ml-docker-performance\.venv\Lib\site-packages\starlette\_exception_handler.py", line 42, in wrapped_app
    await app(scope, receive, sender)
  File "D:\Programming Projects\ml-docker-performance\.venv\Lib\site-packages\fastapi\middleware\asyncexitstack.py", line 18, in __call__
    await self.app(scope, receive, send)
  File "D:\Programming Projects\ml-docker-performance\.venv\Lib\site-packages\starlette\routing.py", line 716, in __call__
    await self.middleware_stack(scope, receive, send)
  File "D:\Programming Projects\ml-docker-performance\.venv\Lib\site-packages\starlette\routing.py", line 736, in app
    await route.handle(scope, receive, send)
  File "D:\Programming Projects\ml-docker-performance\.venv\Lib\site-packages\starlette\routing.py", line 290, in handle
    await self.app(scope, receive, send)
  File "D:\Programming Projects\ml-docker-performance\.venv\Lib\site-packages\fastapi\routing.py", line 120, in app
    await wrap_app_handling_exceptions(app, request)(scope, receive, send)
  File "D:\Programming Projects\ml-docker-performance\.venv\Lib\site-packages\starlette\_exception_handler.py", line 59, in wrapped_app
    response = await handler(conn, exc)
               ^^^^^^^^^^^^^^^^^^^^^^^^
  File "D:\Programming Projects\ml-docker-performance\.venv\Lib\site-packages\fastapi\exception_handlers.py", line 23, in request_validation_exception_handler
    return JSONResponse(
           ^^^^^^^^^^^^^
  File "D:\Programming Projects\ml-docker-performance\.venv\Lib\site-packages\starlette\responses.py", line 189, in __init__
    super().__init__(content, status_code, headers, media_type, background)
  File "D:\Programming Projects\ml-docker-performance\.venv\Lib\site-packages\starlette\responses.py", line 46, in __init__
    self.body = self.render(content)
                ^^^^^^^^^^^^^^^^^^^^
  File "D:\Programming Projects\ml-docker-performance\.venv\Lib\site-packages\starlette\responses.py", line 192, in render
    return json.dumps(
           ^^^^^^^^^^^
  File "C:\Users\admin\AppData\Local\Programs\Python\Python312\Lib\json\__init__.py", line 238, in dumps
    **kw).encode(obj)
          ^^^^^^^^^^^
  File "C:\Users\admin\AppData\Local\Programs\Python\Python312\Lib\json\encoder.py", line 200, in encode
    chunks = self.iterencode(o, _one_shot=True)
             ^^^^^^^^^^^^^^^^^^^^^^^^^^^^^^^^^^
  File "C:\Users\admin\AppData\Local\Programs\Python\Python312\Lib\json\encoder.py", line 258, in iterencode
    return _iterencode(o, 0)
           ^^^^^^^^^^^^^^^^^
ValueError: Out of range float values are not JSON compliant: nan
[2025-12-20 14:06:45] [INFO] REQ: POST /predict - Status: 200 - Czas: 53.72ms
[2025-12-20 14:06:45] [INFO] REQ: POST /predict - Status: 200 - Czas: 53.72ms
[2025-12-20 14:06:45] [INFO] REQ: POST /predict - Status: 200 - Czas: 53.72ms
[2025-12-20 14:06:45] [INFO] REQ: POST /predict - Status: 200 - Czas: 59.72ms
[2025-12-20 14:06:45] [INFO] REQ: POST /predict - Status: 200 - Czas: 60.72ms
[2025-12-20 14:06:45] [INFO] REQ: POST /predict - Status: 200 - Czas: 60.72ms
[2025-12-20 14:06:45] [INFO] REQ: POST /predict - Status: 200 - Czas: 60.72ms
[2025-12-20 14:06:45] [INFO] REQ: POST /predict - Status: 200 - Czas: 60.72ms
[2025-12-20 14:06:45] [INFO] REQ: POST /predict - Status: 200 - Czas: 60.72ms
[2025-12-20 14:06:45] [INFO] REQ: POST /predict - Status: 200 - Czas: 60.72ms
[2025-12-20 14:06:45] [INFO] REQ: POST /predict - Status: 200 - Czas: 60.72ms
[2025-12-20 14:06:45] [INFO] REQ: POST /predict - Status: 200 - Czas: 62.25ms
[2025-12-20 14:06:45] [INFO] REQ: POST /predict - Status: 200 - Czas: 62.25ms
[2025-12-20 14:06:45] [INFO] REQ: POST /predict - Status: 200 - Czas: 63.25ms
[2025-12-20 14:06:45] [INFO] REQ: POST /predict - Status: 200 - Czas: 63.25ms
[2025-12-20 14:06:45] [INFO] REQ: POST /predict - Status: 200 - Czas: 63.25ms
[2025-12-20 14:06:45] [INFO] REQ: POST /predict - Status: 200 - Czas: 63.25ms
[2025-12-20 14:06:45] [INFO] REQ: POST /predict - Status: 200 - Czas: 63.25ms
[2025-12-20 14:06:45] [INFO] REQ: POST /predict - Status: 200 - Czas: 63.25ms
[2025-12-20 14:06:45] [INFO] REQ: POST /predict - Status: 200 - Czas: 63.25ms
[2025-12-20 14:06:45] [INFO] REQ: POST /predict - Status: 200 - Czas: 62.24ms
[2025-12-20 14:06:45] [INFO] REQ: POST /predict - Status: 200 - Czas: 62.24ms
[2025-12-20 14:06:45] [INFO] REQ: POST /predict - Status: 200 - Czas: 63.24ms
[2025-12-20 14:06:45] [INFO] REQ: POST /predict - Status: 200 - Czas: 63.24ms
[2025-12-20 14:06:45] [INFO] REQ: POST /predict - Status: 200 - Czas: 63.24ms
[2025-12-20 14:06:45] [INFO] REQ: POST /predict - Status: 200 - Czas: 63.24ms
[2025-12-20 14:06:45] [INFO] REQ: POST /predict - Status: 200 - Czas: 63.24ms
[2025-12-20 14:06:45] [INFO] REQ: POST /predict - Status: 200 - Czas: 63.24ms
[2025-12-20 14:06:45] [INFO] REQ: POST /predict - Status: 200 - Czas: 63.24ms
[2025-12-20 14:06:45] [INFO] REQ: POST /predict - Status: 200 - Czas: 63.24ms
[2025-12-20 14:06:45] [INFO] REQ: POST /predict - Status: 200 - Czas: 64.24ms
[2025-12-20 14:06:45] [INFO] REQ: POST /predict - Status: 200 - Czas: 64.24ms
[2025-12-20 14:06:45] [INFO] REQ: POST /predict - Status: 200 - Czas: 64.24ms
[2025-12-20 14:06:45] [INFO] REQ: POST /predict - Status: 200 - Czas: 61.76ms
[2025-12-20 14:06:45] [INFO] REQ: POST /predict - Status: 200 - Czas: 61.76ms
[2025-12-20 14:06:45] [INFO] REQ: POST /predict - Status: 200 - Czas: 61.76ms
[2025-12-20 14:06:45] [INFO] REQ: POST /predict - Status: 200 - Czas: 61.76ms
[2025-12-20 14:06:45] [INFO] REQ: POST /predict - Status: 200 - Czas: 61.76ms
[2025-12-20 14:06:45] [INFO] REQ: POST /predict - Status: 200 - Czas: 61.76ms
[2025-12-20 14:06:45] [INFO] REQ: POST /predict - Status: 200 - Czas: 61.76ms
[2025-12-20 14:06:45] [INFO] REQ: POST /predict - Status: 200 - Czas: 61.76ms
[2025-12-20 14:06:45] [INFO] REQ: POST /predict - Status: 200 - Czas: 61.76ms
[2025-12-20 14:06:45] [INFO] REQ: POST /predict - Status: 200 - Czas: 62.76ms
[2025-12-20 14:06:45] [INFO] REQ: POST /predict - Status: 200 - Czas: 62.76ms
[2025-12-20 14:06:45] [INFO] REQ: POST /predict - Status: 200 - Czas: 62.76ms
[2025-12-20 14:06:45] [INFO] REQ: POST /predict - Status: 200 - Czas: 62.76ms
[2025-12-20 14:06:45] [INFO] REQ: POST /predict - Status: 200 - Czas: 62.76ms
[2025-12-20 14:06:45] [INFO] REQ: POST /predict - Status: 200 - Czas: 62.76ms
[2025-12-20 14:06:45] [INFO] REQ: POST /predict - Status: 200 - Czas: 56.70ms
[2025-12-20 14:06:45] [INFO] REQ: POST /predict - Status: 200 - Czas: 56.70ms
[2025-12-20 14:06:45] [INFO] REQ: POST /predict - Status: 200 - Czas: 56.70ms
[2025-12-20 14:06:45] [INFO] REQ: POST /predict - Status: 200 - Czas: 56.70ms
[2025-12-20 14:06:45] [INFO] REQ: POST /predict - Status: 200 - Czas: 59.22ms
[2025-12-20 14:06:45] [INFO] REQ: POST /predict - Status: 200 - Czas: 59.22ms
[2025-12-20 14:06:45] [INFO] REQ: POST /predict - Status: 200 - Czas: 59.22ms
[2025-12-20 14:06:45] [INFO] REQ: POST /predict - Status: 200 - Czas: 58.22ms
[2025-12-20 14:06:45] [INFO] REQ: POST /predict - Status: 200 - Czas: 58.74ms
[2025-12-20 14:06:45] [INFO] REQ: POST /predict - Status: 200 - Czas: 58.74ms
[2025-12-20 14:06:45] [INFO] REQ: POST /predict - Status: 200 - Czas: 58.74ms
[2025-12-20 14:06:45] [INFO] REQ: POST /predict - Status: 200 - Czas: 59.74ms
[2025-12-20 14:06:45] [INFO] REQ: POST /predict - Status: 200 - Czas: 59.74ms
[2025-12-20 14:06:45] [INFO] REQ: POST /predict - Status: 200 - Czas: 59.74ms
[2025-12-20 14:06:45] [INFO] REQ: POST /predict - Status: 200 - Czas: 59.74ms
[2025-12-20 14:06:45] [INFO] REQ: POST /predict - Status: 200 - Czas: 52.26ms
[2025-12-20 14:06:45] [INFO] REQ: POST /predict - Status: 200 - Czas: 52.26ms
[2025-12-20 14:06:45] [INFO] REQ: POST /predict - Status: 200 - Czas: 52.26ms
[2025-12-20 14:06:45] [INFO] REQ: POST /predict - Status: 200 - Czas: 52.26ms
[2025-12-20 14:06:45] [INFO] REQ: POST /predict - Status: 200 - Czas: 52.26ms
[2025-12-20 14:06:45] [INFO] REQ: POST /predict - Status: 200 - Czas: 52.26ms
[2025-12-20 14:06:45] [INFO] REQ: POST /predict - Status: 200 - Czas: 52.26ms
[2025-12-20 14:06:45] [INFO] REQ: POST /predict - Status: 200 - Czas: 51.26ms
[2025-12-20 14:06:45] [INFO] REQ: POST /predict - Status: 200 - Czas: 51.26ms
[2025-12-20 14:06:45] [INFO] REQ: POST /predict - Status: 200 - Czas: 52.26ms
[2025-12-20 14:06:45] [INFO] REQ: POST /predict - Status: 200 - Czas: 52.26ms
[2025-12-20 14:06:45] [INFO] REQ: POST /predict - Status: 200 - Czas: 52.26ms
[2025-12-20 14:06:45] [INFO] REQ: POST /predict - Status: 200 - Czas: 52.26ms
[2025-12-20 14:06:45] [INFO] REQ: POST /predict - Status: 200 - Czas: 52.75ms
[2025-12-20 14:06:45] [INFO] REQ: POST /predict - Status: 200 - Czas: 52.75ms
[2025-12-20 14:06:45] [INFO] REQ: POST /predict - Status: 200 - Czas: 53.75ms
[2025-12-20 14:06:45] [INFO] REQ: POST /predict - Status: 200 - Czas: 53.75ms
[2025-12-20 14:06:45] [INFO] REQ: POST /predict - Status: 200 - Czas: 53.75ms
[2025-12-20 14:06:45] [INFO] REQ: POST /predict - Status: 200 - Czas: 53.75ms
[2025-12-20 14:06:45] [INFO] REQ: POST /predict - Status: 200 - Czas: 53.75ms
[2025-12-20 14:06:45] [INFO] REQ: POST /predict - Status: 200 - Czas: 85.92ms
[2025-12-20 14:06:45] [INFO] REQ: POST /predict - Status: 200 - Czas: 85.92ms
[2025-12-20 14:06:45] [INFO] REQ: POST /predict - Status: 200 - Czas: 85.92ms
[2025-12-20 14:06:45] [INFO] REQ: POST /predict - Status: 200 - Czas: 86.92ms
[2025-12-20 14:06:45] [INFO] REQ: POST /predict - Status: 200 - Czas: 86.92ms
[2025-12-20 14:06:45] [INFO] REQ: POST /predict - Status: 200 - Czas: 86.92ms
[2025-12-20 14:06:45] [INFO] REQ: POST /predict - Status: 200 - Czas: 86.92ms
[2025-12-20 14:06:45] [INFO] REQ: POST /predict - Status: 200 - Czas: 86.92ms
[2025-12-20 14:06:45] [INFO] REQ: POST /predict - Status: 200 - Czas: 84.40ms
[2025-12-20 14:06:45] [INFO] REQ: POST /predict - Status: 200 - Czas: 84.40ms
[2025-12-20 14:06:45] [INFO] REQ: POST /predict - Status: 200 - Czas: 84.40ms
[2025-12-20 14:06:45] [INFO] REQ: POST /predict - Status: 200 - Czas: 84.40ms
[2025-12-20 14:06:45] [INFO] REQ: POST /predict - Status: 200 - Czas: 84.40ms
[2025-12-20 14:06:45] [INFO] REQ: POST /predict - Status: 200 - Czas: 85.91ms
[2025-12-20 14:06:45] [INFO] REQ: POST /predict - Status: 200 - Czas: 86.42ms
[2025-12-20 14:06:45] [INFO] REQ: POST /predict - Status: 200 - Czas: 84.91ms
[2025-12-20 14:06:45] [INFO] REQ: POST /predict - Status: 200 - Czas: 93.19ms
[2025-12-20 14:06:45] [INFO] REQ: POST /predict - Status: 200 - Czas: 93.19ms
[2025-12-20 14:06:45] [INFO] REQ: POST /predict - Status: 200 - Czas: 93.19ms
[2025-12-20 14:06:45] [INFO] REQ: POST /predict - Status: 200 - Czas: 93.19ms
[2025-12-20 14:06:45] [INFO] REQ: POST /predict - Status: 200 - Czas: 92.19ms
[2025-12-20 14:06:45] [INFO] REQ: POST /predict - Status: 200 - Czas: 92.19ms
[2025-12-20 14:06:45] [INFO] REQ: POST /predict - Status: 200 - Czas: 93.19ms
[2025-12-20 14:06:45] [INFO] REQ: POST /predict - Status: 200 - Czas: 93.19ms
[2025-12-20 14:06:45] [INFO] REQ: POST /predict - Status: 200 - Czas: 93.19ms
[2025-12-20 14:06:45] [INFO] REQ: POST /predict - Status: 200 - Czas: 96.19ms
[2025-12-20 14:06:45] [INFO] REQ: POST /predict - Status: 200 - Czas: 96.19ms
[2025-12-20 14:06:45] [INFO] REQ: POST /predict - Status: 200 - Czas: 96.19ms
[2025-12-20 14:06:45] [INFO] REQ: POST /predict - Status: 200 - Czas: 96.72ms
[2025-12-20 14:06:45] [INFO] REQ: POST /predict - Status: 200 - Czas: 96.72ms
[2025-12-20 14:06:45] [INFO] REQ: POST /predict - Status: 200 - Czas: 96.72ms
[2025-12-20 14:06:45] [INFO] REQ: POST /predict - Status: 200 - Czas: 96.72ms
[2025-12-20 14:06:45] [INFO] REQ: POST /predict - Status: 200 - Czas: 97.23ms
[2025-12-20 14:06:45] [INFO] REQ: POST /predict - Status: 200 - Czas: 96.24ms
[2025-12-20 14:06:45] [INFO] REQ: POST /predict - Status: 200 - Czas: 96.24ms
[2025-12-20 14:06:45] [INFO] REQ: POST /predict - Status: 200 - Czas: 96.24ms
[2025-12-20 14:06:45] [INFO] REQ: POST /predict - Status: 200 - Czas: 96.24ms
[2025-12-20 14:06:45] [INFO] REQ: POST /predict - Status: 200 - Czas: 96.24ms
[2025-12-20 14:06:45] [INFO] REQ: POST /predict - Status: 200 - Czas: 96.24ms
[2025-12-20 14:06:45] [INFO] REQ: POST /predict - Status: 200 - Czas: 96.24ms
[2025-12-20 14:06:45] [INFO] REQ: POST /predict - Status: 200 - Czas: 96.24ms
[2025-12-20 14:06:45] [INFO] REQ: POST /predict - Status: 200 - Czas: 97.24ms
[2025-12-20 14:06:45] [INFO] REQ: POST /predict - Status: 200 - Czas: 97.24ms
[2025-12-20 14:06:45] [INFO] REQ: POST /predict - Status: 200 - Czas: 97.24ms
[2025-12-20 14:06:45] [INFO] REQ: POST /predict - Status: 200 - Czas: 97.24ms
[2025-12-20 14:06:45] [INFO] REQ: POST /predict - Status: 200 - Czas: 97.24ms
[2025-12-20 14:06:45] [INFO] REQ: POST /predict - Status: 200 - Czas: 97.24ms
[2025-12-20 14:06:45] [INFO] REQ: POST /predict - Status: 200 - Czas: 95.75ms
[2025-12-20 14:06:45] [INFO] REQ: POST /predict - Status: 200 - Czas: 95.75ms
[2025-12-20 14:06:45] [INFO] REQ: POST /predict - Status: 200 - Czas: 95.75ms
[2025-12-20 14:06:45] [INFO] REQ: POST /predict - Status: 200 - Czas: 94.74ms
[2025-12-20 14:06:45] [INFO] REQ: POST /predict - Status: 200 - Czas: 94.74ms
[2025-12-20 14:06:45] [INFO] REQ: POST /predict - Status: 200 - Czas: 94.74ms
[2025-12-20 14:06:45] [INFO] REQ: POST /predict - Status: 200 - Czas: 95.74ms
[2025-12-20 14:06:45] [INFO] REQ: POST /predict - Status: 200 - Czas: 95.74ms
[2025-12-20 14:06:45] [INFO] REQ: POST /predict - Status: 200 - Czas: 95.74ms
[2025-12-20 14:06:45] [INFO] REQ: POST /predict - Status: 200 - Czas: 95.74ms
[2025-12-20 14:06:45] [INFO] REQ: POST /predict - Status: 200 - Czas: 95.74ms
[2025-12-20 14:06:45] [INFO] REQ: POST /predict - Status: 200 - Czas: 95.74ms
[2025-12-20 14:06:45] [INFO] REQ: POST /predict - Status: 200 - Czas: 95.74ms
[2025-12-20 14:06:45] [INFO] REQ: POST /predict - Status: 200 - Czas: 95.74ms
[2025-12-20 14:06:45] [INFO] REQ: POST /predict - Status: 200 - Czas: 95.74ms
[2025-12-20 14:06:45] [INFO] REQ: POST /predict - Status: 200 - Czas: 90.73ms
[2025-12-20 14:06:45] [INFO] REQ: POST /predict - Status: 200 - Czas: 89.22ms
[2025-12-20 14:06:45] [INFO] REQ: POST /predict - Status: 200 - Czas: 89.22ms
[2025-12-20 14:06:45] [INFO] REQ: POST /predict - Status: 200 - Czas: 90.22ms
[2025-12-20 14:06:45] [INFO] REQ: POST /predict - Status: 200 - Czas: 90.22ms
[2025-12-20 14:06:45] [INFO] REQ: POST /predict - Status: 200 - Czas: 89.73ms
[2025-12-20 14:06:45] [INFO] REQ: POST /predict - Status: 200 - Czas: 89.73ms
[2025-12-20 14:06:45] [INFO] REQ: POST /predict - Status: 200 - Czas: 55.54ms
[2025-12-20 14:06:45] [INFO] REQ: POST /predict - Status: 200 - Czas: 55.04ms
[2025-12-20 14:06:45] [INFO] REQ: POST /predict - Status: 200 - Czas: 59.62ms
[2025-12-20 14:06:45] [INFO] REQ: POST /predict - Status: 200 - Czas: 60.13ms
[2025-12-20 14:06:45] [INFO] REQ: POST /predict - Status: 200 - Czas: 60.13ms
[2025-12-20 14:06:45] [INFO] REQ: POST /predict - Status: 200 - Czas: 59.13ms
[2025-12-20 14:06:45] [INFO] REQ: POST /predict - Status: 200 - Czas: 60.13ms
[2025-12-20 14:06:45] [INFO] REQ: POST /predict - Status: 200 - Czas: 60.13ms
[2025-12-20 14:06:45] [INFO] REQ: POST /predict - Status: 200 - Czas: 60.13ms
[2025-12-20 14:06:45] [INFO] REQ: POST /predict - Status: 200 - Czas: 53.37ms
[2025-12-20 14:06:45] [INFO] REQ: POST /predict - Status: 200 - Czas: 53.37ms
[2025-12-20 14:06:45] [INFO] REQ: POST /predict - Status: 200 - Czas: 53.37ms
[2025-12-20 14:06:45] [INFO] REQ: POST /predict - Status: 200 - Czas: 53.37ms
[2025-12-20 14:06:45] [INFO] REQ: POST /predict - Status: 200 - Czas: 53.37ms
[2025-12-20 14:06:45] [INFO] REQ: POST /predict - Status: 200 - Czas: 53.37ms
[2025-12-20 14:06:45] [INFO] REQ: POST /predict - Status: 200 - Czas: 53.37ms
[2025-12-20 14:06:45] [INFO] REQ: POST /predict - Status: 200 - Czas: 53.37ms
[2025-12-20 14:06:45] [INFO] REQ: POST /predict - Status: 200 - Czas: 54.88ms
[2025-12-20 14:06:45] [ERROR] Exception in ASGI application
Traceback (most recent call last):
  File "D:\Programming Projects\ml-docker-performance\.venv\Lib\site-packages\starlette\_exception_handler.py", line 42, in wrapped_app
    await app(scope, receive, sender)
  File "D:\Programming Projects\ml-docker-performance\.venv\Lib\site-packages\fastapi\routing.py", line 106, in app
    response = await f(request)
               ^^^^^^^^^^^^^^^^
  File "D:\Programming Projects\ml-docker-performance\.venv\Lib\site-packages\fastapi\routing.py", line 472, in app
    raise validation_error
fastapi.exceptions.RequestValidationError: 1 validation error:
  {'type': 'string_type', 'loc': ('body', 'text'), 'msg': 'Input should be a valid string', 'input': nan}

  File "D:\Programming Projects\ml-docker-performance\app\server_fastapi.py", line 60, in predict_endpoint
    POST /predict

The above exception was the direct cause of the following exception:

Traceback (most recent call last):
  File "D:\Programming Projects\ml-docker-performance\.venv\Lib\site-packages\uvicorn\protocols\http\httptools_impl.py", line 409, in run_asgi
    result = await app(  # type: ignore[func-returns-value]
             ^^^^^^^^^^^^^^^^^^^^^^^^^^^^^^^^^^^^^^^^^^^^^^
  File "D:\Programming Projects\ml-docker-performance\.venv\Lib\site-packages\uvicorn\middleware\proxy_headers.py", line 60, in __call__
    return await self.app(scope, receive, send)
           ^^^^^^^^^^^^^^^^^^^^^^^^^^^^^^^^^^^^
  File "D:\Programming Projects\ml-docker-performance\.venv\Lib\site-packages\fastapi\applications.py", line 1139, in __call__
    await super().__call__(scope, receive, send)
  File "D:\Programming Projects\ml-docker-performance\.venv\Lib\site-packages\starlette\applications.py", line 107, in __call__
    await self.middleware_stack(scope, receive, send)
  File "D:\Programming Projects\ml-docker-performance\.venv\Lib\site-packages\starlette\middleware\errors.py", line 186, in __call__
    raise exc
  File "D:\Programming Projects\ml-docker-performance\.venv\Lib\site-packages\starlette\middleware\errors.py", line 164, in __call__
    await self.app(scope, receive, _send)
  File "D:\Programming Projects\ml-docker-performance\.venv\Lib\site-packages\starlette\middleware\base.py", line 191, in __call__
    with recv_stream, send_stream, collapse_excgroups():
  File "C:\Users\admin\AppData\Local\Programs\Python\Python312\Lib\contextlib.py", line 158, in __exit__
    self.gen.throw(value)
  File "D:\Programming Projects\ml-docker-performance\.venv\Lib\site-packages\starlette\_utils.py", line 85, in collapse_excgroups
    raise exc
  File "D:\Programming Projects\ml-docker-performance\.venv\Lib\site-packages\starlette\middleware\base.py", line 193, in __call__
    response = await self.dispatch_func(request, call_next)
               ^^^^^^^^^^^^^^^^^^^^^^^^^^^^^^^^^^^^^^^^^^^^
  File "D:\Programming Projects\ml-docker-performance\app\server_fastapi.py", line 41, in log_requests
    response: Response = await call_next(request)
                         ^^^^^^^^^^^^^^^^^^^^^^^^
  File "D:\Programming Projects\ml-docker-performance\.venv\Lib\site-packages\starlette\middleware\base.py", line 168, in call_next
    raise app_exc from app_exc.__cause__ or app_exc.__context__
  File "D:\Programming Projects\ml-docker-performance\.venv\Lib\site-packages\starlette\middleware\base.py", line 144, in coro
    await self.app(scope, receive_or_disconnect, send_no_error)
  File "D:\Programming Projects\ml-docker-performance\.venv\Lib\site-packages\starlette\middleware\exceptions.py", line 63, in __call__
    await wrap_app_handling_exceptions(self.app, conn)(scope, receive, send)
  File "D:\Programming Projects\ml-docker-performance\.venv\Lib\site-packages\starlette\_exception_handler.py", line 53, in wrapped_app
    raise exc
  File "D:\Programming Projects\ml-docker-performance\.venv\Lib\site-packages\starlette\_exception_handler.py", line 42, in wrapped_app
    await app(scope, receive, sender)
  File "D:\Programming Projects\ml-docker-performance\.venv\Lib\site-packages\fastapi\middleware\asyncexitstack.py", line 18, in __call__
    await self.app(scope, receive, send)
  File "D:\Programming Projects\ml-docker-performance\.venv\Lib\site-packages\starlette\routing.py", line 716, in __call__
    await self.middleware_stack(scope, receive, send)
  File "D:\Programming Projects\ml-docker-performance\.venv\Lib\site-packages\starlette\routing.py", line 736, in app
    await route.handle(scope, receive, send)
  File "D:\Programming Projects\ml-docker-performance\.venv\Lib\site-packages\starlette\routing.py", line 290, in handle
    await self.app(scope, receive, send)
  File "D:\Programming Projects\ml-docker-performance\.venv\Lib\site-packages\fastapi\routing.py", line 120, in app
    await wrap_app_handling_exceptions(app, request)(scope, receive, send)
  File "D:\Programming Projects\ml-docker-performance\.venv\Lib\site-packages\starlette\_exception_handler.py", line 59, in wrapped_app
    response = await handler(conn, exc)
               ^^^^^^^^^^^^^^^^^^^^^^^^
  File "D:\Programming Projects\ml-docker-performance\.venv\Lib\site-packages\fastapi\exception_handlers.py", line 23, in request_validation_exception_handler
    return JSONResponse(
           ^^^^^^^^^^^^^
  File "D:\Programming Projects\ml-docker-performance\.venv\Lib\site-packages\starlette\responses.py", line 189, in __init__
    super().__init__(content, status_code, headers, media_type, background)
  File "D:\Programming Projects\ml-docker-performance\.venv\Lib\site-packages\starlette\responses.py", line 46, in __init__
    self.body = self.render(content)
                ^^^^^^^^^^^^^^^^^^^^
  File "D:\Programming Projects\ml-docker-performance\.venv\Lib\site-packages\starlette\responses.py", line 192, in render
    return json.dumps(
           ^^^^^^^^^^^
  File "C:\Users\admin\AppData\Local\Programs\Python\Python312\Lib\json\__init__.py", line 238, in dumps
    **kw).encode(obj)
          ^^^^^^^^^^^
  File "C:\Users\admin\AppData\Local\Programs\Python\Python312\Lib\json\encoder.py", line 200, in encode
    chunks = self.iterencode(o, _one_shot=True)
             ^^^^^^^^^^^^^^^^^^^^^^^^^^^^^^^^^^
  File "C:\Users\admin\AppData\Local\Programs\Python\Python312\Lib\json\encoder.py", line 258, in iterencode
    return _iterencode(o, 0)
           ^^^^^^^^^^^^^^^^^
ValueError: Out of range float values are not JSON compliant: nan
[2025-12-20 14:06:45] [INFO] REQ: POST /predict - Status: 200 - Czas: 56.88ms
[2025-12-20 14:06:45] [INFO] REQ: POST /predict - Status: 200 - Czas: 56.88ms
[2025-12-20 14:06:45] [INFO] REQ: POST /predict - Status: 200 - Czas: 56.88ms
[2025-12-20 14:06:45] [INFO] REQ: POST /predict - Status: 200 - Czas: 56.41ms
[2025-12-20 14:06:45] [INFO] REQ: POST /predict - Status: 200 - Czas: 55.95ms
[2025-12-20 14:06:45] [INFO] REQ: POST /predict - Status: 200 - Czas: 54.95ms
[2025-12-20 14:06:45] [INFO] REQ: POST /predict - Status: 200 - Czas: 54.95ms
[2025-12-20 14:06:45] [INFO] REQ: POST /predict - Status: 200 - Czas: 55.96ms
[2025-12-20 14:06:45] [INFO] REQ: POST /predict - Status: 200 - Czas: 55.96ms
[2025-12-20 14:06:45] [INFO] REQ: POST /predict - Status: 200 - Czas: 55.96ms
[2025-12-20 14:06:45] [INFO] REQ: POST /predict - Status: 200 - Czas: 55.96ms
[2025-12-20 14:06:45] [INFO] REQ: POST /predict - Status: 200 - Czas: 52.34ms
[2025-12-20 14:06:45] [INFO] REQ: POST /predict - Status: 200 - Czas: 52.34ms
[2025-12-20 14:06:45] [INFO] REQ: POST /predict - Status: 200 - Czas: 52.34ms
[2025-12-20 14:06:45] [INFO] REQ: POST /predict - Status: 200 - Czas: 52.34ms
[2025-12-20 14:06:45] [INFO] REQ: POST /predict - Status: 200 - Czas: 52.34ms
[2025-12-20 14:06:45] [INFO] REQ: POST /predict - Status: 200 - Czas: 52.34ms
[2025-12-20 14:06:45] [INFO] REQ: POST /predict - Status: 200 - Czas: 53.34ms
[2025-12-20 14:06:45] [INFO] REQ: POST /predict - Status: 200 - Czas: 53.34ms
[2025-12-20 14:06:45] [INFO] REQ: POST /predict - Status: 200 - Czas: 53.34ms
[2025-12-20 14:06:45] [INFO] REQ: POST /predict - Status: 200 - Czas: 53.34ms
[2025-12-20 14:06:45] [INFO] REQ: POST /predict - Status: 200 - Czas: 53.34ms
[2025-12-20 14:06:45] [INFO] REQ: POST /predict - Status: 200 - Czas: 53.34ms
[2025-12-20 14:06:45] [INFO] REQ: POST /predict - Status: 200 - Czas: 53.34ms
[2025-12-20 14:06:45] [INFO] REQ: POST /predict - Status: 200 - Czas: 52.84ms
[2025-12-20 14:06:45] [INFO] REQ: POST /predict - Status: 200 - Czas: 52.84ms
[2025-12-20 14:06:45] [INFO] REQ: POST /predict - Status: 200 - Czas: 52.84ms
[2025-12-20 14:06:45] [INFO] REQ: POST /predict - Status: 200 - Czas: 61.42ms
[2025-12-20 14:06:45] [INFO] REQ: POST /predict - Status: 200 - Czas: 61.42ms
[2025-12-20 14:06:45] [INFO] REQ: POST /predict - Status: 200 - Czas: 61.42ms
[2025-12-20 14:06:45] [INFO] REQ: POST /predict - Status: 200 - Czas: 62.43ms
[2025-12-20 14:06:45] [INFO] REQ: POST /predict - Status: 200 - Czas: 62.43ms
[2025-12-20 14:06:45] [INFO] REQ: POST /predict - Status: 200 - Czas: 62.43ms
[2025-12-20 14:06:45] [INFO] REQ: POST /predict - Status: 200 - Czas: 61.43ms
[2025-12-20 14:06:45] [INFO] REQ: POST /predict - Status: 200 - Czas: 61.94ms
[2025-12-20 14:06:45] [INFO] REQ: POST /predict - Status: 200 - Czas: 61.94ms
[2025-12-20 14:06:45] [INFO] REQ: POST /predict - Status: 200 - Czas: 60.90ms
[2025-12-20 14:06:45] [INFO] REQ: POST /predict - Status: 200 - Czas: 60.90ms
[2025-12-20 14:06:45] [INFO] REQ: POST /predict - Status: 200 - Czas: 60.90ms
[2025-12-20 14:06:45] [INFO] REQ: POST /predict - Status: 200 - Czas: 60.90ms
[2025-12-20 14:06:45] [INFO] REQ: POST /predict - Status: 200 - Czas: 60.90ms
[2025-12-20 14:06:45] [INFO] REQ: POST /predict - Status: 200 - Czas: 60.90ms
[2025-12-20 14:06:45] [INFO] REQ: POST /predict - Status: 200 - Czas: 61.90ms
[2025-12-20 14:06:45] [INFO] REQ: POST /predict - Status: 200 - Czas: 61.90ms
[2025-12-20 14:06:45] [INFO] REQ: POST /predict - Status: 200 - Czas: 61.90ms
[2025-12-20 14:06:45] [INFO] REQ: POST /predict - Status: 200 - Czas: 61.90ms
[2025-12-20 14:06:45] [INFO] REQ: POST /predict - Status: 200 - Czas: 61.90ms
[2025-12-20 14:06:45] [INFO] REQ: POST /predict - Status: 200 - Czas: 61.90ms
[2025-12-20 14:06:45] [INFO] REQ: POST /predict - Status: 200 - Czas: 61.90ms
[2025-12-20 14:06:45] [INFO] REQ: POST /predict - Status: 200 - Czas: 61.90ms
[2025-12-20 14:06:45] [INFO] REQ: POST /predict - Status: 200 - Czas: 61.90ms
[2025-12-20 14:06:45] [INFO] REQ: POST /predict - Status: 200 - Czas: 62.91ms
[2025-12-20 14:06:45] [INFO] REQ: POST /predict - Status: 200 - Czas: 62.91ms
[2025-12-20 14:06:45] [INFO] REQ: POST /predict - Status: 200 - Czas: 62.91ms
[2025-12-20 14:06:45] [INFO] REQ: POST /predict - Status: 200 - Czas: 62.91ms
[2025-12-20 14:06:45] [INFO] REQ: POST /predict - Status: 200 - Czas: 62.91ms
[2025-12-20 14:06:45] [INFO] REQ: POST /predict - Status: 200 - Czas: 62.91ms
[2025-12-20 14:06:45] [INFO] REQ: POST /predict - Status: 200 - Czas: 62.91ms
[2025-12-20 14:06:45] [INFO] REQ: POST /predict - Status: 200 - Czas: 59.83ms
[2025-12-20 14:06:45] [INFO] REQ: POST /predict - Status: 200 - Czas: 60.84ms
[2025-12-20 14:06:45] [INFO] REQ: POST /predict - Status: 200 - Czas: 60.84ms
[2025-12-20 14:06:45] [INFO] REQ: POST /predict - Status: 200 - Czas: 60.84ms
[2025-12-20 14:06:45] [INFO] REQ: POST /predict - Status: 200 - Czas: 60.84ms
[2025-12-20 14:06:45] [INFO] REQ: POST /predict - Status: 200 - Czas: 60.84ms
[2025-12-20 14:06:45] [INFO] REQ: POST /predict - Status: 200 - Czas: 61.38ms
[2025-12-20 14:06:45] [INFO] REQ: POST /predict - Status: 200 - Czas: 61.38ms
[2025-12-20 14:06:45] [INFO] REQ: POST /predict - Status: 200 - Czas: 61.38ms
[2025-12-20 14:06:45] [INFO] REQ: POST /predict - Status: 200 - Czas: 61.38ms
[2025-12-20 14:06:45] [INFO] REQ: POST /predict - Status: 200 - Czas: 61.38ms
[2025-12-20 14:06:45] [INFO] REQ: POST /predict - Status: 200 - Czas: 61.38ms
[2025-12-20 14:06:45] [INFO] REQ: POST /predict - Status: 200 - Czas: 61.38ms
[2025-12-20 14:06:45] [INFO] REQ: POST /predict - Status: 200 - Czas: 61.38ms
[2025-12-20 14:06:45] [INFO] REQ: POST /predict - Status: 200 - Czas: 61.38ms
[2025-12-20 14:06:45] [INFO] REQ: POST /predict - Status: 200 - Czas: 53.38ms
[2025-12-20 14:06:45] [INFO] REQ: POST /predict - Status: 200 - Czas: 52.37ms
[2025-12-20 14:06:45] [INFO] REQ: POST /predict - Status: 200 - Czas: 52.37ms
[2025-12-20 14:06:45] [INFO] REQ: POST /predict - Status: 200 - Czas: 53.37ms
[2025-12-20 14:06:45] [INFO] REQ: POST /predict - Status: 200 - Czas: 53.37ms
[2025-12-20 14:06:45] [INFO] REQ: POST /predict - Status: 200 - Czas: 55.33ms
[2025-12-20 14:06:45] [INFO] REQ: POST /predict - Status: 200 - Czas: 55.33ms
[2025-12-20 14:06:45] [INFO] REQ: POST /predict - Status: 200 - Czas: 55.33ms
[2025-12-20 14:06:45] [INFO] REQ: POST /predict - Status: 200 - Czas: 55.33ms
[2025-12-20 14:06:45] [INFO] REQ: POST /predict - Status: 200 - Czas: 55.88ms
[2025-12-20 14:06:45] [INFO] REQ: POST /predict - Status: 200 - Czas: 56.89ms
[2025-12-20 14:06:45] [INFO] REQ: POST /predict - Status: 200 - Czas: 56.89ms
[2025-12-20 14:06:45] [INFO] REQ: POST /predict - Status: 200 - Czas: 56.89ms
[2025-12-20 14:06:45] [INFO] REQ: POST /predict - Status: 200 - Czas: 56.89ms
[2025-12-20 14:06:45] [INFO] REQ: POST /predict - Status: 200 - Czas: 56.89ms
[2025-12-20 14:06:45] [INFO] REQ: POST /predict - Status: 200 - Czas: 56.40ms
[2025-12-20 14:06:45] [INFO] REQ: POST /predict - Status: 200 - Czas: 52.81ms
[2025-12-20 14:06:45] [INFO] REQ: POST /predict - Status: 200 - Czas: 52.81ms
[2025-12-20 14:06:45] [INFO] REQ: POST /predict - Status: 200 - Czas: 53.35ms
[2025-12-20 14:06:45] [INFO] REQ: POST /predict - Status: 200 - Czas: 53.35ms
[2025-12-20 14:06:45] [INFO] REQ: POST /predict - Status: 200 - Czas: 53.35ms
[2025-12-20 14:06:45] [INFO] REQ: POST /predict - Status: 200 - Czas: 53.35ms
[2025-12-20 14:06:45] [INFO] REQ: POST /predict - Status: 200 - Czas: 53.35ms
[2025-12-20 14:06:45] [INFO] REQ: POST /predict - Status: 200 - Czas: 53.86ms
[2025-12-20 14:06:45] [INFO] REQ: POST /predict - Status: 200 - Czas: 53.86ms
[2025-12-20 14:06:45] [INFO] REQ: POST /predict - Status: 200 - Czas: 51.36ms
[2025-12-20 14:06:45] [INFO] REQ: POST /predict - Status: 200 - Czas: 51.36ms
[2025-12-20 14:06:45] [INFO] REQ: POST /predict - Status: 200 - Czas: 51.36ms
[2025-12-20 14:06:45] [INFO] REQ: POST /predict - Status: 200 - Czas: 51.33ms
[2025-12-20 14:06:45] [INFO] REQ: POST /predict - Status: 200 - Czas: 51.33ms
[2025-12-20 14:06:45] [INFO] REQ: POST /predict - Status: 200 - Czas: 51.33ms
[2025-12-20 14:06:45] [INFO] REQ: POST /predict - Status: 200 - Czas: 51.33ms
[2025-12-20 14:06:45] [INFO] REQ: POST /predict - Status: 200 - Czas: 51.33ms
[2025-12-20 14:06:45] [INFO] REQ: POST /predict - Status: 200 - Czas: 52.34ms
[2025-12-20 14:06:45] [INFO] REQ: POST /predict - Status: 200 - Czas: 52.34ms
[2025-12-20 14:06:45] [INFO] REQ: POST /predict - Status: 200 - Czas: 52.34ms
[2025-12-20 14:06:45] [INFO] REQ: POST /predict - Status: 200 - Czas: 47.32ms
[2025-12-20 14:06:45] [INFO] REQ: POST /predict - Status: 200 - Czas: 47.32ms
[2025-12-20 14:06:45] [INFO] REQ: POST /predict - Status: 200 - Czas: 47.32ms
[2025-12-20 14:06:45] [INFO] REQ: POST /predict - Status: 200 - Czas: 47.32ms
[2025-12-20 14:06:45] [INFO] REQ: POST /predict - Status: 200 - Czas: 47.32ms
[2025-12-20 14:06:45] [INFO] REQ: POST /predict - Status: 200 - Czas: 48.83ms
[2025-12-20 14:06:45] [INFO] REQ: POST /predict - Status: 200 - Czas: 48.83ms
[2025-12-20 14:06:45] [INFO] REQ: POST /predict - Status: 200 - Czas: 48.83ms
[2025-12-20 14:06:45] [INFO] REQ: POST /predict - Status: 200 - Czas: 48.83ms
[2025-12-20 14:06:45] [INFO] REQ: POST /predict - Status: 200 - Czas: 49.38ms
[2025-12-20 14:06:45] [INFO] REQ: POST /predict - Status: 200 - Czas: 49.38ms
[2025-12-20 14:06:45] [INFO] REQ: POST /predict - Status: 200 - Czas: 49.38ms
[2025-12-20 14:06:45] [INFO] REQ: POST /predict - Status: 200 - Czas: 49.38ms
[2025-12-20 14:06:45] [INFO] REQ: POST /predict - Status: 200 - Czas: 49.81ms
[2025-12-20 14:06:45] [INFO] REQ: POST /predict - Status: 200 - Czas: 49.81ms
[2025-12-20 14:06:45] [INFO] REQ: POST /predict - Status: 200 - Czas: 49.81ms
[2025-12-20 14:06:45] [INFO] REQ: POST /predict - Status: 200 - Czas: 56.86ms
[2025-12-20 14:06:45] [INFO] REQ: POST /predict - Status: 200 - Czas: 56.86ms
[2025-12-20 14:06:45] [INFO] REQ: POST /predict - Status: 200 - Czas: 56.86ms
[2025-12-20 14:06:45] [INFO] REQ: POST /predict - Status: 200 - Czas: 56.86ms
[2025-12-20 14:06:45] [INFO] REQ: POST /predict - Status: 200 - Czas: 55.86ms
[2025-12-20 14:06:45] [INFO] REQ: POST /predict - Status: 200 - Czas: 55.86ms
[2025-12-20 14:06:45] [INFO] REQ: POST /predict - Status: 200 - Czas: 56.86ms
[2025-12-20 14:06:45] [INFO] REQ: POST /predict - Status: 200 - Czas: 56.86ms
[2025-12-20 14:06:45] [INFO] REQ: POST /predict - Status: 200 - Czas: 56.86ms
[2025-12-20 14:06:45] [INFO] REQ: POST /predict - Status: 200 - Czas: 57.79ms
[2025-12-20 14:06:45] [INFO] REQ: POST /predict - Status: 200 - Czas: 57.79ms
[2025-12-20 14:06:45] [INFO] REQ: POST /predict - Status: 200 - Czas: 59.35ms
[2025-12-20 14:06:45] [INFO] REQ: POST /predict - Status: 200 - Czas: 59.35ms
[2025-12-20 14:06:45] [INFO] REQ: POST /predict - Status: 200 - Czas: 59.35ms
[2025-12-20 14:06:45] [INFO] REQ: POST /predict - Status: 200 - Czas: 59.35ms
[2025-12-20 14:06:45] [INFO] REQ: POST /predict - Status: 200 - Czas: 59.35ms
[2025-12-20 14:06:45] [INFO] REQ: POST /predict - Status: 200 - Czas: 60.36ms
[2025-12-20 14:06:45] [INFO] REQ: POST /predict - Status: 200 - Czas: 60.36ms
[2025-12-20 14:06:45] [INFO] REQ: POST /predict - Status: 200 - Czas: 60.36ms
[2025-12-20 14:06:45] [INFO] REQ: POST /predict - Status: 200 - Czas: 60.36ms
[2025-12-20 14:06:45] [INFO] REQ: POST /predict - Status: 200 - Czas: 60.36ms
[2025-12-20 14:06:45] [INFO] REQ: POST /predict - Status: 200 - Czas: 60.36ms
[2025-12-20 14:06:45] [INFO] REQ: POST /predict - Status: 200 - Czas: 60.36ms
[2025-12-20 14:06:45] [INFO] REQ: POST /predict - Status: 200 - Czas: 60.36ms
[2025-12-20 14:06:45] [INFO] REQ: POST /predict - Status: 200 - Czas: 60.36ms
[2025-12-20 14:06:45] [INFO] REQ: POST /predict - Status: 200 - Czas: 60.36ms
[2025-12-20 14:06:45] [INFO] REQ: POST /predict - Status: 200 - Czas: 59.36ms
[2025-12-20 14:06:45] [INFO] REQ: POST /predict - Status: 200 - Czas: 60.86ms
[2025-12-20 14:06:45] [INFO] REQ: POST /predict - Status: 200 - Czas: 60.86ms
[2025-12-20 14:06:45] [INFO] REQ: POST /predict - Status: 200 - Czas: 60.86ms
[2025-12-20 14:06:45] [INFO] REQ: POST /predict - Status: 200 - Czas: 60.86ms
[2025-12-20 14:06:45] [INFO] REQ: POST /predict - Status: 200 - Czas: 60.36ms
[2025-12-20 14:06:45] [INFO] REQ: POST /predict - Status: 200 - Czas: 60.36ms
[2025-12-20 14:06:45] [INFO] REQ: POST /predict - Status: 200 - Czas: 60.36ms
[2025-12-20 14:06:45] [INFO] REQ: POST /predict - Status: 200 - Czas: 60.36ms
[2025-12-20 14:06:45] [INFO] REQ: POST /predict - Status: 200 - Czas: 60.36ms
[2025-12-20 14:06:45] [INFO] REQ: POST /predict - Status: 200 - Czas: 60.36ms
[2025-12-20 14:06:45] [INFO] REQ: POST /predict - Status: 200 - Czas: 60.36ms
[2025-12-20 14:06:45] [INFO] REQ: POST /predict - Status: 200 - Czas: 60.36ms
[2025-12-20 14:06:45] [INFO] REQ: POST /predict - Status: 200 - Czas: 60.36ms
[2025-12-20 14:06:45] [INFO] REQ: POST /predict - Status: 200 - Czas: 61.86ms
[2025-12-20 14:06:45] [INFO] REQ: POST /predict - Status: 200 - Czas: 61.86ms
[2025-12-20 14:06:45] [INFO] REQ: POST /predict - Status: 200 - Czas: 61.86ms
[2025-12-20 14:06:45] [INFO] REQ: POST /predict - Status: 200 - Czas: 61.86ms
[2025-12-20 14:06:45] [INFO] REQ: POST /predict - Status: 200 - Czas: 61.86ms
[2025-12-20 14:06:45] [INFO] REQ: POST /predict - Status: 200 - Czas: 61.86ms
[2025-12-20 14:06:45] [INFO] REQ: POST /predict - Status: 200 - Czas: 57.32ms
[2025-12-20 14:06:45] [INFO] REQ: POST /predict - Status: 200 - Czas: 56.33ms
[2025-12-20 14:06:45] [INFO] REQ: POST /predict - Status: 200 - Czas: 56.33ms
[2025-12-20 14:06:45] [INFO] REQ: POST /predict - Status: 200 - Czas: 56.33ms
[2025-12-20 14:06:45] [INFO] REQ: POST /predict - Status: 200 - Czas: 57.83ms
[2025-12-20 14:06:45] [INFO] REQ: POST /predict - Status: 200 - Czas: 57.83ms
[2025-12-20 14:06:45] [INFO] REQ: POST /predict - Status: 200 - Czas: 58.84ms
[2025-12-20 14:06:45] [INFO] REQ: POST /predict - Status: 200 - Czas: 57.84ms
[2025-12-20 14:06:45] [INFO] REQ: POST /predict - Status: 200 - Czas: 57.84ms
[2025-12-20 14:06:45] [INFO] REQ: POST /predict - Status: 200 - Czas: 57.84ms
[2025-12-20 14:06:45] [INFO] REQ: POST /predict - Status: 200 - Czas: 59.31ms
[2025-12-20 14:06:45] [INFO] REQ: POST /predict - Status: 200 - Czas: 59.31ms
[2025-12-20 14:06:45] [INFO] REQ: POST /predict - Status: 200 - Czas: 60.32ms
[2025-12-20 14:06:45] [INFO] REQ: POST /predict - Status: 200 - Czas: 59.32ms
[2025-12-20 14:06:45] [INFO] REQ: POST /predict - Status: 200 - Czas: 59.32ms
[2025-12-20 14:06:45] [INFO] REQ: POST /predict - Status: 200 - Czas: 59.32ms
[2025-12-20 14:06:45] [INFO] REQ: POST /predict - Status: 200 - Czas: 59.32ms
[2025-12-20 14:06:45] [INFO] REQ: POST /predict - Status: 200 - Czas: 54.26ms
[2025-12-20 14:06:45] [INFO] REQ: POST /predict - Status: 200 - Czas: 54.26ms
[2025-12-20 14:06:45] [INFO] REQ: POST /predict - Status: 200 - Czas: 54.26ms
[2025-12-20 14:06:45] [INFO] REQ: POST /predict - Status: 200 - Czas: 54.26ms
[2025-12-20 14:06:45] [ERROR] Exception in ASGI application
Traceback (most recent call last):
  File "D:\Programming Projects\ml-docker-performance\.venv\Lib\site-packages\starlette\_exception_handler.py", line 42, in wrapped_app
    await app(scope, receive, sender)
  File "D:\Programming Projects\ml-docker-performance\.venv\Lib\site-packages\fastapi\routing.py", line 106, in app
    response = await f(request)
               ^^^^^^^^^^^^^^^^
  File "D:\Programming Projects\ml-docker-performance\.venv\Lib\site-packages\fastapi\routing.py", line 472, in app
    raise validation_error
fastapi.exceptions.RequestValidationError: 1 validation error:
  {'type': 'string_type', 'loc': ('body', 'text'), 'msg': 'Input should be a valid string', 'input': nan}

  File "D:\Programming Projects\ml-docker-performance\app\server_fastapi.py", line 60, in predict_endpoint
    POST /predict

The above exception was the direct cause of the following exception:

Traceback (most recent call last):
  File "D:\Programming Projects\ml-docker-performance\.venv\Lib\site-packages\uvicorn\protocols\http\httptools_impl.py", line 409, in run_asgi
    result = await app(  # type: ignore[func-returns-value]
             ^^^^^^^^^^^^^^^^^^^^^^^^^^^^^^^^^^^^^^^^^^^^^^
  File "D:\Programming Projects\ml-docker-performance\.venv\Lib\site-packages\uvicorn\middleware\proxy_headers.py", line 60, in __call__
    return await self.app(scope, receive, send)
           ^^^^^^^^^^^^^^^^^^^^^^^^^^^^^^^^^^^^
  File "D:\Programming Projects\ml-docker-performance\.venv\Lib\site-packages\fastapi\applications.py", line 1139, in __call__
    await super().__call__(scope, receive, send)
  File "D:\Programming Projects\ml-docker-performance\.venv\Lib\site-packages\starlette\applications.py", line 107, in __call__
    await self.middleware_stack(scope, receive, send)
  File "D:\Programming Projects\ml-docker-performance\.venv\Lib\site-packages\starlette\middleware\errors.py", line 186, in __call__
    raise exc
  File "D:\Programming Projects\ml-docker-performance\.venv\Lib\site-packages\starlette\middleware\errors.py", line 164, in __call__
    await self.app(scope, receive, _send)
  File "D:\Programming Projects\ml-docker-performance\.venv\Lib\site-packages\starlette\middleware\base.py", line 191, in __call__
    with recv_stream, send_stream, collapse_excgroups():
  File "C:\Users\admin\AppData\Local\Programs\Python\Python312\Lib\contextlib.py", line 158, in __exit__
    self.gen.throw(value)
  File "D:\Programming Projects\ml-docker-performance\.venv\Lib\site-packages\starlette\_utils.py", line 85, in collapse_excgroups
    raise exc
  File "D:\Programming Projects\ml-docker-performance\.venv\Lib\site-packages\starlette\middleware\base.py", line 193, in __call__
    response = await self.dispatch_func(request, call_next)
               ^^^^^^^^^^^^^^^^^^^^^^^^^^^^^^^^^^^^^^^^^^^^
  File "D:\Programming Projects\ml-docker-performance\app\server_fastapi.py", line 41, in log_requests
    response: Response = await call_next(request)
                         ^^^^^^^^^^^^^^^^^^^^^^^^
  File "D:\Programming Projects\ml-docker-performance\.venv\Lib\site-packages\starlette\middleware\base.py", line 168, in call_next
    raise app_exc from app_exc.__cause__ or app_exc.__context__
  File "D:\Programming Projects\ml-docker-performance\.venv\Lib\site-packages\starlette\middleware\base.py", line 144, in coro
    await self.app(scope, receive_or_disconnect, send_no_error)
  File "D:\Programming Projects\ml-docker-performance\.venv\Lib\site-packages\starlette\middleware\exceptions.py", line 63, in __call__
    await wrap_app_handling_exceptions(self.app, conn)(scope, receive, send)
  File "D:\Programming Projects\ml-docker-performance\.venv\Lib\site-packages\starlette\_exception_handler.py", line 53, in wrapped_app
    raise exc
  File "D:\Programming Projects\ml-docker-performance\.venv\Lib\site-packages\starlette\_exception_handler.py", line 42, in wrapped_app
    await app(scope, receive, sender)
  File "D:\Programming Projects\ml-docker-performance\.venv\Lib\site-packages\fastapi\middleware\asyncexitstack.py", line 18, in __call__
    await self.app(scope, receive, send)
  File "D:\Programming Projects\ml-docker-performance\.venv\Lib\site-packages\starlette\routing.py", line 716, in __call__
    await self.middleware_stack(scope, receive, send)
  File "D:\Programming Projects\ml-docker-performance\.venv\Lib\site-packages\starlette\routing.py", line 736, in app
    await route.handle(scope, receive, send)
  File "D:\Programming Projects\ml-docker-performance\.venv\Lib\site-packages\starlette\routing.py", line 290, in handle
    await self.app(scope, receive, send)
  File "D:\Programming Projects\ml-docker-performance\.venv\Lib\site-packages\fastapi\routing.py", line 120, in app
    await wrap_app_handling_exceptions(app, request)(scope, receive, send)
  File "D:\Programming Projects\ml-docker-performance\.venv\Lib\site-packages\starlette\_exception_handler.py", line 59, in wrapped_app
    response = await handler(conn, exc)
               ^^^^^^^^^^^^^^^^^^^^^^^^
  File "D:\Programming Projects\ml-docker-performance\.venv\Lib\site-packages\fastapi\exception_handlers.py", line 23, in request_validation_exception_handler
    return JSONResponse(
           ^^^^^^^^^^^^^
  File "D:\Programming Projects\ml-docker-performance\.venv\Lib\site-packages\starlette\responses.py", line 189, in __init__
    super().__init__(content, status_code, headers, media_type, background)
  File "D:\Programming Projects\ml-docker-performance\.venv\Lib\site-packages\starlette\responses.py", line 46, in __init__
    self.body = self.render(content)
                ^^^^^^^^^^^^^^^^^^^^
  File "D:\Programming Projects\ml-docker-performance\.venv\Lib\site-packages\starlette\responses.py", line 192, in render
    return json.dumps(
           ^^^^^^^^^^^
  File "C:\Users\admin\AppData\Local\Programs\Python\Python312\Lib\json\__init__.py", line 238, in dumps
    **kw).encode(obj)
          ^^^^^^^^^^^
  File "C:\Users\admin\AppData\Local\Programs\Python\Python312\Lib\json\encoder.py", line 200, in encode
    chunks = self.iterencode(o, _one_shot=True)
             ^^^^^^^^^^^^^^^^^^^^^^^^^^^^^^^^^^
  File "C:\Users\admin\AppData\Local\Programs\Python\Python312\Lib\json\encoder.py", line 258, in iterencode
    return _iterencode(o, 0)
           ^^^^^^^^^^^^^^^^^
ValueError: Out of range float values are not JSON compliant: nan
[2025-12-20 14:06:45] [INFO] REQ: POST /predict - Status: 200 - Czas: 62.31ms
[2025-12-20 14:06:45] [INFO] REQ: POST /predict - Status: 200 - Czas: 61.32ms
[2025-12-20 14:06:45] [INFO] REQ: POST /predict - Status: 200 - Czas: 61.32ms
[2025-12-20 14:06:45] [INFO] REQ: POST /predict - Status: 200 - Czas: 61.32ms
[2025-12-20 14:06:45] [INFO] REQ: POST /predict - Status: 200 - Czas: 61.83ms
[2025-12-20 14:06:45] [INFO] REQ: POST /predict - Status: 200 - Czas: 61.83ms
[2025-12-20 14:06:45] [INFO] REQ: POST /predict - Status: 200 - Czas: 61.83ms
[2025-12-20 14:06:45] [INFO] REQ: POST /predict - Status: 200 - Czas: 61.33ms
[2025-12-20 14:06:45] [INFO] REQ: POST /predict - Status: 200 - Czas: 61.33ms
[2025-12-20 14:06:45] [INFO] REQ: POST /predict - Status: 200 - Czas: 61.33ms
[2025-12-20 14:06:45] [INFO] REQ: POST /predict - Status: 200 - Czas: 61.33ms
[2025-12-20 14:06:45] [INFO] REQ: POST /predict - Status: 200 - Czas: 61.33ms
[2025-12-20 14:06:45] [INFO] REQ: POST /predict - Status: 200 - Czas: 61.33ms
[2025-12-20 14:06:45] [INFO] REQ: POST /predict - Status: 200 - Czas: 61.33ms
[2025-12-20 14:06:45] [INFO] REQ: POST /predict - Status: 200 - Czas: 59.83ms
[2025-12-20 14:06:45] [INFO] REQ: POST /predict - Status: 200 - Czas: 53.27ms
[2025-12-20 14:06:45] [INFO] REQ: POST /predict - Status: 200 - Czas: 54.77ms
[2025-12-20 14:06:45] [INFO] REQ: POST /predict - Status: 200 - Czas: 54.77ms
[2025-12-20 14:06:45] [INFO] REQ: POST /predict - Status: 200 - Czas: 54.77ms
[2025-12-20 14:06:45] [INFO] REQ: POST /predict - Status: 200 - Czas: 54.77ms
[2025-12-20 14:06:45] [INFO] REQ: POST /predict - Status: 200 - Czas: 54.77ms
[2025-12-20 14:06:45] [INFO] REQ: POST /predict - Status: 200 - Czas: 53.27ms
[2025-12-20 14:06:45] [INFO] REQ: POST /predict - Status: 200 - Czas: 52.27ms
[2025-12-20 14:06:45] [INFO] REQ: POST /predict - Status: 200 - Czas: 52.27ms
[2025-12-20 14:06:45] [INFO] REQ: POST /predict - Status: 200 - Czas: 53.28ms
[2025-12-20 14:06:45] [INFO] REQ: POST /predict - Status: 200 - Czas: 53.28ms
[2025-12-20 14:06:45] [INFO] REQ: POST /predict - Status: 200 - Czas: 53.28ms
[2025-12-20 14:06:45] [INFO] REQ: POST /predict - Status: 200 - Czas: 53.28ms
[2025-12-20 14:06:45] [INFO] REQ: POST /predict - Status: 200 - Czas: 53.27ms
[2025-12-20 14:06:45] [INFO] REQ: POST /predict - Status: 200 - Czas: 53.27ms
[2025-12-20 14:06:45] [INFO] REQ: POST /predict - Status: 200 - Czas: 53.27ms
[2025-12-20 14:06:45] [INFO] REQ: POST /predict - Status: 200 - Czas: 57.85ms
[2025-12-20 14:06:45] [INFO] REQ: POST /predict - Status: 200 - Czas: 57.85ms
[2025-12-20 14:06:45] [INFO] REQ: POST /predict - Status: 200 - Czas: 57.85ms
[2025-12-20 14:06:45] [INFO] REQ: POST /predict - Status: 200 - Czas: 57.85ms
[2025-12-20 14:06:45] [INFO] REQ: POST /predict - Status: 200 - Czas: 57.85ms
[2025-12-20 14:06:45] [INFO] REQ: POST /predict - Status: 200 - Czas: 59.35ms
[2025-12-20 14:06:45] [INFO] REQ: POST /predict - Status: 200 - Czas: 59.35ms
[2025-12-20 14:06:45] [INFO] REQ: POST /predict - Status: 200 - Czas: 59.35ms
[2025-12-20 14:06:45] [INFO] REQ: POST /predict - Status: 200 - Czas: 59.35ms
[2025-12-20 14:06:45] [INFO] REQ: POST /predict - Status: 200 - Czas: 53.85ms
[2025-12-20 14:06:45] [INFO] REQ: POST /predict - Status: 200 - Czas: 53.85ms
[2025-12-20 14:06:45] [INFO] REQ: POST /predict - Status: 200 - Czas: 53.85ms
[2025-12-20 14:06:45] [INFO] REQ: POST /predict - Status: 200 - Czas: 53.85ms
[2025-12-20 14:06:45] [INFO] REQ: POST /predict - Status: 200 - Czas: 53.85ms
[2025-12-20 14:06:45] [INFO] REQ: POST /predict - Status: 200 - Czas: 53.32ms
[2025-12-20 14:06:45] [INFO] REQ: POST /predict - Status: 200 - Czas: 53.32ms
[2025-12-20 14:06:45] [INFO] REQ: POST /predict - Status: 200 - Czas: 54.31ms
[2025-12-20 14:06:45] [INFO] REQ: POST /predict - Status: 200 - Czas: 54.31ms
[2025-12-20 14:06:45] [INFO] REQ: POST /predict - Status: 200 - Czas: 54.31ms
[2025-12-20 14:06:45] [INFO] REQ: POST /predict - Status: 200 - Czas: 54.31ms
[2025-12-20 14:06:45] [INFO] REQ: POST /predict - Status: 200 - Czas: 54.31ms
[2025-12-20 14:06:45] [INFO] REQ: POST /predict - Status: 200 - Czas: 54.31ms
[2025-12-20 14:06:45] [INFO] REQ: POST /predict - Status: 200 - Czas: 54.31ms
[2025-12-20 14:06:45] [INFO] REQ: POST /predict - Status: 200 - Czas: 54.31ms
[2025-12-20 14:06:45] [INFO] REQ: POST /predict - Status: 200 - Czas: 54.31ms
[2025-12-20 14:06:45] [INFO] REQ: POST /predict - Status: 200 - Czas: 55.31ms
[2025-12-20 14:06:45] [INFO] REQ: POST /predict - Status: 200 - Czas: 55.31ms
[2025-12-20 14:06:45] [INFO] REQ: POST /predict - Status: 200 - Czas: 55.31ms
[2025-12-20 14:06:45] [INFO] REQ: POST /predict - Status: 200 - Czas: 55.31ms
[2025-12-20 14:06:45] [INFO] REQ: POST /predict - Status: 200 - Czas: 54.80ms
[2025-12-20 14:06:45] [INFO] REQ: POST /predict - Status: 200 - Czas: 54.80ms
[2025-12-20 14:06:45] [INFO] REQ: POST /predict - Status: 200 - Czas: 47.29ms
[2025-12-20 14:06:45] [INFO] REQ: POST /predict - Status: 200 - Czas: 47.29ms
[2025-12-20 14:06:45] [INFO] REQ: POST /predict - Status: 200 - Czas: 48.29ms
[2025-12-20 14:06:45] [INFO] REQ: POST /predict - Status: 200 - Czas: 48.29ms
[2025-12-20 14:06:45] [INFO] REQ: POST /predict - Status: 200 - Czas: 0.00ms
[2025-12-20 14:06:52] [INFO] Shutting down
[2025-12-20 14:06:53] [INFO] Waiting for application shutdown.
[2025-12-20 14:06:53] [INFO] [Lifespan] Server is shutting down...
[2025-12-20 14:06:53] [INFO] Application shutdown complete.
[2025-12-20 14:06:53] [INFO] Finished server process [32640]
