[2025-12-20 14:13:33] [INFO] [Ray] Initializing service... Loading models...
[2025-12-20 14:13:33] [INFO] ML model and tokenizer loaded successfully.
[2025-12-20 14:13:33] [INFO] [Ray] Models loaded successfully.
[2025-12-20 14:13:42] [INFO] REQ: POST /predict - Status: 200 - Czas: 19.82ms
[2025-12-20 14:13:42] [INFO] REQ: POST /predict - Status: 200 - Czas: 20.82ms
[2025-12-20 14:13:42] [INFO] REQ: POST /predict - Status: 200 - Czas: 20.49ms
[2025-12-20 14:13:42] [INFO] REQ: POST /predict - Status: 200 - Czas: 35.36ms
[2025-12-20 14:13:42] [INFO] REQ: POST /predict - Status: 200 - Czas: 40.39ms
[2025-12-20 14:13:42] [INFO] REQ: POST /predict - Status: 200 - Czas: 4.00ms
[2025-12-20 14:13:42] [INFO] REQ: POST /predict - Status: 200 - Czas: 8.56ms
[2025-12-20 14:13:42] [INFO] REQ: POST /predict - Status: 200 - Czas: 10.16ms
[2025-12-20 14:13:42] [INFO] REQ: POST /predict - Status: 200 - Czas: 12.17ms
[2025-12-20 14:13:42] [INFO] REQ: POST /predict - Status: 200 - Czas: 11.14ms
[2025-12-20 14:13:42] [INFO] REQ: POST /predict - Status: 200 - Czas: 4.63ms
[2025-12-20 14:13:42] [INFO] REQ: POST /predict - Status: 200 - Czas: 5.26ms
[2025-12-20 14:13:42] [INFO] REQ: POST /predict - Status: 200 - Czas: 11.30ms
[2025-12-20 14:13:42] [INFO] REQ: POST /predict - Status: 200 - Czas: 9.63ms
[2025-12-20 14:13:42] [INFO] REQ: POST /predict - Status: 200 - Czas: 12.67ms
[2025-12-20 14:13:42] [INFO] REQ: POST /predict - Status: 200 - Czas: 9.66ms
[2025-12-20 14:13:42] [INFO] REQ: POST /predict - Status: 200 - Czas: 6.09ms
[2025-12-20 14:13:43] [INFO] REQ: POST /predict - Status: 200 - Czas: 7.55ms
[2025-12-20 14:13:43] [INFO] REQ: POST /predict - Status: 200 - Czas: 10.62ms
[2025-12-20 14:13:43] [INFO] REQ: POST /predict - Status: 200 - Czas: 10.62ms
[2025-12-20 14:13:43] [INFO] REQ: POST /predict - Status: 200 - Czas: 11.14ms
[2025-12-20 14:13:43] [INFO] REQ: POST /predict - Status: 200 - Czas: 10.10ms
[2025-12-20 14:13:43] [INFO] REQ: POST /predict - Status: 200 - Czas: 7.59ms
[2025-12-20 14:13:43] [INFO] REQ: POST /predict - Status: 200 - Czas: 11.10ms
[2025-12-20 14:13:43] [INFO] REQ: POST /predict - Status: 200 - Czas: 11.05ms
[2025-12-20 14:13:43] [INFO] REQ: POST /predict - Status: 200 - Czas: 15.78ms
[2025-12-20 14:13:43] [INFO] REQ: POST /predict - Status: 200 - Czas: 14.28ms
[2025-12-20 14:13:43] [INFO] REQ: POST /predict - Status: 200 - Czas: 5.02ms
[2025-12-20 14:13:43] [INFO] REQ: POST /predict - Status: 200 - Czas: 12.20ms
[2025-12-20 14:13:43] [INFO] REQ: POST /predict - Status: 200 - Czas: 14.72ms
[2025-12-20 14:13:43] [INFO] REQ: POST /predict - Status: 200 - Czas: 16.91ms
[2025-12-20 14:13:43] [INFO] REQ: POST /predict - Status: 200 - Czas: 17.51ms
[2025-12-20 14:13:43] [INFO] REQ: POST /predict - Status: 200 - Czas: 11.82ms
[2025-12-20 14:13:43] [INFO] REQ: POST /predict - Status: 200 - Czas: 12.21ms
[2025-12-20 14:13:43] [INFO] REQ: POST /predict - Status: 200 - Czas: 14.20ms
[2025-12-20 14:13:43] [INFO] REQ: POST /predict - Status: 200 - Czas: 17.22ms
[2025-12-20 14:13:43] [INFO] REQ: POST /predict - Status: 200 - Czas: 19.77ms
[2025-12-20 14:13:43] [INFO] REQ: POST /predict - Status: 200 - Czas: 22.77ms
[2025-12-20 14:13:43] [INFO] REQ: POST /predict - Status: 200 - Czas: 17.64ms
[2025-12-20 14:13:43] [INFO] REQ: POST /predict - Status: 200 - Czas: 17.10ms
[2025-12-20 14:13:43] [INFO] REQ: POST /predict - Status: 200 - Czas: 13.57ms
[2025-12-20 14:13:43] [INFO] REQ: POST /predict - Status: 200 - Czas: 21.07ms
[2025-12-20 14:13:43] [INFO] REQ: POST /predict - Status: 200 - Czas: 23.11ms
[2025-12-20 14:13:43] [INFO] REQ: POST /predict - Status: 200 - Czas: 19.68ms
[2025-12-20 14:13:43] [INFO] REQ: POST /predict - Status: 200 - Czas: 19.19ms
[2025-12-20 14:13:43] [INFO] REQ: POST /predict - Status: 200 - Czas: 20.71ms
[2025-12-20 14:13:43] [INFO] REQ: POST /predict - Status: 200 - Czas: 15.60ms
[2025-12-20 14:13:43] [INFO] REQ: POST /predict - Status: 200 - Czas: 10.64ms
[2025-12-20 14:13:43] [INFO] REQ: POST /predict - Status: 200 - Czas: 13.15ms
[2025-12-20 14:13:43] [INFO] REQ: POST /predict - Status: 200 - Czas: 15.16ms
[2025-12-20 14:13:43] [INFO] REQ: POST /predict - Status: 200 - Czas: 15.12ms
[2025-12-20 14:13:43] [INFO] REQ: POST /predict - Status: 200 - Czas: 4.51ms
[2025-12-20 14:13:43] [INFO] REQ: POST /predict - Status: 200 - Czas: 6.10ms
[2025-12-20 14:13:43] [INFO] REQ: POST /predict - Status: 200 - Czas: 7.65ms
[2025-12-20 14:13:43] [INFO] REQ: POST /predict - Status: 200 - Czas: 7.66ms
[2025-12-20 14:13:43] [INFO] REQ: POST /predict - Status: 200 - Czas: 8.66ms
[2025-12-20 14:13:43] [INFO] REQ: POST /predict - Status: 200 - Czas: 9.07ms
[2025-12-20 14:13:43] [INFO] REQ: POST /predict - Status: 200 - Czas: 12.64ms
[2025-12-20 14:13:43] [INFO] REQ: POST /predict - Status: 200 - Czas: 12.54ms
[2025-12-20 14:13:43] [INFO] REQ: POST /predict - Status: 200 - Czas: 15.33ms
[2025-12-20 14:13:43] [INFO] REQ: POST /predict - Status: 200 - Czas: 15.33ms
[2025-12-20 14:13:43] [INFO] REQ: POST /predict - Status: 200 - Czas: 16.33ms
[2025-12-20 14:13:43] [INFO] REQ: POST /predict - Status: 200 - Czas: 8.02ms
[2025-12-20 14:13:43] [INFO] REQ: POST /predict - Status: 200 - Czas: 9.55ms
[2025-12-20 14:13:43] [INFO] REQ: POST /predict - Status: 200 - Czas: 12.60ms
[2025-12-20 14:13:43] [INFO] REQ: POST /predict - Status: 200 - Czas: 12.60ms
[2025-12-20 14:13:43] [INFO] REQ: POST /predict - Status: 200 - Czas: 14.79ms
[2025-12-20 14:13:43] [INFO] REQ: POST /predict - Status: 200 - Czas: 3.00ms
[2025-12-20 14:13:43] [INFO] REQ: POST /predict - Status: 200 - Czas: 4.51ms
[2025-12-20 14:13:43] [INFO] REQ: POST /predict - Status: 200 - Czas: 6.55ms
[2025-12-20 14:13:43] [INFO] REQ: POST /predict - Status: 200 - Czas: 6.55ms
[2025-12-20 14:13:43] [INFO] REQ: POST /predict - Status: 200 - Czas: 8.06ms
[2025-12-20 14:13:43] [INFO] REQ: POST /predict - Status: 200 - Czas: 6.53ms
[2025-12-20 14:13:43] [INFO] REQ: POST /predict - Status: 200 - Czas: 9.54ms
[2025-12-20 14:13:43] [INFO] REQ: POST /predict - Status: 200 - Czas: 4.52ms
[2025-12-20 14:13:43] [INFO] REQ: POST /predict - Status: 200 - Czas: 8.11ms
[2025-12-20 14:13:43] [INFO] REQ: POST /predict - Status: 200 - Czas: 7.75ms
[2025-12-20 14:13:43] [INFO] REQ: POST /predict - Status: 200 - Czas: 3.51ms
[2025-12-20 14:13:43] [INFO] REQ: POST /predict - Status: 200 - Czas: 4.51ms
[2025-12-20 14:13:43] [INFO] REQ: POST /predict - Status: 200 - Czas: 5.77ms
[2025-12-20 14:13:43] [INFO] REQ: POST /predict - Status: 200 - Czas: 11.12ms
[2025-12-20 14:13:43] [INFO] REQ: POST /predict - Status: 200 - Czas: 13.18ms
[2025-12-20 14:13:43] [INFO] REQ: POST /predict - Status: 200 - Czas: 12.58ms
[2025-12-20 14:13:43] [INFO] REQ: POST /predict - Status: 200 - Czas: 12.71ms
[2025-12-20 14:13:43] [INFO] REQ: POST /predict - Status: 200 - Czas: 12.21ms
[2025-12-20 14:13:43] [INFO] REQ: POST /predict - Status: 200 - Czas: 5.06ms
[2025-12-20 14:13:43] [INFO] REQ: POST /predict - Status: 200 - Czas: 8.97ms
[2025-12-20 14:13:43] [INFO] REQ: POST /predict - Status: 200 - Czas: 7.58ms
[2025-12-20 14:13:43] [INFO] REQ: POST /predict - Status: 200 - Czas: 5.56ms
[2025-12-20 14:13:43] [INFO] REQ: POST /predict - Status: 200 - Czas: 4.05ms
[2025-12-20 14:13:43] [INFO] REQ: POST /predict - Status: 200 - Czas: 10.55ms
[2025-12-20 14:13:43] [INFO] REQ: POST /predict - Status: 200 - Czas: 7.32ms
[2025-12-20 14:13:43] [INFO] REQ: POST /predict - Status: 200 - Czas: 10.69ms
[2025-12-20 14:13:43] [INFO] REQ: POST /predict - Status: 200 - Czas: 11.70ms
[2025-12-20 14:13:43] [INFO] REQ: POST /predict - Status: 200 - Czas: 14.20ms
[2025-12-20 14:13:43] [INFO] REQ: POST /predict - Status: 200 - Czas: 4.59ms
[2025-12-20 14:13:43] [INFO] REQ: POST /predict - Status: 200 - Czas: 6.07ms
[2025-12-20 14:13:43] [INFO] REQ: POST /predict - Status: 200 - Czas: 9.33ms
[2025-12-20 14:13:43] [INFO] REQ: POST /predict - Status: 200 - Czas: 12.47ms
[2025-12-20 14:13:43] [INFO] REQ: POST /predict - Status: 200 - Czas: 14.18ms
[2025-12-20 14:13:43] [INFO] REQ: POST /predict - Status: 200 - Czas: 11.70ms
[2025-12-20 14:13:43] [INFO] REQ: POST /predict - Status: 200 - Czas: 13.12ms
[2025-12-20 14:13:43] [INFO] REQ: POST /predict - Status: 200 - Czas: 3.88ms
[2025-12-20 14:13:43] [INFO] REQ: POST /predict - Status: 200 - Czas: 3.85ms
[2025-12-20 14:13:43] [INFO] REQ: POST /predict - Status: 200 - Czas: 10.87ms
[2025-12-20 14:13:43] [INFO] REQ: POST /predict - Status: 200 - Czas: 13.57ms
[2025-12-20 14:13:43] [INFO] REQ: POST /predict - Status: 200 - Czas: 13.53ms
[2025-12-20 14:13:43] [INFO] REQ: POST /predict - Status: 200 - Czas: 12.53ms
[2025-12-20 14:13:43] [INFO] REQ: POST /predict - Status: 200 - Czas: 13.00ms
[2025-12-20 14:13:43] [INFO] REQ: POST /predict - Status: 200 - Czas: 6.25ms
[2025-12-20 14:13:43] [INFO] REQ: POST /predict - Status: 200 - Czas: 10.19ms
[2025-12-20 14:13:43] [INFO] REQ: POST /predict - Status: 200 - Czas: 11.28ms
[2025-12-20 14:13:43] [INFO] REQ: POST /predict - Status: 200 - Czas: 11.84ms
[2025-12-20 14:13:43] [INFO] REQ: POST /predict - Status: 200 - Czas: 13.20ms
[2025-12-20 14:13:43] [INFO] REQ: POST /predict - Status: 200 - Czas: 9.05ms
[2025-12-20 14:13:43] [INFO] REQ: POST /predict - Status: 200 - Czas: 9.09ms
[2025-12-20 14:13:43] [INFO] REQ: POST /predict - Status: 200 - Czas: 10.09ms
[2025-12-20 14:13:43] [INFO] REQ: POST /predict - Status: 200 - Czas: 13.64ms
[2025-12-20 14:13:43] [INFO] REQ: POST /predict - Status: 200 - Czas: 12.87ms
[2025-12-20 14:13:43] [INFO] REQ: POST /predict - Status: 200 - Czas: 9.80ms
[2025-12-20 14:13:43] [INFO] REQ: POST /predict - Status: 200 - Czas: 10.40ms
[2025-12-20 14:13:43] [INFO] REQ: POST /predict - Status: 200 - Czas: 11.94ms
[2025-12-20 14:13:43] [INFO] REQ: POST /predict - Status: 200 - Czas: 13.19ms
[2025-12-20 14:13:43] [INFO] REQ: POST /predict - Status: 200 - Czas: 12.89ms
[2025-12-20 14:13:43] [INFO] REQ: POST /predict - Status: 200 - Czas: 4.27ms
[2025-12-20 14:13:43] [INFO] REQ: POST /predict - Status: 200 - Czas: 5.67ms
[2025-12-20 14:13:43] [INFO] REQ: POST /predict - Status: 200 - Czas: 6.20ms
[2025-12-20 14:13:43] [INFO] REQ: POST /predict - Status: 200 - Czas: 5.84ms
[2025-12-20 14:13:43] [INFO] REQ: POST /predict - Status: 200 - Czas: 7.88ms
[2025-12-20 14:13:43] [INFO] REQ: POST /predict - Status: 200 - Czas: 4.93ms
[2025-12-20 14:13:43] [INFO] REQ: POST /predict - Status: 200 - Czas: 4.87ms
[2025-12-20 14:13:43] [INFO] REQ: POST /predict - Status: 200 - Czas: 6.40ms
[2025-12-20 14:13:43] [INFO] REQ: POST /predict - Status: 200 - Czas: 5.68ms
[2025-12-20 14:13:43] [INFO] REQ: POST /predict - Status: 200 - Czas: 5.18ms
[2025-12-20 14:13:43] [INFO] REQ: POST /predict - Status: 200 - Czas: 3.14ms
[2025-12-20 14:13:43] [INFO] REQ: POST /predict - Status: 200 - Czas: 8.87ms
[2025-12-20 14:13:43] [INFO] REQ: POST /predict - Status: 200 - Czas: 10.00ms
[2025-12-20 14:13:43] [INFO] REQ: POST /predict - Status: 200 - Czas: 9.97ms
[2025-12-20 14:13:43] [INFO] REQ: POST /predict - Status: 200 - Czas: 12.66ms
[2025-12-20 14:13:43] [INFO] REQ: POST /predict - Status: 200 - Czas: 12.70ms
[2025-12-20 14:13:43] [INFO] REQ: POST /predict - Status: 200 - Czas: 11.02ms
[2025-12-20 14:13:43] [INFO] REQ: POST /predict - Status: 200 - Czas: 8.91ms
[2025-12-20 14:13:43] [INFO] REQ: POST /predict - Status: 200 - Czas: 10.49ms
[2025-12-20 14:13:43] [INFO] REQ: POST /predict - Status: 200 - Czas: 14.53ms
[2025-12-20 14:13:43] [INFO] REQ: POST /predict - Status: 200 - Czas: 16.02ms
[2025-12-20 14:13:43] [INFO] REQ: POST /predict - Status: 200 - Czas: 6.44ms
[2025-12-20 14:13:43] [INFO] REQ: POST /predict - Status: 200 - Czas: 9.09ms
[2025-12-20 14:13:43] [INFO] REQ: POST /predict - Status: 200 - Czas: 11.27ms
[2025-12-20 14:13:43] [INFO] REQ: POST /predict - Status: 200 - Czas: 13.90ms
[2025-12-20 14:13:43] [INFO] REQ: POST /predict - Status: 200 - Czas: 14.75ms
[2025-12-20 14:13:43] [INFO] REQ: POST /predict - Status: 200 - Czas: 6.09ms
[2025-12-20 14:13:43] [INFO] REQ: POST /predict - Status: 200 - Czas: 10.66ms
[2025-12-20 14:13:43] [INFO] REQ: POST /predict - Status: 200 - Czas: 9.56ms
[2025-12-20 14:13:43] [INFO] REQ: POST /predict - Status: 200 - Czas: 5.06ms
[2025-12-20 14:13:43] [INFO] REQ: POST /predict - Status: 200 - Czas: 6.54ms
[2025-12-20 14:13:43] [INFO] REQ: POST /predict - Status: 200 - Czas: 5.87ms
[2025-12-20 14:13:43] [INFO] REQ: POST /predict - Status: 200 - Czas: 7.75ms
[2025-12-20 14:13:43] [INFO] REQ: POST /predict - Status: 200 - Czas: 8.63ms
[2025-12-20 14:13:43] [INFO] REQ: POST /predict - Status: 200 - Czas: 9.65ms
[2025-12-20 14:13:43] [INFO] REQ: POST /predict - Status: 200 - Czas: 10.17ms
[2025-12-20 14:13:43] [INFO] REQ: POST /predict - Status: 200 - Czas: 5.03ms
[2025-12-20 14:13:43] [INFO] REQ: POST /predict - Status: 200 - Czas: 5.61ms
[2025-12-20 14:13:43] [INFO] REQ: POST /predict - Status: 200 - Czas: 4.02ms
[2025-12-20 14:13:43] [INFO] REQ: POST /predict - Status: 200 - Czas: 7.82ms
[2025-12-20 14:13:43] [INFO] REQ: POST /predict - Status: 200 - Czas: 7.38ms
[2025-12-20 14:13:43] [INFO] REQ: POST /predict - Status: 200 - Czas: 5.22ms
[2025-12-20 14:13:43] [INFO] REQ: POST /predict - Status: 200 - Czas: 9.21ms
[2025-12-20 14:13:43] [INFO] REQ: POST /predict - Status: 200 - Czas: 22.10ms
[2025-12-20 14:13:43] [INFO] REQ: POST /predict - Status: 200 - Czas: 22.68ms
[2025-12-20 14:13:43] [INFO] REQ: POST /predict - Status: 200 - Czas: 23.71ms
[2025-12-20 14:13:43] [INFO] REQ: POST /predict - Status: 200 - Czas: 9.93ms
[2025-12-20 14:13:43] [INFO] REQ: POST /predict - Status: 200 - Czas: 9.74ms
[2025-12-20 14:13:43] [INFO] REQ: POST /predict - Status: 200 - Czas: 11.74ms
[2025-12-20 14:13:43] [INFO] REQ: POST /predict - Status: 200 - Czas: 13.80ms
[2025-12-20 14:13:43] [INFO] REQ: POST /predict - Status: 200 - Czas: 13.67ms
[2025-12-20 14:13:43] [INFO] REQ: POST /predict - Status: 200 - Czas: 14.12ms
[2025-12-20 14:13:43] [INFO] REQ: POST /predict - Status: 200 - Czas: 6.57ms
[2025-12-20 14:13:43] [INFO] REQ: POST /predict - Status: 200 - Czas: 6.79ms
[2025-12-20 14:13:43] [INFO] REQ: POST /predict - Status: 200 - Czas: 9.87ms
[2025-12-20 14:13:43] [INFO] REQ: POST /predict - Status: 200 - Czas: 9.50ms
[2025-12-20 14:13:43] [INFO] REQ: POST /predict - Status: 200 - Czas: 8.46ms
[2025-12-20 14:13:43] [INFO] REQ: POST /predict - Status: 200 - Czas: 5.19ms
[2025-12-20 14:13:43] [INFO] REQ: POST /predict - Status: 200 - Czas: 5.76ms
[2025-12-20 14:13:43] [INFO] REQ: POST /predict - Status: 200 - Czas: 5.99ms
[2025-12-20 14:13:43] [INFO] REQ: POST /predict - Status: 200 - Czas: 7.03ms
[2025-12-20 14:13:43] [INFO] REQ: POST /predict - Status: 200 - Czas: 8.03ms
[2025-12-20 14:13:43] [INFO] REQ: POST /predict - Status: 200 - Czas: 4.92ms
[2025-12-20 14:13:43] [INFO] REQ: POST /predict - Status: 200 - Czas: 6.48ms
[2025-12-20 14:13:43] [INFO] REQ: POST /predict - Status: 200 - Czas: 8.63ms
[2025-12-20 14:13:44] [INFO] REQ: POST /predict - Status: 200 - Czas: 9.66ms
[2025-12-20 14:13:44] [INFO] REQ: POST /predict - Status: 200 - Czas: 11.20ms
[2025-12-20 14:13:44] [INFO] REQ: POST /predict - Status: 200 - Czas: 18.28ms
[2025-12-20 14:13:44] [INFO] REQ: POST /predict - Status: 200 - Czas: 15.29ms
[2025-12-20 14:13:44] [INFO] REQ: POST /predict - Status: 200 - Czas: 5.65ms
[2025-12-20 14:13:44] [INFO] REQ: POST /predict - Status: 200 - Czas: 5.68ms
[2025-12-20 14:13:44] [INFO] REQ: POST /predict - Status: 200 - Czas: 13.82ms
[2025-12-20 14:13:44] [INFO] REQ: POST /predict - Status: 200 - Czas: 15.94ms
[2025-12-20 14:13:44] [INFO] REQ: POST /predict - Status: 200 - Czas: 13.53ms
[2025-12-20 14:13:44] [INFO] REQ: POST /predict - Status: 200 - Czas: 12.50ms
[2025-12-20 14:13:44] [INFO] REQ: POST /predict - Status: 200 - Czas: 12.68ms
[2025-12-20 14:13:44] [INFO] REQ: POST /predict - Status: 200 - Czas: 7.56ms
[2025-12-20 14:13:44] [INFO] REQ: POST /predict - Status: 200 - Czas: 8.65ms
[2025-12-20 14:13:44] [INFO] REQ: POST /predict - Status: 200 - Czas: 7.66ms
[2025-12-20 14:13:44] [INFO] REQ: POST /predict - Status: 200 - Czas: 10.87ms
[2025-12-20 14:13:44] [INFO] REQ: POST /predict - Status: 200 - Czas: 11.86ms
[2025-12-20 14:13:44] [INFO] REQ: POST /predict - Status: 200 - Czas: 10.45ms
[2025-12-20 14:13:44] [INFO] REQ: POST /predict - Status: 200 - Czas: 10.04ms
[2025-12-20 14:13:44] [INFO] REQ: POST /predict - Status: 200 - Czas: 14.75ms
[2025-12-20 14:13:44] [INFO] REQ: POST /predict - Status: 200 - Czas: 12.08ms
[2025-12-20 14:13:44] [INFO] REQ: POST /predict - Status: 200 - Czas: 13.08ms
[2025-12-20 14:13:44] [INFO] REQ: POST /predict - Status: 200 - Czas: 5.61ms
[2025-12-20 14:13:44] [INFO] REQ: POST /predict - Status: 200 - Czas: 7.12ms
[2025-12-20 14:13:44] [INFO] REQ: POST /predict - Status: 200 - Czas: 6.91ms
[2025-12-20 14:13:44] [INFO] REQ: POST /predict - Status: 200 - Czas: 4.40ms
[2025-12-20 14:13:44] [INFO] REQ: POST /predict - Status: 200 - Czas: 9.98ms
[2025-12-20 14:13:44] [INFO] REQ: POST /predict - Status: 200 - Czas: 7.42ms
[2025-12-20 14:13:44] [INFO] REQ: POST /predict - Status: 200 - Czas: 11.05ms
[2025-12-20 14:13:44] [INFO] REQ: POST /predict - Status: 200 - Czas: 12.06ms
[2025-12-20 14:13:44] [INFO] REQ: POST /predict - Status: 200 - Czas: 13.07ms
[2025-12-20 14:13:44] [INFO] REQ: POST /predict - Status: 200 - Czas: 12.29ms
[2025-12-20 14:13:44] [INFO] REQ: POST /predict - Status: 200 - Czas: 4.06ms
[2025-12-20 14:13:44] [INFO] REQ: POST /predict - Status: 200 - Czas: 6.22ms
[2025-12-20 14:13:44] [INFO] REQ: POST /predict - Status: 200 - Czas: 8.52ms
[2025-12-20 14:13:44] [INFO] REQ: POST /predict - Status: 200 - Czas: 9.56ms
[2025-12-20 14:13:44] [INFO] REQ: POST /predict - Status: 200 - Czas: 13.82ms
[2025-12-20 14:13:44] [INFO] REQ: POST /predict - Status: 200 - Czas: 11.11ms
[2025-12-20 14:13:44] [INFO] REQ: POST /predict - Status: 200 - Czas: 8.95ms
[2025-12-20 14:13:44] [INFO] REQ: POST /predict - Status: 200 - Czas: 9.35ms
[2025-12-20 14:13:44] [INFO] REQ: POST /predict - Status: 200 - Czas: 8.73ms
[2025-12-20 14:13:44] [INFO] REQ: POST /predict - Status: 200 - Czas: 8.86ms
[2025-12-20 14:13:44] [INFO] REQ: POST /predict - Status: 200 - Czas: 7.01ms
[2025-12-20 14:13:44] [INFO] REQ: POST /predict - Status: 200 - Czas: 10.91ms
[2025-12-20 14:13:44] [INFO] REQ: POST /predict - Status: 200 - Czas: 9.07ms
[2025-12-20 14:13:44] [INFO] REQ: POST /predict - Status: 200 - Czas: 12.89ms
[2025-12-20 14:13:44] [INFO] REQ: POST /predict - Status: 200 - Czas: 11.66ms
[2025-12-20 14:13:44] [INFO] REQ: POST /predict - Status: 200 - Czas: 6.28ms
[2025-12-20 14:13:44] [INFO] REQ: POST /predict - Status: 200 - Czas: 10.31ms
[2025-12-20 14:13:44] [INFO] REQ: POST /predict - Status: 200 - Czas: 11.94ms
[2025-12-20 14:13:44] [INFO] REQ: POST /predict - Status: 200 - Czas: 13.48ms
[2025-12-20 14:13:44] [INFO] REQ: POST /predict - Status: 200 - Czas: 12.45ms
[2025-12-20 14:13:44] [INFO] REQ: POST /predict - Status: 200 - Czas: 10.26ms
[2025-12-20 14:13:44] [INFO] REQ: POST /predict - Status: 200 - Czas: 13.73ms
[2025-12-20 14:13:44] [INFO] REQ: POST /predict - Status: 200 - Czas: 13.70ms
[2025-12-20 14:13:44] [INFO] REQ: POST /predict - Status: 200 - Czas: 14.31ms
[2025-12-20 14:13:44] [INFO] REQ: POST /predict - Status: 200 - Czas: 14.83ms
[2025-12-20 14:13:44] [INFO] REQ: POST /predict - Status: 200 - Czas: 12.70ms
[2025-12-20 14:13:44] [INFO] REQ: POST /predict - Status: 200 - Czas: 11.49ms
[2025-12-20 14:13:44] [INFO] REQ: POST /predict - Status: 200 - Czas: 6.87ms
[2025-12-20 14:13:44] [INFO] REQ: POST /predict - Status: 200 - Czas: 7.39ms
[2025-12-20 14:13:44] [INFO] REQ: POST /predict - Status: 200 - Czas: 10.23ms
[2025-12-20 14:13:44] [INFO] REQ: POST /predict - Status: 200 - Czas: 10.73ms
[2025-12-20 14:13:44] [INFO] REQ: POST /predict - Status: 200 - Czas: 8.77ms
[2025-12-20 14:13:44] [INFO] REQ: POST /predict - Status: 200 - Czas: 11.12ms
[2025-12-20 14:13:44] [INFO] REQ: POST /predict - Status: 200 - Czas: 13.68ms
[2025-12-20 14:13:44] [INFO] REQ: POST /predict - Status: 200 - Czas: 13.13ms
[2025-12-20 14:13:44] [INFO] REQ: POST /predict - Status: 200 - Czas: 13.79ms
[2025-12-20 14:13:44] [INFO] REQ: POST /predict - Status: 200 - Czas: 7.03ms
[2025-12-20 14:13:44] [INFO] REQ: POST /predict - Status: 200 - Czas: 4.62ms
[2025-12-20 14:13:44] [INFO] REQ: POST /predict - Status: 200 - Czas: 8.26ms
[2025-12-20 14:13:44] [INFO] REQ: POST /predict - Status: 200 - Czas: 7.79ms
[2025-12-20 14:13:44] [INFO] REQ: POST /predict - Status: 200 - Czas: 8.22ms
[2025-12-20 14:13:44] [INFO] REQ: POST /predict - Status: 200 - Czas: 6.85ms
[2025-12-20 14:13:44] [INFO] REQ: POST /predict - Status: 200 - Czas: 3.04ms
[2025-12-20 14:13:44] [INFO] REQ: POST /predict - Status: 200 - Czas: 6.51ms
[2025-12-20 14:13:44] [INFO] REQ: POST /predict - Status: 200 - Czas: 8.57ms
[2025-12-20 14:13:44] [INFO] REQ: POST /predict - Status: 200 - Czas: 11.57ms
[2025-12-20 14:13:44] [INFO] REQ: POST /predict - Status: 200 - Czas: 11.17ms
[2025-12-20 14:13:44] [INFO] REQ: POST /predict - Status: 200 - Czas: 11.27ms
[2025-12-20 14:13:44] [INFO] REQ: POST /predict - Status: 200 - Czas: 10.15ms
[2025-12-20 14:13:44] [INFO] REQ: POST /predict - Status: 200 - Czas: 16.04ms
[2025-12-20 14:13:44] [INFO] REQ: POST /predict - Status: 200 - Czas: 15.87ms
[2025-12-20 14:13:44] [INFO] REQ: POST /predict - Status: 200 - Czas: 14.84ms
[2025-12-20 14:13:44] [INFO] REQ: POST /predict - Status: 200 - Czas: 15.84ms
[2025-12-20 14:13:44] [INFO] REQ: POST /predict - Status: 200 - Czas: 7.91ms
[2025-12-20 14:13:44] [INFO] REQ: POST /predict - Status: 200 - Czas: 62.51ms
[2025-12-20 14:13:44] [INFO] REQ: POST /predict - Status: 200 - Czas: 71.68ms
[2025-12-20 14:13:44] [INFO] REQ: POST /predict - Status: 200 - Czas: 70.64ms
[2025-12-20 14:13:44] [INFO] REQ: POST /predict - Status: 200 - Czas: 74.30ms
[2025-12-20 14:13:44] [INFO] REQ: POST /predict - Status: 200 - Czas: 4.73ms
[2025-12-20 14:13:44] [INFO] REQ: POST /predict - Status: 200 - Czas: 6.47ms
[2025-12-20 14:13:44] [INFO] REQ: POST /predict - Status: 200 - Czas: 7.70ms
[2025-12-20 14:13:44] [INFO] REQ: POST /predict - Status: 200 - Czas: 15.24ms
[2025-12-20 14:13:44] [INFO] REQ: POST /predict - Status: 200 - Czas: 13.65ms
[2025-12-20 14:13:44] [INFO] REQ: POST /predict - Status: 200 - Czas: 13.83ms
[2025-12-20 14:13:44] [INFO] REQ: POST /predict - Status: 200 - Czas: 9.60ms
[2025-12-20 14:13:44] [INFO] REQ: POST /predict - Status: 200 - Czas: 6.19ms
[2025-12-20 14:13:44] [INFO] REQ: POST /predict - Status: 200 - Czas: 7.97ms
[2025-12-20 14:13:44] [INFO] REQ: POST /predict - Status: 200 - Czas: 9.54ms
[2025-12-20 14:13:44] [INFO] REQ: POST /predict - Status: 200 - Czas: 11.17ms
[2025-12-20 14:13:44] [INFO] REQ: POST /predict - Status: 200 - Czas: 9.98ms
[2025-12-20 14:13:44] [INFO] REQ: POST /predict - Status: 200 - Czas: 8.15ms
[2025-12-20 14:13:44] [INFO] REQ: POST /predict - Status: 200 - Czas: 5.23ms
[2025-12-20 14:13:44] [INFO] REQ: POST /predict - Status: 200 - Czas: 6.27ms
[2025-12-20 14:13:44] [INFO] REQ: POST /predict - Status: 200 - Czas: 6.79ms
[2025-12-20 14:13:44] [INFO] REQ: POST /predict - Status: 200 - Czas: 7.77ms
[2025-12-20 14:13:44] [INFO] REQ: POST /predict - Status: 200 - Czas: 9.27ms
[2025-12-20 14:13:44] [INFO] REQ: POST /predict - Status: 200 - Czas: 6.80ms
[2025-12-20 14:13:44] [INFO] REQ: POST /predict - Status: 200 - Czas: 14.27ms
[2025-12-20 14:13:44] [INFO] REQ: POST /predict - Status: 200 - Czas: 15.88ms
[2025-12-20 14:13:44] [INFO] REQ: POST /predict - Status: 200 - Czas: 14.84ms
[2025-12-20 14:13:44] [INFO] REQ: POST /predict - Status: 200 - Czas: 14.29ms
[2025-12-20 14:13:44] [INFO] REQ: POST /predict - Status: 200 - Czas: 4.56ms
[2025-12-20 14:13:44] [INFO] REQ: POST /predict - Status: 200 - Czas: 8.86ms
[2025-12-20 14:13:44] [INFO] REQ: POST /predict - Status: 200 - Czas: 10.18ms
[2025-12-20 14:13:44] [INFO] REQ: POST /predict - Status: 200 - Czas: 12.28ms
[2025-12-20 14:13:44] [INFO] REQ: POST /predict - Status: 200 - Czas: 12.83ms
[2025-12-20 14:13:44] [INFO] REQ: POST /predict - Status: 200 - Czas: 13.84ms
[2025-12-20 14:13:44] [INFO] REQ: POST /predict - Status: 200 - Czas: 9.66ms
[2025-12-20 14:13:44] [INFO] REQ: POST /predict - Status: 200 - Czas: 11.09ms
[2025-12-20 14:13:44] [INFO] REQ: POST /predict - Status: 200 - Czas: 10.04ms
[2025-12-20 14:13:44] [INFO] REQ: POST /predict - Status: 200 - Czas: 10.61ms
[2025-12-20 14:13:44] [INFO] REQ: POST /predict - Status: 200 - Czas: 11.13ms
[2025-12-20 14:13:44] [INFO] REQ: POST /predict - Status: 200 - Czas: 11.51ms
[2025-12-20 14:13:44] [INFO] REQ: POST /predict - Status: 200 - Czas: 5.79ms
[2025-12-20 14:13:44] [INFO] REQ: POST /predict - Status: 200 - Czas: 6.60ms
[2025-12-20 14:13:44] [INFO] REQ: POST /predict - Status: 200 - Czas: 12.89ms
[2025-12-20 14:13:44] [INFO] REQ: POST /predict - Status: 200 - Czas: 14.03ms
[2025-12-20 14:13:44] [INFO] REQ: POST /predict - Status: 200 - Czas: 11.53ms
[2025-12-20 14:13:44] [INFO] REQ: POST /predict - Status: 200 - Czas: 7.26ms
[2025-12-20 14:13:44] [INFO] REQ: POST /predict - Status: 200 - Czas: 5.81ms
[2025-12-20 14:13:44] [INFO] REQ: POST /predict - Status: 200 - Czas: 9.29ms
[2025-12-20 14:13:44] [INFO] REQ: POST /predict - Status: 200 - Czas: 9.10ms
[2025-12-20 14:13:44] [INFO] REQ: POST /predict - Status: 200 - Czas: 12.04ms
[2025-12-20 14:13:44] [INFO] REQ: POST /predict - Status: 200 - Czas: 9.55ms
[2025-12-20 14:13:44] [INFO] REQ: POST /predict - Status: 200 - Czas: 8.13ms
[2025-12-20 14:13:44] [INFO] REQ: POST /predict - Status: 200 - Czas: 12.31ms
[2025-12-20 14:13:44] [INFO] REQ: POST /predict - Status: 200 - Czas: 13.34ms
[2025-12-20 14:13:44] [INFO] REQ: POST /predict - Status: 200 - Czas: 14.35ms
[2025-12-20 14:13:44] [INFO] REQ: POST /predict - Status: 200 - Czas: 13.82ms
[2025-12-20 14:13:44] [INFO] REQ: POST /predict - Status: 200 - Czas: 5.35ms
[2025-12-20 14:13:44] [INFO] REQ: POST /predict - Status: 200 - Czas: 7.21ms
[2025-12-20 14:13:44] [INFO] REQ: POST /predict - Status: 200 - Czas: 11.21ms
[2025-12-20 14:13:44] [INFO] REQ: POST /predict - Status: 200 - Czas: 12.21ms
[2025-12-20 14:13:44] [INFO] REQ: POST /predict - Status: 200 - Czas: 14.89ms
[2025-12-20 14:13:44] [INFO] REQ: POST /predict - Status: 200 - Czas: 10.47ms
[2025-12-20 14:13:44] [INFO] REQ: POST /predict - Status: 200 - Czas: 7.46ms
[2025-12-20 14:13:44] [INFO] REQ: POST /predict - Status: 200 - Czas: 8.75ms
[2025-12-20 14:13:44] [INFO] REQ: POST /predict - Status: 200 - Czas: 6.40ms
[2025-12-20 14:13:44] [INFO] REQ: POST /predict - Status: 200 - Czas: 9.96ms
[2025-12-20 14:13:44] [INFO] REQ: POST /predict - Status: 200 - Czas: 11.08ms
[2025-12-20 14:13:44] [INFO] REQ: POST /predict - Status: 200 - Czas: 4.57ms
[2025-12-20 14:13:44] [INFO] REQ: POST /predict - Status: 200 - Czas: 8.10ms
[2025-12-20 14:13:44] [INFO] REQ: POST /predict - Status: 200 - Czas: 9.08ms
[2025-12-20 14:13:44] [INFO] REQ: POST /predict - Status: 200 - Czas: 9.66ms
[2025-12-20 14:13:44] [INFO] REQ: POST /predict - Status: 200 - Czas: 6.65ms
[2025-12-20 14:13:44] [INFO] REQ: POST /predict - Status: 200 - Czas: 7.16ms
[2025-12-20 14:13:44] [INFO] REQ: POST /predict - Status: 200 - Czas: 5.92ms
[2025-12-20 14:13:44] [INFO] REQ: POST /predict - Status: 200 - Czas: 9.05ms
[2025-12-20 14:13:44] [INFO] REQ: POST /predict - Status: 200 - Czas: 8.55ms
[2025-12-20 14:13:44] [INFO] REQ: POST /predict - Status: 200 - Czas: 7.71ms
[2025-12-20 14:13:44] [INFO] REQ: POST /predict - Status: 200 - Czas: 8.19ms
[2025-12-20 14:13:44] [INFO] REQ: POST /predict - Status: 200 - Czas: 9.23ms
[2025-12-20 14:13:44] [INFO] REQ: POST /predict - Status: 200 - Czas: 8.00ms
[2025-12-20 14:13:44] [INFO] REQ: POST /predict - Status: 200 - Czas: 13.01ms
[2025-12-20 14:13:44] [INFO] REQ: POST /predict - Status: 200 - Czas: 17.42ms
[2025-12-20 14:13:44] [INFO] REQ: POST /predict - Status: 200 - Czas: 16.44ms
[2025-12-20 14:13:44] [INFO] REQ: POST /predict - Status: 200 - Czas: 8.64ms
[2025-12-20 14:13:44] [INFO] REQ: POST /predict - Status: 200 - Czas: 7.79ms
[2025-12-20 14:13:44] [INFO] REQ: POST /predict - Status: 200 - Czas: 7.92ms
[2025-12-20 14:13:44] [INFO] REQ: POST /predict - Status: 200 - Czas: 9.48ms
[2025-12-20 14:13:44] [INFO] REQ: POST /predict - Status: 200 - Czas: 9.48ms
[2025-12-20 14:13:44] [INFO] REQ: POST /predict - Status: 200 - Czas: 7.84ms
[2025-12-20 14:13:44] [INFO] REQ: POST /predict - Status: 200 - Czas: 7.52ms
[2025-12-20 14:13:44] [INFO] REQ: POST /predict - Status: 200 - Czas: 7.14ms
[2025-12-20 14:13:44] [INFO] REQ: POST /predict - Status: 200 - Czas: 5.61ms
[2025-12-20 14:13:44] [INFO] REQ: POST /predict - Status: 200 - Czas: 8.27ms
[2025-12-20 14:13:44] [INFO] REQ: POST /predict - Status: 200 - Czas: 9.60ms
[2025-12-20 14:13:44] [INFO] REQ: POST /predict - Status: 200 - Czas: 7.24ms
[2025-12-20 14:13:44] [INFO] REQ: POST /predict - Status: 200 - Czas: 7.24ms
[2025-12-20 14:13:44] [INFO] REQ: POST /predict - Status: 200 - Czas: 8.88ms
[2025-12-20 14:13:44] [INFO] REQ: POST /predict - Status: 200 - Czas: 11.01ms
[2025-12-20 14:13:45] [INFO] REQ: POST /predict - Status: 200 - Czas: 12.16ms
[2025-12-20 14:13:45] [INFO] REQ: POST /predict - Status: 200 - Czas: 7.72ms
[2025-12-20 14:13:45] [INFO] REQ: POST /predict - Status: 200 - Czas: 8.21ms
[2025-12-20 14:13:45] [INFO] REQ: POST /predict - Status: 200 - Czas: 5.73ms
[2025-12-20 14:13:45] [INFO] REQ: POST /predict - Status: 200 - Czas: 9.34ms
[2025-12-20 14:13:45] [INFO] REQ: POST /predict - Status: 200 - Czas: 8.78ms
[2025-12-20 14:13:45] [INFO] REQ: POST /predict - Status: 200 - Czas: 10.84ms
[2025-12-20 14:13:45] [INFO] REQ: POST /predict - Status: 200 - Czas: 9.34ms
[2025-12-20 14:13:45] [INFO] REQ: POST /predict - Status: 200 - Czas: 9.50ms
[2025-12-20 14:13:45] [INFO] REQ: POST /predict - Status: 200 - Czas: 7.97ms
[2025-12-20 14:13:45] [INFO] REQ: POST /predict - Status: 200 - Czas: 12.43ms
[2025-12-20 14:13:45] [INFO] REQ: POST /predict - Status: 200 - Czas: 14.84ms
[2025-12-20 14:13:45] [INFO] REQ: POST /predict - Status: 200 - Czas: 13.28ms
[2025-12-20 14:13:45] [INFO] REQ: POST /predict - Status: 200 - Czas: 9.95ms
[2025-12-20 14:13:45] [INFO] REQ: POST /predict - Status: 200 - Czas: 9.95ms
[2025-12-20 14:13:45] [INFO] REQ: POST /predict - Status: 200 - Czas: 8.70ms
[2025-12-20 14:13:45] [INFO] REQ: POST /predict - Status: 200 - Czas: 10.68ms
[2025-12-20 14:13:45] [INFO] REQ: POST /predict - Status: 200 - Czas: 9.17ms
[2025-12-20 14:13:45] [INFO] REQ: POST /predict - Status: 200 - Czas: 5.70ms
[2025-12-20 14:13:45] [INFO] REQ: POST /predict - Status: 200 - Czas: 9.26ms
[2025-12-20 14:13:45] [INFO] REQ: POST /predict - Status: 200 - Czas: 10.39ms
[2025-12-20 14:13:45] [INFO] REQ: POST /predict - Status: 200 - Czas: 7.78ms
[2025-12-20 14:13:45] [INFO] REQ: POST /predict - Status: 200 - Czas: 7.29ms
[2025-12-20 14:13:45] [INFO] REQ: POST /predict - Status: 200 - Czas: 6.86ms
[2025-12-20 14:13:45] [INFO] REQ: POST /predict - Status: 200 - Czas: 10.18ms
[2025-12-20 14:13:45] [INFO] REQ: POST /predict - Status: 200 - Czas: 10.20ms
[2025-12-20 14:13:45] [INFO] REQ: POST /predict - Status: 200 - Czas: 10.19ms
[2025-12-20 14:13:45] [INFO] REQ: POST /predict - Status: 200 - Czas: 11.78ms
[2025-12-20 14:13:45] [INFO] REQ: POST /predict - Status: 200 - Czas: 11.78ms
[2025-12-20 14:13:45] [INFO] REQ: POST /predict - Status: 200 - Czas: 9.26ms
[2025-12-20 14:13:45] [INFO] REQ: POST /predict - Status: 200 - Czas: 11.85ms
[2025-12-20 14:13:45] [INFO] REQ: POST /predict - Status: 200 - Czas: 13.27ms
[2025-12-20 14:13:45] [INFO] REQ: POST /predict - Status: 200 - Czas: 12.27ms
[2025-12-20 14:13:45] [INFO] REQ: POST /predict - Status: 200 - Czas: 12.86ms
[2025-12-20 14:13:45] [INFO] REQ: POST /predict - Status: 200 - Czas: 7.86ms
[2025-12-20 14:13:45] [INFO] REQ: POST /predict - Status: 200 - Czas: 8.39ms
[2025-12-20 14:13:45] [INFO] REQ: POST /predict - Status: 200 - Czas: 11.59ms
[2025-12-20 14:13:45] [INFO] REQ: POST /predict - Status: 200 - Czas: 19.24ms
[2025-12-20 14:13:45] [INFO] REQ: POST /predict - Status: 200 - Czas: 18.33ms
[2025-12-20 14:13:45] [INFO] REQ: POST /predict - Status: 200 - Czas: 10.47ms
[2025-12-20 14:13:45] [INFO] REQ: POST /predict - Status: 200 - Czas: 12.55ms
[2025-12-20 14:13:45] [INFO] REQ: POST /predict - Status: 200 - Czas: 15.70ms
[2025-12-20 14:13:45] [INFO] REQ: POST /predict - Status: 200 - Czas: 14.67ms
[2025-12-20 14:13:45] [INFO] REQ: POST /predict - Status: 200 - Czas: 14.72ms
[2025-12-20 14:13:45] [INFO] REQ: POST /predict - Status: 200 - Czas: 6.56ms
[2025-12-20 14:13:45] [INFO] REQ: POST /predict - Status: 200 - Czas: 10.43ms
[2025-12-20 14:13:45] [INFO] REQ: POST /predict - Status: 200 - Czas: 11.02ms
[2025-12-20 14:13:45] [INFO] REQ: POST /predict - Status: 200 - Czas: 12.03ms
[2025-12-20 14:13:45] [INFO] REQ: POST /predict - Status: 200 - Czas: 10.65ms
[2025-12-20 14:13:45] [INFO] REQ: POST /predict - Status: 200 - Czas: 8.83ms
[2025-12-20 14:13:45] [INFO] REQ: POST /predict - Status: 200 - Czas: 9.15ms
[2025-12-20 14:13:45] [INFO] REQ: POST /predict - Status: 200 - Czas: 12.96ms
[2025-12-20 14:13:45] [INFO] REQ: POST /predict - Status: 200 - Czas: 10.58ms
[2025-12-20 14:13:45] [INFO] REQ: POST /predict - Status: 200 - Czas: 10.52ms
[2025-12-20 14:13:45] [INFO] REQ: POST /predict - Status: 200 - Czas: 4.19ms
[2025-12-20 14:13:45] [INFO] REQ: POST /predict - Status: 200 - Czas: 4.18ms
[2025-12-20 14:13:45] [INFO] REQ: POST /predict - Status: 200 - Czas: 22.05ms
[2025-12-20 14:13:45] [INFO] REQ: POST /predict - Status: 200 - Czas: 22.07ms
[2025-12-20 14:13:45] [INFO] REQ: POST /predict - Status: 200 - Czas: 22.11ms
[2025-12-20 14:13:45] [INFO] REQ: POST /predict - Status: 200 - Czas: 20.77ms
[2025-12-20 14:13:45] [INFO] REQ: POST /predict - Status: 200 - Czas: 20.78ms
[2025-12-20 14:13:45] [INFO] REQ: POST /predict - Status: 200 - Czas: 9.12ms
[2025-12-20 14:13:45] [INFO] REQ: POST /predict - Status: 200 - Czas: 10.92ms
[2025-12-20 14:13:45] [INFO] REQ: POST /predict - Status: 200 - Czas: 13.88ms
[2025-12-20 14:13:45] [INFO] REQ: POST /predict - Status: 200 - Czas: 15.40ms
[2025-12-20 14:13:45] [INFO] REQ: POST /predict - Status: 200 - Czas: 14.36ms
[2025-12-20 14:13:45] [INFO] REQ: POST /predict - Status: 200 - Czas: 2.63ms
[2025-12-20 14:13:45] [INFO] REQ: POST /predict - Status: 200 - Czas: 8.95ms
[2025-12-20 14:13:45] [INFO] REQ: POST /predict - Status: 200 - Czas: 12.10ms
[2025-12-20 14:13:45] [INFO] REQ: POST /predict - Status: 200 - Czas: 13.13ms
[2025-12-20 14:13:45] [INFO] REQ: POST /predict - Status: 200 - Czas: 12.64ms
[2025-12-20 14:13:45] [INFO] REQ: POST /predict - Status: 200 - Czas: 10.04ms
[2025-12-20 14:13:45] [INFO] REQ: POST /predict - Status: 200 - Czas: 6.49ms
[2025-12-20 14:13:45] [INFO] REQ: POST /predict - Status: 200 - Czas: 7.55ms
[2025-12-20 14:13:45] [INFO] REQ: POST /predict - Status: 200 - Czas: 11.69ms
[2025-12-20 14:13:45] [INFO] REQ: POST /predict - Status: 200 - Czas: 16.08ms
[2025-12-20 14:13:45] [INFO] REQ: POST /predict - Status: 200 - Czas: 12.86ms
[2025-12-20 14:13:45] [INFO] REQ: POST /predict - Status: 200 - Czas: 4.74ms
[2025-12-20 14:13:45] [INFO] REQ: POST /predict - Status: 200 - Czas: 4.83ms
[2025-12-20 14:13:45] [INFO] REQ: POST /predict - Status: 200 - Czas: 4.82ms
[2025-12-20 14:13:45] [INFO] REQ: POST /predict - Status: 200 - Czas: 7.41ms
[2025-12-20 14:13:45] [INFO] REQ: POST /predict - Status: 200 - Czas: 8.87ms
[2025-12-20 14:13:45] [INFO] REQ: POST /predict - Status: 200 - Czas: 14.92ms
[2025-12-20 14:13:45] [INFO] REQ: POST /predict - Status: 200 - Czas: 19.25ms
[2025-12-20 14:13:45] [INFO] REQ: POST /predict - Status: 200 - Czas: 22.47ms
[2025-12-20 14:13:45] [INFO] REQ: POST /predict - Status: 200 - Czas: 21.47ms
[2025-12-20 14:13:45] [INFO] REQ: POST /predict - Status: 200 - Czas: 20.47ms
[2025-12-20 14:13:45] [INFO] REQ: POST /predict - Status: 200 - Czas: 8.34ms
[2025-12-20 14:13:45] [INFO] REQ: POST /predict - Status: 200 - Czas: 9.45ms
[2025-12-20 14:13:45] [INFO] REQ: POST /predict - Status: 200 - Czas: 10.59ms
[2025-12-20 14:13:45] [INFO] REQ: POST /predict - Status: 200 - Czas: 9.54ms
[2025-12-20 14:13:45] [INFO] REQ: POST /predict - Status: 200 - Czas: 9.88ms
[2025-12-20 14:13:45] [INFO] REQ: POST /predict - Status: 200 - Czas: 4.64ms
[2025-12-20 14:13:45] [INFO] REQ: POST /predict - Status: 200 - Czas: 9.23ms
[2025-12-20 14:13:45] [INFO] REQ: POST /predict - Status: 200 - Czas: 13.78ms
[2025-12-20 14:13:45] [INFO] REQ: POST /predict - Status: 200 - Czas: 13.92ms
[2025-12-20 14:13:45] [INFO] REQ: POST /predict - Status: 200 - Czas: 13.96ms
[2025-12-20 14:13:45] [INFO] REQ: POST /predict - Status: 200 - Czas: 12.39ms
[2025-12-20 14:13:45] [INFO] REQ: POST /predict - Status: 200 - Czas: 6.35ms
[2025-12-20 14:13:45] [INFO] REQ: POST /predict - Status: 200 - Czas: 7.42ms
[2025-12-20 14:13:45] [INFO] REQ: POST /predict - Status: 200 - Czas: 8.75ms
[2025-12-20 14:13:45] [INFO] REQ: POST /predict - Status: 200 - Czas: 11.38ms
[2025-12-20 14:13:45] [INFO] REQ: POST /predict - Status: 200 - Czas: 10.29ms
[2025-12-20 14:13:45] [INFO] REQ: POST /predict - Status: 200 - Czas: 4.15ms
[2025-12-20 14:13:45] [INFO] REQ: POST /predict - Status: 200 - Czas: 6.59ms
[2025-12-20 14:13:45] [INFO] REQ: POST /predict - Status: 200 - Czas: 8.20ms
[2025-12-20 14:13:45] [INFO] REQ: POST /predict - Status: 200 - Czas: 9.87ms
[2025-12-20 14:13:45] [INFO] REQ: POST /predict - Status: 200 - Czas: 9.07ms
[2025-12-20 14:13:45] [INFO] REQ: POST /predict - Status: 200 - Czas: 16.21ms
[2025-12-20 14:13:45] [INFO] REQ: POST /predict - Status: 200 - Czas: 20.52ms
[2025-12-20 14:13:45] [INFO] REQ: POST /predict - Status: 200 - Czas: 22.01ms
[2025-12-20 14:13:45] [INFO] REQ: POST /predict - Status: 200 - Czas: 22.71ms
[2025-12-20 14:13:45] [INFO] REQ: POST /predict - Status: 200 - Czas: 19.55ms
[2025-12-20 14:13:45] [INFO] REQ: POST /predict - Status: 200 - Czas: 8.71ms
[2025-12-20 14:13:45] [INFO] REQ: POST /predict - Status: 200 - Czas: 10.69ms
[2025-12-20 14:13:45] [INFO] REQ: POST /predict - Status: 200 - Czas: 12.80ms
[2025-12-20 14:13:45] [INFO] REQ: POST /predict - Status: 200 - Czas: 11.29ms
[2025-12-20 14:13:45] [INFO] REQ: POST /predict - Status: 200 - Czas: 13.29ms
[2025-12-20 14:13:45] [INFO] REQ: POST /predict - Status: 200 - Czas: 9.13ms
[2025-12-20 14:13:45] [INFO] REQ: POST /predict - Status: 200 - Czas: 13.64ms
[2025-12-20 14:13:45] [INFO] REQ: POST /predict - Status: 200 - Czas: 14.64ms
[2025-12-20 14:13:45] [INFO] REQ: POST /predict - Status: 200 - Czas: 13.64ms
[2025-12-20 14:13:45] [INFO] REQ: POST /predict - Status: 200 - Czas: 13.06ms
[2025-12-20 14:13:45] [INFO] REQ: POST /predict - Status: 200 - Czas: 3.04ms
[2025-12-20 14:13:45] [INFO] REQ: POST /predict - Status: 200 - Czas: 6.51ms
[2025-12-20 14:13:45] [INFO] REQ: POST /predict - Status: 200 - Czas: 7.12ms
[2025-12-20 14:13:45] [INFO] REQ: POST /predict - Status: 200 - Czas: 9.15ms
[2025-12-20 14:13:45] [INFO] REQ: POST /predict - Status: 200 - Czas: 11.15ms
[2025-12-20 14:13:45] [INFO] REQ: POST /predict - Status: 200 - Czas: 10.68ms
[2025-12-20 14:13:45] [INFO] REQ: POST /predict - Status: 200 - Czas: 7.17ms
[2025-12-20 14:13:45] [INFO] REQ: POST /predict - Status: 200 - Czas: 9.17ms
[2025-12-20 14:13:45] [INFO] REQ: POST /predict - Status: 200 - Czas: 11.20ms
[2025-12-20 14:13:45] [INFO] REQ: POST /predict - Status: 200 - Czas: 13.27ms
[2025-12-20 14:13:45] [INFO] REQ: POST /predict - Status: 200 - Czas: 13.62ms
[2025-12-20 14:13:45] [INFO] REQ: POST /predict - Status: 200 - Czas: 3.00ms
[2025-12-20 14:13:45] [INFO] REQ: POST /predict - Status: 200 - Czas: 5.51ms
[2025-12-20 14:13:45] [INFO] REQ: POST /predict - Status: 200 - Czas: 9.16ms
[2025-12-20 14:13:45] [INFO] REQ: POST /predict - Status: 200 - Czas: 9.16ms
[2025-12-20 14:13:45] [INFO] REQ: POST /predict - Status: 200 - Czas: 11.59ms
[2025-12-20 14:13:45] [INFO] REQ: POST /predict - Status: 200 - Czas: 9.10ms
[2025-12-20 14:13:45] [INFO] REQ: POST /predict - Status: 200 - Czas: 11.10ms
[2025-12-20 14:13:45] [INFO] REQ: POST /predict - Status: 200 - Czas: 5.51ms
[2025-12-20 14:13:45] [INFO] REQ: POST /predict - Status: 200 - Czas: 8.63ms
[2025-12-20 14:13:45] [INFO] REQ: POST /predict - Status: 200 - Czas: 8.63ms
[2025-12-20 14:13:45] [INFO] REQ: POST /predict - Status: 200 - Czas: 11.03ms
[2025-12-20 14:13:45] [INFO] REQ: POST /predict - Status: 200 - Czas: 10.02ms
[2025-12-20 14:13:45] [INFO] REQ: POST /predict - Status: 200 - Czas: 6.37ms
[2025-12-20 14:13:45] [INFO] REQ: POST /predict - Status: 200 - Czas: 5.80ms
[2025-12-20 14:13:45] [INFO] REQ: POST /predict - Status: 200 - Czas: 5.51ms
[2025-12-20 14:13:45] [INFO] REQ: POST /predict - Status: 200 - Czas: 9.51ms
[2025-12-20 14:13:45] [INFO] REQ: POST /predict - Status: 200 - Czas: 9.51ms
[2025-12-20 14:13:45] [INFO] REQ: POST /predict - Status: 200 - Czas: 9.54ms
[2025-12-20 14:13:45] [INFO] REQ: POST /predict - Status: 200 - Czas: 8.53ms
[2025-12-20 14:13:45] [INFO] REQ: POST /predict - Status: 200 - Czas: 5.10ms
[2025-12-20 14:13:45] [INFO] REQ: POST /predict - Status: 200 - Czas: 12.15ms
[2025-12-20 14:13:45] [INFO] REQ: POST /predict - Status: 200 - Czas: 15.18ms
[2025-12-20 14:13:45] [INFO] REQ: POST /predict - Status: 200 - Czas: 19.76ms
[2025-12-20 14:13:45] [INFO] REQ: POST /predict - Status: 200 - Czas: 16.17ms
[2025-12-20 14:13:45] [INFO] REQ: POST /predict - Status: 200 - Czas: 17.68ms
[2025-12-20 14:13:45] [INFO] REQ: POST /predict - Status: 200 - Czas: 7.51ms
[2025-12-20 14:13:45] [INFO] REQ: POST /predict - Status: 200 - Czas: 12.60ms
[2025-12-20 14:13:45] [INFO] REQ: POST /predict - Status: 200 - Czas: 13.17ms
[2025-12-20 14:13:45] [INFO] REQ: POST /predict - Status: 200 - Czas: 14.17ms
[2025-12-20 14:13:45] [INFO] REQ: POST /predict - Status: 200 - Czas: 10.65ms
[2025-12-20 14:13:45] [INFO] REQ: POST /predict - Status: 200 - Czas: 5.01ms
[2025-12-20 14:13:45] [INFO] REQ: POST /predict - Status: 200 - Czas: 7.63ms
[2025-12-20 14:13:45] [INFO] REQ: POST /predict - Status: 200 - Czas: 8.63ms
[2025-12-20 14:13:45] [INFO] REQ: POST /predict - Status: 200 - Czas: 11.32ms
[2025-12-20 14:13:45] [INFO] REQ: POST /predict - Status: 200 - Czas: 11.27ms
[2025-12-20 14:13:45] [INFO] REQ: POST /predict - Status: 200 - Czas: 5.54ms
[2025-12-20 14:13:45] [INFO] REQ: POST /predict - Status: 200 - Czas: 7.60ms
[2025-12-20 14:13:45] [INFO] REQ: POST /predict - Status: 200 - Czas: 8.60ms
[2025-12-20 14:13:45] [INFO] REQ: POST /predict - Status: 200 - Czas: 8.64ms
[2025-12-20 14:13:45] [INFO] REQ: POST /predict - Status: 200 - Czas: 8.64ms
[2025-12-20 14:13:45] [INFO] REQ: POST /predict - Status: 200 - Czas: 12.68ms
[2025-12-20 14:13:45] [INFO] REQ: POST /predict - Status: 200 - Czas: 10.16ms
[2025-12-20 14:13:45] [INFO] REQ: POST /predict - Status: 200 - Czas: 9.15ms
[2025-12-20 14:13:45] [INFO] REQ: POST /predict - Status: 200 - Czas: 9.03ms
[2025-12-20 14:13:45] [INFO] REQ: POST /predict - Status: 200 - Czas: 8.03ms
[2025-12-20 14:13:45] [INFO] REQ: POST /predict - Status: 200 - Czas: 11.04ms
[2025-12-20 14:13:45] [INFO] REQ: POST /predict - Status: 200 - Czas: 12.04ms
[2025-12-20 14:13:45] [INFO] REQ: POST /predict - Status: 200 - Czas: 12.03ms
[2025-12-20 14:13:45] [INFO] REQ: POST /predict - Status: 200 - Czas: 4.02ms
[2025-12-20 14:13:45] [INFO] REQ: POST /predict - Status: 200 - Czas: 7.00ms
[2025-12-20 14:13:45] [INFO] REQ: POST /predict - Status: 200 - Czas: 8.51ms
[2025-12-20 14:13:46] [INFO] REQ: POST /predict - Status: 200 - Czas: 10.14ms
[2025-12-20 14:13:46] [INFO] REQ: POST /predict - Status: 200 - Czas: 10.14ms
[2025-12-20 14:13:46] [INFO] REQ: POST /predict - Status: 200 - Czas: 13.07ms
[2025-12-20 14:13:46] [INFO] REQ: POST /predict - Status: 200 - Czas: 9.07ms
[2025-12-20 14:13:46] [INFO] REQ: POST /predict - Status: 200 - Czas: 10.07ms
[2025-12-20 14:13:46] [INFO] REQ: POST /predict - Status: 200 - Czas: 12.07ms
[2025-12-20 14:13:46] [INFO] REQ: POST /predict - Status: 200 - Czas: 14.58ms
[2025-12-20 14:13:46] [INFO] REQ: POST /predict - Status: 200 - Czas: 8.52ms
[2025-12-20 14:13:46] [INFO] REQ: POST /predict - Status: 200 - Czas: 10.75ms
[2025-12-20 14:13:46] [INFO] REQ: POST /predict - Status: 200 - Czas: 10.29ms
[2025-12-20 14:13:46] [INFO] REQ: POST /predict - Status: 200 - Czas: 14.82ms
[2025-12-20 14:13:46] [INFO] REQ: POST /predict - Status: 200 - Czas: 12.31ms
[2025-12-20 14:13:46] [INFO] REQ: POST /predict - Status: 200 - Czas: 5.00ms
[2025-12-20 14:13:46] [INFO] REQ: POST /predict - Status: 200 - Czas: 4.67ms
[2025-12-20 14:13:46] [INFO] REQ: POST /predict - Status: 200 - Czas: 5.51ms
[2025-12-20 14:13:46] [INFO] REQ: POST /predict - Status: 200 - Czas: 6.51ms
[2025-12-20 14:13:46] [INFO] REQ: POST /predict - Status: 200 - Czas: 7.67ms
[2025-12-20 14:13:46] [INFO] REQ: POST /predict - Status: 200 - Czas: 4.16ms
[2025-12-20 14:13:46] [INFO] REQ: POST /predict - Status: 200 - Czas: 6.67ms
[2025-12-20 14:13:46] [INFO] REQ: POST /predict - Status: 200 - Czas: 7.54ms
[2025-12-20 14:13:46] [INFO] REQ: POST /predict - Status: 200 - Czas: 10.13ms
[2025-12-20 14:13:46] [INFO] REQ: POST /predict - Status: 200 - Czas: 9.13ms
[2025-12-20 14:13:46] [INFO] REQ: POST /predict - Status: 200 - Czas: 6.62ms
[2025-12-20 14:13:46] [INFO] REQ: POST /predict - Status: 200 - Czas: 16.35ms
[2025-12-20 14:13:46] [INFO] REQ: POST /predict - Status: 200 - Czas: 15.35ms
[2025-12-20 14:13:46] [INFO] REQ: POST /predict - Status: 200 - Czas: 17.44ms
[2025-12-20 14:13:46] [INFO] REQ: POST /predict - Status: 200 - Czas: 19.02ms
[2025-12-20 14:13:46] [INFO] REQ: POST /predict - Status: 200 - Czas: 17.93ms
[2025-12-20 14:13:46] [INFO] REQ: POST /predict - Status: 200 - Czas: 8.30ms
[2025-12-20 14:13:46] [INFO] REQ: POST /predict - Status: 200 - Czas: 9.30ms
[2025-12-20 14:13:46] [INFO] REQ: POST /predict - Status: 200 - Czas: 15.84ms
[2025-12-20 14:13:46] [INFO] REQ: POST /predict - Status: 200 - Czas: 15.68ms
[2025-12-20 14:13:46] [INFO] REQ: POST /predict - Status: 200 - Czas: 14.60ms
[2025-12-20 14:13:46] [INFO] REQ: POST /predict - Status: 200 - Czas: 4.51ms
[2025-12-20 14:13:46] [INFO] REQ: POST /predict - Status: 200 - Czas: 7.25ms
[2025-12-20 14:13:46] [INFO] REQ: POST /predict - Status: 200 - Czas: 6.58ms
[2025-12-20 14:13:46] [INFO] REQ: POST /predict - Status: 200 - Czas: 8.09ms
[2025-12-20 14:13:46] [INFO] REQ: POST /predict - Status: 200 - Czas: 10.59ms
[2025-12-20 14:13:46] [INFO] REQ: POST /predict - Status: 200 - Czas: 8.55ms
[2025-12-20 14:13:46] [INFO] REQ: POST /predict - Status: 200 - Czas: 6.65ms
[2025-12-20 14:13:46] [INFO] REQ: POST /predict - Status: 200 - Czas: 5.66ms
[2025-12-20 14:13:46] [INFO] REQ: POST /predict - Status: 200 - Czas: 2.01ms
[2025-12-20 14:13:46] [INFO] REQ: POST /predict - Status: 200 - Czas: 3.01ms
[2025-12-20 14:13:46] [INFO] REQ: POST /predict - Status: 200 - Czas: 6.59ms
[2025-12-20 14:13:46] [INFO] REQ: POST /predict - Status: 200 - Czas: 8.59ms
[2025-12-20 14:13:46] [INFO] REQ: POST /predict - Status: 200 - Czas: 7.57ms
[2025-12-20 14:13:46] [INFO] REQ: POST /predict - Status: 200 - Czas: 8.03ms
[2025-12-20 14:13:46] [INFO] REQ: POST /predict - Status: 200 - Czas: 6.05ms
[2025-12-20 14:13:46] [INFO] REQ: POST /predict - Status: 200 - Czas: 8.06ms
[2025-12-20 14:13:46] [INFO] REQ: POST /predict - Status: 200 - Czas: 9.02ms
[2025-12-20 14:13:46] [INFO] REQ: POST /predict - Status: 200 - Czas: 11.05ms
[2025-12-20 14:13:46] [INFO] REQ: POST /predict - Status: 200 - Czas: 10.63ms
[2025-12-20 14:13:46] [INFO] REQ: POST /predict - Status: 200 - Czas: 10.13ms
[2025-12-20 14:13:46] [INFO] REQ: POST /predict - Status: 200 - Czas: 7.61ms
[2025-12-20 14:13:46] [INFO] REQ: POST /predict - Status: 200 - Czas: 9.13ms
[2025-12-20 14:13:46] [INFO] REQ: POST /predict - Status: 200 - Czas: 10.22ms
[2025-12-20 14:13:46] [INFO] REQ: POST /predict - Status: 200 - Czas: 11.72ms
[2025-12-20 14:13:46] [INFO] REQ: POST /predict - Status: 200 - Czas: 9.62ms
[2025-12-20 14:13:46] [INFO] REQ: POST /predict - Status: 200 - Czas: 6.58ms
[2025-12-20 14:13:46] [INFO] REQ: POST /predict - Status: 200 - Czas: 8.58ms
[2025-12-20 14:13:46] [INFO] REQ: POST /predict - Status: 200 - Czas: 7.51ms
[2025-12-20 14:13:46] [INFO] REQ: POST /predict - Status: 200 - Czas: 8.02ms
[2025-12-20 14:13:46] [INFO] REQ: POST /predict - Status: 200 - Czas: 9.03ms
[2025-12-20 14:13:46] [INFO] REQ: POST /predict - Status: 200 - Czas: 7.24ms
[2025-12-20 14:13:46] [INFO] REQ: POST /predict - Status: 200 - Czas: 14.21ms
[2025-12-20 14:13:46] [INFO] REQ: POST /predict - Status: 200 - Czas: 17.21ms
[2025-12-20 14:13:46] [INFO] REQ: POST /predict - Status: 200 - Czas: 20.75ms
[2025-12-20 14:13:46] [INFO] REQ: POST /predict - Status: 200 - Czas: 19.61ms
[2025-12-20 14:13:46] [INFO] REQ: POST /predict - Status: 200 - Czas: 6.52ms
[2025-12-20 14:13:46] [INFO] REQ: POST /predict - Status: 200 - Czas: 8.54ms
[2025-12-20 14:13:46] [INFO] REQ: POST /predict - Status: 200 - Czas: 11.55ms
[2025-12-20 14:13:46] [INFO] REQ: POST /predict - Status: 200 - Czas: 11.05ms
[2025-12-20 14:13:46] [INFO] REQ: POST /predict - Status: 200 - Czas: 10.54ms
[2025-12-20 14:13:46] [INFO] REQ: POST /predict - Status: 200 - Czas: 9.62ms
[2025-12-20 14:13:46] [INFO] REQ: POST /predict - Status: 200 - Czas: 5.51ms
[2025-12-20 14:13:46] [INFO] REQ: POST /predict - Status: 200 - Czas: 8.03ms
[2025-12-20 14:13:46] [INFO] REQ: POST /predict - Status: 200 - Czas: 10.89ms
[2025-12-20 14:13:46] [INFO] REQ: POST /predict - Status: 200 - Czas: 10.89ms
[2025-12-20 14:13:46] [INFO] REQ: POST /predict - Status: 200 - Czas: 10.89ms
[2025-12-20 14:13:46] [INFO] REQ: POST /predict - Status: 200 - Czas: 4.57ms
[2025-12-20 14:13:46] [INFO] REQ: POST /predict - Status: 200 - Czas: 13.57ms
[2025-12-20 14:13:46] [INFO] REQ: POST /predict - Status: 200 - Czas: 17.65ms
[2025-12-20 14:13:46] [INFO] REQ: POST /predict - Status: 200 - Czas: 20.66ms
[2025-12-20 14:13:46] [INFO] REQ: POST /predict - Status: 200 - Czas: 20.62ms
[2025-12-20 14:13:46] [INFO] REQ: POST /predict - Status: 200 - Czas: 20.63ms
[2025-12-20 14:13:46] [INFO] REQ: POST /predict - Status: 200 - Czas: 9.03ms
[2025-12-20 14:13:46] [INFO] REQ: POST /predict - Status: 200 - Czas: 11.03ms
[2025-12-20 14:13:46] [INFO] REQ: POST /predict - Status: 200 - Czas: 6.00ms
[2025-12-20 14:13:46] [INFO] REQ: POST /predict - Status: 200 - Czas: 8.55ms
[2025-12-20 14:13:46] [INFO] REQ: POST /predict - Status: 200 - Czas: 11.06ms
[2025-12-20 14:13:46] [INFO] REQ: POST /predict - Status: 200 - Czas: 12.06ms
[2025-12-20 14:13:46] [INFO] REQ: POST /predict - Status: 200 - Czas: 12.53ms
[2025-12-20 14:13:46] [INFO] REQ: POST /predict - Status: 200 - Czas: 10.02ms
[2025-12-20 14:13:46] [INFO] REQ: POST /predict - Status: 200 - Czas: 12.53ms
[2025-12-20 14:13:46] [INFO] REQ: POST /predict - Status: 200 - Czas: 12.56ms
[2025-12-20 14:13:46] [INFO] REQ: POST /predict - Status: 200 - Czas: 11.56ms
[2025-12-20 14:13:46] [INFO] REQ: POST /predict - Status: 200 - Czas: 10.02ms
[2025-12-20 14:13:46] [INFO] REQ: POST /predict - Status: 200 - Czas: 12.06ms
[2025-12-20 14:13:46] [INFO] REQ: POST /predict - Status: 200 - Czas: 11.02ms
[2025-12-20 14:13:46] [INFO] REQ: POST /predict - Status: 200 - Czas: 11.54ms
[2025-12-20 14:13:46] [INFO] REQ: POST /predict - Status: 200 - Czas: 10.11ms
[2025-12-20 14:13:46] [INFO] REQ: POST /predict - Status: 200 - Czas: 6.51ms
[2025-12-20 14:13:46] [INFO] REQ: POST /predict - Status: 200 - Czas: 8.09ms
[2025-12-20 14:13:46] [INFO] REQ: POST /predict - Status: 200 - Czas: 7.06ms
[2025-12-20 14:13:46] [INFO] REQ: POST /predict - Status: 200 - Czas: 7.53ms
[2025-12-20 14:13:46] [INFO] REQ: POST /predict - Status: 200 - Czas: 7.04ms
[2025-12-20 14:13:46] [INFO] REQ: POST /predict - Status: 200 - Czas: 11.08ms
[2025-12-20 14:13:46] [INFO] REQ: POST /predict - Status: 200 - Czas: 11.08ms
[2025-12-20 14:13:46] [INFO] REQ: POST /predict - Status: 200 - Czas: 8.06ms
[2025-12-20 14:13:46] [INFO] REQ: POST /predict - Status: 200 - Czas: 6.01ms
[2025-12-20 14:13:46] [INFO] REQ: POST /predict - Status: 200 - Czas: 6.58ms
[2025-12-20 14:13:46] [INFO] REQ: POST /predict - Status: 200 - Czas: 5.52ms
[2025-12-20 14:13:46] [INFO] REQ: POST /predict - Status: 200 - Czas: 8.74ms
[2025-12-20 14:13:46] [INFO] REQ: POST /predict - Status: 200 - Czas: 9.73ms
[2025-12-20 14:13:46] [INFO] REQ: POST /predict - Status: 200 - Czas: 13.53ms
[2025-12-20 14:13:46] [INFO] REQ: POST /predict - Status: 200 - Czas: 17.26ms
[2025-12-20 14:13:46] [INFO] REQ: POST /predict - Status: 200 - Czas: 16.04ms
[2025-12-20 14:13:46] [INFO] REQ: POST /predict - Status: 200 - Czas: 6.02ms
[2025-12-20 14:13:46] [INFO] REQ: POST /predict - Status: 200 - Czas: 6.02ms
[2025-12-20 14:13:46] [INFO] REQ: POST /predict - Status: 200 - Czas: 7.02ms
[2025-12-20 14:13:46] [INFO] REQ: POST /predict - Status: 200 - Czas: 8.02ms
[2025-12-20 14:13:46] [INFO] REQ: POST /predict - Status: 200 - Czas: 10.55ms
[2025-12-20 14:13:46] [INFO] REQ: POST /predict - Status: 200 - Czas: 11.22ms
[2025-12-20 14:13:46] [INFO] REQ: POST /predict - Status: 200 - Czas: 21.88ms
[2025-12-20 14:13:46] [INFO] REQ: POST /predict - Status: 200 - Czas: 9.50ms
[2025-12-20 14:13:46] [INFO] REQ: POST /predict - Status: 200 - Czas: 12.65ms
[2025-12-20 14:13:46] [INFO] REQ: POST /predict - Status: 200 - Czas: 12.65ms
[2025-12-20 14:13:46] [INFO] REQ: POST /predict - Status: 200 - Czas: 9.02ms
[2025-12-20 14:13:46] [INFO] REQ: POST /predict - Status: 200 - Czas: 12.53ms
[2025-12-20 14:13:46] [INFO] REQ: POST /predict - Status: 200 - Czas: 14.54ms
[2025-12-20 14:13:46] [INFO] REQ: POST /predict - Status: 200 - Czas: 12.03ms
[2025-12-20 14:13:46] [INFO] REQ: POST /predict - Status: 200 - Czas: 11.03ms
[2025-12-20 14:13:46] [INFO] REQ: POST /predict - Status: 200 - Czas: 21.70ms
[2025-12-20 14:13:46] [INFO] REQ: POST /predict - Status: 200 - Czas: 24.70ms
[2025-12-20 14:13:46] [INFO] REQ: POST /predict - Status: 200 - Czas: 27.22ms
[2025-12-20 14:13:46] [INFO] REQ: POST /predict - Status: 200 - Czas: 25.63ms
[2025-12-20 14:13:46] [INFO] REQ: POST /predict - Status: 200 - Czas: 26.63ms
[2025-12-20 14:13:46] [INFO] REQ: POST /predict - Status: 200 - Czas: 10.20ms
[2025-12-20 14:13:46] [INFO] REQ: POST /predict - Status: 200 - Czas: 16.72ms
[2025-12-20 14:13:46] [INFO] REQ: POST /predict - Status: 200 - Czas: 17.22ms
[2025-12-20 14:13:46] [INFO] REQ: POST /predict - Status: 200 - Czas: 16.22ms
[2025-12-20 14:13:46] [INFO] REQ: POST /predict - Status: 200 - Czas: 5.03ms
[2025-12-20 14:13:46] [INFO] REQ: POST /predict - Status: 200 - Czas: 2.00ms
[2025-12-20 14:13:46] [INFO] REQ: POST /predict - Status: 200 - Czas: 5.12ms
[2025-12-20 14:13:46] [INFO] REQ: POST /predict - Status: 200 - Czas: 5.17ms
[2025-12-20 14:13:46] [INFO] REQ: POST /predict - Status: 200 - Czas: 4.00ms
[2025-12-20 14:13:46] [INFO] REQ: POST /predict - Status: 200 - Czas: 7.53ms
[2025-12-20 14:13:46] [INFO] REQ: POST /predict - Status: 200 - Czas: 11.52ms
[2025-12-20 14:13:46] [INFO] REQ: POST /predict - Status: 200 - Czas: 12.52ms
[2025-12-20 14:13:46] [INFO] REQ: POST /predict - Status: 200 - Czas: 16.52ms
[2025-12-20 14:13:46] [INFO] REQ: POST /predict - Status: 200 - Czas: 14.51ms
[2025-12-20 14:13:46] [INFO] REQ: POST /predict - Status: 200 - Czas: 6.02ms
[2025-12-20 14:13:46] [INFO] REQ: POST /predict - Status: 200 - Czas: 9.52ms
[2025-12-20 14:13:46] [INFO] REQ: POST /predict - Status: 200 - Czas: 13.53ms
[2025-12-20 14:13:46] [INFO] REQ: POST /predict - Status: 200 - Czas: 13.54ms
[2025-12-20 14:13:46] [INFO] REQ: POST /predict - Status: 200 - Czas: 14.54ms
[2025-12-20 14:13:46] [INFO] REQ: POST /predict - Status: 200 - Czas: 8.01ms
[2025-12-20 14:13:46] [INFO] REQ: POST /predict - Status: 200 - Czas: 12.09ms
[2025-12-20 14:13:46] [INFO] REQ: POST /predict - Status: 200 - Czas: 12.59ms
[2025-12-20 14:13:46] [INFO] REQ: POST /predict - Status: 200 - Czas: 12.58ms
[2025-12-20 14:13:46] [INFO] REQ: POST /predict - Status: 200 - Czas: 11.58ms
[2025-12-20 14:13:46] [INFO] REQ: POST /predict - Status: 200 - Czas: 12.61ms
[2025-12-20 14:13:46] [INFO] REQ: POST /predict - Status: 200 - Czas: 5.00ms
[2025-12-20 14:13:46] [INFO] REQ: POST /predict - Status: 200 - Czas: 5.51ms
[2025-12-20 14:13:46] [INFO] REQ: POST /predict - Status: 200 - Czas: 8.57ms
[2025-12-20 14:13:46] [INFO] REQ: POST /predict - Status: 200 - Czas: 11.10ms
[2025-12-20 14:13:46] [INFO] REQ: POST /predict - Status: 200 - Czas: 11.09ms
[2025-12-20 14:13:46] [INFO] REQ: POST /predict - Status: 200 - Czas: 9.10ms
[2025-12-20 14:13:46] [INFO] REQ: POST /predict - Status: 200 - Czas: 8.56ms
[2025-12-20 14:13:46] [INFO] REQ: POST /predict - Status: 200 - Czas: 7.02ms
[2025-12-20 14:13:46] [INFO] REQ: POST /predict - Status: 200 - Czas: 6.50ms
[2025-12-20 14:13:46] [INFO] REQ: POST /predict - Status: 200 - Czas: 7.51ms
[2025-12-20 14:13:46] [INFO] REQ: POST /predict - Status: 200 - Czas: 8.29ms
[2025-12-20 14:13:46] [INFO] REQ: POST /predict - Status: 200 - Czas: 5.51ms
[2025-12-20 14:13:46] [INFO] REQ: POST /predict - Status: 200 - Czas: 9.07ms
[2025-12-20 14:13:46] [INFO] REQ: POST /predict - Status: 200 - Czas: 7.20ms
[2025-12-20 14:13:46] [INFO] REQ: POST /predict - Status: 200 - Czas: 11.56ms
[2025-12-20 14:13:46] [INFO] REQ: POST /predict - Status: 200 - Czas: 8.56ms
[2025-12-20 14:13:46] [INFO] REQ: POST /predict - Status: 200 - Czas: 8.57ms
[2025-12-20 14:13:46] [INFO] REQ: POST /predict - Status: 200 - Czas: 10.58ms
[2025-12-20 14:13:46] [INFO] REQ: POST /predict - Status: 200 - Czas: 11.08ms
[2025-12-20 14:13:46] [INFO] REQ: POST /predict - Status: 200 - Czas: 12.03ms
[2025-12-20 14:13:46] [INFO] REQ: POST /predict - Status: 200 - Czas: 11.10ms
[2025-12-20 14:13:46] [INFO] REQ: POST /predict - Status: 200 - Czas: 9.39ms
[2025-12-20 14:13:46] [INFO] REQ: POST /predict - Status: 200 - Czas: 12.40ms
[2025-12-20 14:13:46] [INFO] REQ: POST /predict - Status: 200 - Czas: 9.63ms
[2025-12-20 14:13:46] [INFO] REQ: POST /predict - Status: 200 - Czas: 9.28ms
[2025-12-20 14:13:47] [INFO] REQ: POST /predict - Status: 200 - Czas: 6.51ms
[2025-12-20 14:13:47] [INFO] REQ: POST /predict - Status: 200 - Czas: 6.01ms
[2025-12-20 14:13:47] [INFO] REQ: POST /predict - Status: 200 - Czas: 9.60ms
[2025-12-20 14:13:47] [INFO] REQ: POST /predict - Status: 200 - Czas: 9.60ms
[2025-12-20 14:13:47] [INFO] REQ: POST /predict - Status: 200 - Czas: 11.03ms
[2025-12-20 14:13:47] [INFO] REQ: POST /predict - Status: 200 - Czas: 7.52ms
[2025-12-20 14:13:47] [INFO] REQ: POST /predict - Status: 200 - Czas: 8.02ms
[2025-12-20 14:13:47] [INFO] REQ: POST /predict - Status: 200 - Czas: 5.02ms
[2025-12-20 14:13:47] [INFO] REQ: POST /predict - Status: 200 - Czas: 7.54ms
[2025-12-20 14:13:47] [INFO] REQ: POST /predict - Status: 200 - Czas: 8.54ms
[2025-12-20 14:13:47] [INFO] REQ: POST /predict - Status: 200 - Czas: 5.52ms
[2025-12-20 14:13:47] [INFO] REQ: POST /predict - Status: 200 - Czas: 7.52ms
[2025-12-20 14:13:47] [INFO] REQ: POST /predict - Status: 200 - Czas: 17.15ms
[2025-12-20 14:13:47] [INFO] REQ: POST /predict - Status: 200 - Czas: 19.68ms
[2025-12-20 14:13:47] [INFO] REQ: POST /predict - Status: 200 - Czas: 20.68ms
[2025-12-20 14:13:47] [INFO] REQ: POST /predict - Status: 200 - Czas: 20.68ms
[2025-12-20 14:13:47] [INFO] REQ: POST /predict - Status: 200 - Czas: 19.68ms
[2025-12-20 14:13:47] [INFO] REQ: POST /predict - Status: 200 - Czas: 14.56ms
[2025-12-20 14:13:47] [INFO] REQ: POST /predict - Status: 200 - Czas: 17.56ms
[2025-12-20 14:13:47] [INFO] REQ: POST /predict - Status: 200 - Czas: 18.05ms
[2025-12-20 14:13:47] [INFO] REQ: POST /predict - Status: 200 - Czas: 16.64ms
[2025-12-20 14:13:47] [INFO] REQ: POST /predict - Status: 200 - Czas: 17.64ms
[2025-12-20 14:13:47] [INFO] REQ: POST /predict - Status: 200 - Czas: 8.03ms
[2025-12-20 14:13:47] [INFO] REQ: POST /predict - Status: 200 - Czas: 11.56ms
[2025-12-20 14:13:47] [INFO] REQ: POST /predict - Status: 200 - Czas: 9.04ms
[2025-12-20 14:13:47] [INFO] REQ: POST /predict - Status: 200 - Czas: 12.04ms
[2025-12-20 14:13:47] [INFO] REQ: POST /predict - Status: 200 - Czas: 12.04ms
[2025-12-20 14:13:47] [INFO] REQ: POST /predict - Status: 200 - Czas: 3.55ms
[2025-12-20 14:13:47] [INFO] REQ: POST /predict - Status: 200 - Czas: 9.53ms
[2025-12-20 14:13:47] [INFO] REQ: POST /predict - Status: 200 - Czas: 12.03ms
[2025-12-20 14:13:47] [INFO] REQ: POST /predict - Status: 200 - Czas: 17.04ms
[2025-12-20 14:13:47] [INFO] REQ: POST /predict - Status: 200 - Czas: 14.03ms
[2025-12-20 14:13:47] [INFO] REQ: POST /predict - Status: 200 - Czas: 14.03ms
[2025-12-20 14:13:47] [INFO] REQ: POST /predict - Status: 200 - Czas: 7.51ms
[2025-12-20 14:13:47] [INFO] REQ: POST /predict - Status: 200 - Czas: 11.54ms
[2025-12-20 14:13:47] [INFO] REQ: POST /predict - Status: 200 - Czas: 13.92ms
[2025-12-20 14:13:47] [INFO] REQ: POST /predict - Status: 200 - Czas: 27.03ms
[2025-12-20 14:13:47] [INFO] REQ: POST /predict - Status: 200 - Czas: 28.11ms
[2025-12-20 14:13:47] [INFO] REQ: POST /predict - Status: 200 - Czas: 5.66ms
[2025-12-20 14:13:47] [INFO] REQ: POST /predict - Status: 200 - Czas: 5.68ms
[2025-12-20 14:13:47] [INFO] REQ: POST /predict - Status: 200 - Czas: 10.82ms
[2025-12-20 14:13:47] [INFO] REQ: POST /predict - Status: 200 - Czas: 14.03ms
[2025-12-20 14:13:47] [INFO] REQ: POST /predict - Status: 200 - Czas: 14.04ms
[2025-12-20 14:13:47] [INFO] REQ: POST /predict - Status: 200 - Czas: 10.85ms
[2025-12-20 14:13:47] [INFO] REQ: POST /predict - Status: 200 - Czas: 7.51ms
[2025-12-20 14:13:47] [INFO] REQ: POST /predict - Status: 200 - Czas: 8.51ms
[2025-12-20 14:13:47] [INFO] REQ: POST /predict - Status: 200 - Czas: 13.03ms
[2025-12-20 14:13:47] [INFO] REQ: POST /predict - Status: 200 - Czas: 13.53ms
[2025-12-20 14:13:47] [INFO] REQ: POST /predict - Status: 200 - Czas: 13.54ms
[2025-12-20 14:13:47] [INFO] REQ: POST /predict - Status: 200 - Czas: 6.55ms
[2025-12-20 14:13:47] [INFO] REQ: POST /predict - Status: 200 - Czas: 6.52ms
[2025-12-20 14:13:47] [INFO] REQ: POST /predict - Status: 200 - Czas: 3.50ms
[2025-12-20 14:13:47] [INFO] REQ: POST /predict - Status: 200 - Czas: 8.02ms
[2025-12-20 14:13:47] [INFO] REQ: POST /predict - Status: 200 - Czas: 6.51ms
[2025-12-20 14:13:47] [INFO] REQ: POST /predict - Status: 200 - Czas: 14.53ms
[2025-12-20 14:13:47] [INFO] REQ: POST /predict - Status: 200 - Czas: 12.53ms
[2025-12-20 14:13:47] [INFO] REQ: POST /predict - Status: 200 - Czas: 12.04ms
[2025-12-20 14:13:47] [INFO] REQ: POST /predict - Status: 200 - Czas: 6.02ms
[2025-12-20 14:13:47] [INFO] REQ: POST /predict - Status: 200 - Czas: 9.03ms
[2025-12-20 14:13:47] [INFO] REQ: POST /predict - Status: 200 - Czas: 9.53ms
[2025-12-20 14:13:47] [INFO] REQ: POST /predict - Status: 200 - Czas: 12.05ms
[2025-12-20 14:13:47] [INFO] REQ: POST /predict - Status: 200 - Czas: 12.05ms
[2025-12-20 14:13:47] [INFO] REQ: POST /predict - Status: 200 - Czas: 11.13ms
[2025-12-20 14:13:47] [INFO] REQ: POST /predict - Status: 200 - Czas: 12.16ms
[2025-12-20 14:13:47] [INFO] REQ: POST /predict - Status: 200 - Czas: 15.67ms
[2025-12-20 14:13:47] [INFO] REQ: POST /predict - Status: 200 - Czas: 16.18ms
[2025-12-20 14:13:47] [INFO] REQ: POST /predict - Status: 200 - Czas: 16.67ms
[2025-12-20 14:13:47] [INFO] REQ: POST /predict - Status: 200 - Czas: 12.02ms
[2025-12-20 14:13:47] [INFO] REQ: POST /predict - Status: 200 - Czas: 9.61ms
[2025-12-20 14:13:47] [INFO] REQ: POST /predict - Status: 200 - Czas: 12.61ms
[2025-12-20 14:13:47] [INFO] REQ: POST /predict - Status: 200 - Czas: 14.12ms
[2025-12-20 14:13:47] [INFO] REQ: POST /predict - Status: 200 - Czas: 14.63ms
[2025-12-20 14:13:47] [INFO] REQ: POST /predict - Status: 200 - Czas: 12.63ms
[2025-12-20 14:13:47] [INFO] REQ: POST /predict - Status: 200 - Czas: 5.00ms
[2025-12-20 14:13:47] [INFO] REQ: POST /predict - Status: 200 - Czas: 6.00ms
[2025-12-20 14:13:47] [INFO] REQ: POST /predict - Status: 200 - Czas: 10.04ms
[2025-12-20 14:13:47] [INFO] REQ: POST /predict - Status: 200 - Czas: 12.04ms
[2025-12-20 14:13:47] [INFO] REQ: POST /predict - Status: 200 - Czas: 14.04ms
[2025-12-20 14:13:47] [INFO] REQ: POST /predict - Status: 200 - Czas: 9.54ms
[2025-12-20 14:13:47] [INFO] REQ: POST /predict - Status: 200 - Czas: 12.54ms
[2025-12-20 14:13:47] [INFO] REQ: POST /predict - Status: 200 - Czas: 12.55ms
[2025-12-20 14:13:47] [INFO] REQ: POST /predict - Status: 200 - Czas: 15.10ms
[2025-12-20 14:13:47] [INFO] REQ: POST /predict - Status: 200 - Czas: 14.10ms
[2025-12-20 14:13:47] [INFO] REQ: POST /predict - Status: 200 - Czas: 6.54ms
[2025-12-20 14:13:47] [INFO] REQ: POST /predict - Status: 200 - Czas: 8.54ms
[2025-12-20 14:13:47] [INFO] REQ: POST /predict - Status: 200 - Czas: 13.56ms
[2025-12-20 14:13:47] [INFO] REQ: POST /predict - Status: 200 - Czas: 10.02ms
[2025-12-20 14:13:47] [INFO] REQ: POST /predict - Status: 200 - Czas: 15.57ms
[2025-12-20 14:13:47] [INFO] REQ: POST /predict - Status: 200 - Czas: 4.51ms
[2025-12-20 14:13:47] [INFO] REQ: POST /predict - Status: 200 - Czas: 7.61ms
[2025-12-20 14:13:47] [INFO] REQ: POST /predict - Status: 200 - Czas: 10.54ms
[2025-12-20 14:13:47] [INFO] REQ: POST /predict - Status: 200 - Czas: 5.52ms
[2025-12-20 14:13:47] [INFO] REQ: POST /predict - Status: 200 - Czas: 6.51ms
[2025-12-20 14:13:47] [INFO] REQ: POST /predict - Status: 200 - Czas: 6.45ms
[2025-12-20 14:13:47] [INFO] REQ: POST /predict - Status: 200 - Czas: 5.95ms
[2025-12-20 14:13:47] [INFO] REQ: POST /predict - Status: 200 - Czas: 5.52ms
[2025-12-20 14:13:47] [INFO] REQ: POST /predict - Status: 200 - Czas: 6.01ms
[2025-12-20 14:13:47] [INFO] REQ: POST /predict - Status: 200 - Czas: 6.00ms
[2025-12-20 14:13:47] [INFO] REQ: POST /predict - Status: 200 - Czas: 8.38ms
[2025-12-20 14:13:47] [INFO] REQ: POST /predict - Status: 200 - Czas: 7.33ms
[2025-12-20 14:13:47] [INFO] REQ: POST /predict - Status: 200 - Czas: 13.43ms
[2025-12-20 14:13:47] [INFO] REQ: POST /predict - Status: 200 - Czas: 11.40ms
[2025-12-20 14:13:47] [INFO] REQ: POST /predict - Status: 200 - Czas: 9.24ms
[2025-12-20 14:13:47] [INFO] REQ: POST /predict - Status: 200 - Czas: 9.15ms
[2025-12-20 14:13:47] [INFO] REQ: POST /predict - Status: 200 - Czas: 51.24ms
[2025-12-20 14:13:47] [INFO] REQ: POST /predict - Status: 200 - Czas: 54.28ms
[2025-12-20 14:13:47] [INFO] REQ: POST /predict - Status: 200 - Czas: 55.28ms
[2025-12-20 14:13:47] [INFO] REQ: POST /predict - Status: 200 - Czas: 7.55ms
[2025-12-20 14:13:47] [INFO] REQ: POST /predict - Status: 200 - Czas: 4.08ms
[2025-12-20 14:13:47] [INFO] REQ: POST /predict - Status: 200 - Czas: 5.05ms
[2025-12-20 14:13:47] [INFO] REQ: POST /predict - Status: 200 - Czas: 5.01ms
[2025-12-20 14:13:47] [INFO] REQ: POST /predict - Status: 200 - Czas: 4.52ms
[2025-12-20 14:13:47] [INFO] REQ: POST /predict - Status: 200 - Czas: 10.14ms
[2025-12-20 14:13:47] [INFO] REQ: POST /predict - Status: 200 - Czas: 13.15ms
[2025-12-20 14:13:47] [INFO] REQ: POST /predict - Status: 200 - Czas: 12.17ms
[2025-12-20 14:13:47] [INFO] REQ: POST /predict - Status: 200 - Czas: 13.27ms
[2025-12-20 14:13:47] [INFO] REQ: POST /predict - Status: 200 - Czas: 13.27ms
[2025-12-20 14:13:47] [INFO] REQ: POST /predict - Status: 200 - Czas: 4.08ms
[2025-12-20 14:13:47] [INFO] REQ: POST /predict - Status: 200 - Czas: 8.52ms
[2025-12-20 14:13:47] [INFO] REQ: POST /predict - Status: 200 - Czas: 11.53ms
[2025-12-20 14:13:47] [INFO] REQ: POST /predict - Status: 200 - Czas: 11.52ms
[2025-12-20 14:13:47] [INFO] REQ: POST /predict - Status: 200 - Czas: 10.51ms
[2025-12-20 14:13:47] [INFO] REQ: POST /predict - Status: 200 - Czas: 5.16ms
[2025-12-20 14:13:47] [INFO] REQ: POST /predict - Status: 200 - Czas: 8.52ms
[2025-12-20 14:13:47] [INFO] REQ: POST /predict - Status: 200 - Czas: 10.03ms
[2025-12-20 14:13:47] [INFO] REQ: POST /predict - Status: 200 - Czas: 13.04ms
[2025-12-20 14:13:47] [INFO] REQ: POST /predict - Status: 200 - Czas: 13.04ms
[2025-12-20 14:13:47] [INFO] REQ: POST /predict - Status: 200 - Czas: 12.04ms
[2025-12-20 14:13:47] [INFO] REQ: POST /predict - Status: 200 - Czas: 11.66ms
[2025-12-20 14:13:47] [INFO] REQ: POST /predict - Status: 200 - Czas: 16.74ms
[2025-12-20 14:13:47] [INFO] REQ: POST /predict - Status: 200 - Czas: 15.23ms
[2025-12-20 14:13:47] [INFO] REQ: POST /predict - Status: 200 - Czas: 18.74ms
[2025-12-20 14:13:47] [INFO] REQ: POST /predict - Status: 200 - Czas: 18.23ms
[2025-12-20 14:13:47] [INFO] REQ: POST /predict - Status: 200 - Czas: 6.60ms
[2025-12-20 14:13:47] [INFO] REQ: POST /predict - Status: 200 - Czas: 8.03ms
[2025-12-20 14:13:47] [INFO] REQ: POST /predict - Status: 200 - Czas: 9.03ms
[2025-12-20 14:13:47] [INFO] REQ: POST /predict - Status: 200 - Czas: 9.53ms
[2025-12-20 14:13:47] [INFO] REQ: POST /predict - Status: 200 - Czas: 9.02ms
[2025-12-20 14:13:47] [INFO] REQ: POST /predict - Status: 200 - Czas: 7.50ms
[2025-12-20 14:13:47] [INFO] REQ: POST /predict - Status: 200 - Czas: 13.04ms
[2025-12-20 14:13:47] [INFO] REQ: POST /predict - Status: 200 - Czas: 17.21ms
[2025-12-20 14:13:47] [INFO] REQ: POST /predict - Status: 200 - Czas: 16.21ms
[2025-12-20 14:13:47] [INFO] REQ: POST /predict - Status: 200 - Czas: 13.71ms
[2025-12-20 14:13:47] [INFO] REQ: POST /predict - Status: 200 - Czas: 6.00ms
[2025-12-20 14:13:47] [INFO] REQ: POST /predict - Status: 200 - Czas: 9.04ms
[2025-12-20 14:13:47] [INFO] REQ: POST /predict - Status: 200 - Czas: 10.04ms
[2025-12-20 14:13:47] [INFO] REQ: POST /predict - Status: 200 - Czas: 9.55ms
[2025-12-20 14:13:47] [INFO] REQ: POST /predict - Status: 200 - Czas: 11.20ms
[2025-12-20 14:13:47] [INFO] REQ: POST /predict - Status: 200 - Czas: 12.20ms
[2025-12-20 14:13:47] [INFO] REQ: POST /predict - Status: 200 - Czas: 4.00ms
[2025-12-20 14:13:47] [INFO] REQ: POST /predict - Status: 200 - Czas: 6.02ms
[2025-12-20 14:13:47] [INFO] REQ: POST /predict - Status: 200 - Czas: 5.06ms
[2025-12-20 14:13:47] [INFO] REQ: POST /predict - Status: 200 - Czas: 4.06ms
[2025-12-20 14:13:47] [INFO] REQ: POST /predict - Status: 200 - Czas: 5.16ms
[2025-12-20 14:13:47] [INFO] REQ: POST /predict - Status: 200 - Czas: 6.51ms
[2025-12-20 14:13:47] [INFO] REQ: POST /predict - Status: 200 - Czas: 10.58ms
[2025-12-20 14:13:47] [INFO] REQ: POST /predict - Status: 200 - Czas: 7.02ms
[2025-12-20 14:13:47] [INFO] REQ: POST /predict - Status: 200 - Czas: 10.05ms
[2025-12-20 14:13:47] [INFO] REQ: POST /predict - Status: 200 - Czas: 9.05ms
[2025-12-20 14:13:47] [INFO] REQ: POST /predict - Status: 200 - Czas: 4.01ms
[2025-12-20 14:13:47] [INFO] REQ: POST /predict - Status: 200 - Czas: 8.02ms
[2025-12-20 14:13:47] [INFO] REQ: POST /predict - Status: 200 - Czas: 13.02ms
[2025-12-20 14:13:47] [INFO] REQ: POST /predict - Status: 200 - Czas: 15.53ms
[2025-12-20 14:13:47] [INFO] REQ: POST /predict - Status: 200 - Czas: 14.53ms
[2025-12-20 14:13:48] [INFO] REQ: POST /predict - Status: 200 - Czas: 12.02ms
[2025-12-20 14:13:48] [INFO] REQ: POST /predict - Status: 200 - Czas: 5.51ms
[2025-12-20 14:13:48] [INFO] REQ: POST /predict - Status: 200 - Czas: 9.58ms
[2025-12-20 14:13:48] [INFO] REQ: POST /predict - Status: 200 - Czas: 12.59ms
[2025-12-20 14:13:48] [INFO] REQ: POST /predict - Status: 200 - Czas: 14.59ms
[2025-12-20 14:13:48] [INFO] REQ: POST /predict - Status: 200 - Czas: 13.58ms
[2025-12-20 14:13:48] [INFO] REQ: POST /predict - Status: 200 - Czas: 5.02ms
[2025-12-20 14:13:48] [INFO] REQ: POST /predict - Status: 200 - Czas: 9.51ms
[2025-12-20 14:13:48] [INFO] REQ: POST /predict - Status: 200 - Czas: 13.68ms
[2025-12-20 14:13:48] [INFO] REQ: POST /predict - Status: 200 - Czas: 14.85ms
[2025-12-20 14:13:48] [INFO] REQ: POST /predict - Status: 200 - Czas: 13.35ms
[2025-12-20 14:13:48] [INFO] REQ: POST /predict - Status: 200 - Czas: 11.35ms
[2025-12-20 14:13:48] [INFO] REQ: POST /predict - Status: 200 - Czas: 4.51ms
[2025-12-20 14:13:48] [INFO] REQ: POST /predict - Status: 200 - Czas: 8.03ms
[2025-12-20 14:13:48] [INFO] REQ: POST /predict - Status: 200 - Czas: 6.02ms
[2025-12-20 14:13:48] [INFO] REQ: POST /predict - Status: 200 - Czas: 8.03ms
[2025-12-20 14:13:48] [INFO] REQ: POST /predict - Status: 200 - Czas: 8.03ms
[2025-12-20 14:13:48] [INFO] REQ: POST /predict - Status: 200 - Czas: 11.02ms
[2025-12-20 14:13:48] [INFO] REQ: POST /predict - Status: 200 - Czas: 9.02ms
[2025-12-20 14:13:48] [INFO] REQ: POST /predict - Status: 200 - Czas: 12.53ms
[2025-12-20 14:13:48] [INFO] REQ: POST /predict - Status: 200 - Czas: 15.06ms
[2025-12-20 14:13:48] [INFO] REQ: POST /predict - Status: 200 - Czas: 16.07ms
[2025-12-20 14:13:48] [INFO] REQ: POST /predict - Status: 200 - Czas: 9.68ms
[2025-12-20 14:13:48] [INFO] REQ: POST /predict - Status: 200 - Czas: 10.71ms
[2025-12-20 14:13:48] [INFO] REQ: POST /predict - Status: 200 - Czas: 6.04ms
[2025-12-20 14:13:48] [INFO] REQ: POST /predict - Status: 200 - Czas: 5.51ms
[2025-12-20 14:13:48] [INFO] REQ: POST /predict - Status: 200 - Czas: 7.58ms
[2025-12-20 14:13:48] [INFO] REQ: POST /predict - Status: 200 - Czas: 7.07ms
[2025-12-20 14:13:48] [INFO] REQ: POST /predict - Status: 200 - Czas: 6.59ms
[2025-12-20 14:13:48] [INFO] REQ: POST /predict - Status: 200 - Czas: 5.60ms
[2025-12-20 14:13:48] [INFO] REQ: POST /predict - Status: 200 - Czas: 4.58ms
[2025-12-20 14:13:48] [INFO] REQ: POST /predict - Status: 200 - Czas: 7.73ms
[2025-12-20 14:13:48] [INFO] REQ: POST /predict - Status: 200 - Czas: 9.23ms
[2025-12-20 14:13:48] [INFO] REQ: POST /predict - Status: 200 - Czas: 5.51ms
[2025-12-20 14:13:48] [INFO] REQ: POST /predict - Status: 200 - Czas: 8.39ms
[2025-12-20 14:13:48] [INFO] REQ: POST /predict - Status: 200 - Czas: 11.07ms
[2025-12-20 14:13:48] [INFO] REQ: POST /predict - Status: 200 - Czas: 9.76ms
[2025-12-20 14:13:48] [INFO] REQ: POST /predict - Status: 200 - Czas: 9.67ms
[2025-12-20 14:13:48] [INFO] REQ: POST /predict - Status: 200 - Czas: 11.62ms
[2025-12-20 14:13:48] [INFO] REQ: POST /predict - Status: 200 - Czas: 5.56ms
[2025-12-20 14:13:48] [INFO] REQ: POST /predict - Status: 200 - Czas: 5.52ms
[2025-12-20 14:13:48] [INFO] REQ: POST /predict - Status: 200 - Czas: 8.88ms
[2025-12-20 14:13:48] [INFO] REQ: POST /predict - Status: 200 - Czas: 11.20ms
[2025-12-20 14:13:48] [INFO] REQ: POST /predict - Status: 200 - Czas: 11.69ms
[2025-12-20 14:13:48] [INFO] REQ: POST /predict - Status: 200 - Czas: 11.10ms
[2025-12-20 14:13:48] [INFO] REQ: POST /predict - Status: 200 - Czas: 11.09ms
[2025-12-20 14:13:48] [INFO] REQ: POST /predict - Status: 200 - Czas: 5.24ms
[2025-12-20 14:13:48] [INFO] REQ: POST /predict - Status: 200 - Czas: 7.51ms
[2025-12-20 14:13:48] [INFO] REQ: POST /predict - Status: 200 - Czas: 13.57ms
[2025-12-20 14:13:48] [INFO] REQ: POST /predict - Status: 200 - Czas: 12.07ms
[2025-12-20 14:13:48] [INFO] REQ: POST /predict - Status: 200 - Czas: 12.06ms
[2025-12-20 14:13:48] [INFO] REQ: POST /predict - Status: 200 - Czas: 9.51ms
[2025-12-20 14:13:48] [INFO] REQ: POST /predict - Status: 200 - Czas: 5.51ms
[2025-12-20 14:13:48] [INFO] REQ: POST /predict - Status: 200 - Czas: 13.61ms
[2025-12-20 14:13:48] [INFO] REQ: POST /predict - Status: 200 - Czas: 13.62ms
[2025-12-20 14:13:48] [INFO] REQ: POST /predict - Status: 200 - Czas: 13.62ms
[2025-12-20 14:13:48] [INFO] REQ: POST /predict - Status: 200 - Czas: 13.62ms
[2025-12-20 14:13:48] [INFO] REQ: POST /predict - Status: 200 - Czas: 4.00ms
[2025-12-20 14:13:48] [INFO] REQ: POST /predict - Status: 200 - Czas: 11.19ms
[2025-12-20 14:13:48] [INFO] REQ: POST /predict - Status: 200 - Czas: 12.10ms
[2025-12-20 14:13:48] [INFO] REQ: POST /predict - Status: 200 - Czas: 12.10ms
[2025-12-20 14:13:48] [INFO] REQ: POST /predict - Status: 200 - Czas: 12.65ms
[2025-12-20 14:13:48] [INFO] REQ: POST /predict - Status: 200 - Czas: 12.65ms
[2025-12-20 14:13:48] [INFO] REQ: POST /predict - Status: 200 - Czas: 8.11ms
[2025-12-20 14:13:48] [INFO] REQ: POST /predict - Status: 200 - Czas: 9.54ms
[2025-12-20 14:13:48] [INFO] REQ: POST /predict - Status: 200 - Czas: 11.62ms
[2025-12-20 14:13:48] [INFO] REQ: POST /predict - Status: 200 - Czas: 13.66ms
[2025-12-20 14:13:48] [INFO] REQ: POST /predict - Status: 200 - Czas: 15.16ms
[2025-12-20 14:13:48] [INFO] REQ: POST /predict - Status: 200 - Czas: 6.62ms
[2025-12-20 14:13:48] [INFO] REQ: POST /predict - Status: 200 - Czas: 7.54ms
[2025-12-20 14:13:48] [INFO] REQ: POST /predict - Status: 200 - Czas: 10.04ms
[2025-12-20 14:13:48] [INFO] REQ: POST /predict - Status: 200 - Czas: 13.63ms
[2025-12-20 14:13:48] [INFO] REQ: POST /predict - Status: 200 - Czas: 14.64ms
[2025-12-20 14:13:48] [INFO] REQ: POST /predict - Status: 200 - Czas: 6.01ms
[2025-12-20 14:13:48] [INFO] REQ: POST /predict - Status: 200 - Czas: 5.51ms
[2025-12-20 14:13:48] [INFO] REQ: POST /predict - Status: 200 - Czas: 5.11ms
[2025-12-20 14:13:48] [INFO] REQ: POST /predict - Status: 200 - Czas: 8.03ms
[2025-12-20 14:13:48] [INFO] REQ: POST /predict - Status: 200 - Czas: 7.02ms
[2025-12-20 14:13:48] [INFO] REQ: POST /predict - Status: 200 - Czas: 9.58ms
[2025-12-20 14:13:48] [INFO] REQ: POST /predict - Status: 200 - Czas: 10.10ms
[2025-12-20 14:13:48] [INFO] REQ: POST /predict - Status: 200 - Czas: 6.59ms
[2025-12-20 14:13:48] [INFO] REQ: POST /predict - Status: 200 - Czas: 9.26ms
[2025-12-20 14:13:48] [INFO] REQ: POST /predict - Status: 200 - Czas: 13.77ms
[2025-12-20 14:13:48] [INFO] REQ: POST /predict - Status: 200 - Czas: 13.13ms
[2025-12-20 14:13:48] [INFO] REQ: POST /predict - Status: 200 - Czas: 15.55ms
[2025-12-20 14:13:48] [INFO] REQ: POST /predict - Status: 200 - Czas: 14.55ms
[2025-12-20 14:13:48] [INFO] REQ: POST /predict - Status: 200 - Czas: 8.94ms
[2025-12-20 14:13:48] [INFO] REQ: POST /predict - Status: 200 - Czas: 7.02ms
[2025-12-20 14:13:48] [INFO] REQ: POST /predict - Status: 200 - Czas: 9.22ms
[2025-12-20 14:13:48] [INFO] REQ: POST /predict - Status: 200 - Czas: 11.22ms
[2025-12-20 14:13:48] [INFO] REQ: POST /predict - Status: 200 - Czas: 13.33ms
[2025-12-20 14:13:48] [INFO] REQ: POST /predict - Status: 200 - Czas: 15.35ms
[2025-12-20 14:13:48] [INFO] REQ: POST /predict - Status: 200 - Czas: 7.61ms
[2025-12-20 14:13:48] [INFO] REQ: POST /predict - Status: 200 - Czas: 12.63ms
[2025-12-20 14:13:48] [INFO] REQ: POST /predict - Status: 200 - Czas: 13.64ms
[2025-12-20 14:13:48] [INFO] REQ: POST /predict - Status: 200 - Czas: 14.05ms
[2025-12-20 14:13:48] [INFO] REQ: POST /predict - Status: 200 - Czas: 14.05ms
[2025-12-20 14:13:48] [INFO] REQ: POST /predict - Status: 200 - Czas: 8.03ms
[2025-12-20 14:13:48] [INFO] REQ: POST /predict - Status: 200 - Czas: 10.53ms
[2025-12-20 14:13:48] [INFO] REQ: POST /predict - Status: 200 - Czas: 13.53ms
[2025-12-20 14:13:48] [INFO] REQ: POST /predict - Status: 200 - Czas: 11.02ms
[2025-12-20 14:13:48] [INFO] REQ: POST /predict - Status: 200 - Czas: 8.67ms
[2025-12-20 14:13:48] [INFO] REQ: POST /predict - Status: 200 - Czas: 8.52ms
[2025-12-20 14:13:48] [INFO] REQ: POST /predict - Status: 200 - Czas: 14.81ms
[2025-12-20 14:13:48] [INFO] REQ: POST /predict - Status: 200 - Czas: 17.32ms
[2025-12-20 14:13:48] [INFO] REQ: POST /predict - Status: 200 - Czas: 19.34ms
[2025-12-20 14:13:48] [INFO] REQ: POST /predict - Status: 200 - Czas: 18.35ms
[2025-12-20 14:13:48] [INFO] REQ: POST /predict - Status: 200 - Czas: 6.03ms
[2025-12-20 14:13:48] [INFO] REQ: POST /predict - Status: 200 - Czas: 6.01ms
[2025-12-20 14:13:48] [INFO] REQ: POST /predict - Status: 200 - Czas: 8.03ms
[2025-12-20 14:13:48] [INFO] REQ: POST /predict - Status: 200 - Czas: 9.03ms
[2025-12-20 14:13:48] [INFO] REQ: POST /predict - Status: 200 - Czas: 9.57ms
[2025-12-20 14:13:48] [INFO] REQ: POST /predict - Status: 200 - Czas: 22.55ms
[2025-12-20 14:13:48] [INFO] REQ: POST /predict - Status: 200 - Czas: 7.07ms
[2025-12-20 14:13:48] [INFO] REQ: POST /predict - Status: 200 - Czas: 6.16ms
[2025-12-20 14:13:48] [INFO] REQ: POST /predict - Status: 200 - Czas: 5.09ms
[2025-12-20 14:13:48] [INFO] REQ: POST /predict - Status: 200 - Czas: 5.51ms
[2025-12-20 14:13:48] [INFO] REQ: POST /predict - Status: 200 - Czas: 6.52ms
[2025-12-20 14:13:48] [INFO] REQ: POST /predict - Status: 200 - Czas: 9.19ms
[2025-12-20 14:13:48] [INFO] REQ: POST /predict - Status: 200 - Czas: 13.20ms
[2025-12-20 14:13:48] [INFO] REQ: POST /predict - Status: 200 - Czas: 15.20ms
[2025-12-20 14:13:48] [INFO] REQ: POST /predict - Status: 200 - Czas: 14.20ms
[2025-12-20 14:13:48] [INFO] REQ: POST /predict - Status: 200 - Czas: 7.51ms
[2025-12-20 14:13:48] [INFO] REQ: POST /predict - Status: 200 - Czas: 11.51ms
[2025-12-20 14:13:48] [INFO] REQ: POST /predict - Status: 200 - Czas: 14.53ms
[2025-12-20 14:13:48] [INFO] REQ: POST /predict - Status: 200 - Czas: 14.03ms
[2025-12-20 14:13:48] [INFO] REQ: POST /predict - Status: 200 - Czas: 14.02ms
[2025-12-20 14:13:48] [INFO] REQ: POST /predict - Status: 200 - Czas: 7.12ms
[2025-12-20 14:13:48] [INFO] REQ: POST /predict - Status: 200 - Czas: 8.11ms
[2025-12-20 14:13:48] [INFO] REQ: POST /predict - Status: 200 - Czas: 10.15ms
[2025-12-20 14:13:48] [INFO] REQ: POST /predict - Status: 200 - Czas: 10.15ms
[2025-12-20 14:13:48] [INFO] REQ: POST /predict - Status: 200 - Czas: 8.54ms
[2025-12-20 14:13:48] [INFO] REQ: POST /predict - Status: 200 - Czas: 13.59ms
[2025-12-20 14:13:48] [INFO] REQ: POST /predict - Status: 200 - Czas: 15.68ms
[2025-12-20 14:13:48] [INFO] REQ: POST /predict - Status: 200 - Czas: 17.68ms
[2025-12-20 14:13:48] [INFO] REQ: POST /predict - Status: 200 - Czas: 18.29ms
[2025-12-20 14:13:48] [INFO] REQ: POST /predict - Status: 200 - Czas: 17.29ms
[2025-12-20 14:13:48] [INFO] REQ: POST /predict - Status: 200 - Czas: 7.04ms
[2025-12-20 14:13:48] [INFO] REQ: POST /predict - Status: 200 - Czas: 8.10ms
[2025-12-20 14:13:48] [INFO] REQ: POST /predict - Status: 200 - Czas: 8.76ms
[2025-12-20 14:13:48] [INFO] REQ: POST /predict - Status: 200 - Czas: 12.27ms
[2025-12-20 14:13:48] [INFO] REQ: POST /predict - Status: 200 - Czas: 14.27ms
[2025-12-20 14:13:48] [INFO] REQ: POST /predict - Status: 200 - Czas: 5.74ms
[2025-12-20 14:13:48] [INFO] REQ: POST /predict - Status: 200 - Czas: 4.12ms
[2025-12-20 14:13:48] [INFO] REQ: POST /predict - Status: 200 - Czas: 10.22ms
[2025-12-20 14:13:48] [INFO] REQ: POST /predict - Status: 200 - Czas: 11.22ms
[2025-12-20 14:13:48] [INFO] REQ: POST /predict - Status: 200 - Czas: 11.22ms
[2025-12-20 14:13:48] [INFO] REQ: POST /predict - Status: 200 - Czas: 6.78ms
[2025-12-20 14:13:48] [INFO] REQ: POST /predict - Status: 200 - Czas: 11.15ms
[2025-12-20 14:13:48] [INFO] REQ: POST /predict - Status: 200 - Czas: 13.28ms
[2025-12-20 14:13:48] [INFO] REQ: POST /predict - Status: 200 - Czas: 14.78ms
[2025-12-20 14:13:48] [INFO] REQ: POST /predict - Status: 200 - Czas: 14.16ms
[2025-12-20 14:13:48] [INFO] REQ: POST /predict - Status: 200 - Czas: 14.26ms
[2025-12-20 14:13:48] [INFO] REQ: POST /predict - Status: 200 - Czas: 11.70ms
[2025-12-20 14:13:48] [INFO] REQ: POST /predict - Status: 200 - Czas: 13.65ms
[2025-12-20 14:13:48] [INFO] REQ: POST /predict - Status: 200 - Czas: 15.45ms
[2025-12-20 14:13:48] [INFO] REQ: POST /predict - Status: 200 - Czas: 15.97ms
[2025-12-20 14:13:48] [INFO] REQ: POST /predict - Status: 200 - Czas: 14.44ms
[2025-12-20 14:13:48] [INFO] REQ: POST /predict - Status: 200 - Czas: 8.13ms
[2025-12-20 14:13:48] [INFO] REQ: POST /predict - Status: 200 - Czas: 9.12ms
[2025-12-20 14:13:48] [INFO] REQ: POST /predict - Status: 200 - Czas: 9.23ms
[2025-12-20 14:13:48] [INFO] REQ: POST /predict - Status: 200 - Czas: 8.23ms
[2025-12-20 14:13:48] [INFO] REQ: POST /predict - Status: 200 - Czas: 11.23ms
[2025-12-20 14:13:48] [INFO] REQ: POST /predict - Status: 200 - Czas: 6.69ms
[2025-12-20 14:13:48] [INFO] REQ: POST /predict - Status: 200 - Czas: 7.14ms
[2025-12-20 14:13:48] [INFO] REQ: POST /predict - Status: 200 - Czas: 13.70ms
[2025-12-20 14:13:48] [INFO] REQ: POST /predict - Status: 200 - Czas: 16.94ms
[2025-12-20 14:13:48] [INFO] REQ: POST /predict - Status: 200 - Czas: 11.83ms
[2025-12-20 14:13:48] [INFO] REQ: POST /predict - Status: 200 - Czas: 12.36ms
[2025-12-20 14:13:48] [INFO] REQ: POST /predict - Status: 200 - Czas: 9.85ms
[2025-12-20 14:13:48] [INFO] REQ: POST /predict - Status: 200 - Czas: 5.52ms
[2025-12-20 14:13:48] [INFO] REQ: POST /predict - Status: 200 - Czas: 6.53ms
[2025-12-20 14:13:48] [INFO] REQ: POST /predict - Status: 200 - Czas: 8.53ms
[2025-12-20 14:13:48] [INFO] REQ: POST /predict - Status: 200 - Czas: 10.11ms
[2025-12-20 14:13:48] [INFO] REQ: POST /predict - Status: 200 - Czas: 12.96ms
[2025-12-20 14:13:48] [INFO] REQ: POST /predict - Status: 200 - Czas: 8.02ms
[2025-12-20 14:13:48] [INFO] REQ: POST /predict - Status: 200 - Czas: 12.08ms
[2025-12-20 14:13:48] [INFO] REQ: POST /predict - Status: 200 - Czas: 11.58ms
[2025-12-20 14:13:48] [INFO] REQ: POST /predict - Status: 200 - Czas: 12.03ms
[2025-12-20 14:13:48] [INFO] REQ: POST /predict - Status: 200 - Czas: 7.02ms
[2025-12-20 14:13:49] [INFO] REQ: POST /predict - Status: 200 - Czas: 3.00ms
[2025-12-20 14:13:49] [INFO] REQ: POST /predict - Status: 200 - Czas: 7.01ms
[2025-12-20 14:13:49] [INFO] REQ: POST /predict - Status: 200 - Czas: 9.01ms
[2025-12-20 14:13:49] [INFO] REQ: POST /predict - Status: 200 - Czas: 10.02ms
[2025-12-20 14:13:49] [INFO] REQ: POST /predict - Status: 200 - Czas: 8.05ms
[2025-12-20 14:13:49] [INFO] REQ: POST /predict - Status: 200 - Czas: 10.04ms
[2025-12-20 14:13:49] [INFO] REQ: POST /predict - Status: 200 - Czas: 6.14ms
[2025-12-20 14:13:49] [INFO] REQ: POST /predict - Status: 200 - Czas: 9.01ms
[2025-12-20 14:13:49] [INFO] REQ: POST /predict - Status: 200 - Czas: 9.12ms
[2025-12-20 14:13:49] [INFO] REQ: POST /predict - Status: 200 - Czas: 5.63ms
[2025-12-20 14:13:49] [INFO] REQ: POST /predict - Status: 200 - Czas: 6.02ms
[2025-12-20 14:13:49] [INFO] REQ: POST /predict - Status: 200 - Czas: 7.52ms
[2025-12-20 14:13:49] [INFO] REQ: POST /predict - Status: 200 - Czas: 10.03ms
[2025-12-20 14:13:49] [INFO] REQ: POST /predict - Status: 200 - Czas: 12.22ms
[2025-12-20 14:13:49] [INFO] REQ: POST /predict - Status: 200 - Czas: 14.73ms
[2025-12-20 14:13:49] [INFO] REQ: POST /predict - Status: 200 - Czas: 15.73ms
[2025-12-20 14:13:49] [INFO] REQ: POST /predict - Status: 200 - Czas: 6.57ms
[2025-12-20 14:13:49] [INFO] REQ: POST /predict - Status: 200 - Czas: 8.58ms
[2025-12-20 14:13:49] [INFO] REQ: POST /predict - Status: 200 - Czas: 9.07ms
[2025-12-20 14:13:49] [INFO] REQ: POST /predict - Status: 200 - Czas: 10.71ms
[2025-12-20 14:13:49] [INFO] REQ: POST /predict - Status: 200 - Czas: 11.71ms
[2025-12-20 14:13:49] [INFO] REQ: POST /predict - Status: 200 - Czas: 8.51ms
[2025-12-20 14:13:49] [INFO] REQ: POST /predict - Status: 200 - Czas: 6.28ms
[2025-12-20 14:13:49] [INFO] REQ: POST /predict - Status: 200 - Czas: 13.61ms
[2025-12-20 14:13:49] [INFO] REQ: POST /predict - Status: 200 - Czas: 15.17ms
[2025-12-20 14:13:49] [INFO] REQ: POST /predict - Status: 200 - Czas: 16.20ms
[2025-12-20 14:13:49] [INFO] REQ: POST /predict - Status: 200 - Czas: 9.30ms
[2025-12-20 14:13:49] [INFO] REQ: POST /predict - Status: 200 - Czas: 4.52ms
[2025-12-20 14:13:49] [INFO] REQ: POST /predict - Status: 200 - Czas: 7.65ms
[2025-12-20 14:13:49] [INFO] REQ: POST /predict - Status: 200 - Czas: 8.64ms
[2025-12-20 14:13:49] [INFO] REQ: POST /predict - Status: 200 - Czas: 10.20ms
[2025-12-20 14:13:49] [INFO] REQ: POST /predict - Status: 200 - Czas: 9.63ms
[2025-12-20 14:13:49] [INFO] REQ: POST /predict - Status: 200 - Czas: 8.11ms
[2025-12-20 14:13:49] [INFO] REQ: POST /predict - Status: 200 - Czas: 5.20ms
[2025-12-20 14:13:49] [INFO] REQ: POST /predict - Status: 200 - Czas: 9.99ms
[2025-12-20 14:13:49] [INFO] REQ: POST /predict - Status: 200 - Czas: 11.59ms
[2025-12-20 14:13:49] [INFO] REQ: POST /predict - Status: 200 - Czas: 8.22ms
[2025-12-20 14:13:49] [INFO] REQ: POST /predict - Status: 200 - Czas: 5.91ms
[2025-12-20 14:13:49] [INFO] REQ: POST /predict - Status: 200 - Czas: 15.71ms
[2025-12-20 14:13:49] [INFO] REQ: POST /predict - Status: 200 - Czas: 22.75ms
[2025-12-20 14:13:49] [INFO] REQ: POST /predict - Status: 200 - Czas: 20.22ms
[2025-12-20 14:13:49] [INFO] REQ: POST /predict - Status: 200 - Czas: 20.22ms
[2025-12-20 14:13:49] [INFO] REQ: POST /predict - Status: 200 - Czas: 19.22ms
[2025-12-20 14:13:49] [INFO] REQ: POST /predict - Status: 200 - Czas: 12.82ms
[2025-12-20 14:13:49] [INFO] REQ: POST /predict - Status: 200 - Czas: 10.81ms
[2025-12-20 14:13:49] [INFO] REQ: POST /predict - Status: 200 - Czas: 11.03ms
[2025-12-20 14:13:49] [INFO] REQ: POST /predict - Status: 200 - Czas: 12.03ms
[2025-12-20 14:13:49] [INFO] REQ: POST /predict - Status: 200 - Czas: 12.58ms
[2025-12-20 14:13:49] [INFO] REQ: POST /predict - Status: 200 - Czas: 6.51ms
[2025-12-20 14:13:49] [INFO] REQ: POST /predict - Status: 200 - Czas: 8.70ms
[2025-12-20 14:13:49] [INFO] REQ: POST /predict - Status: 200 - Czas: 10.71ms
[2025-12-20 14:13:49] [INFO] REQ: POST /predict - Status: 200 - Czas: 11.70ms
[2025-12-20 14:13:49] [INFO] REQ: POST /predict - Status: 200 - Czas: 11.70ms
[2025-12-20 14:13:49] [INFO] REQ: POST /predict - Status: 200 - Czas: 5.61ms
[2025-12-20 14:13:49] [INFO] REQ: POST /predict - Status: 200 - Czas: 7.61ms
[2025-12-20 14:13:49] [INFO] REQ: POST /predict - Status: 200 - Czas: 8.51ms
[2025-12-20 14:13:49] [INFO] REQ: POST /predict - Status: 200 - Czas: 12.21ms
[2025-12-20 14:13:49] [INFO] REQ: POST /predict - Status: 200 - Czas: 11.71ms
[2025-12-20 14:13:49] [INFO] REQ: POST /predict - Status: 200 - Czas: 6.14ms
[2025-12-20 14:13:49] [INFO] REQ: POST /predict - Status: 200 - Czas: 4.51ms
[2025-12-20 14:13:49] [INFO] REQ: POST /predict - Status: 200 - Czas: 7.60ms
[2025-12-20 14:13:49] [INFO] REQ: POST /predict - Status: 200 - Czas: 15.65ms
[2025-12-20 14:13:49] [INFO] REQ: POST /predict - Status: 200 - Czas: 19.76ms
[2025-12-20 14:13:49] [INFO] REQ: POST /predict - Status: 200 - Czas: 19.75ms
[2025-12-20 14:13:49] [INFO] REQ: POST /predict - Status: 200 - Czas: 19.76ms
[2025-12-20 14:13:49] [INFO] REQ: POST /predict - Status: 200 - Czas: 11.62ms
[2025-12-20 14:13:49] [INFO] REQ: POST /predict - Status: 200 - Czas: 6.08ms
[2025-12-20 14:13:49] [INFO] REQ: POST /predict - Status: 200 - Czas: 23.63ms
[2025-12-20 14:13:49] [INFO] REQ: POST /predict - Status: 200 - Czas: 24.62ms
[2025-12-20 14:13:49] [INFO] REQ: POST /predict - Status: 200 - Czas: 22.56ms
[2025-12-20 14:13:49] [INFO] REQ: POST /predict - Status: 200 - Czas: 11.60ms
[2025-12-20 14:13:49] [INFO] REQ: POST /predict - Status: 200 - Czas: 7.62ms
[2025-12-20 14:13:49] [INFO] REQ: POST /predict - Status: 200 - Czas: 9.19ms
[2025-12-20 14:13:49] [INFO] REQ: POST /predict - Status: 200 - Czas: 10.76ms
[2025-12-20 14:13:49] [INFO] REQ: POST /predict - Status: 200 - Czas: 9.04ms
[2025-12-20 14:13:49] [INFO] REQ: POST /predict - Status: 200 - Czas: 4.00ms
[2025-12-20 14:13:49] [INFO] REQ: POST /predict - Status: 200 - Czas: 6.16ms
[2025-12-20 14:13:49] [INFO] REQ: POST /predict - Status: 200 - Czas: 7.76ms
[2025-12-20 14:13:49] [INFO] REQ: POST /predict - Status: 200 - Czas: 12.54ms
[2025-12-20 14:13:49] [INFO] REQ: POST /predict - Status: 200 - Czas: 12.58ms
[2025-12-20 14:13:49] [INFO] REQ: POST /predict - Status: 200 - Czas: 8.93ms
[2025-12-20 14:13:49] [INFO] REQ: POST /predict - Status: 200 - Czas: 7.68ms
[2025-12-20 14:13:49] [INFO] REQ: POST /predict - Status: 200 - Czas: 8.43ms
[2025-12-20 14:13:49] [INFO] REQ: POST /predict - Status: 200 - Czas: 11.43ms
[2025-12-20 14:13:49] [INFO] REQ: POST /predict - Status: 200 - Czas: 12.35ms
[2025-12-20 14:13:49] [INFO] REQ: POST /predict - Status: 200 - Czas: 8.58ms
[2025-12-20 14:13:49] [INFO] REQ: POST /predict - Status: 200 - Czas: 5.37ms
[2025-12-20 14:13:49] [INFO] REQ: POST /predict - Status: 200 - Czas: 5.87ms
[2025-12-20 14:13:49] [INFO] REQ: POST /predict - Status: 200 - Czas: 4.64ms
[2025-12-20 14:13:49] [INFO] REQ: POST /predict - Status: 200 - Czas: 6.64ms
[2025-12-20 14:13:49] [INFO] REQ: POST /predict - Status: 200 - Czas: 15.71ms
[2025-12-20 14:13:49] [INFO] REQ: POST /predict - Status: 200 - Czas: 17.31ms
[2025-12-20 14:13:49] [INFO] REQ: POST /predict - Status: 200 - Czas: 19.89ms
[2025-12-20 14:13:49] [INFO] REQ: POST /predict - Status: 200 - Czas: 18.90ms
[2025-12-20 14:13:49] [INFO] REQ: POST /predict - Status: 200 - Czas: 18.31ms
[2025-12-20 14:13:49] [INFO] REQ: POST /predict - Status: 200 - Czas: 7.07ms
[2025-12-20 14:13:49] [INFO] REQ: POST /predict - Status: 200 - Czas: 11.08ms
[2025-12-20 14:13:49] [INFO] REQ: POST /predict - Status: 200 - Czas: 8.64ms
[2025-12-20 14:13:49] [INFO] REQ: POST /predict - Status: 200 - Czas: 11.65ms
[2025-12-20 14:13:49] [INFO] REQ: POST /predict - Status: 200 - Czas: 12.16ms
[2025-12-20 14:13:49] [INFO] REQ: POST /predict - Status: 200 - Czas: 12.17ms
[2025-12-20 14:13:49] [INFO] REQ: POST /predict - Status: 200 - Czas: 5.53ms
[2025-12-20 14:13:49] [INFO] REQ: POST /predict - Status: 200 - Czas: 8.13ms
[2025-12-20 14:13:49] [INFO] REQ: POST /predict - Status: 200 - Czas: 8.03ms
[2025-12-20 14:13:49] [INFO] REQ: POST /predict - Status: 200 - Czas: 9.03ms
[2025-12-20 14:13:49] [INFO] REQ: POST /predict - Status: 200 - Czas: 4.57ms
[2025-12-20 14:13:49] [INFO] REQ: POST /predict - Status: 200 - Czas: 7.08ms
[2025-12-20 14:13:49] [INFO] REQ: POST /predict - Status: 200 - Czas: 4.59ms
[2025-12-20 14:13:49] [INFO] REQ: POST /predict - Status: 200 - Czas: 6.01ms
[2025-12-20 14:13:49] [INFO] REQ: POST /predict - Status: 200 - Czas: 8.41ms
[2025-12-20 14:13:49] [INFO] REQ: POST /predict - Status: 200 - Czas: 8.41ms
[2025-12-20 14:13:49] [INFO] REQ: POST /predict - Status: 200 - Czas: 9.93ms
[2025-12-20 14:13:49] [INFO] REQ: POST /predict - Status: 200 - Czas: 6.91ms
[2025-12-20 14:13:49] [INFO] REQ: POST /predict - Status: 200 - Czas: 7.92ms
[2025-12-20 14:13:49] [INFO] REQ: POST /predict - Status: 200 - Czas: 5.15ms
[2025-12-20 14:13:49] [INFO] REQ: POST /predict - Status: 200 - Czas: 11.80ms
[2025-12-20 14:13:49] [INFO] REQ: POST /predict - Status: 200 - Czas: 12.31ms
[2025-12-20 14:13:49] [INFO] REQ: POST /predict - Status: 200 - Czas: 12.17ms
[2025-12-20 14:13:49] [INFO] REQ: POST /predict - Status: 200 - Czas: 12.97ms
[2025-12-20 14:13:49] [INFO] REQ: POST /predict - Status: 200 - Czas: 8.52ms
[2025-12-20 14:13:49] [INFO] REQ: POST /predict - Status: 200 - Czas: 8.69ms
[2025-12-20 14:13:49] [INFO] REQ: POST /predict - Status: 200 - Czas: 8.90ms
[2025-12-20 14:13:49] [INFO] REQ: POST /predict - Status: 200 - Czas: 8.91ms
[2025-12-20 14:13:49] [INFO] REQ: POST /predict - Status: 200 - Czas: 7.14ms
[2025-12-20 14:13:49] [INFO] REQ: POST /predict - Status: 200 - Czas: 8.23ms
[2025-12-20 14:13:49] [INFO] REQ: POST /predict - Status: 200 - Czas: 6.12ms
[2025-12-20 14:13:49] [INFO] REQ: POST /predict - Status: 200 - Czas: 8.78ms
[2025-12-20 14:13:49] [INFO] REQ: POST /predict - Status: 200 - Czas: 10.85ms
[2025-12-20 14:13:49] [INFO] REQ: POST /predict - Status: 200 - Czas: 12.79ms
[2025-12-20 14:13:49] [INFO] REQ: POST /predict - Status: 200 - Czas: 9.74ms
[2025-12-20 14:13:49] [INFO] REQ: POST /predict - Status: 200 - Czas: 6.71ms
[2025-12-20 14:13:49] [INFO] REQ: POST /predict - Status: 200 - Czas: 8.21ms
[2025-12-20 14:13:49] [INFO] REQ: POST /predict - Status: 200 - Czas: 7.60ms
[2025-12-20 14:13:49] [INFO] REQ: POST /predict - Status: 200 - Czas: 8.61ms
[2025-12-20 14:13:49] [INFO] REQ: POST /predict - Status: 200 - Czas: 6.58ms
[2025-12-20 14:13:49] [INFO] REQ: POST /predict - Status: 200 - Czas: 9.09ms
[2025-12-20 14:13:49] [INFO] REQ: POST /predict - Status: 200 - Czas: 9.09ms
[2025-12-20 14:13:49] [INFO] REQ: POST /predict - Status: 200 - Czas: 7.09ms
[2025-12-20 14:13:49] [INFO] REQ: POST /predict - Status: 200 - Czas: 7.09ms
[2025-12-20 14:13:49] [INFO] REQ: POST /predict - Status: 200 - Czas: 6.67ms
[2025-12-20 14:13:49] [INFO] REQ: POST /predict - Status: 200 - Czas: 9.68ms
[2025-12-20 14:13:49] [INFO] REQ: POST /predict - Status: 200 - Czas: 8.10ms
[2025-12-20 14:13:49] [INFO] REQ: POST /predict - Status: 200 - Czas: 10.10ms
[2025-12-20 14:13:49] [INFO] REQ: POST /predict - Status: 200 - Czas: 11.10ms
[2025-12-20 14:13:49] [INFO] REQ: POST /predict - Status: 200 - Czas: 5.00ms
[2025-12-20 14:13:49] [INFO] REQ: POST /predict - Status: 200 - Czas: 9.69ms
[2025-12-20 14:13:49] [INFO] REQ: POST /predict - Status: 200 - Czas: 24.14ms
[2025-12-20 14:13:49] [INFO] REQ: POST /predict - Status: 200 - Czas: 25.21ms
[2025-12-20 14:13:49] [INFO] REQ: POST /predict - Status: 200 - Czas: 25.43ms
[2025-12-20 14:13:49] [INFO] REQ: POST /predict - Status: 200 - Czas: 24.95ms
[2025-12-20 14:13:49] [INFO] REQ: POST /predict - Status: 200 - Czas: 16.32ms
[2025-12-20 14:13:49] [INFO] REQ: POST /predict - Status: 200 - Czas: 13.08ms
[2025-12-20 14:13:49] [INFO] REQ: POST /predict - Status: 200 - Czas: 8.51ms
[2025-12-20 14:13:49] [INFO] REQ: POST /predict - Status: 200 - Czas: 14.76ms
[2025-12-20 14:13:49] [INFO] REQ: POST /predict - Status: 200 - Czas: 13.88ms
[2025-12-20 14:13:49] [INFO] REQ: POST /predict - Status: 200 - Czas: 13.88ms
[2025-12-20 14:13:49] [INFO] REQ: POST /predict - Status: 200 - Czas: 6.53ms
[2025-12-20 14:13:49] [INFO] REQ: POST /predict - Status: 200 - Czas: 9.61ms
[2025-12-20 14:13:49] [INFO] REQ: POST /predict - Status: 200 - Czas: 10.12ms
[2025-12-20 14:13:49] [INFO] REQ: POST /predict - Status: 200 - Czas: 10.12ms
[2025-12-20 14:13:49] [INFO] REQ: POST /predict - Status: 200 - Czas: 8.12ms
[2025-12-20 14:13:49] [INFO] REQ: POST /predict - Status: 200 - Czas: 7.04ms
[2025-12-20 14:13:49] [INFO] REQ: POST /predict - Status: 200 - Czas: 11.19ms
[2025-12-20 14:13:49] [INFO] REQ: POST /predict - Status: 200 - Czas: 15.69ms
[2025-12-20 14:13:49] [INFO] REQ: POST /predict - Status: 200 - Czas: 19.21ms
[2025-12-20 14:13:49] [INFO] REQ: POST /predict - Status: 200 - Czas: 17.21ms
[2025-12-20 14:13:49] [INFO] REQ: POST /predict - Status: 200 - Czas: 10.13ms
[2025-12-20 14:13:49] [INFO] REQ: POST /predict - Status: 200 - Czas: 10.13ms
[2025-12-20 14:13:49] [INFO] REQ: POST /predict - Status: 200 - Czas: 6.00ms
[2025-12-20 14:13:49] [INFO] REQ: POST /predict - Status: 200 - Czas: 9.00ms
[2025-12-20 14:13:49] [INFO] REQ: POST /predict - Status: 200 - Czas: 7.98ms
[2025-12-20 14:13:49] [INFO] REQ: POST /predict - Status: 200 - Czas: 10.48ms
[2025-12-20 14:13:49] [INFO] REQ: POST /predict - Status: 200 - Czas: 12.99ms
[2025-12-20 14:13:49] [INFO] REQ: POST /predict - Status: 200 - Czas: 12.26ms
[2025-12-20 14:13:49] [INFO] REQ: POST /predict - Status: 200 - Czas: 5.00ms
[2025-12-20 14:13:49] [INFO] REQ: POST /predict - Status: 200 - Czas: 8.14ms
[2025-12-20 14:13:49] [INFO] REQ: POST /predict - Status: 200 - Czas: 8.57ms
[2025-12-20 14:13:49] [INFO] REQ: POST /predict - Status: 200 - Czas: 9.52ms
[2025-12-20 14:13:49] [INFO] REQ: POST /predict - Status: 200 - Czas: 10.64ms
[2025-12-20 14:13:49] [INFO] REQ: POST /predict - Status: 200 - Czas: 10.64ms
[2025-12-20 14:13:49] [INFO] REQ: POST /predict - Status: 200 - Czas: 10.60ms
[2025-12-20 14:13:49] [INFO] REQ: POST /predict - Status: 200 - Czas: 18.22ms
[2025-12-20 14:13:49] [INFO] REQ: POST /predict - Status: 200 - Czas: 21.83ms
[2025-12-20 14:13:49] [INFO] REQ: POST /predict - Status: 200 - Czas: 21.83ms
[2025-12-20 14:13:49] [INFO] REQ: POST /predict - Status: 200 - Czas: 20.83ms
[2025-12-20 14:13:49] [INFO] REQ: POST /predict - Status: 200 - Czas: 13.62ms
[2025-12-20 14:13:49] [INFO] REQ: POST /predict - Status: 200 - Czas: 9.10ms
[2025-12-20 14:13:49] [INFO] REQ: POST /predict - Status: 200 - Czas: 13.36ms
[2025-12-20 14:13:49] [INFO] REQ: POST /predict - Status: 200 - Czas: 9.99ms
[2025-12-20 14:13:49] [INFO] REQ: POST /predict - Status: 200 - Czas: 11.59ms
[2025-12-20 14:13:50] [INFO] REQ: POST /predict - Status: 200 - Czas: 11.18ms
[2025-12-20 14:13:50] [INFO] REQ: POST /predict - Status: 200 - Czas: 7.35ms
[2025-12-20 14:13:50] [INFO] REQ: POST /predict - Status: 200 - Czas: 8.43ms
[2025-12-20 14:13:50] [INFO] REQ: POST /predict - Status: 200 - Czas: 9.09ms
[2025-12-20 14:13:50] [INFO] REQ: POST /predict - Status: 200 - Czas: 9.37ms
[2025-12-20 14:13:50] [INFO] REQ: POST /predict - Status: 200 - Czas: 8.28ms
[2025-12-20 14:13:50] [INFO] REQ: POST /predict - Status: 200 - Czas: 6.91ms
[2025-12-20 14:13:50] [INFO] REQ: POST /predict - Status: 200 - Czas: 7.96ms
[2025-12-20 14:13:50] [INFO] REQ: POST /predict - Status: 200 - Czas: 10.02ms
[2025-12-20 14:13:50] [INFO] REQ: POST /predict - Status: 200 - Czas: 6.27ms
[2025-12-20 14:13:50] [INFO] REQ: POST /predict - Status: 200 - Czas: 7.30ms
[2025-12-20 14:13:50] [INFO] REQ: POST /predict - Status: 200 - Czas: 8.03ms
[2025-12-20 14:13:50] [INFO] REQ: POST /predict - Status: 200 - Czas: 11.16ms
[2025-12-20 14:13:50] [INFO] REQ: POST /predict - Status: 200 - Czas: 9.13ms
[2025-12-20 14:13:50] [INFO] REQ: POST /predict - Status: 200 - Czas: 10.18ms
[2025-12-20 14:13:50] [INFO] REQ: POST /predict - Status: 200 - Czas: 10.78ms
[2025-12-20 14:13:50] [INFO] REQ: POST /predict - Status: 200 - Czas: 6.22ms
[2025-12-20 14:13:50] [INFO] REQ: POST /predict - Status: 200 - Czas: 7.62ms
[2025-12-20 14:13:50] [INFO] REQ: POST /predict - Status: 200 - Czas: 7.02ms
[2025-12-20 14:13:50] [INFO] REQ: POST /predict - Status: 200 - Czas: 8.03ms
[2025-12-20 14:13:50] [INFO] REQ: POST /predict - Status: 200 - Czas: 9.21ms
[2025-12-20 14:13:50] [INFO] REQ: POST /predict - Status: 200 - Czas: 13.16ms
[2025-12-20 14:13:50] [INFO] REQ: POST /predict - Status: 200 - Czas: 13.47ms
[2025-12-20 14:13:50] [INFO] REQ: POST /predict - Status: 200 - Czas: 17.83ms
[2025-12-20 14:13:50] [INFO] REQ: POST /predict - Status: 200 - Czas: 17.83ms
[2025-12-20 14:13:50] [INFO] REQ: POST /predict - Status: 200 - Czas: 14.67ms
[2025-12-20 14:13:50] [INFO] REQ: POST /predict - Status: 200 - Czas: 9.78ms
[2025-12-20 14:13:50] [INFO] REQ: POST /predict - Status: 200 - Czas: 5.20ms
[2025-12-20 14:13:50] [INFO] REQ: POST /predict - Status: 200 - Czas: 6.02ms
[2025-12-20 14:13:50] [INFO] REQ: POST /predict - Status: 200 - Czas: 8.88ms
[2025-12-20 14:13:50] [INFO] REQ: POST /predict - Status: 200 - Czas: 8.41ms
[2025-12-20 14:13:50] [INFO] REQ: POST /predict - Status: 200 - Czas: 11.07ms
[2025-12-20 14:13:50] [INFO] REQ: POST /predict - Status: 200 - Czas: 11.07ms
[2025-12-20 14:13:50] [INFO] REQ: POST /predict - Status: 200 - Czas: 4.17ms
[2025-12-20 14:13:50] [INFO] REQ: POST /predict - Status: 200 - Czas: 6.26ms
[2025-12-20 14:13:50] [INFO] REQ: POST /predict - Status: 200 - Czas: 9.26ms
[2025-12-20 14:13:50] [INFO] REQ: POST /predict - Status: 200 - Czas: 10.72ms
[2025-12-20 14:13:50] [INFO] REQ: POST /predict - Status: 200 - Czas: 11.72ms
[2025-12-20 14:13:50] [INFO] REQ: POST /predict - Status: 200 - Czas: 8.10ms
[2025-12-20 14:13:50] [INFO] REQ: POST /predict - Status: 200 - Czas: 10.16ms
[2025-12-20 14:13:50] [INFO] REQ: POST /predict - Status: 200 - Czas: 16.64ms
[2025-12-20 14:13:50] [INFO] REQ: POST /predict - Status: 200 - Czas: 18.64ms
[2025-12-20 14:13:50] [INFO] REQ: POST /predict - Status: 200 - Czas: 16.63ms
[2025-12-20 14:13:50] [INFO] REQ: POST /predict - Status: 200 - Czas: 16.63ms
[2025-12-20 14:13:50] [INFO] REQ: POST /predict - Status: 200 - Czas: 15.16ms
[2025-12-20 14:13:50] [INFO] REQ: POST /predict - Status: 200 - Czas: 6.56ms
[2025-12-20 14:13:50] [INFO] REQ: POST /predict - Status: 200 - Czas: 9.58ms
[2025-12-20 14:13:50] [INFO] REQ: POST /predict - Status: 200 - Czas: 13.70ms
[2025-12-20 14:13:50] [INFO] REQ: POST /predict - Status: 200 - Czas: 15.69ms
[2025-12-20 14:13:50] [INFO] REQ: POST /predict - Status: 200 - Czas: 16.20ms
[2025-12-20 14:13:50] [INFO] REQ: POST /predict - Status: 200 - Czas: 5.51ms
[2025-12-20 14:13:50] [INFO] REQ: POST /predict - Status: 200 - Czas: 4.51ms
[2025-12-20 14:13:50] [INFO] REQ: POST /predict - Status: 200 - Czas: 5.56ms
[2025-12-20 14:13:50] [INFO] REQ: POST /predict - Status: 200 - Czas: 5.62ms
[2025-12-20 14:13:50] [INFO] REQ: POST /predict - Status: 200 - Czas: 6.63ms
[2025-12-20 14:13:50] [INFO] REQ: POST /predict - Status: 200 - Czas: 9.69ms
[2025-12-20 14:13:50] [INFO] REQ: POST /predict - Status: 200 - Czas: 6.01ms
[2025-12-20 14:13:50] [INFO] REQ: POST /predict - Status: 200 - Czas: 9.07ms
[2025-12-20 14:13:50] [INFO] REQ: POST /predict - Status: 200 - Czas: 8.51ms
[2025-12-20 14:13:50] [INFO] REQ: POST /predict - Status: 200 - Czas: 6.06ms
[2025-12-20 14:13:50] [INFO] REQ: POST /predict - Status: 200 - Czas: 7.07ms
[2025-12-20 14:13:50] [INFO] REQ: POST /predict - Status: 200 - Czas: 3.00ms
[2025-12-20 14:13:50] [INFO] REQ: POST /predict - Status: 200 - Czas: 6.01ms
[2025-12-20 14:13:50] [INFO] REQ: POST /predict - Status: 200 - Czas: 6.61ms
[2025-12-20 14:13:50] [INFO] REQ: POST /predict - Status: 200 - Czas: 7.62ms
[2025-12-20 14:13:50] [INFO] REQ: POST /predict - Status: 200 - Czas: 8.19ms
[2025-12-20 14:13:50] [INFO] REQ: POST /predict - Status: 200 - Czas: 12.20ms
[2025-12-20 14:13:50] [INFO] REQ: POST /predict - Status: 200 - Czas: 12.52ms
[2025-12-20 14:13:50] [INFO] REQ: POST /predict - Status: 200 - Czas: 13.02ms
[2025-12-20 14:13:50] [INFO] REQ: POST /predict - Status: 200 - Czas: 12.02ms
[2025-12-20 14:13:50] [INFO] REQ: POST /predict - Status: 200 - Czas: 4.00ms
[2025-12-20 14:13:50] [INFO] REQ: POST /predict - Status: 200 - Czas: 7.03ms
[2025-12-20 14:13:50] [INFO] REQ: POST /predict - Status: 200 - Czas: 9.06ms
[2025-12-20 14:13:50] [INFO] REQ: POST /predict - Status: 200 - Czas: 10.39ms
[2025-12-20 14:13:50] [INFO] REQ: POST /predict - Status: 200 - Czas: 12.91ms
[2025-12-20 14:13:50] [INFO] REQ: POST /predict - Status: 200 - Czas: 12.91ms
[2025-12-20 14:13:50] [INFO] REQ: POST /predict - Status: 200 - Czas: 9.03ms
[2025-12-20 14:13:50] [INFO] REQ: POST /predict - Status: 200 - Czas: 6.54ms
[2025-12-20 14:13:50] [INFO] REQ: POST /predict - Status: 200 - Czas: 9.07ms
[2025-12-20 14:13:50] [INFO] REQ: POST /predict - Status: 200 - Czas: 8.07ms
[2025-12-20 14:13:50] [INFO] REQ: POST /predict - Status: 200 - Czas: 10.08ms
[2025-12-20 14:13:50] [INFO] REQ: POST /predict - Status: 200 - Czas: 12.59ms
[2025-12-20 14:13:50] [INFO] REQ: POST /predict - Status: 200 - Czas: 8.02ms
[2025-12-20 14:13:50] [INFO] REQ: POST /predict - Status: 200 - Czas: 5.62ms
[2025-12-20 14:13:50] [INFO] REQ: POST /predict - Status: 200 - Czas: 6.03ms
[2025-12-20 14:13:50] [INFO] REQ: POST /predict - Status: 200 - Czas: 8.13ms
[2025-12-20 14:13:50] [INFO] REQ: POST /predict - Status: 200 - Czas: 11.28ms
[2025-12-20 14:13:50] [INFO] REQ: POST /predict - Status: 200 - Czas: 11.78ms
[2025-12-20 14:13:50] [INFO] REQ: POST /predict - Status: 200 - Czas: 3.01ms
[2025-12-20 14:13:50] [INFO] REQ: POST /predict - Status: 200 - Czas: 5.55ms
[2025-12-20 14:13:50] [INFO] REQ: POST /predict - Status: 200 - Czas: 9.06ms
[2025-12-20 14:13:50] [INFO] REQ: POST /predict - Status: 200 - Czas: 8.58ms
[2025-12-20 14:13:50] [INFO] REQ: POST /predict - Status: 200 - Czas: 6.07ms
[2025-12-20 14:13:50] [INFO] REQ: POST /predict - Status: 200 - Czas: 12.69ms
[2025-12-20 14:13:50] [INFO] REQ: POST /predict - Status: 200 - Czas: 12.54ms
[2025-12-20 14:13:50] [INFO] REQ: POST /predict - Status: 200 - Czas: 12.13ms
[2025-12-20 14:13:50] [INFO] REQ: POST /predict - Status: 200 - Czas: 16.15ms
[2025-12-20 14:13:50] [INFO] REQ: POST /predict - Status: 200 - Czas: 12.15ms
[2025-12-20 14:13:50] [INFO] REQ: POST /predict - Status: 200 - Czas: 15.22ms
[2025-12-20 14:13:50] [INFO] REQ: POST /predict - Status: 200 - Czas: 8.67ms
[2025-12-20 14:13:50] [INFO] REQ: POST /predict - Status: 200 - Czas: 10.18ms
[2025-12-20 14:13:50] [INFO] REQ: POST /predict - Status: 200 - Czas: 14.43ms
[2025-12-20 14:13:50] [INFO] REQ: POST /predict - Status: 200 - Czas: 10.26ms
[2025-12-20 14:13:50] [INFO] REQ: POST /predict - Status: 200 - Czas: 7.07ms
[2025-12-20 14:13:50] [INFO] REQ: POST /predict - Status: 200 - Czas: 11.54ms
[2025-12-20 14:13:50] [INFO] REQ: POST /predict - Status: 200 - Czas: 10.09ms
[2025-12-20 14:13:50] [INFO] REQ: POST /predict - Status: 200 - Czas: 11.60ms
[2025-12-20 14:13:50] [INFO] REQ: POST /predict - Status: 200 - Czas: 13.63ms
[2025-12-20 14:13:50] [INFO] REQ: POST /predict - Status: 200 - Czas: 9.56ms
[2025-12-20 14:13:50] [INFO] REQ: POST /predict - Status: 200 - Czas: 4.52ms
[2025-12-20 14:13:50] [INFO] REQ: POST /predict - Status: 200 - Czas: 7.52ms
[2025-12-20 14:13:50] [INFO] REQ: POST /predict - Status: 200 - Czas: 7.51ms
[2025-12-20 14:13:50] [INFO] REQ: POST /predict - Status: 200 - Czas: 8.66ms
[2025-12-20 14:13:50] [INFO] REQ: POST /predict - Status: 200 - Czas: 7.70ms
[2025-12-20 14:13:50] [INFO] REQ: POST /predict - Status: 200 - Czas: 5.51ms
[2025-12-20 14:13:50] [INFO] REQ: POST /predict - Status: 200 - Czas: 6.02ms
[2025-12-20 14:13:50] [INFO] REQ: POST /predict - Status: 200 - Czas: 6.02ms
[2025-12-20 14:13:50] [INFO] REQ: POST /predict - Status: 200 - Czas: 4.06ms
[2025-12-20 14:13:50] [INFO] REQ: POST /predict - Status: 200 - Czas: 6.56ms
[2025-12-20 14:13:50] [INFO] REQ: POST /predict - Status: 200 - Czas: 5.63ms
[2025-12-20 14:13:50] [INFO] REQ: POST /predict - Status: 200 - Czas: 6.02ms
[2025-12-20 14:13:50] [INFO] REQ: POST /predict - Status: 200 - Czas: 12.62ms
[2025-12-20 14:13:50] [INFO] REQ: POST /predict - Status: 200 - Czas: 12.62ms
[2025-12-20 14:13:50] [INFO] REQ: POST /predict - Status: 200 - Czas: 12.71ms
[2025-12-20 14:13:50] [INFO] REQ: POST /predict - Status: 200 - Czas: 13.71ms
[2025-12-20 14:13:50] [INFO] REQ: POST /predict - Status: 200 - Czas: 4.50ms
[2025-12-20 14:13:50] [INFO] REQ: POST /predict - Status: 200 - Czas: 6.11ms
[2025-12-20 14:13:50] [INFO] REQ: POST /predict - Status: 200 - Czas: 9.11ms
[2025-12-20 14:13:50] [INFO] REQ: POST /predict - Status: 200 - Czas: 9.58ms
[2025-12-20 14:13:50] [INFO] REQ: POST /predict - Status: 200 - Czas: 10.15ms
[2025-12-20 14:13:50] [INFO] REQ: POST /predict - Status: 200 - Czas: 12.58ms
[2025-12-20 14:13:50] [INFO] REQ: POST /predict - Status: 200 - Czas: 11.71ms
[2025-12-20 14:13:50] [INFO] REQ: POST /predict - Status: 200 - Czas: 12.40ms
[2025-12-20 14:13:50] [INFO] REQ: POST /predict - Status: 200 - Czas: 10.22ms
[2025-12-20 14:13:50] [INFO] REQ: POST /predict - Status: 200 - Czas: 7.04ms
[2025-12-20 14:13:50] [INFO] REQ: POST /predict - Status: 200 - Czas: 6.57ms
[2025-12-20 14:13:50] [INFO] REQ: POST /predict - Status: 200 - Czas: 12.73ms
[2025-12-20 14:13:50] [INFO] REQ: POST /predict - Status: 200 - Czas: 11.72ms
[2025-12-20 14:13:50] [INFO] REQ: POST /predict - Status: 200 - Czas: 12.77ms
[2025-12-20 14:13:50] [INFO] REQ: POST /predict - Status: 200 - Czas: 12.15ms
[2025-12-20 14:13:50] [INFO] REQ: POST /predict - Status: 200 - Czas: 5.71ms
[2025-12-20 14:13:50] [INFO] REQ: POST /predict - Status: 200 - Czas: 17.66ms
[2025-12-20 14:13:50] [INFO] REQ: POST /predict - Status: 200 - Czas: 18.09ms
[2025-12-20 14:13:50] [INFO] REQ: POST /predict - Status: 200 - Czas: 18.09ms
[2025-12-20 14:13:50] [INFO] REQ: POST /predict - Status: 200 - Czas: 7.04ms
[2025-12-20 14:13:50] [INFO] REQ: POST /predict - Status: 200 - Czas: 5.61ms
[2025-12-20 14:13:50] [INFO] REQ: POST /predict - Status: 200 - Czas: 5.60ms
[2025-12-20 14:13:50] [INFO] REQ: POST /predict - Status: 200 - Czas: 6.50ms
[2025-12-20 14:13:50] [INFO] REQ: POST /predict - Status: 200 - Czas: 9.02ms
[2025-12-20 14:13:50] [INFO] REQ: POST /predict - Status: 200 - Czas: 7.64ms
[2025-12-20 14:13:50] [INFO] REQ: POST /predict - Status: 200 - Czas: 9.10ms
[2025-12-20 14:13:50] [INFO] REQ: POST /predict - Status: 200 - Czas: 10.60ms
[2025-12-20 14:13:50] [INFO] REQ: POST /predict - Status: 200 - Czas: 10.61ms
[2025-12-20 14:13:50] [INFO] REQ: POST /predict - Status: 200 - Czas: 10.61ms
[2025-12-20 14:13:50] [INFO] REQ: POST /predict - Status: 200 - Czas: 6.03ms
[2025-12-20 14:13:50] [INFO] REQ: POST /predict - Status: 200 - Czas: 6.00ms
[2025-12-20 14:13:50] [INFO] REQ: POST /predict - Status: 200 - Czas: 7.61ms
[2025-12-20 14:13:50] [INFO] REQ: POST /predict - Status: 200 - Czas: 10.11ms
[2025-12-20 14:13:50] [INFO] REQ: POST /predict - Status: 200 - Czas: 8.12ms
[2025-12-20 14:13:50] [INFO] REQ: POST /predict - Status: 200 - Czas: 9.12ms
[2025-12-20 14:13:50] [INFO] REQ: POST /predict - Status: 200 - Czas: 5.02ms
[2025-12-20 14:13:50] [INFO] REQ: POST /predict - Status: 200 - Czas: 8.19ms
[2025-12-20 14:13:50] [INFO] REQ: POST /predict - Status: 200 - Czas: 8.20ms
[2025-12-20 14:13:50] [INFO] REQ: POST /predict - Status: 200 - Czas: 8.61ms
[2025-12-20 14:13:50] [INFO] REQ: POST /predict - Status: 200 - Czas: 10.61ms
[2025-12-20 14:13:50] [INFO] REQ: POST /predict - Status: 200 - Czas: 6.55ms
[2025-12-20 14:13:50] [INFO] REQ: POST /predict - Status: 200 - Czas: 6.01ms
[2025-12-20 14:13:50] [INFO] REQ: POST /predict - Status: 200 - Czas: 11.15ms
[2025-12-20 14:13:50] [INFO] REQ: POST /predict - Status: 200 - Czas: 11.71ms
[2025-12-20 14:13:50] [INFO] REQ: POST /predict - Status: 200 - Czas: 17.24ms
[2025-12-20 14:13:50] [INFO] REQ: POST /predict - Status: 200 - Czas: 17.23ms
[2025-12-20 14:13:50] [INFO] REQ: POST /predict - Status: 200 - Czas: 16.74ms
[2025-12-20 14:13:50] [INFO] REQ: POST /predict - Status: 200 - Czas: 10.62ms
[2025-12-20 14:13:50] [INFO] REQ: POST /predict - Status: 200 - Czas: 11.12ms
[2025-12-20 14:13:50] [INFO] REQ: POST /predict - Status: 200 - Czas: 7.67ms
[2025-12-20 14:13:50] [INFO] REQ: POST /predict - Status: 200 - Czas: 10.14ms
[2025-12-20 14:13:50] [INFO] REQ: POST /predict - Status: 200 - Czas: 13.14ms
[2025-12-20 14:13:50] [INFO] REQ: POST /predict - Status: 200 - Czas: 15.20ms
[2025-12-20 14:13:50] [INFO] REQ: POST /predict - Status: 200 - Czas: 14.12ms
[2025-12-20 14:13:50] [INFO] REQ: POST /predict - Status: 200 - Czas: 11.10ms
[2025-12-20 14:13:50] [INFO] REQ: POST /predict - Status: 200 - Czas: 10.61ms
[2025-12-20 14:13:50] [INFO] REQ: POST /predict - Status: 200 - Czas: 12.64ms
[2025-12-20 14:13:50] [INFO] REQ: POST /predict - Status: 200 - Czas: 11.13ms
[2025-12-20 14:13:50] [INFO] REQ: POST /predict - Status: 200 - Czas: 14.64ms
[2025-12-20 14:13:50] [INFO] REQ: POST /predict - Status: 200 - Czas: 3.51ms
[2025-12-20 14:13:50] [INFO] REQ: POST /predict - Status: 200 - Czas: 49.08ms
[2025-12-20 14:13:50] [INFO] REQ: POST /predict - Status: 200 - Czas: 50.41ms
[2025-12-20 14:13:50] [INFO] REQ: POST /predict - Status: 200 - Czas: 51.30ms
[2025-12-20 14:13:50] [INFO] REQ: POST /predict - Status: 200 - Czas: 50.30ms
[2025-12-20 14:13:50] [INFO] REQ: POST /predict - Status: 200 - Czas: 7.53ms
[2025-12-20 14:13:50] [INFO] REQ: POST /predict - Status: 200 - Czas: 5.65ms
[2025-12-20 14:13:50] [INFO] REQ: POST /predict - Status: 200 - Czas: 8.02ms
[2025-12-20 14:13:51] [INFO] REQ: POST /predict - Status: 200 - Czas: 8.20ms
[2025-12-20 14:13:51] [INFO] REQ: POST /predict - Status: 200 - Czas: 10.36ms
[2025-12-20 14:13:51] [INFO] REQ: POST /predict - Status: 200 - Czas: 13.36ms
[2025-12-20 14:13:51] [INFO] REQ: POST /predict - Status: 200 - Czas: 5.51ms
[2025-12-20 14:13:51] [INFO] REQ: POST /predict - Status: 200 - Czas: 10.24ms
[2025-12-20 14:13:51] [INFO] REQ: POST /predict - Status: 200 - Czas: 10.24ms
[2025-12-20 14:13:51] [INFO] REQ: POST /predict - Status: 200 - Czas: 10.14ms
[2025-12-20 14:13:51] [INFO] REQ: POST /predict - Status: 200 - Czas: 11.10ms
[2025-12-20 14:13:51] [INFO] REQ: POST /predict - Status: 200 - Czas: 10.09ms
[2025-12-20 14:13:51] [INFO] REQ: POST /predict - Status: 200 - Czas: 8.57ms
[2025-12-20 14:13:51] [INFO] REQ: POST /predict - Status: 200 - Czas: 7.14ms
[2025-12-20 14:13:51] [INFO] REQ: POST /predict - Status: 200 - Czas: 9.14ms
[2025-12-20 14:13:51] [INFO] REQ: POST /predict - Status: 200 - Czas: 11.16ms
[2025-12-20 14:13:51] [INFO] REQ: POST /predict - Status: 200 - Czas: 10.16ms
[2025-12-20 14:13:51] [INFO] REQ: POST /predict - Status: 200 - Czas: 7.53ms
[2025-12-20 14:13:51] [INFO] REQ: POST /predict - Status: 200 - Czas: 8.54ms
[2025-12-20 14:13:51] [INFO] REQ: POST /predict - Status: 200 - Czas: 8.52ms
[2025-12-20 14:13:51] [INFO] REQ: POST /predict - Status: 200 - Czas: 9.56ms
[2025-12-20 14:13:51] [INFO] REQ: POST /predict - Status: 200 - Czas: 10.28ms
[2025-12-20 14:13:51] [INFO] REQ: POST /predict - Status: 200 - Czas: 5.89ms
[2025-12-20 14:13:51] [INFO] REQ: POST /predict - Status: 200 - Czas: 6.04ms
[2025-12-20 14:13:51] [INFO] REQ: POST /predict - Status: 200 - Czas: 6.51ms
[2025-12-20 14:13:51] [INFO] REQ: POST /predict - Status: 200 - Czas: 9.03ms
[2025-12-20 14:13:51] [INFO] REQ: POST /predict - Status: 200 - Czas: 10.02ms
[2025-12-20 14:13:51] [INFO] REQ: POST /predict - Status: 200 - Czas: 9.02ms
[2025-12-20 14:13:51] [INFO] REQ: POST /predict - Status: 200 - Czas: 4.02ms
[2025-12-20 14:13:51] [INFO] REQ: POST /predict - Status: 200 - Czas: 9.57ms
[2025-12-20 14:13:51] [INFO] REQ: POST /predict - Status: 200 - Czas: 9.57ms
[2025-12-20 14:13:51] [INFO] REQ: POST /predict - Status: 200 - Czas: 12.07ms
[2025-12-20 14:13:51] [INFO] REQ: POST /predict - Status: 200 - Czas: 11.17ms
[2025-12-20 14:13:51] [INFO] REQ: POST /predict - Status: 200 - Czas: 10.67ms
[2025-12-20 14:13:51] [INFO] REQ: POST /predict - Status: 200 - Czas: 4.55ms
[2025-12-20 14:13:51] [INFO] REQ: POST /predict - Status: 200 - Czas: 9.53ms
[2025-12-20 14:13:51] [INFO] REQ: POST /predict - Status: 200 - Czas: 11.62ms
[2025-12-20 14:13:51] [INFO] REQ: POST /predict - Status: 200 - Czas: 11.18ms
[2025-12-20 14:13:51] [INFO] REQ: POST /predict - Status: 200 - Czas: 11.17ms
[2025-12-20 14:13:51] [INFO] REQ: POST /predict - Status: 200 - Czas: 11.17ms
[2025-12-20 14:13:51] [INFO] REQ: POST /predict - Status: 200 - Czas: 10.43ms
[2025-12-20 14:13:51] [INFO] REQ: POST /predict - Status: 200 - Czas: 10.43ms
[2025-12-20 14:13:51] [INFO] REQ: POST /predict - Status: 200 - Czas: 12.48ms
[2025-12-20 14:13:51] [INFO] REQ: POST /predict - Status: 200 - Czas: 11.97ms
[2025-12-20 14:13:51] [INFO] REQ: POST /predict - Status: 200 - Czas: 14.48ms
[2025-12-20 14:13:51] [INFO] REQ: POST /predict - Status: 200 - Czas: 7.57ms
[2025-12-20 14:13:51] [INFO] REQ: POST /predict - Status: 200 - Czas: 10.08ms
[2025-12-20 14:13:51] [INFO] REQ: POST /predict - Status: 200 - Czas: 13.08ms
[2025-12-20 14:13:51] [INFO] REQ: POST /predict - Status: 200 - Czas: 14.08ms
[2025-12-20 14:13:51] [INFO] REQ: POST /predict - Status: 200 - Czas: 14.08ms
[2025-12-20 14:13:51] [INFO] REQ: POST /predict - Status: 200 - Czas: 6.03ms
[2025-12-20 14:13:51] [INFO] REQ: POST /predict - Status: 200 - Czas: 9.03ms
[2025-12-20 14:13:51] [INFO] REQ: POST /predict - Status: 200 - Czas: 11.59ms
[2025-12-20 14:13:51] [INFO] REQ: POST /predict - Status: 200 - Czas: 11.59ms
[2025-12-20 14:13:51] [INFO] REQ: POST /predict - Status: 200 - Czas: 10.08ms
[2025-12-20 14:13:51] [INFO] REQ: POST /predict - Status: 200 - Czas: 5.01ms
[2025-12-20 14:13:51] [INFO] REQ: POST /predict - Status: 200 - Czas: 6.51ms
[2025-12-20 14:13:51] [INFO] REQ: POST /predict - Status: 200 - Czas: 5.00ms
[2025-12-20 14:13:51] [INFO] REQ: POST /predict - Status: 200 - Czas: 16.23ms
[2025-12-20 14:13:51] [INFO] REQ: POST /predict - Status: 200 - Czas: 20.23ms
[2025-12-20 14:13:51] [INFO] REQ: POST /predict - Status: 200 - Czas: 17.72ms
[2025-12-20 14:13:51] [INFO] REQ: POST /predict - Status: 200 - Czas: 22.82ms
[2025-12-20 14:13:51] [INFO] REQ: POST /predict - Status: 200 - Czas: 20.81ms
[2025-12-20 14:13:51] [INFO] REQ: POST /predict - Status: 200 - Czas: 8.10ms
[2025-12-20 14:13:51] [INFO] REQ: POST /predict - Status: 200 - Czas: 8.83ms
[2025-12-20 14:13:51] [INFO] REQ: POST /predict - Status: 200 - Czas: 18.46ms
[2025-12-20 14:13:51] [INFO] REQ: POST /predict - Status: 200 - Czas: 6.89ms
[2025-12-20 14:13:51] [INFO] REQ: POST /predict - Status: 200 - Czas: 7.89ms
[2025-12-20 14:13:51] [INFO] REQ: POST /predict - Status: 200 - Czas: 9.15ms
[2025-12-20 14:13:51] [INFO] REQ: POST /predict - Status: 200 - Czas: 7.13ms
[2025-12-20 14:13:51] [INFO] REQ: POST /predict - Status: 200 - Czas: 9.84ms
[2025-12-20 14:13:51] [INFO] REQ: POST /predict - Status: 200 - Czas: 8.83ms
[2025-12-20 14:13:51] [INFO] REQ: POST /predict - Status: 200 - Czas: 9.84ms
[2025-12-20 14:13:51] [INFO] REQ: POST /predict - Status: 200 - Czas: 9.34ms
[2025-12-20 14:13:51] [INFO] REQ: POST /predict - Status: 200 - Czas: 4.01ms
[2025-12-20 14:13:51] [INFO] REQ: POST /predict - Status: 200 - Czas: 5.51ms
[2025-12-20 14:13:51] [INFO] REQ: POST /predict - Status: 200 - Czas: 5.58ms
[2025-12-20 14:13:51] [INFO] REQ: POST /predict - Status: 200 - Czas: 7.02ms
[2025-12-20 14:13:51] [INFO] REQ: POST /predict - Status: 200 - Czas: 8.02ms
[2025-12-20 14:13:51] [INFO] REQ: POST /predict - Status: 200 - Czas: 3.01ms
[2025-12-20 14:13:51] [INFO] REQ: POST /predict - Status: 200 - Czas: 5.03ms
[2025-12-20 14:13:51] [INFO] REQ: POST /predict - Status: 200 - Czas: 7.11ms
[2025-12-20 14:13:51] [INFO] REQ: POST /predict - Status: 200 - Czas: 7.12ms
[2025-12-20 14:13:51] [INFO] REQ: POST /predict - Status: 200 - Czas: 7.12ms
[2025-12-20 14:13:51] [INFO] REQ: POST /predict - Status: 200 - Czas: 6.99ms
[2025-12-20 14:13:51] [INFO] REQ: POST /predict - Status: 200 - Czas: 16.18ms
[2025-12-20 14:13:51] [INFO] REQ: POST /predict - Status: 200 - Czas: 18.18ms
[2025-12-20 14:13:51] [INFO] REQ: POST /predict - Status: 200 - Czas: 19.78ms
[2025-12-20 14:13:51] [INFO] REQ: POST /predict - Status: 200 - Czas: 20.78ms
[2025-12-20 14:13:51] [INFO] REQ: POST /predict - Status: 200 - Czas: 19.27ms
[2025-12-20 14:13:51] [INFO] REQ: POST /predict - Status: 200 - Czas: 7.02ms
[2025-12-20 14:13:51] [INFO] REQ: POST /predict - Status: 200 - Czas: 9.54ms
[2025-12-20 14:13:51] [INFO] REQ: POST /predict - Status: 200 - Czas: 11.10ms
[2025-12-20 14:13:51] [INFO] REQ: POST /predict - Status: 200 - Czas: 13.10ms
[2025-12-20 14:13:51] [INFO] REQ: POST /predict - Status: 200 - Czas: 11.10ms
[2025-12-20 14:13:51] [INFO] REQ: POST /predict - Status: 200 - Czas: 6.61ms
[2025-12-20 14:13:51] [INFO] REQ: POST /predict - Status: 200 - Czas: 6.19ms
[2025-12-20 14:13:51] [INFO] REQ: POST /predict - Status: 200 - Czas: 6.57ms
[2025-12-20 14:13:51] [INFO] REQ: POST /predict - Status: 200 - Czas: 9.10ms
[2025-12-20 14:13:51] [INFO] REQ: POST /predict - Status: 200 - Czas: 11.10ms
[2025-12-20 14:13:51] [INFO] REQ: POST /predict - Status: 200 - Czas: 8.69ms
[2025-12-20 14:13:51] [INFO] REQ: POST /predict - Status: 200 - Czas: 10.19ms
[2025-12-20 14:13:51] [INFO] REQ: POST /predict - Status: 200 - Czas: 4.51ms
[2025-12-20 14:13:51] [INFO] REQ: POST /predict - Status: 200 - Czas: 5.59ms
[2025-12-20 14:13:51] [INFO] REQ: POST /predict - Status: 200 - Czas: 4.08ms
[2025-12-20 14:13:51] [INFO] REQ: POST /predict - Status: 200 - Czas: 4.71ms
[2025-12-20 14:13:51] [INFO] REQ: POST /predict - Status: 200 - Czas: 15.12ms
[2025-12-20 14:13:51] [INFO] REQ: POST /predict - Status: 200 - Czas: 18.28ms
[2025-12-20 14:13:51] [INFO] REQ: POST /predict - Status: 200 - Czas: 20.28ms
[2025-12-20 14:13:51] [INFO] REQ: POST /predict - Status: 200 - Czas: 20.28ms
[2025-12-20 14:13:51] [INFO] REQ: POST /predict - Status: 200 - Czas: 19.28ms
[2025-12-20 14:13:51] [INFO] REQ: POST /predict - Status: 200 - Czas: 7.07ms
[2025-12-20 14:13:51] [INFO] REQ: POST /predict - Status: 200 - Czas: 12.21ms
[2025-12-20 14:13:51] [INFO] REQ: POST /predict - Status: 200 - Czas: 13.22ms
[2025-12-20 14:13:51] [INFO] REQ: POST /predict - Status: 200 - Czas: 12.25ms
[2025-12-20 14:13:51] [INFO] REQ: POST /predict - Status: 200 - Czas: 14.26ms
[2025-12-20 14:13:51] [INFO] REQ: POST /predict - Status: 200 - Czas: 5.32ms
[2025-12-20 14:13:51] [INFO] REQ: POST /predict - Status: 200 - Czas: 5.05ms
[2025-12-20 14:13:51] [INFO] REQ: POST /predict - Status: 200 - Czas: 4.76ms
[2025-12-20 14:13:51] [INFO] REQ: POST /predict - Status: 200 - Czas: 5.45ms
[2025-12-20 14:13:51] [INFO] REQ: POST /predict - Status: 200 - Czas: 4.29ms
[2025-12-20 14:13:51] [INFO] REQ: POST /predict - Status: 200 - Czas: 4.60ms
[2025-12-20 14:13:51] [INFO] REQ: POST /predict - Status: 200 - Czas: 8.64ms
[2025-12-20 14:13:51] [INFO] REQ: POST /predict - Status: 200 - Czas: 12.66ms
[2025-12-20 14:13:51] [INFO] REQ: POST /predict - Status: 200 - Czas: 14.15ms
[2025-12-20 14:13:51] [INFO] REQ: POST /predict - Status: 200 - Czas: 15.15ms
[2025-12-20 14:13:51] [INFO] REQ: POST /predict - Status: 200 - Czas: 13.54ms
[2025-12-20 14:13:51] [INFO] REQ: POST /predict - Status: 200 - Czas: 6.03ms
[2025-12-20 14:13:51] [INFO] REQ: POST /predict - Status: 200 - Czas: 9.61ms
[2025-12-20 14:13:51] [INFO] REQ: POST /predict - Status: 200 - Czas: 13.77ms
[2025-12-20 14:13:51] [INFO] REQ: POST /predict - Status: 200 - Czas: 15.77ms
[2025-12-20 14:13:51] [INFO] REQ: POST /predict - Status: 200 - Czas: 15.76ms
[2025-12-20 14:13:51] [INFO] REQ: POST /predict - Status: 200 - Czas: 12.68ms
[2025-12-20 14:13:51] [INFO] REQ: POST /predict - Status: 200 - Czas: 4.71ms
[2025-12-20 14:13:51] [INFO] REQ: POST /predict - Status: 200 - Czas: 6.68ms
[2025-12-20 14:13:51] [INFO] REQ: POST /predict - Status: 200 - Czas: 7.16ms
[2025-12-20 14:13:51] [INFO] REQ: POST /predict - Status: 200 - Czas: 10.61ms
[2025-12-20 14:13:51] [INFO] REQ: POST /predict - Status: 200 - Czas: 11.13ms
[2025-12-20 14:13:51] [INFO] REQ: POST /predict - Status: 200 - Czas: 4.51ms
[2025-12-20 14:13:51] [INFO] REQ: POST /predict - Status: 200 - Czas: 5.65ms
[2025-12-20 14:13:51] [INFO] REQ: POST /predict - Status: 200 - Czas: 8.98ms
[2025-12-20 14:13:51] [INFO] REQ: POST /predict - Status: 200 - Czas: 10.48ms
[2025-12-20 14:13:51] [INFO] REQ: POST /predict - Status: 200 - Czas: 10.34ms
[2025-12-20 14:13:51] [INFO] REQ: POST /predict - Status: 200 - Czas: 11.35ms
[2025-12-20 14:13:51] [INFO] REQ: POST /predict - Status: 200 - Czas: 7.07ms
[2025-12-20 14:13:51] [INFO] REQ: POST /predict - Status: 200 - Czas: 8.26ms
[2025-12-20 14:13:51] [INFO] REQ: POST /predict - Status: 200 - Czas: 10.27ms
[2025-12-20 14:13:51] [INFO] REQ: POST /predict - Status: 200 - Czas: 8.26ms
[2025-12-20 14:13:51] [INFO] REQ: POST /predict - Status: 200 - Czas: 8.59ms
[2025-12-20 14:13:51] [INFO] REQ: POST /predict - Status: 200 - Czas: 2.51ms
[2025-12-20 14:13:51] [INFO] REQ: POST /predict - Status: 200 - Czas: 11.58ms
[2025-12-20 14:13:51] [INFO] REQ: POST /predict - Status: 200 - Czas: 12.08ms
[2025-12-20 14:13:51] [INFO] REQ: POST /predict - Status: 200 - Czas: 12.09ms
[2025-12-20 14:13:51] [INFO] REQ: POST /predict - Status: 200 - Czas: 13.59ms
[2025-12-20 14:13:51] [INFO] REQ: POST /predict - Status: 200 - Czas: 13.09ms
[2025-12-20 14:13:51] [INFO] REQ: POST /predict - Status: 200 - Czas: 5.60ms
[2025-12-20 14:13:51] [INFO] REQ: POST /predict - Status: 200 - Czas: 6.69ms
[2025-12-20 14:13:51] [INFO] REQ: POST /predict - Status: 200 - Czas: 7.19ms
[2025-12-20 14:13:51] [INFO] REQ: POST /predict - Status: 200 - Czas: 9.19ms
[2025-12-20 14:13:51] [INFO] REQ: POST /predict - Status: 200 - Czas: 11.19ms
[2025-12-20 14:13:51] [INFO] REQ: POST /predict - Status: 200 - Czas: 10.02ms
[2025-12-20 14:13:51] [INFO] REQ: POST /predict - Status: 200 - Czas: 13.54ms
[2025-12-20 14:13:51] [INFO] REQ: POST /predict - Status: 200 - Czas: 14.08ms
[2025-12-20 14:13:51] [INFO] REQ: POST /predict - Status: 200 - Czas: 9.12ms
[2025-12-20 14:13:51] [INFO] REQ: POST /predict - Status: 200 - Czas: 11.62ms
[2025-12-20 14:13:51] [INFO] REQ: POST /predict - Status: 200 - Czas: 6.67ms
[2025-12-20 14:13:51] [INFO] REQ: POST /predict - Status: 200 - Czas: 5.51ms
[2025-12-20 14:13:51] [INFO] REQ: POST /predict - Status: 200 - Czas: 4.73ms
[2025-12-20 14:13:51] [INFO] REQ: POST /predict - Status: 200 - Czas: 6.29ms
[2025-12-20 14:13:51] [INFO] REQ: POST /predict - Status: 200 - Czas: 9.32ms
[2025-12-20 14:13:51] [INFO] REQ: POST /predict - Status: 200 - Czas: 4.14ms
[2025-12-20 14:13:51] [INFO] REQ: POST /predict - Status: 200 - Czas: 4.00ms
[2025-12-20 14:13:51] [INFO] REQ: POST /predict - Status: 200 - Czas: 4.67ms
[2025-12-20 14:13:51] [INFO] REQ: POST /predict - Status: 200 - Czas: 5.00ms
[2025-12-20 14:13:51] [INFO] REQ: POST /predict - Status: 200 - Czas: 8.02ms
[2025-12-20 14:13:51] [INFO] REQ: POST /predict - Status: 200 - Czas: 7.54ms
[2025-12-20 14:13:51] [INFO] REQ: POST /predict - Status: 200 - Czas: 7.59ms
[2025-12-20 14:13:51] [INFO] REQ: POST /predict - Status: 200 - Czas: 13.69ms
[2025-12-20 14:13:51] [INFO] REQ: POST /predict - Status: 200 - Czas: 15.68ms
[2025-12-20 14:13:51] [INFO] REQ: POST /predict - Status: 200 - Czas: 17.39ms
[2025-12-20 14:13:51] [INFO] REQ: POST /predict - Status: 200 - Czas: 20.90ms
[2025-12-20 14:13:51] [INFO] REQ: POST /predict - Status: 200 - Czas: 17.39ms
[2025-12-20 14:13:51] [INFO] REQ: POST /predict - Status: 200 - Czas: 7.58ms
[2025-12-20 14:13:51] [INFO] REQ: POST /predict - Status: 200 - Czas: 7.21ms
[2025-12-20 14:13:51] [INFO] REQ: POST /predict - Status: 200 - Czas: 8.21ms
[2025-12-20 14:13:51] [INFO] REQ: POST /predict - Status: 200 - Czas: 4.53ms
[2025-12-20 14:13:51] [INFO] REQ: POST /predict - Status: 200 - Czas: 8.59ms
[2025-12-20 14:13:51] [INFO] REQ: POST /predict - Status: 200 - Czas: 8.59ms
[2025-12-20 14:13:51] [INFO] REQ: POST /predict - Status: 200 - Czas: 6.54ms
[2025-12-20 14:13:51] [INFO] REQ: POST /predict - Status: 200 - Czas: 6.70ms
[2025-12-20 14:13:51] [INFO] REQ: POST /predict - Status: 200 - Czas: 6.83ms
[2025-12-20 14:13:51] [INFO] REQ: POST /predict - Status: 200 - Czas: 6.59ms
[2025-12-20 14:13:51] [INFO] REQ: POST /predict - Status: 200 - Czas: 9.59ms
[2025-12-20 14:13:51] [INFO] REQ: POST /predict - Status: 200 - Czas: 7.14ms
[2025-12-20 14:13:51] [INFO] REQ: POST /predict - Status: 200 - Czas: 6.24ms
[2025-12-20 14:13:51] [INFO] REQ: POST /predict - Status: 200 - Czas: 6.00ms
[2025-12-20 14:13:51] [INFO] REQ: POST /predict - Status: 200 - Czas: 8.23ms
[2025-12-20 14:13:51] [INFO] REQ: POST /predict - Status: 200 - Czas: 10.24ms
[2025-12-20 14:13:51] [INFO] REQ: POST /predict - Status: 200 - Czas: 7.02ms
[2025-12-20 14:13:51] [INFO] REQ: POST /predict - Status: 200 - Czas: 9.02ms
[2025-12-20 14:13:51] [INFO] REQ: POST /predict - Status: 200 - Czas: 9.62ms
[2025-12-20 14:13:52] [INFO] REQ: POST /predict - Status: 200 - Czas: 5.51ms
[2025-12-20 14:13:52] [INFO] REQ: POST /predict - Status: 200 - Czas: 13.72ms
[2025-12-20 14:13:52] [INFO] REQ: POST /predict - Status: 200 - Czas: 13.72ms
[2025-12-20 14:13:52] [INFO] REQ: POST /predict - Status: 200 - Czas: 13.72ms
[2025-12-20 14:13:52] [INFO] REQ: POST /predict - Status: 200 - Czas: 16.60ms
[2025-12-20 14:13:52] [INFO] REQ: POST /predict - Status: 200 - Czas: 11.10ms
[2025-12-20 14:13:52] [INFO] REQ: POST /predict - Status: 200 - Czas: 7.00ms
[2025-12-20 14:13:52] [INFO] REQ: POST /predict - Status: 200 - Czas: 7.51ms
[2025-12-20 14:13:52] [INFO] REQ: POST /predict - Status: 200 - Czas: 7.79ms
[2025-12-20 14:13:52] [INFO] REQ: POST /predict - Status: 200 - Czas: 5.60ms
[2025-12-20 14:13:52] [INFO] REQ: POST /predict - Status: 200 - Czas: 20.84ms
[2025-12-20 14:13:52] [INFO] REQ: POST /predict - Status: 200 - Czas: 7.60ms
[2025-12-20 14:13:52] [INFO] REQ: POST /predict - Status: 200 - Czas: 8.60ms
[2025-12-20 14:13:52] [INFO] REQ: POST /predict - Status: 200 - Czas: 8.60ms
[2025-12-20 14:13:52] [INFO] REQ: POST /predict - Status: 200 - Czas: 4.05ms
[2025-12-20 14:13:52] [INFO] REQ: POST /predict - Status: 200 - Czas: 5.01ms
[2025-12-20 14:13:52] [INFO] REQ: POST /predict - Status: 200 - Czas: 10.17ms
[2025-12-20 14:13:52] [INFO] REQ: POST /predict - Status: 200 - Czas: 12.69ms
[2025-12-20 14:13:52] [INFO] REQ: POST /predict - Status: 200 - Czas: 13.68ms
[2025-12-20 14:13:52] [INFO] REQ: POST /predict - Status: 200 - Czas: 13.05ms
[2025-12-20 14:13:52] [INFO] REQ: POST /predict - Status: 200 - Czas: 14.56ms
[2025-12-20 14:13:52] [INFO] REQ: POST /predict - Status: 200 - Czas: 4.51ms
[2025-12-20 14:13:52] [INFO] REQ: POST /predict - Status: 200 - Czas: 9.02ms
[2025-12-20 14:13:52] [INFO] REQ: POST /predict - Status: 200 - Czas: 13.66ms
[2025-12-20 14:13:52] [INFO] REQ: POST /predict - Status: 200 - Czas: 16.26ms
[2025-12-20 14:13:52] [INFO] REQ: POST /predict - Status: 200 - Czas: 14.70ms
[2025-12-20 14:13:52] [INFO] REQ: POST /predict - Status: 200 - Czas: 9.62ms
[2025-12-20 14:13:52] [INFO] REQ: POST /predict - Status: 200 - Czas: 10.11ms
[2025-12-20 14:13:52] [INFO] REQ: POST /predict - Status: 200 - Czas: 10.11ms
[2025-12-20 14:13:52] [INFO] REQ: POST /predict - Status: 200 - Czas: 10.11ms
[2025-12-20 14:13:52] [INFO] REQ: POST /predict - Status: 200 - Czas: 8.55ms
[2025-12-20 14:13:52] [INFO] REQ: POST /predict - Status: 200 - Czas: 8.53ms
[2025-12-20 14:13:52] [INFO] REQ: POST /predict - Status: 200 - Czas: 7.64ms
[2025-12-20 14:13:52] [INFO] REQ: POST /predict - Status: 200 - Czas: 11.15ms
[2025-12-20 14:13:52] [INFO] REQ: POST /predict - Status: 200 - Czas: 10.15ms
[2025-12-20 14:13:52] [INFO] REQ: POST /predict - Status: 200 - Czas: 12.25ms
[2025-12-20 14:13:52] [INFO] REQ: POST /predict - Status: 200 - Czas: 11.25ms
[2025-12-20 14:13:52] [INFO] REQ: POST /predict - Status: 200 - Czas: 7.66ms
[2025-12-20 14:13:52] [INFO] REQ: POST /predict - Status: 200 - Czas: 12.17ms
[2025-12-20 14:13:52] [INFO] REQ: POST /predict - Status: 200 - Czas: 11.66ms
[2025-12-20 14:13:52] [INFO] REQ: POST /predict - Status: 200 - Czas: 12.18ms
[2025-12-20 14:13:52] [INFO] REQ: POST /predict - Status: 200 - Czas: 15.79ms
[2025-12-20 14:13:52] [INFO] REQ: POST /predict - Status: 200 - Czas: 4.52ms
[2025-12-20 14:13:52] [INFO] REQ: POST /predict - Status: 200 - Czas: 6.51ms
[2025-12-20 14:13:52] [INFO] REQ: POST /predict - Status: 200 - Czas: 6.52ms
[2025-12-20 14:13:52] [INFO] REQ: POST /predict - Status: 200 - Czas: 8.09ms
[2025-12-20 14:13:52] [INFO] REQ: POST /predict - Status: 200 - Czas: 7.69ms
[2025-12-20 14:13:52] [INFO] REQ: POST /predict - Status: 200 - Czas: 12.17ms
[2025-12-20 14:13:52] [INFO] REQ: POST /predict - Status: 200 - Czas: 16.20ms
[2025-12-20 14:13:52] [INFO] REQ: POST /predict - Status: 200 - Czas: 15.19ms
[2025-12-20 14:13:52] [INFO] REQ: POST /predict - Status: 200 - Czas: 16.19ms
[2025-12-20 14:13:52] [INFO] REQ: POST /predict - Status: 200 - Czas: 14.40ms
[2025-12-20 14:13:52] [INFO] REQ: POST /predict - Status: 200 - Czas: 4.57ms
[2025-12-20 14:13:52] [INFO] REQ: POST /predict - Status: 200 - Czas: 8.16ms
[2025-12-20 14:13:52] [INFO] REQ: POST /predict - Status: 200 - Czas: 11.32ms
[2025-12-20 14:13:52] [INFO] REQ: POST /predict - Status: 200 - Czas: 10.31ms
[2025-12-20 14:13:52] [INFO] REQ: POST /predict - Status: 200 - Czas: 11.09ms
[2025-12-20 14:13:52] [INFO] REQ: POST /predict - Status: 200 - Czas: 9.10ms
[2025-12-20 14:13:52] [INFO] REQ: POST /predict - Status: 200 - Czas: 5.57ms
[2025-12-20 14:13:52] [INFO] REQ: POST /predict - Status: 200 - Czas: 16.12ms
[2025-12-20 14:13:52] [INFO] REQ: POST /predict - Status: 200 - Czas: 16.57ms
[2025-12-20 14:13:52] [INFO] REQ: POST /predict - Status: 200 - Czas: 18.66ms
[2025-12-20 14:13:52] [INFO] REQ: POST /predict - Status: 200 - Czas: 23.23ms
[2025-12-20 14:13:52] [INFO] REQ: POST /predict - Status: 200 - Czas: 17.64ms
[2025-12-20 14:13:52] [INFO] REQ: POST /predict - Status: 200 - Czas: 11.05ms
[2025-12-20 14:13:52] [INFO] REQ: POST /predict - Status: 200 - Czas: 12.14ms
[2025-12-20 14:13:52] [INFO] REQ: POST /predict - Status: 200 - Czas: 13.63ms
[2025-12-20 14:13:52] [INFO] REQ: POST /predict - Status: 200 - Czas: 12.63ms
[2025-12-20 14:13:52] [INFO] REQ: POST /predict - Status: 200 - Czas: 5.14ms
[2025-12-20 14:13:52] [INFO] REQ: POST /predict - Status: 200 - Czas: 5.12ms
[2025-12-20 14:13:52] [INFO] REQ: POST /predict - Status: 200 - Czas: 8.64ms
[2025-12-20 14:13:52] [INFO] REQ: POST /predict - Status: 200 - Czas: 10.64ms
[2025-12-20 14:13:52] [INFO] REQ: POST /predict - Status: 200 - Czas: 9.53ms
[2025-12-20 14:13:52] [INFO] REQ: POST /predict - Status: 200 - Czas: 8.79ms
[2025-12-20 14:13:52] [INFO] REQ: POST /predict - Status: 200 - Czas: 10.79ms
[2025-12-20 14:13:52] [INFO] REQ: POST /predict - Status: 200 - Czas: 11.89ms
[2025-12-20 14:13:52] [INFO] REQ: POST /predict - Status: 200 - Czas: 12.40ms
[2025-12-20 14:13:52] [INFO] REQ: POST /predict - Status: 200 - Czas: 14.65ms
[2025-12-20 14:13:52] [INFO] REQ: POST /predict - Status: 200 - Czas: 9.08ms
[2025-12-20 14:13:52] [INFO] REQ: POST /predict - Status: 200 - Czas: 11.10ms
[2025-12-20 14:13:52] [INFO] REQ: POST /predict - Status: 200 - Czas: 12.53ms
[2025-12-20 14:13:52] [INFO] REQ: POST /predict - Status: 200 - Czas: 12.53ms
[2025-12-20 14:13:52] [INFO] REQ: POST /predict - Status: 200 - Czas: 7.74ms
[2025-12-20 14:13:52] [INFO] REQ: POST /predict - Status: 200 - Czas: 8.86ms
[2025-12-20 14:13:52] [INFO] REQ: POST /predict - Status: 200 - Czas: 8.14ms
[2025-12-20 14:13:52] [INFO] REQ: POST /predict - Status: 200 - Czas: 11.14ms
[2025-12-20 14:13:52] [INFO] REQ: POST /predict - Status: 200 - Czas: 13.14ms
[2025-12-20 14:13:52] [INFO] REQ: POST /predict - Status: 200 - Czas: 12.52ms
[2025-12-20 14:13:52] [INFO] REQ: POST /predict - Status: 200 - Czas: 4.80ms
[2025-12-20 14:13:52] [INFO] REQ: POST /predict - Status: 200 - Czas: 6.29ms
[2025-12-20 14:13:52] [INFO] REQ: POST /predict - Status: 200 - Czas: 5.07ms
[2025-12-20 14:13:52] [INFO] REQ: POST /predict - Status: 200 - Czas: 8.62ms
[2025-12-20 14:13:52] [INFO] REQ: POST /predict - Status: 200 - Czas: 9.63ms
[2025-12-20 14:13:52] [INFO] REQ: POST /predict - Status: 200 - Czas: 7.56ms
[2025-12-20 14:13:52] [INFO] REQ: POST /predict - Status: 200 - Czas: 5.90ms
[2025-12-20 14:13:52] [INFO] REQ: POST /predict - Status: 200 - Czas: 8.21ms
[2025-12-20 14:13:52] [INFO] REQ: POST /predict - Status: 200 - Czas: 8.72ms
[2025-12-20 14:13:52] [INFO] REQ: POST /predict - Status: 200 - Czas: 12.23ms
[2025-12-20 14:13:52] [INFO] REQ: POST /predict - Status: 200 - Czas: 13.74ms
[2025-12-20 14:13:52] [INFO] REQ: POST /predict - Status: 200 - Czas: 12.24ms
[2025-12-20 14:13:52] [INFO] REQ: POST /predict - Status: 200 - Czas: 6.53ms
[2025-12-20 14:13:52] [INFO] REQ: POST /predict - Status: 200 - Czas: 5.00ms
[2025-12-20 14:13:52] [INFO] REQ: POST /predict - Status: 200 - Czas: 10.05ms
[2025-12-20 14:13:52] [INFO] REQ: POST /predict - Status: 200 - Czas: 11.05ms
[2025-12-20 14:13:52] [INFO] REQ: POST /predict - Status: 200 - Czas: 9.06ms
[2025-12-20 14:13:52] [INFO] REQ: POST /predict - Status: 200 - Czas: 8.20ms
[2025-12-20 14:13:52] [INFO] REQ: POST /predict - Status: 200 - Czas: 10.11ms
[2025-12-20 14:13:52] [INFO] REQ: POST /predict - Status: 200 - Czas: 11.12ms
[2025-12-20 14:13:52] [INFO] REQ: POST /predict - Status: 200 - Czas: 12.13ms
[2025-12-20 14:13:52] [INFO] REQ: POST /predict - Status: 200 - Czas: 9.26ms
[2025-12-20 14:13:52] [INFO] REQ: POST /predict - Status: 200 - Czas: 8.18ms
[2025-12-20 14:13:52] [INFO] REQ: POST /predict - Status: 200 - Czas: 5.51ms
[2025-12-20 14:13:52] [INFO] REQ: POST /predict - Status: 200 - Czas: 7.51ms
[2025-12-20 14:13:52] [INFO] REQ: POST /predict - Status: 200 - Czas: 8.52ms
[2025-12-20 14:13:52] [INFO] REQ: POST /predict - Status: 200 - Czas: 8.51ms
[2025-12-20 14:13:52] [INFO] REQ: POST /predict - Status: 200 - Czas: 5.09ms
[2025-12-20 14:13:52] [INFO] REQ: POST /predict - Status: 200 - Czas: 6.59ms
[2025-12-20 14:13:52] [INFO] REQ: POST /predict - Status: 200 - Czas: 9.10ms
[2025-12-20 14:13:52] [INFO] REQ: POST /predict - Status: 200 - Czas: 9.02ms
[2025-12-20 14:13:52] [INFO] REQ: POST /predict - Status: 200 - Czas: 10.05ms
[2025-12-20 14:13:52] [INFO] REQ: POST /predict - Status: 200 - Czas: 11.04ms
[2025-12-20 14:13:52] [INFO] REQ: POST /predict - Status: 200 - Czas: 24.99ms
[2025-12-20 14:13:52] [INFO] REQ: POST /predict - Status: 200 - Czas: 24.99ms
[2025-12-20 14:13:52] [INFO] REQ: POST /predict - Status: 200 - Czas: 25.64ms
[2025-12-20 14:13:52] [INFO] REQ: POST /predict - Status: 200 - Czas: 30.50ms
[2025-12-20 14:13:52] [INFO] REQ: POST /predict - Status: 200 - Czas: 31.50ms
[2025-12-20 14:13:52] [INFO] REQ: POST /predict - Status: 200 - Czas: 6.80ms
[2025-12-20 14:13:52] [INFO] REQ: POST /predict - Status: 200 - Czas: 11.46ms
[2025-12-20 14:13:52] [INFO] REQ: POST /predict - Status: 200 - Czas: 11.68ms
[2025-12-20 14:13:52] [INFO] REQ: POST /predict - Status: 200 - Czas: 11.68ms
[2025-12-20 14:13:52] [INFO] REQ: POST /predict - Status: 200 - Czas: 11.17ms
[2025-12-20 14:13:52] [INFO] REQ: POST /predict - Status: 200 - Czas: 5.53ms
[2025-12-20 14:13:52] [INFO] REQ: POST /predict - Status: 200 - Czas: 9.05ms
[2025-12-20 14:13:52] [INFO] REQ: POST /predict - Status: 200 - Czas: 9.05ms
[2025-12-20 14:13:52] [INFO] REQ: POST /predict - Status: 200 - Czas: 12.56ms
[2025-12-20 14:13:52] [INFO] REQ: POST /predict - Status: 200 - Czas: 12.56ms
[2025-12-20 14:13:52] [INFO] REQ: POST /predict - Status: 200 - Czas: 5.62ms
[2025-12-20 14:13:52] [INFO] REQ: POST /predict - Status: 200 - Czas: 3.51ms
[2025-12-20 14:13:52] [INFO] REQ: POST /predict - Status: 200 - Czas: 5.01ms
[2025-12-20 14:13:52] [INFO] REQ: POST /predict - Status: 200 - Czas: 8.05ms
[2025-12-20 14:13:52] [INFO] REQ: POST /predict - Status: 200 - Czas: 11.05ms
[2025-12-20 14:13:52] [INFO] REQ: POST /predict - Status: 200 - Czas: 12.55ms
[2025-12-20 14:13:52] [INFO] REQ: POST /predict - Status: 200 - Czas: 6.51ms
[2025-12-20 14:13:52] [INFO] REQ: POST /predict - Status: 200 - Czas: 5.01ms
[2025-12-20 14:13:52] [INFO] REQ: POST /predict - Status: 200 - Czas: 4.02ms
[2025-12-20 14:13:52] [INFO] REQ: POST /predict - Status: 200 - Czas: 5.03ms
[2025-12-20 14:13:52] [INFO] REQ: POST /predict - Status: 200 - Czas: 7.02ms
[2025-12-20 14:13:52] [INFO] REQ: POST /predict - Status: 200 - Czas: 7.58ms
[2025-12-20 14:13:52] [INFO] REQ: POST /predict - Status: 200 - Czas: 4.01ms
[2025-12-20 14:13:52] [INFO] REQ: POST /predict - Status: 200 - Czas: 9.15ms
[2025-12-20 14:13:52] [INFO] REQ: POST /predict - Status: 200 - Czas: 11.19ms
[2025-12-20 14:13:52] [INFO] REQ: POST /predict - Status: 200 - Czas: 11.55ms
[2025-12-20 14:13:52] [INFO] REQ: POST /predict - Status: 200 - Czas: 10.59ms
[2025-12-20 14:13:52] [INFO] REQ: POST /predict - Status: 200 - Czas: 8.08ms
[2025-12-20 14:13:52] [INFO] REQ: POST /predict - Status: 200 - Czas: 9.03ms
[2025-12-20 14:13:52] [INFO] REQ: POST /predict - Status: 200 - Czas: 8.72ms
[2025-12-20 14:13:52] [INFO] REQ: POST /predict - Status: 200 - Czas: 12.23ms
[2025-12-20 14:13:52] [INFO] REQ: POST /predict - Status: 200 - Czas: 13.73ms
[2025-12-20 14:13:52] [INFO] REQ: POST /predict - Status: 200 - Czas: 14.73ms
[2025-12-20 14:13:52] [INFO] REQ: POST /predict - Status: 200 - Czas: 4.51ms
[2025-12-20 14:13:52] [INFO] REQ: POST /predict - Status: 200 - Czas: 9.02ms
[2025-12-20 14:13:52] [INFO] REQ: POST /predict - Status: 200 - Czas: 8.52ms
[2025-12-20 14:13:52] [INFO] REQ: POST /predict - Status: 200 - Czas: 8.52ms
[2025-12-20 14:13:52] [INFO] REQ: POST /predict - Status: 200 - Czas: 10.53ms
[2025-12-20 14:13:52] [INFO] REQ: POST /predict - Status: 200 - Czas: 6.51ms
[2025-12-20 14:13:52] [INFO] REQ: POST /predict - Status: 200 - Czas: 8.55ms
[2025-12-20 14:13:52] [INFO] REQ: POST /predict - Status: 200 - Czas: 10.55ms
[2025-12-20 14:13:52] [INFO] REQ: POST /predict - Status: 200 - Czas: 9.18ms
[2025-12-20 14:13:52] [INFO] REQ: POST /predict - Status: 200 - Czas: 6.18ms
[2025-12-20 14:13:52] [INFO] REQ: POST /predict - Status: 200 - Czas: 7.02ms
[2025-12-20 14:13:52] [INFO] REQ: POST /predict - Status: 200 - Czas: 5.52ms
[2025-12-20 14:13:52] [INFO] REQ: POST /predict - Status: 200 - Czas: 9.02ms
[2025-12-20 14:13:52] [INFO] REQ: POST /predict - Status: 200 - Czas: 8.02ms
[2025-12-20 14:13:52] [INFO] REQ: POST /predict - Status: 200 - Czas: 11.02ms
[2025-12-20 14:13:52] [INFO] REQ: POST /predict - Status: 200 - Czas: 7.51ms
[2025-12-20 14:13:52] [INFO] REQ: POST /predict - Status: 200 - Czas: 5.79ms
[2025-12-20 14:13:52] [INFO] REQ: POST /predict - Status: 200 - Czas: 5.80ms
[2025-12-20 14:13:52] [INFO] REQ: POST /predict - Status: 200 - Czas: 5.52ms
[2025-12-20 14:13:52] [INFO] REQ: POST /predict - Status: 200 - Czas: 11.05ms
[2025-12-20 14:13:52] [INFO] REQ: POST /predict - Status: 200 - Czas: 15.82ms
[2025-12-20 14:13:53] [INFO] REQ: POST /predict - Status: 200 - Czas: 21.41ms
[2025-12-20 14:13:53] [INFO] REQ: POST /predict - Status: 200 - Czas: 21.41ms
[2025-12-20 14:13:53] [INFO] REQ: POST /predict - Status: 200 - Czas: 21.41ms
[2025-12-20 14:13:53] [INFO] REQ: POST /predict - Status: 200 - Czas: 16.61ms
[2025-12-20 14:13:53] [INFO] REQ: POST /predict - Status: 200 - Czas: 9.67ms
[2025-12-20 14:13:53] [INFO] REQ: POST /predict - Status: 200 - Czas: 11.69ms
[2025-12-20 14:13:53] [INFO] REQ: POST /predict - Status: 200 - Czas: 13.55ms
[2025-12-20 14:13:53] [INFO] REQ: POST /predict - Status: 200 - Czas: 15.56ms
[2025-12-20 14:13:53] [INFO] REQ: POST /predict - Status: 200 - Czas: 14.55ms
[2025-12-20 14:13:53] [INFO] REQ: POST /predict - Status: 200 - Czas: 7.67ms
[2025-12-20 14:13:53] [INFO] REQ: POST /predict - Status: 200 - Czas: 9.68ms
[2025-12-20 14:13:53] [INFO] REQ: POST /predict - Status: 200 - Czas: 11.19ms
[2025-12-20 14:13:53] [INFO] REQ: POST /predict - Status: 200 - Czas: 12.70ms
[2025-12-20 14:13:53] [INFO] REQ: POST /predict - Status: 200 - Czas: 12.70ms
[2025-12-20 14:13:53] [INFO] REQ: POST /predict - Status: 200 - Czas: 5.54ms
[2025-12-20 14:13:53] [INFO] REQ: POST /predict - Status: 200 - Czas: 7.54ms
[2025-12-20 14:13:53] [INFO] REQ: POST /predict - Status: 200 - Czas: 11.55ms
[2025-12-20 14:13:53] [INFO] REQ: POST /predict - Status: 200 - Czas: 13.19ms
[2025-12-20 14:13:53] [INFO] REQ: POST /predict - Status: 200 - Czas: 13.18ms
[2025-12-20 14:13:53] [INFO] REQ: POST /predict - Status: 200 - Czas: 12.18ms
[2025-12-20 14:13:53] [INFO] REQ: POST /predict - Status: 200 - Czas: 10.02ms
[2025-12-20 14:13:53] [INFO] REQ: POST /predict - Status: 200 - Czas: 11.02ms
[2025-12-20 14:13:53] [INFO] REQ: POST /predict - Status: 200 - Czas: 11.02ms
[2025-12-20 14:13:53] [INFO] REQ: POST /predict - Status: 200 - Czas: 12.64ms
[2025-12-20 14:13:53] [INFO] REQ: POST /predict - Status: 200 - Czas: 12.14ms
[2025-12-20 14:13:53] [INFO] REQ: POST /predict - Status: 200 - Czas: 9.54ms
[2025-12-20 14:13:53] [INFO] REQ: POST /predict - Status: 200 - Czas: 11.54ms
[2025-12-20 14:13:53] [INFO] REQ: POST /predict - Status: 200 - Czas: 8.25ms
[2025-12-20 14:13:53] [INFO] REQ: POST /predict - Status: 200 - Czas: 17.02ms
[2025-12-20 14:13:53] [INFO] REQ: POST /predict - Status: 200 - Czas: 16.01ms
[2025-12-20 14:13:53] [INFO] REQ: POST /predict - Status: 200 - Czas: 9.53ms
[2025-12-20 14:13:53] [INFO] REQ: POST /predict - Status: 200 - Czas: 9.03ms
[2025-12-20 14:13:53] [INFO] REQ: POST /predict - Status: 200 - Czas: 7.54ms
[2025-12-20 14:13:53] [INFO] REQ: POST /predict - Status: 200 - Czas: 14.08ms
[2025-12-20 14:13:53] [INFO] REQ: POST /predict - Status: 200 - Czas: 17.54ms
[2025-12-20 14:13:53] [INFO] REQ: POST /predict - Status: 200 - Czas: 15.45ms
[2025-12-20 14:13:53] [INFO] REQ: POST /predict - Status: 200 - Czas: 17.96ms
[2025-12-20 14:13:53] [INFO] REQ: POST /predict - Status: 200 - Czas: 18.49ms
[2025-12-20 14:13:53] [INFO] REQ: POST /predict - Status: 200 - Czas: 5.14ms
[2025-12-20 14:13:53] [INFO] REQ: POST /predict - Status: 200 - Czas: 7.54ms
[2025-12-20 14:13:53] [INFO] REQ: POST /predict - Status: 200 - Czas: 6.52ms
[2025-12-20 14:13:53] [INFO] REQ: POST /predict - Status: 200 - Czas: 5.02ms
[2025-12-20 14:13:53] [INFO] REQ: POST /predict - Status: 200 - Czas: 6.32ms
[2025-12-20 14:13:53] [INFO] REQ: POST /predict - Status: 200 - Czas: 4.00ms
[2025-12-20 14:13:53] [INFO] REQ: POST /predict - Status: 200 - Czas: 8.68ms
[2025-12-20 14:13:53] [INFO] REQ: POST /predict - Status: 200 - Czas: 10.17ms
[2025-12-20 14:13:53] [INFO] REQ: POST /predict - Status: 200 - Czas: 10.33ms
[2025-12-20 14:13:53] [INFO] REQ: POST /predict - Status: 200 - Czas: 11.86ms
[2025-12-20 14:13:53] [INFO] REQ: POST /predict - Status: 200 - Czas: 10.29ms
[2025-12-20 14:13:53] [INFO] REQ: POST /predict - Status: 200 - Czas: 5.52ms
[2025-12-20 14:13:53] [INFO] REQ: POST /predict - Status: 200 - Czas: 7.51ms
[2025-12-20 14:13:53] [INFO] REQ: POST /predict - Status: 200 - Czas: 8.56ms
[2025-12-20 14:13:53] [INFO] REQ: POST /predict - Status: 200 - Czas: 9.58ms
[2025-12-20 14:13:53] [INFO] REQ: POST /predict - Status: 200 - Czas: 11.58ms
[2025-12-20 14:13:53] [INFO] REQ: POST /predict - Status: 200 - Czas: 9.13ms
[2025-12-20 14:13:53] [INFO] REQ: POST /predict - Status: 200 - Czas: 10.63ms
[2025-12-20 14:13:53] [INFO] REQ: POST /predict - Status: 200 - Czas: 7.51ms
[2025-12-20 14:13:53] [INFO] REQ: POST /predict - Status: 200 - Czas: 8.68ms
[2025-12-20 14:13:53] [INFO] REQ: POST /predict - Status: 200 - Czas: 10.19ms
[2025-12-20 14:13:53] [INFO] REQ: POST /predict - Status: 200 - Czas: 4.00ms
[2025-12-20 14:13:53] [INFO] REQ: POST /predict - Status: 200 - Czas: 5.51ms
[2025-12-20 14:13:53] [INFO] REQ: POST /predict - Status: 200 - Czas: 9.60ms
[2025-12-20 14:13:53] [INFO] REQ: POST /predict - Status: 200 - Czas: 7.03ms
[2025-12-20 14:13:53] [INFO] REQ: POST /predict - Status: 200 - Czas: 7.55ms
[2025-12-20 14:13:53] [INFO] REQ: POST /predict - Status: 200 - Czas: 6.01ms
[2025-12-20 14:13:53] [INFO] REQ: POST /predict - Status: 200 - Czas: 10.54ms
[2025-12-20 14:13:53] [INFO] REQ: POST /predict - Status: 200 - Czas: 9.05ms
[2025-12-20 14:13:53] [INFO] REQ: POST /predict - Status: 200 - Czas: 6.64ms
[2025-12-20 14:13:53] [INFO] REQ: POST /predict - Status: 200 - Czas: 7.24ms
[2025-12-20 14:13:53] [INFO] REQ: POST /predict - Status: 200 - Czas: 4.51ms
[2025-12-20 14:13:53] [INFO] REQ: POST /predict - Status: 200 - Czas: 9.06ms
[2025-12-20 14:13:53] [INFO] REQ: POST /predict - Status: 200 - Czas: 11.06ms
[2025-12-20 14:13:53] [INFO] REQ: POST /predict - Status: 200 - Czas: 8.60ms
[2025-12-20 14:13:53] [INFO] REQ: POST /predict - Status: 200 - Czas: 5.03ms
[2025-12-20 14:13:53] [INFO] REQ: POST /predict - Status: 200 - Czas: 8.08ms
[2025-12-20 14:13:53] [INFO] REQ: POST /predict - Status: 200 - Czas: 11.65ms
[2025-12-20 14:13:53] [INFO] REQ: POST /predict - Status: 200 - Czas: 10.56ms
[2025-12-20 14:13:53] [INFO] REQ: POST /predict - Status: 200 - Czas: 12.79ms
[2025-12-20 14:13:53] [INFO] REQ: POST /predict - Status: 200 - Czas: 14.79ms
[2025-12-20 14:13:53] [INFO] REQ: POST /predict - Status: 200 - Czas: 14.79ms
[2025-12-20 14:13:53] [INFO] REQ: POST /predict - Status: 200 - Czas: 5.52ms
[2025-12-20 14:13:53] [INFO] REQ: POST /predict - Status: 200 - Czas: 7.59ms
[2025-12-20 14:13:53] [INFO] REQ: POST /predict - Status: 200 - Czas: 9.15ms
[2025-12-20 14:13:53] [INFO] REQ: POST /predict - Status: 200 - Czas: 13.24ms
[2025-12-20 14:13:53] [INFO] REQ: POST /predict - Status: 200 - Czas: 15.24ms
[2025-12-20 14:13:53] [INFO] REQ: POST /predict - Status: 200 - Czas: 14.24ms
[2025-12-20 14:13:53] [INFO] REQ: POST /predict - Status: 200 - Czas: 5.06ms
[2025-12-20 14:13:53] [INFO] REQ: POST /predict - Status: 200 - Czas: 7.76ms
[2025-12-20 14:13:53] [INFO] REQ: POST /predict - Status: 200 - Czas: 16.24ms
[2025-12-20 14:13:53] [INFO] REQ: POST /predict - Status: 200 - Czas: 15.07ms
[2025-12-20 14:13:53] [INFO] REQ: POST /predict - Status: 200 - Czas: 15.07ms
[2025-12-20 14:13:53] [INFO] REQ: POST /predict - Status: 200 - Czas: 10.12ms
[2025-12-20 14:13:53] [INFO] REQ: POST /predict - Status: 200 - Czas: 5.77ms
[2025-12-20 14:13:53] [INFO] REQ: POST /predict - Status: 200 - Czas: 7.77ms
[2025-12-20 14:13:53] [INFO] REQ: POST /predict - Status: 200 - Czas: 13.90ms
[2025-12-20 14:13:53] [INFO] REQ: POST /predict - Status: 200 - Czas: 16.00ms
[2025-12-20 14:13:53] [INFO] REQ: POST /predict - Status: 200 - Czas: 12.25ms
[2025-12-20 14:13:53] [INFO] REQ: POST /predict - Status: 200 - Czas: 10.81ms
[2025-12-20 14:13:53] [INFO] REQ: POST /predict - Status: 200 - Czas: 4.10ms
[2025-12-20 14:13:53] [INFO] REQ: POST /predict - Status: 200 - Czas: 5.52ms
[2025-12-20 14:13:53] [INFO] REQ: POST /predict - Status: 200 - Czas: 9.53ms
[2025-12-20 14:13:53] [INFO] REQ: POST /predict - Status: 200 - Czas: 10.67ms
[2025-12-20 14:13:53] [INFO] REQ: POST /predict - Status: 200 - Czas: 10.67ms
[2025-12-20 14:13:53] [INFO] REQ: POST /predict - Status: 200 - Czas: 8.77ms
[2025-12-20 14:13:53] [INFO] REQ: POST /predict - Status: 200 - Czas: 6.51ms
[2025-12-20 14:13:53] [INFO] REQ: POST /predict - Status: 200 - Czas: 7.62ms
[2025-12-20 14:13:53] [INFO] REQ: POST /predict - Status: 200 - Czas: 9.12ms
[2025-12-20 14:13:53] [INFO] REQ: POST /predict - Status: 200 - Czas: 13.64ms
[2025-12-20 14:13:53] [INFO] REQ: POST /predict - Status: 200 - Czas: 13.64ms
[2025-12-20 14:13:53] [INFO] REQ: POST /predict - Status: 200 - Czas: 8.91ms
[2025-12-20 14:13:53] [INFO] REQ: POST /predict - Status: 200 - Czas: 8.34ms
[2025-12-20 14:13:53] [INFO] REQ: POST /predict - Status: 200 - Czas: 7.18ms
[2025-12-20 14:13:53] [INFO] REQ: POST /predict - Status: 200 - Czas: 6.10ms
[2025-12-20 14:13:53] [INFO] REQ: POST /predict - Status: 200 - Czas: 8.60ms
[2025-12-20 14:13:53] [INFO] REQ: POST /predict - Status: 200 - Czas: 6.52ms
[2025-12-20 14:13:53] [INFO] REQ: POST /predict - Status: 200 - Czas: 8.32ms
[2025-12-20 14:13:53] [INFO] REQ: POST /predict - Status: 200 - Czas: 10.39ms
[2025-12-20 14:13:53] [INFO] REQ: POST /predict - Status: 200 - Czas: 9.39ms
[2025-12-20 14:13:53] [INFO] REQ: POST /predict - Status: 200 - Czas: 10.90ms
[2025-12-20 14:13:53] [INFO] REQ: POST /predict - Status: 200 - Czas: 8.75ms
[2025-12-20 14:13:53] [INFO] REQ: POST /predict - Status: 200 - Czas: 7.08ms
[2025-12-20 14:13:53] [INFO] REQ: POST /predict - Status: 200 - Czas: 7.09ms
[2025-12-20 14:13:53] [INFO] REQ: POST /predict - Status: 200 - Czas: 10.72ms
[2025-12-20 14:13:53] [INFO] REQ: POST /predict - Status: 200 - Czas: 10.18ms
[2025-12-20 14:13:53] [INFO] REQ: POST /predict - Status: 200 - Czas: 11.18ms
[2025-12-20 14:13:53] [INFO] REQ: POST /predict - Status: 200 - Czas: 3.50ms
[2025-12-20 14:13:53] [INFO] REQ: POST /predict - Status: 200 - Czas: 3.61ms
[2025-12-20 14:13:53] [INFO] REQ: POST /predict - Status: 200 - Czas: 4.52ms
[2025-12-20 14:13:53] [INFO] REQ: POST /predict - Status: 200 - Czas: 5.53ms
[2025-12-20 14:13:53] [INFO] REQ: POST /predict - Status: 200 - Czas: 16.92ms
[2025-12-20 14:13:53] [INFO] REQ: POST /predict - Status: 200 - Czas: 20.49ms
[2025-12-20 14:13:53] [INFO] REQ: POST /predict - Status: 200 - Czas: 22.51ms
[2025-12-20 14:13:53] [INFO] REQ: POST /predict - Status: 200 - Czas: 22.01ms
[2025-12-20 14:13:53] [INFO] REQ: POST /predict - Status: 200 - Czas: 21.13ms
[2025-12-20 14:13:53] [INFO] REQ: POST /predict - Status: 200 - Czas: 6.00ms
[2025-12-20 14:13:53] [INFO] REQ: POST /predict - Status: 200 - Czas: 6.07ms
[2025-12-20 14:13:53] [INFO] REQ: POST /predict - Status: 200 - Czas: 7.58ms
[2025-12-20 14:13:53] [INFO] REQ: POST /predict - Status: 200 - Czas: 9.58ms
[2025-12-20 14:13:53] [INFO] REQ: POST /predict - Status: 200 - Czas: 11.09ms
[2025-12-20 14:13:53] [INFO] REQ: POST /predict - Status: 200 - Czas: 6.66ms
[2025-12-20 14:13:53] [INFO] REQ: POST /predict - Status: 200 - Czas: 7.66ms
[2025-12-20 14:13:53] [INFO] REQ: POST /predict - Status: 200 - Czas: 8.12ms
[2025-12-20 14:13:53] [INFO] REQ: POST /predict - Status: 200 - Czas: 11.27ms
[2025-12-20 14:13:53] [INFO] REQ: POST /predict - Status: 200 - Czas: 10.27ms
[2025-12-20 14:13:53] [INFO] REQ: POST /predict - Status: 200 - Czas: 5.02ms
[2025-12-20 14:13:53] [INFO] REQ: POST /predict - Status: 200 - Czas: 6.56ms
[2025-12-20 14:13:53] [INFO] REQ: POST /predict - Status: 200 - Czas: 12.15ms
[2025-12-20 14:13:53] [INFO] REQ: POST /predict - Status: 200 - Czas: 16.03ms
[2025-12-20 14:13:53] [INFO] REQ: POST /predict - Status: 200 - Czas: 18.53ms
[2025-12-20 14:13:53] [INFO] REQ: POST /predict - Status: 200 - Czas: 19.03ms
[2025-12-20 14:13:53] [INFO] REQ: POST /predict - Status: 200 - Czas: 17.01ms
[2025-12-20 14:13:53] [INFO] REQ: POST /predict - Status: 200 - Czas: 5.60ms
[2025-12-20 14:13:53] [INFO] REQ: POST /predict - Status: 200 - Czas: 9.33ms
[2025-12-20 14:13:53] [INFO] REQ: POST /predict - Status: 200 - Czas: 9.74ms
[2025-12-20 14:13:53] [INFO] REQ: POST /predict - Status: 200 - Czas: 15.25ms
[2025-12-20 14:13:53] [INFO] REQ: POST /predict - Status: 200 - Czas: 14.02ms
[2025-12-20 14:13:53] [INFO] REQ: POST /predict - Status: 200 - Czas: 6.83ms
[2025-12-20 14:13:53] [INFO] REQ: POST /predict - Status: 200 - Czas: 7.58ms
[2025-12-20 14:13:53] [INFO] REQ: POST /predict - Status: 200 - Czas: 7.51ms
[2025-12-20 14:13:53] [INFO] REQ: POST /predict - Status: 200 - Czas: 8.02ms
[2025-12-20 14:13:53] [INFO] REQ: POST /predict - Status: 200 - Czas: 12.02ms
[2025-12-20 14:13:53] [INFO] REQ: POST /predict - Status: 200 - Czas: 10.02ms
[2025-12-20 14:13:53] [INFO] REQ: POST /predict - Status: 200 - Czas: 4.77ms
[2025-12-20 14:13:53] [INFO] REQ: POST /predict - Status: 200 - Czas: 5.54ms
[2025-12-20 14:13:53] [INFO] REQ: POST /predict - Status: 200 - Czas: 6.51ms
[2025-12-20 14:13:53] [INFO] REQ: POST /predict - Status: 200 - Czas: 7.66ms
[2025-12-20 14:13:53] [INFO] REQ: POST /predict - Status: 200 - Czas: 9.16ms
[2025-12-20 14:13:53] [INFO] REQ: POST /predict - Status: 200 - Czas: 8.17ms
[2025-12-20 14:13:53] [INFO] REQ: POST /predict - Status: 200 - Czas: 8.51ms
[2025-12-20 14:13:53] [INFO] REQ: POST /predict - Status: 200 - Czas: 10.35ms
[2025-12-20 14:13:53] [INFO] REQ: POST /predict - Status: 200 - Czas: 10.76ms
[2025-12-20 14:13:53] [INFO] REQ: POST /predict - Status: 200 - Czas: 11.26ms
[2025-12-20 14:13:53] [INFO] REQ: POST /predict - Status: 200 - Czas: 13.42ms
[2025-12-20 14:13:53] [INFO] REQ: POST /predict - Status: 200 - Czas: 14.93ms
[2025-12-20 14:13:53] [INFO] REQ: POST /predict - Status: 200 - Czas: 11.76ms
[2025-12-20 14:13:53] [INFO] REQ: POST /predict - Status: 200 - Czas: 10.77ms
[2025-12-20 14:13:53] [INFO] REQ: POST /predict - Status: 200 - Czas: 11.77ms
[2025-12-20 14:13:53] [INFO] REQ: POST /predict - Status: 200 - Czas: 10.65ms
[2025-12-20 14:13:53] [INFO] REQ: POST /predict - Status: 200 - Czas: 12.12ms
[2025-12-20 14:13:53] [INFO] REQ: POST /predict - Status: 200 - Czas: 8.54ms
[2025-12-20 14:13:53] [INFO] REQ: POST /predict - Status: 200 - Czas: 14.37ms
[2025-12-20 14:13:53] [INFO] REQ: POST /predict - Status: 200 - Czas: 11.87ms
[2025-12-20 14:13:53] [INFO] REQ: POST /predict - Status: 200 - Czas: 7.94ms
[2025-12-20 14:13:53] [INFO] REQ: POST /predict - Status: 200 - Czas: 5.18ms
[2025-12-20 14:13:53] [INFO] REQ: POST /predict - Status: 200 - Czas: 6.23ms
[2025-12-20 14:13:53] [INFO] REQ: POST /predict - Status: 200 - Czas: 8.36ms
[2025-12-20 14:13:53] [INFO] REQ: POST /predict - Status: 200 - Czas: 2.56ms
[2025-12-20 14:13:53] [INFO] REQ: POST /predict - Status: 200 - Czas: 4.00ms
[2025-12-20 14:13:53] [INFO] REQ: POST /predict - Status: 200 - Czas: 5.80ms
[2025-12-20 14:13:53] [INFO] REQ: POST /predict - Status: 200 - Czas: 8.31ms
[2025-12-20 14:13:53] [INFO] REQ: POST /predict - Status: 200 - Czas: 10.31ms
[2025-12-20 14:13:53] [INFO] REQ: POST /predict - Status: 200 - Czas: 9.31ms
[2025-12-20 14:13:54] [INFO] REQ: POST /predict - Status: 200 - Czas: 51.48ms
[2025-12-20 14:13:54] [INFO] REQ: POST /predict - Status: 200 - Czas: 53.14ms
[2025-12-20 14:13:54] [INFO] REQ: POST /predict - Status: 200 - Czas: 53.59ms
[2025-12-20 14:13:54] [INFO] REQ: POST /predict - Status: 200 - Czas: 12.95ms
[2025-12-20 14:13:54] [INFO] REQ: POST /predict - Status: 200 - Czas: 12.98ms
[2025-12-20 14:13:54] [INFO] REQ: POST /predict - Status: 200 - Czas: 18.42ms
[2025-12-20 14:13:54] [INFO] REQ: POST /predict - Status: 200 - Czas: 5.37ms
[2025-12-20 14:13:54] [INFO] REQ: POST /predict - Status: 200 - Czas: 4.51ms
[2025-12-20 14:13:54] [INFO] REQ: POST /predict - Status: 200 - Czas: 7.02ms
[2025-12-20 14:13:54] [INFO] REQ: POST /predict - Status: 200 - Czas: 9.58ms
[2025-12-20 14:13:54] [INFO] REQ: POST /predict - Status: 200 - Czas: 6.03ms
[2025-12-20 14:13:54] [INFO] REQ: POST /predict - Status: 200 - Czas: 6.54ms
[2025-12-20 14:13:54] [INFO] REQ: POST /predict - Status: 200 - Czas: 4.01ms
[2025-12-20 14:13:54] [INFO] REQ: POST /predict - Status: 200 - Czas: 7.19ms
[2025-12-20 14:13:54] [INFO] REQ: POST /predict - Status: 200 - Czas: 8.42ms
[2025-12-20 14:13:54] [INFO] REQ: POST /predict - Status: 200 - Czas: 3.55ms
[2025-12-20 14:13:54] [INFO] REQ: POST /predict - Status: 200 - Czas: 5.55ms
[2025-12-20 14:13:54] [INFO] REQ: POST /predict - Status: 200 - Czas: 3.56ms
[2025-12-20 14:13:54] [INFO] REQ: POST /predict - Status: 200 - Czas: 7.54ms
[2025-12-20 14:13:54] [INFO] REQ: POST /predict - Status: 200 - Czas: 11.54ms
[2025-12-20 14:13:54] [INFO] REQ: POST /predict - Status: 200 - Czas: 10.20ms
[2025-12-20 14:13:54] [INFO] REQ: POST /predict - Status: 200 - Czas: 12.20ms
[2025-12-20 14:13:54] [INFO] REQ: POST /predict - Status: 200 - Czas: 9.21ms
[2025-12-20 14:13:54] [INFO] REQ: POST /predict - Status: 200 - Czas: 4.52ms
[2025-12-20 14:13:54] [INFO] REQ: POST /predict - Status: 200 - Czas: 6.56ms
[2025-12-20 14:13:54] [INFO] REQ: POST /predict - Status: 200 - Czas: 5.61ms
[2025-12-20 14:13:54] [INFO] REQ: POST /predict - Status: 200 - Czas: 7.61ms
[2025-12-20 14:13:54] [INFO] REQ: POST /predict - Status: 200 - Czas: 10.61ms
[2025-12-20 14:13:54] [INFO] REQ: POST /predict - Status: 200 - Czas: 5.02ms
[2025-12-20 14:13:54] [INFO] REQ: POST /predict - Status: 200 - Czas: 6.21ms
[2025-12-20 14:13:54] [INFO] REQ: POST /predict - Status: 200 - Czas: 3.51ms
[2025-12-20 14:13:54] [INFO] REQ: POST /predict - Status: 200 - Czas: 6.65ms
[2025-12-20 14:13:54] [INFO] REQ: POST /predict - Status: 200 - Czas: 7.65ms
[2025-12-20 14:13:54] [INFO] REQ: POST /predict - Status: 200 - Czas: 10.16ms
[2025-12-20 14:13:54] [INFO] REQ: POST /predict - Status: 200 - Czas: 7.60ms
[2025-12-20 14:13:54] [INFO] REQ: POST /predict - Status: 200 - Czas: 14.46ms
[2025-12-20 14:13:54] [INFO] REQ: POST /predict - Status: 200 - Czas: 16.54ms
[2025-12-20 14:13:54] [INFO] REQ: POST /predict - Status: 200 - Czas: 17.64ms
[2025-12-20 14:13:54] [INFO] REQ: POST /predict - Status: 200 - Czas: 15.66ms
[2025-12-20 14:13:54] [INFO] REQ: POST /predict - Status: 200 - Czas: 5.03ms
[2025-12-20 14:13:54] [INFO] REQ: POST /predict - Status: 200 - Czas: 9.65ms
[2025-12-20 14:13:54] [INFO] REQ: POST /predict - Status: 200 - Czas: 8.67ms
[2025-12-20 14:13:54] [INFO] REQ: POST /predict - Status: 200 - Czas: 10.36ms
[2025-12-20 14:13:54] [INFO] REQ: POST /predict - Status: 200 - Czas: 11.88ms
[2025-12-20 14:13:54] [INFO] REQ: POST /predict - Status: 200 - Czas: 11.35ms
[2025-12-20 14:13:54] [INFO] REQ: POST /predict - Status: 200 - Czas: 6.51ms
[2025-12-20 14:13:54] [INFO] REQ: POST /predict - Status: 200 - Czas: 8.23ms
[2025-12-20 14:13:54] [INFO] REQ: POST /predict - Status: 200 - Czas: 11.75ms
[2025-12-20 14:13:54] [INFO] REQ: POST /predict - Status: 200 - Czas: 9.53ms
[2025-12-20 14:13:54] [INFO] REQ: POST /predict - Status: 200 - Czas: 11.53ms
[2025-12-20 14:13:54] [INFO] REQ: POST /predict - Status: 200 - Czas: 7.56ms
[2025-12-20 14:13:54] [INFO] REQ: POST /predict - Status: 200 - Czas: 5.07ms
[2025-12-20 14:13:54] [INFO] REQ: POST /predict - Status: 200 - Czas: 4.51ms
[2025-12-20 14:13:54] [INFO] REQ: POST /predict - Status: 200 - Czas: 6.04ms
[2025-12-20 14:13:54] [INFO] REQ: POST /predict - Status: 200 - Czas: 9.14ms
[2025-12-20 14:13:54] [INFO] REQ: POST /predict - Status: 200 - Czas: 8.64ms
[2025-12-20 14:13:54] [INFO] REQ: POST /predict - Status: 200 - Czas: 8.14ms
[2025-12-20 14:13:54] [INFO] REQ: POST /predict - Status: 200 - Czas: 5.03ms
[2025-12-20 14:13:54] [INFO] REQ: POST /predict - Status: 200 - Czas: 4.66ms
[2025-12-20 14:13:54] [INFO] REQ: POST /predict - Status: 200 - Czas: 5.08ms
[2025-12-20 14:13:54] [INFO] REQ: POST /predict - Status: 200 - Czas: 6.52ms
[2025-12-20 14:13:54] [INFO] REQ: POST /predict - Status: 200 - Czas: 8.52ms
[2025-12-20 14:13:54] [INFO] REQ: POST /predict - Status: 200 - Czas: 12.60ms
[2025-12-20 14:13:54] [INFO] REQ: POST /predict - Status: 200 - Czas: 19.17ms
[2025-12-20 14:13:54] [INFO] REQ: POST /predict - Status: 200 - Czas: 16.59ms
[2025-12-20 14:13:54] [INFO] REQ: POST /predict - Status: 200 - Czas: 16.58ms
[2025-12-20 14:13:54] [INFO] REQ: POST /predict - Status: 200 - Czas: 13.68ms
[2025-12-20 14:13:54] [INFO] REQ: POST /predict - Status: 200 - Czas: 10.90ms
[2025-12-20 14:13:54] [INFO] REQ: POST /predict - Status: 200 - Czas: 12.93ms
[2025-12-20 14:13:54] [INFO] REQ: POST /predict - Status: 200 - Czas: 19.16ms
[2025-12-20 14:13:54] [INFO] REQ: POST /predict - Status: 200 - Czas: 19.16ms
[2025-12-20 14:13:54] [INFO] REQ: POST /predict - Status: 200 - Czas: 20.17ms
[2025-12-20 14:13:54] [INFO] REQ: POST /predict - Status: 200 - Czas: 15.17ms
[2025-12-20 14:13:54] [INFO] REQ: POST /predict - Status: 200 - Czas: 7.70ms
[2025-12-20 14:13:54] [INFO] REQ: POST /predict - Status: 200 - Czas: 10.26ms
[2025-12-20 14:13:54] [INFO] REQ: POST /predict - Status: 200 - Czas: 10.19ms
[2025-12-20 14:13:54] [INFO] REQ: POST /predict - Status: 200 - Czas: 12.69ms
[2025-12-20 14:13:54] [INFO] REQ: POST /predict - Status: 200 - Czas: 13.70ms
[2025-12-20 14:13:54] [INFO] REQ: POST /predict - Status: 200 - Czas: 5.61ms
[2025-12-20 14:13:54] [INFO] REQ: POST /predict - Status: 200 - Czas: 6.59ms
[2025-12-20 14:13:54] [INFO] REQ: POST /predict - Status: 200 - Czas: 9.09ms
[2025-12-20 14:13:54] [INFO] REQ: POST /predict - Status: 200 - Czas: 6.50ms
[2025-12-20 14:13:54] [INFO] REQ: POST /predict - Status: 200 - Czas: 13.07ms
[2025-12-20 14:13:54] [INFO] REQ: POST /predict - Status: 200 - Czas: 14.10ms
[2025-12-20 14:13:54] [INFO] REQ: POST /predict - Status: 200 - Czas: 16.09ms
[2025-12-20 14:13:54] [INFO] REQ: POST /predict - Status: 200 - Czas: 18.09ms
[2025-12-20 14:13:54] [INFO] REQ: POST /predict - Status: 200 - Czas: 16.58ms
[2025-12-20 14:13:54] [INFO] REQ: POST /predict - Status: 200 - Czas: 10.60ms
[2025-12-20 14:13:54] [INFO] REQ: POST /predict - Status: 200 - Czas: 12.60ms
[2025-12-20 14:13:54] [INFO] REQ: POST /predict - Status: 200 - Czas: 14.10ms
[2025-12-20 14:13:54] [INFO] REQ: POST /predict - Status: 200 - Czas: 13.10ms
[2025-12-20 14:13:54] [INFO] REQ: POST /predict - Status: 200 - Czas: 16.11ms
[2025-12-20 14:13:54] [INFO] REQ: POST /predict - Status: 200 - Czas: 9.53ms
[2025-12-20 14:13:54] [INFO] REQ: POST /predict - Status: 200 - Czas: 9.54ms
[2025-12-20 14:13:54] [INFO] REQ: POST /predict - Status: 200 - Czas: 9.54ms
[2025-12-20 14:13:54] [INFO] REQ: POST /predict - Status: 200 - Czas: 9.14ms
[2025-12-20 14:13:54] [INFO] REQ: POST /predict - Status: 200 - Czas: 11.09ms
[2025-12-20 14:13:54] [INFO] REQ: POST /predict - Status: 200 - Czas: 7.36ms
[2025-12-20 14:13:54] [INFO] REQ: POST /predict - Status: 200 - Czas: 7.31ms
[2025-12-20 14:13:54] [INFO] REQ: POST /predict - Status: 200 - Czas: 7.66ms
[2025-12-20 14:13:54] [INFO] REQ: POST /predict - Status: 200 - Czas: 9.65ms
[2025-12-20 14:13:54] [INFO] REQ: POST /predict - Status: 200 - Czas: 10.18ms
[2025-12-20 14:13:54] [INFO] REQ: POST /predict - Status: 200 - Czas: 5.59ms
[2025-12-20 14:13:54] [INFO] REQ: POST /predict - Status: 200 - Czas: 9.91ms
[2025-12-20 14:13:54] [INFO] REQ: POST /predict - Status: 200 - Czas: 12.82ms
[2025-12-20 14:13:54] [INFO] REQ: POST /predict - Status: 200 - Czas: 14.38ms
[2025-12-20 14:13:54] [INFO] REQ: POST /predict - Status: 200 - Czas: 15.41ms
[2025-12-20 14:13:54] [INFO] REQ: POST /predict - Status: 200 - Czas: 9.09ms
[2025-12-20 14:13:54] [INFO] REQ: POST /predict - Status: 200 - Czas: 5.00ms
[2025-12-20 14:13:54] [INFO] REQ: POST /predict - Status: 200 - Czas: 13.17ms
[2025-12-20 14:13:54] [INFO] REQ: POST /predict - Status: 200 - Czas: 14.16ms
[2025-12-20 14:13:54] [INFO] REQ: POST /predict - Status: 200 - Czas: 17.68ms
[2025-12-20 14:13:54] [INFO] REQ: POST /predict - Status: 200 - Czas: 16.78ms
[2025-12-20 14:13:54] [INFO] REQ: POST /predict - Status: 200 - Czas: 15.27ms
[2025-12-20 14:13:54] [INFO] REQ: POST /predict - Status: 200 - Czas: 6.52ms
[2025-12-20 14:13:54] [INFO] REQ: POST /predict - Status: 200 - Czas: 7.73ms
[2025-12-20 14:13:54] [INFO] REQ: POST /predict - Status: 200 - Czas: 9.27ms
[2025-12-20 14:13:54] [INFO] REQ: POST /predict - Status: 200 - Czas: 12.15ms
[2025-12-20 14:13:54] [INFO] REQ: POST /predict - Status: 200 - Czas: 12.15ms
[2025-12-20 14:13:54] [INFO] REQ: POST /predict - Status: 200 - Czas: 8.10ms
[2025-12-20 14:13:54] [INFO] REQ: POST /predict - Status: 200 - Czas: 5.59ms
[2025-12-20 14:13:54] [INFO] REQ: POST /predict - Status: 200 - Czas: 8.12ms
[2025-12-20 14:13:54] [INFO] REQ: POST /predict - Status: 200 - Czas: 12.23ms
[2025-12-20 14:13:54] [INFO] REQ: POST /predict - Status: 200 - Czas: 11.30ms
[2025-12-20 14:13:54] [INFO] REQ: POST /predict - Status: 200 - Czas: 12.30ms
[2025-12-20 14:13:54] [INFO] REQ: POST /predict - Status: 200 - Czas: 11.79ms
[2025-12-20 14:13:54] [INFO] REQ: POST /predict - Status: 200 - Czas: 7.61ms
[2025-12-20 14:13:54] [INFO] REQ: POST /predict - Status: 200 - Czas: 9.52ms
[2025-12-20 14:13:54] [INFO] REQ: POST /predict - Status: 200 - Czas: 10.53ms
[2025-12-20 14:13:54] [INFO] REQ: POST /predict - Status: 200 - Czas: 10.53ms
[2025-12-20 14:13:54] [INFO] REQ: POST /predict - Status: 200 - Czas: 10.13ms
[2025-12-20 14:13:54] [INFO] REQ: POST /predict - Status: 200 - Czas: 10.27ms
[2025-12-20 14:13:54] [INFO] REQ: POST /predict - Status: 200 - Czas: 9.32ms
[2025-12-20 14:13:54] [INFO] REQ: POST /predict - Status: 200 - Czas: 18.00ms
[2025-12-20 14:13:54] [INFO] REQ: POST /predict - Status: 200 - Czas: 14.99ms
[2025-12-20 14:13:54] [INFO] REQ: POST /predict - Status: 200 - Czas: 14.99ms
[2025-12-20 14:13:54] [INFO] REQ: POST /predict - Status: 200 - Czas: 4.09ms
[2025-12-20 14:13:54] [INFO] REQ: POST /predict - Status: 200 - Czas: 9.16ms
[2025-12-20 14:13:54] [INFO] REQ: POST /predict - Status: 200 - Czas: 13.17ms
[2025-12-20 14:13:54] [INFO] REQ: POST /predict - Status: 200 - Czas: 17.68ms
[2025-12-20 14:13:54] [INFO] REQ: POST /predict - Status: 200 - Czas: 11.04ms
[2025-12-20 14:13:54] [INFO] REQ: POST /predict - Status: 200 - Czas: 9.05ms
[2025-12-20 14:13:54] [INFO] REQ: POST /predict - Status: 200 - Czas: 5.09ms
[2025-12-20 14:13:54] [INFO] REQ: POST /predict - Status: 200 - Czas: 7.03ms
[2025-12-20 14:13:54] [INFO] REQ: POST /predict - Status: 200 - Czas: 8.53ms
[2025-12-20 14:13:54] [INFO] REQ: POST /predict - Status: 200 - Czas: 8.54ms
[2025-12-20 14:13:54] [INFO] REQ: POST /predict - Status: 200 - Czas: 11.54ms
[2025-12-20 14:13:54] [INFO] REQ: POST /predict - Status: 200 - Czas: 7.51ms
[2025-12-20 14:13:54] [INFO] REQ: POST /predict - Status: 200 - Czas: 7.01ms
[2025-12-20 14:13:54] [INFO] REQ: POST /predict - Status: 200 - Czas: 5.56ms
[2025-12-20 14:13:54] [INFO] REQ: POST /predict - Status: 200 - Czas: 8.02ms
[2025-12-20 14:13:54] [INFO] REQ: POST /predict - Status: 200 - Czas: 12.03ms
[2025-12-20 14:13:54] [INFO] REQ: POST /predict - Status: 200 - Czas: 14.04ms
[2025-12-20 14:13:54] [INFO] REQ: POST /predict - Status: 200 - Czas: 13.54ms
[2025-12-20 14:13:54] [INFO] REQ: POST /predict - Status: 200 - Czas: 7.55ms
[2025-12-20 14:13:54] [INFO] REQ: POST /predict - Status: 200 - Czas: 9.53ms
[2025-12-20 14:13:54] [INFO] REQ: POST /predict - Status: 200 - Czas: 10.04ms
[2025-12-20 14:13:54] [INFO] REQ: POST /predict - Status: 200 - Czas: 11.03ms
[2025-12-20 14:13:54] [INFO] REQ: POST /predict - Status: 200 - Czas: 11.03ms
[2025-12-20 14:13:54] [INFO] REQ: POST /predict - Status: 200 - Czas: 5.11ms
[2025-12-20 14:13:54] [INFO] REQ: POST /predict - Status: 200 - Czas: 9.52ms
[2025-12-20 14:13:54] [INFO] REQ: POST /predict - Status: 200 - Czas: 12.54ms
[2025-12-20 14:13:54] [INFO] REQ: POST /predict - Status: 200 - Czas: 14.54ms
[2025-12-20 14:13:54] [INFO] REQ: POST /predict - Status: 200 - Czas: 15.54ms
[2025-12-20 14:13:54] [INFO] REQ: POST /predict - Status: 200 - Czas: 8.51ms
[2025-12-20 14:13:54] [INFO] REQ: POST /predict - Status: 200 - Czas: 8.01ms
[2025-12-20 14:13:54] [INFO] REQ: POST /predict - Status: 200 - Czas: 10.02ms
[2025-12-20 14:13:54] [INFO] REQ: POST /predict - Status: 200 - Czas: 12.02ms
[2025-12-20 14:13:54] [INFO] REQ: POST /predict - Status: 200 - Czas: 13.09ms
[2025-12-20 14:13:54] [INFO] REQ: POST /predict - Status: 200 - Czas: 3.68ms
[2025-12-20 14:13:54] [INFO] REQ: POST /predict - Status: 200 - Czas: 5.06ms
[2025-12-20 14:13:54] [INFO] REQ: POST /predict - Status: 200 - Czas: 8.52ms
[2025-12-20 14:13:54] [INFO] REQ: POST /predict - Status: 200 - Czas: 9.02ms
[2025-12-20 14:13:54] [INFO] REQ: POST /predict - Status: 200 - Czas: 9.61ms
[2025-12-20 14:13:54] [INFO] REQ: POST /predict - Status: 200 - Czas: 4.52ms
[2025-12-20 14:13:54] [INFO] REQ: POST /predict - Status: 200 - Czas: 6.19ms
[2025-12-20 14:13:54] [INFO] REQ: POST /predict - Status: 200 - Czas: 5.22ms
[2025-12-20 14:13:54] [INFO] REQ: POST /predict - Status: 200 - Czas: 7.22ms
[2025-12-20 14:13:54] [INFO] REQ: POST /predict - Status: 200 - Czas: 10.72ms
[2025-12-20 14:13:54] [INFO] REQ: POST /predict - Status: 200 - Czas: 12.23ms
[2025-12-20 14:13:54] [INFO] REQ: POST /predict - Status: 200 - Czas: 12.73ms
[2025-12-20 14:13:54] [INFO] REQ: POST /predict - Status: 200 - Czas: 10.53ms
[2025-12-20 14:13:54] [INFO] REQ: POST /predict - Status: 200 - Czas: 11.53ms
[2025-12-20 14:13:54] [INFO] REQ: POST /predict - Status: 200 - Czas: 9.11ms
[2025-12-20 14:13:54] [INFO] REQ: POST /predict - Status: 200 - Czas: 11.18ms
[2025-12-20 14:13:54] [INFO] REQ: POST /predict - Status: 200 - Czas: 11.30ms
[2025-12-20 14:13:54] [INFO] REQ: POST /predict - Status: 200 - Czas: 14.31ms
[2025-12-20 14:13:54] [INFO] REQ: POST /predict - Status: 200 - Czas: 15.32ms
[2025-12-20 14:13:54] [INFO] REQ: POST /predict - Status: 200 - Czas: 9.03ms
[2025-12-20 14:13:54] [INFO] REQ: POST /predict - Status: 200 - Czas: 13.68ms
[2025-12-20 14:13:54] [INFO] REQ: POST /predict - Status: 200 - Czas: 14.17ms
[2025-12-20 14:13:54] [INFO] REQ: POST /predict - Status: 200 - Czas: 15.27ms
[2025-12-20 14:13:54] [INFO] REQ: POST /predict - Status: 200 - Czas: 13.28ms
[2025-12-20 14:13:54] [INFO] REQ: POST /predict - Status: 200 - Czas: 7.60ms
[2025-12-20 14:13:54] [INFO] REQ: POST /predict - Status: 200 - Czas: 8.05ms
[2025-12-20 14:13:54] [INFO] REQ: POST /predict - Status: 200 - Czas: 9.55ms
[2025-12-20 14:13:54] [INFO] REQ: POST /predict - Status: 200 - Czas: 12.15ms
[2025-12-20 14:13:54] [INFO] REQ: POST /predict - Status: 200 - Czas: 11.67ms
[2025-12-20 14:13:55] [INFO] REQ: POST /predict - Status: 200 - Czas: 5.03ms
[2025-12-20 14:13:55] [INFO] REQ: POST /predict - Status: 200 - Czas: 5.17ms
[2025-12-20 14:13:55] [INFO] REQ: POST /predict - Status: 200 - Czas: 4.01ms
[2025-12-20 14:13:55] [INFO] REQ: POST /predict - Status: 200 - Czas: 9.16ms
[2025-12-20 14:13:55] [INFO] REQ: POST /predict - Status: 200 - Czas: 10.22ms
[2025-12-20 14:13:55] [INFO] REQ: POST /predict - Status: 200 - Czas: 9.22ms
[2025-12-20 14:13:55] [INFO] REQ: POST /predict - Status: 200 - Czas: 7.90ms
[2025-12-20 14:13:55] [INFO] REQ: POST /predict - Status: 200 - Czas: 8.51ms
[2025-12-20 14:13:55] [INFO] REQ: POST /predict - Status: 200 - Czas: 11.69ms
[2025-12-20 14:13:55] [INFO] REQ: POST /predict - Status: 200 - Czas: 14.69ms
[2025-12-20 14:13:55] [INFO] REQ: POST /predict - Status: 200 - Czas: 15.69ms
[2025-12-20 14:13:55] [INFO] REQ: POST /predict - Status: 200 - Czas: 12.68ms
[2025-12-20 14:13:55] [INFO] REQ: POST /predict - Status: 200 - Czas: 8.80ms
[2025-12-20 14:13:55] [INFO] REQ: POST /predict - Status: 200 - Czas: 10.81ms
[2025-12-20 14:13:55] [INFO] REQ: POST /predict - Status: 200 - Czas: 13.45ms
[2025-12-20 14:13:55] [INFO] REQ: POST /predict - Status: 200 - Czas: 11.16ms
[2025-12-20 14:13:55] [INFO] REQ: POST /predict - Status: 200 - Czas: 3.04ms
[2025-12-20 14:13:55] [INFO] REQ: POST /predict - Status: 200 - Czas: 3.00ms
[2025-12-20 14:13:55] [INFO] REQ: POST /predict - Status: 200 - Czas: 5.00ms
[2025-12-20 14:13:55] [INFO] REQ: POST /predict - Status: 200 - Czas: 7.12ms
[2025-12-20 14:13:55] [INFO] REQ: POST /predict - Status: 200 - Czas: 6.12ms
[2025-12-20 14:13:55] [INFO] REQ: POST /predict - Status: 200 - Czas: 6.08ms
[2025-12-20 14:13:55] [INFO] REQ: POST /predict - Status: 200 - Czas: 4.51ms
[2025-12-20 14:13:55] [INFO] REQ: POST /predict - Status: 200 - Czas: 5.42ms
[2025-12-20 14:13:55] [INFO] REQ: POST /predict - Status: 200 - Czas: 6.57ms
[2025-12-20 14:13:55] [INFO] REQ: POST /predict - Status: 200 - Czas: 6.50ms
[2025-12-20 14:13:55] [INFO] REQ: POST /predict - Status: 200 - Czas: 9.02ms
[2025-12-20 14:13:55] [INFO] REQ: POST /predict - Status: 200 - Czas: 10.02ms
[2025-12-20 14:13:55] [INFO] REQ: POST /predict - Status: 200 - Czas: 11.02ms
[2025-12-20 14:13:55] [INFO] REQ: POST /predict - Status: 200 - Czas: 8.51ms
[2025-12-20 14:13:55] [INFO] REQ: POST /predict - Status: 200 - Czas: 7.02ms
[2025-12-20 14:13:55] [INFO] REQ: POST /predict - Status: 200 - Czas: 10.06ms
[2025-12-20 14:13:55] [INFO] REQ: POST /predict - Status: 200 - Czas: 12.55ms
[2025-12-20 14:13:55] [INFO] REQ: POST /predict - Status: 200 - Czas: 14.06ms
[2025-12-20 14:13:55] [INFO] REQ: POST /predict - Status: 200 - Czas: 13.06ms
[2025-12-20 14:13:55] [INFO] REQ: POST /predict - Status: 200 - Czas: 3.56ms
[2025-12-20 14:13:55] [INFO] REQ: POST /predict - Status: 200 - Czas: 5.13ms
[2025-12-20 14:13:55] [INFO] REQ: POST /predict - Status: 200 - Czas: 4.54ms
[2025-12-20 14:13:55] [INFO] REQ: POST /predict - Status: 200 - Czas: 7.55ms
[2025-12-20 14:13:55] [INFO] REQ: POST /predict - Status: 200 - Czas: 9.55ms
[2025-12-20 14:13:55] [INFO] REQ: POST /predict - Status: 200 - Czas: 8.15ms
[2025-12-20 14:13:55] [INFO] REQ: POST /predict - Status: 200 - Czas: 9.46ms
[2025-12-20 14:13:55] [INFO] REQ: POST /predict - Status: 200 - Czas: 7.86ms
[2025-12-20 14:13:55] [INFO] REQ: POST /predict - Status: 200 - Czas: 4.02ms
[2025-12-20 14:13:55] [INFO] REQ: POST /predict - Status: 200 - Czas: 7.58ms
[2025-12-20 14:13:55] [INFO] REQ: POST /predict - Status: 200 - Czas: 11.09ms
[2025-12-20 14:13:55] [INFO] REQ: POST /predict - Status: 200 - Czas: 12.65ms
[2025-12-20 14:13:55] [INFO] REQ: POST /predict - Status: 200 - Czas: 11.18ms
[2025-12-20 14:13:55] [INFO] REQ: POST /predict - Status: 200 - Czas: 6.59ms
[2025-12-20 14:13:55] [INFO] REQ: POST /predict - Status: 200 - Czas: 13.79ms
[2025-12-20 14:13:55] [INFO] REQ: POST /predict - Status: 200 - Czas: 12.66ms
[2025-12-20 14:13:55] [INFO] REQ: POST /predict - Status: 200 - Czas: 14.15ms
[2025-12-20 14:13:55] [INFO] REQ: POST /predict - Status: 200 - Czas: 14.15ms
[2025-12-20 14:13:55] [INFO] REQ: POST /predict - Status: 200 - Czas: 13.02ms
[2025-12-20 14:13:55] [INFO] REQ: POST /predict - Status: 200 - Czas: 6.56ms
[2025-12-20 14:13:55] [INFO] REQ: POST /predict - Status: 200 - Czas: 6.52ms
[2025-12-20 14:13:55] [INFO] REQ: POST /predict - Status: 200 - Czas: 8.02ms
[2025-12-20 14:13:55] [INFO] REQ: POST /predict - Status: 200 - Czas: 11.77ms
[2025-12-20 14:13:55] [INFO] REQ: POST /predict - Status: 200 - Czas: 12.27ms
[2025-12-20 14:13:55] [INFO] REQ: POST /predict - Status: 200 - Czas: 11.35ms
[2025-12-20 14:13:55] [INFO] REQ: POST /predict - Status: 200 - Czas: 17.00ms
[2025-12-20 14:13:55] [INFO] REQ: POST /predict - Status: 200 - Czas: 11.67ms
[2025-12-20 14:13:55] [INFO] REQ: POST /predict - Status: 200 - Czas: 11.17ms
[2025-12-20 14:13:55] [INFO] REQ: POST /predict - Status: 200 - Czas: 13.68ms
[2025-12-20 14:13:55] [INFO] REQ: POST /predict - Status: 200 - Czas: 8.41ms
[2025-12-20 14:13:55] [INFO] REQ: POST /predict - Status: 200 - Czas: 10.38ms
[2025-12-20 14:13:55] [INFO] REQ: POST /predict - Status: 200 - Czas: 11.37ms
[2025-12-20 14:13:55] [INFO] REQ: POST /predict - Status: 200 - Czas: 11.89ms
[2025-12-20 14:13:55] [INFO] REQ: POST /predict - Status: 200 - Czas: 11.74ms
[2025-12-20 14:13:55] [INFO] REQ: POST /predict - Status: 200 - Czas: 9.03ms
[2025-12-20 14:13:55] [INFO] REQ: POST /predict - Status: 200 - Czas: 9.03ms
[2025-12-20 14:13:55] [INFO] REQ: POST /predict - Status: 200 - Czas: 10.52ms
[2025-12-20 14:13:55] [INFO] REQ: POST /predict - Status: 200 - Czas: 21.67ms
[2025-12-20 14:13:55] [INFO] REQ: POST /predict - Status: 200 - Czas: 20.67ms
[2025-12-20 14:13:55] [INFO] REQ: POST /predict - Status: 200 - Czas: 9.53ms
[2025-12-20 14:13:55] [INFO] REQ: POST /predict - Status: 200 - Czas: 11.53ms
[2025-12-20 14:13:55] [INFO] REQ: POST /predict - Status: 200 - Czas: 14.54ms
[2025-12-20 14:13:55] [INFO] REQ: POST /predict - Status: 200 - Czas: 4.11ms
[2025-12-20 14:13:55] [INFO] REQ: POST /predict - Status: 200 - Czas: 4.02ms
[2025-12-20 14:13:55] [INFO] REQ: POST /predict - Status: 200 - Czas: 5.51ms
[2025-12-20 14:13:55] [INFO] REQ: POST /predict - Status: 200 - Czas: 8.02ms
[2025-12-20 14:13:55] [INFO] REQ: POST /predict - Status: 200 - Czas: 8.02ms
[2025-12-20 14:13:55] [INFO] REQ: POST /predict - Status: 200 - Czas: 12.08ms
[2025-12-20 14:13:55] [INFO] REQ: POST /predict - Status: 200 - Czas: 11.07ms
[2025-12-20 14:13:55] [INFO] REQ: POST /predict - Status: 200 - Czas: 10.68ms
[2025-12-20 14:13:55] [INFO] REQ: POST /predict - Status: 200 - Czas: 10.69ms
[2025-12-20 14:13:55] [INFO] REQ: POST /predict - Status: 200 - Czas: 9.69ms
[2025-12-20 14:13:55] [INFO] REQ: POST /predict - Status: 200 - Czas: 13.54ms
[2025-12-20 14:13:55] [INFO] REQ: POST /predict - Status: 200 - Czas: 12.54ms
[2025-12-20 14:13:55] [INFO] REQ: POST /predict - Status: 200 - Czas: 4.00ms
[2025-12-20 14:13:55] [INFO] REQ: POST /predict - Status: 200 - Czas: 9.34ms
[2025-12-20 14:13:55] [INFO] REQ: POST /predict - Status: 200 - Czas: 13.34ms
[2025-12-20 14:13:55] [INFO] REQ: POST /predict - Status: 200 - Czas: 11.85ms
[2025-12-20 14:13:55] [INFO] REQ: POST /predict - Status: 200 - Czas: 12.35ms
[2025-12-20 14:13:55] [INFO] REQ: POST /predict - Status: 200 - Czas: 10.02ms
[2025-12-20 14:13:55] [INFO] REQ: POST /predict - Status: 200 - Czas: 3.72ms
[2025-12-20 14:13:55] [INFO] REQ: POST /predict - Status: 200 - Czas: 11.51ms
[2025-12-20 14:13:55] [INFO] REQ: POST /predict - Status: 200 - Czas: 11.51ms
[2025-12-20 14:13:55] [INFO] REQ: POST /predict - Status: 200 - Czas: 10.52ms
[2025-12-20 14:13:55] [INFO] REQ: POST /predict - Status: 200 - Czas: 12.68ms
[2025-12-20 14:13:55] [INFO] REQ: POST /predict - Status: 200 - Czas: 9.67ms
[2025-12-20 14:13:55] [INFO] REQ: POST /predict - Status: 200 - Czas: 3.52ms
[2025-12-20 14:13:55] [INFO] REQ: POST /predict - Status: 200 - Czas: 6.52ms
[2025-12-20 14:13:55] [INFO] REQ: POST /predict - Status: 200 - Czas: 5.51ms
[2025-12-20 14:13:55] [INFO] REQ: POST /predict - Status: 200 - Czas: 7.02ms
[2025-12-20 14:13:55] [INFO] REQ: POST /predict - Status: 200 - Czas: 8.02ms
[2025-12-20 14:13:55] [INFO] REQ: POST /predict - Status: 200 - Czas: 5.08ms
[2025-12-20 14:13:55] [INFO] REQ: POST /predict - Status: 200 - Czas: 8.14ms
[2025-12-20 14:13:55] [INFO] REQ: POST /predict - Status: 200 - Czas: 10.17ms
[2025-12-20 14:13:55] [INFO] REQ: POST /predict - Status: 200 - Czas: 9.67ms
[2025-12-20 14:13:55] [INFO] REQ: POST /predict - Status: 200 - Czas: 9.54ms
[2025-12-20 14:13:55] [INFO] REQ: POST /predict - Status: 200 - Czas: 5.03ms
[2025-12-20 14:13:55] [INFO] REQ: POST /predict - Status: 200 - Czas: 6.54ms
[2025-12-20 14:13:55] [INFO] REQ: POST /predict - Status: 200 - Czas: 10.02ms
[2025-12-20 14:13:55] [INFO] REQ: POST /predict - Status: 200 - Czas: 9.52ms
[2025-12-20 14:13:55] [INFO] REQ: POST /predict - Status: 200 - Czas: 9.55ms
[2025-12-20 14:13:55] [INFO] REQ: POST /predict - Status: 200 - Czas: 12.55ms
[2025-12-20 14:13:55] [INFO] REQ: POST /predict - Status: 200 - Czas: 5.73ms
[2025-12-20 14:13:55] [INFO] REQ: POST /predict - Status: 200 - Czas: 7.55ms
[2025-12-20 14:13:55] [INFO] REQ: POST /predict - Status: 200 - Czas: 10.03ms
[2025-12-20 14:13:55] [INFO] REQ: POST /predict - Status: 200 - Czas: 12.07ms
[2025-12-20 14:13:55] [INFO] REQ: POST /predict - Status: 200 - Czas: 13.07ms
[2025-12-20 14:13:55] [INFO] REQ: POST /predict - Status: 200 - Czas: 4.51ms
[2025-12-20 14:13:55] [INFO] REQ: POST /predict - Status: 200 - Czas: 4.03ms
[2025-12-20 14:13:55] [INFO] REQ: POST /predict - Status: 200 - Czas: 8.02ms
[2025-12-20 14:13:55] [INFO] REQ: POST /predict - Status: 200 - Czas: 16.20ms
[2025-12-20 14:13:55] [INFO] REQ: POST /predict - Status: 200 - Czas: 17.20ms
[2025-12-20 14:13:55] [INFO] REQ: POST /predict - Status: 200 - Czas: 15.69ms
[2025-12-20 14:13:55] [INFO] REQ: POST /predict - Status: 200 - Czas: 13.68ms
[2025-12-20 14:13:55] [INFO] REQ: POST /predict - Status: 200 - Czas: 4.08ms
[2025-12-20 14:13:55] [INFO] REQ: POST /predict - Status: 200 - Czas: 7.01ms
[2025-12-20 14:13:55] [INFO] REQ: POST /predict - Status: 200 - Czas: 10.08ms
[2025-12-20 14:13:55] [INFO] REQ: POST /predict - Status: 200 - Czas: 12.08ms
[2025-12-20 14:13:55] [INFO] REQ: POST /predict - Status: 200 - Czas: 10.08ms
[2025-12-20 14:13:55] [INFO] REQ: POST /predict - Status: 200 - Czas: 3.51ms
[2025-12-20 14:13:55] [INFO] REQ: POST /predict - Status: 200 - Czas: 6.52ms
[2025-12-20 14:13:55] [INFO] REQ: POST /predict - Status: 200 - Czas: 8.90ms
[2025-12-20 14:13:55] [INFO] REQ: POST /predict - Status: 200 - Czas: 10.91ms
[2025-12-20 14:13:55] [INFO] REQ: POST /predict - Status: 200 - Czas: 7.51ms
[2025-12-20 14:13:55] [INFO] REQ: POST /predict - Status: 200 - Czas: 9.03ms
[2025-12-20 14:13:55] [INFO] REQ: POST /predict - Status: 200 - Czas: 10.53ms
[2025-12-20 14:13:55] [INFO] REQ: POST /predict - Status: 200 - Czas: 6.04ms
[2025-12-20 14:13:55] [INFO] REQ: POST /predict - Status: 200 - Czas: 8.04ms
[2025-12-20 14:13:55] [INFO] REQ: POST /predict - Status: 200 - Czas: 4.02ms
[2025-12-20 14:13:55] [INFO] REQ: POST /predict - Status: 200 - Czas: 5.05ms
[2025-12-20 14:13:55] [INFO] REQ: POST /predict - Status: 200 - Czas: 6.51ms
[2025-12-20 14:13:55] [INFO] REQ: POST /predict - Status: 200 - Czas: 8.02ms
[2025-12-20 14:13:55] [INFO] REQ: POST /predict - Status: 200 - Czas: 9.02ms
[2025-12-20 14:13:55] [INFO] REQ: POST /predict - Status: 200 - Czas: 9.03ms
[2025-12-20 14:13:55] [INFO] REQ: POST /predict - Status: 200 - Czas: 16.54ms
[2025-12-20 14:13:55] [INFO] REQ: POST /predict - Status: 200 - Czas: 17.66ms
[2025-12-20 14:13:55] [INFO] REQ: POST /predict - Status: 200 - Czas: 19.17ms
[2025-12-20 14:13:55] [INFO] REQ: POST /predict - Status: 200 - Czas: 19.17ms
[2025-12-20 14:13:55] [INFO] REQ: POST /predict - Status: 200 - Czas: 3.00ms
[2025-12-20 14:13:55] [INFO] REQ: POST /predict - Status: 200 - Czas: 6.19ms
[2025-12-20 14:13:55] [INFO] REQ: POST /predict - Status: 200 - Czas: 8.19ms
[2025-12-20 14:13:55] [INFO] REQ: POST /predict - Status: 200 - Czas: 12.99ms
[2025-12-20 14:13:55] [INFO] REQ: POST /predict - Status: 200 - Czas: 12.89ms
[2025-12-20 14:13:55] [INFO] REQ: POST /predict - Status: 200 - Czas: 13.89ms
[2025-12-20 14:13:55] [INFO] REQ: POST /predict - Status: 200 - Czas: 3.58ms
[2025-12-20 14:13:55] [INFO] REQ: POST /predict - Status: 200 - Czas: 10.08ms
[2025-12-20 14:13:55] [INFO] REQ: POST /predict - Status: 200 - Czas: 12.70ms
[2025-12-20 14:13:55] [INFO] REQ: POST /predict - Status: 200 - Czas: 13.70ms
[2025-12-20 14:13:55] [INFO] REQ: POST /predict - Status: 200 - Czas: 11.65ms
[2025-12-20 14:13:55] [INFO] REQ: POST /predict - Status: 200 - Czas: 10.13ms
[2025-12-20 14:13:55] [INFO] REQ: POST /predict - Status: 200 - Czas: 6.51ms
[2025-12-20 14:13:55] [INFO] REQ: POST /predict - Status: 200 - Czas: 7.51ms
[2025-12-20 14:13:55] [INFO] REQ: POST /predict - Status: 200 - Czas: 6.53ms
[2025-12-20 14:13:55] [INFO] REQ: POST /predict - Status: 200 - Czas: 9.54ms
[2025-12-20 14:13:55] [INFO] REQ: POST /predict - Status: 200 - Czas: 12.11ms
[2025-12-20 14:13:55] [INFO] REQ: POST /predict - Status: 200 - Czas: 16.12ms
[2025-12-20 14:13:55] [INFO] REQ: POST /predict - Status: 200 - Czas: 16.12ms
[2025-12-20 14:13:55] [INFO] REQ: POST /predict - Status: 200 - Czas: 4.52ms
[2025-12-20 14:13:55] [INFO] REQ: POST /predict - Status: 200 - Czas: 9.04ms
[2025-12-20 14:13:55] [INFO] REQ: POST /predict - Status: 200 - Czas: 12.53ms
[2025-12-20 14:13:55] [INFO] REQ: POST /predict - Status: 200 - Czas: 14.03ms
[2025-12-20 14:13:55] [INFO] REQ: POST /predict - Status: 200 - Czas: 15.03ms
[2025-12-20 14:13:55] [INFO] REQ: POST /predict - Status: 200 - Czas: 8.54ms
[2025-12-20 14:13:55] [INFO] REQ: POST /predict - Status: 200 - Czas: 6.09ms
[2025-12-20 14:13:55] [INFO] REQ: POST /predict - Status: 200 - Czas: 10.96ms
[2025-12-20 14:13:55] [INFO] REQ: POST /predict - Status: 200 - Czas: 13.95ms
[2025-12-20 14:13:55] [INFO] REQ: POST /predict - Status: 200 - Czas: 12.54ms
[2025-12-20 14:13:55] [INFO] REQ: POST /predict - Status: 200 - Czas: 11.41ms
[2025-12-20 14:13:56] [INFO] REQ: POST /predict - Status: 200 - Czas: 11.91ms
[2025-12-20 14:13:56] [INFO] REQ: POST /predict - Status: 200 - Czas: 9.56ms
[2025-12-20 14:13:56] [INFO] REQ: POST /predict - Status: 200 - Czas: 11.76ms
[2025-12-20 14:13:56] [INFO] REQ: POST /predict - Status: 200 - Czas: 13.77ms
[2025-12-20 14:13:56] [INFO] REQ: POST /predict - Status: 200 - Czas: 13.23ms
[2025-12-20 14:13:56] [INFO] REQ: POST /predict - Status: 200 - Czas: 13.23ms
[2025-12-20 14:13:56] [INFO] REQ: POST /predict - Status: 200 - Czas: 4.51ms
[2025-12-20 14:13:56] [INFO] REQ: POST /predict - Status: 200 - Czas: 4.51ms
[2025-12-20 14:13:56] [INFO] REQ: POST /predict - Status: 200 - Czas: 10.65ms
[2025-12-20 14:13:56] [INFO] REQ: POST /predict - Status: 200 - Czas: 10.65ms
[2025-12-20 14:13:56] [INFO] REQ: POST /predict - Status: 200 - Czas: 13.07ms
[2025-12-20 14:13:56] [INFO] REQ: POST /predict - Status: 200 - Czas: 13.07ms
[2025-12-20 14:13:56] [INFO] REQ: POST /predict - Status: 200 - Czas: 13.04ms
[2025-12-20 14:13:56] [INFO] REQ: POST /predict - Status: 200 - Czas: 6.22ms
[2025-12-20 14:13:56] [INFO] REQ: POST /predict - Status: 200 - Czas: 9.69ms
[2025-12-20 14:13:56] [INFO] REQ: POST /predict - Status: 200 - Czas: 10.20ms
[2025-12-20 14:13:56] [INFO] REQ: POST /predict - Status: 200 - Czas: 11.06ms
[2025-12-20 14:13:56] [INFO] REQ: POST /predict - Status: 200 - Czas: 13.57ms
[2025-12-20 14:13:56] [INFO] REQ: POST /predict - Status: 200 - Czas: 8.34ms
[2025-12-20 14:13:56] [INFO] REQ: POST /predict - Status: 200 - Czas: 9.95ms
[2025-12-20 14:13:56] [INFO] REQ: POST /predict - Status: 200 - Czas: 8.34ms
[2025-12-20 14:13:56] [INFO] REQ: POST /predict - Status: 200 - Czas: 11.40ms
[2025-12-20 14:13:56] [INFO] REQ: POST /predict - Status: 200 - Czas: 11.40ms
[2025-12-20 14:13:56] [INFO] REQ: POST /predict - Status: 200 - Czas: 7.51ms
[2025-12-20 14:13:56] [INFO] REQ: POST /predict - Status: 200 - Czas: 9.68ms
[2025-12-20 14:13:56] [INFO] REQ: POST /predict - Status: 200 - Czas: 12.70ms
[2025-12-20 14:13:56] [INFO] REQ: POST /predict - Status: 200 - Czas: 13.19ms
[2025-12-20 14:13:56] [INFO] REQ: POST /predict - Status: 200 - Czas: 14.19ms
[2025-12-20 14:13:56] [INFO] REQ: POST /predict - Status: 200 - Czas: 14.44ms
[2025-12-20 14:13:56] [INFO] REQ: POST /predict - Status: 200 - Czas: 7.78ms
[2025-12-20 14:13:56] [INFO] REQ: POST /predict - Status: 200 - Czas: 7.78ms
[2025-12-20 14:13:56] [INFO] REQ: POST /predict - Status: 200 - Czas: 12.79ms
[2025-12-20 14:13:56] [INFO] REQ: POST /predict - Status: 200 - Czas: 14.25ms
[2025-12-20 14:13:56] [INFO] REQ: POST /predict - Status: 200 - Czas: 9.68ms
[2025-12-20 14:13:56] [INFO] REQ: POST /predict - Status: 200 - Czas: 19.82ms
[2025-12-20 14:13:56] [INFO] REQ: POST /predict - Status: 200 - Czas: 21.70ms
[2025-12-20 14:13:56] [INFO] REQ: POST /predict - Status: 200 - Czas: 27.82ms
[2025-12-20 14:13:56] [INFO] REQ: POST /predict - Status: 200 - Czas: 24.58ms
[2025-12-20 14:13:56] [INFO] REQ: POST /predict - Status: 200 - Czas: 25.59ms
[2025-12-20 14:13:56] [INFO] REQ: POST /predict - Status: 200 - Czas: 9.01ms
[2025-12-20 14:13:56] [INFO] REQ: POST /predict - Status: 200 - Czas: 14.01ms
[2025-12-20 14:13:56] [INFO] REQ: POST /predict - Status: 200 - Czas: 15.52ms
[2025-12-20 14:13:56] [INFO] REQ: POST /predict - Status: 200 - Czas: 16.02ms
[2025-12-20 14:13:56] [INFO] REQ: POST /predict - Status: 200 - Czas: 15.61ms
[2025-12-20 14:13:56] [INFO] REQ: POST /predict - Status: 200 - Czas: 5.01ms
[2025-12-20 14:13:56] [INFO] REQ: POST /predict - Status: 200 - Czas: 7.51ms
[2025-12-20 14:13:56] [INFO] REQ: POST /predict - Status: 200 - Czas: 10.51ms
[2025-12-20 14:13:56] [INFO] REQ: POST /predict - Status: 200 - Czas: 11.57ms
[2025-12-20 14:13:56] [INFO] REQ: POST /predict - Status: 200 - Czas: 11.57ms
[2025-12-20 14:13:56] [INFO] REQ: POST /predict - Status: 200 - Czas: 9.09ms
[2025-12-20 14:13:56] [INFO] REQ: POST /predict - Status: 200 - Czas: 7.55ms
[2025-12-20 14:13:56] [INFO] REQ: POST /predict - Status: 200 - Czas: 8.15ms
[2025-12-20 14:13:56] [INFO] REQ: POST /predict - Status: 200 - Czas: 11.15ms
[2025-12-20 14:13:56] [INFO] REQ: POST /predict - Status: 200 - Czas: 12.17ms
[2025-12-20 14:13:56] [INFO] REQ: POST /predict - Status: 200 - Czas: 5.51ms
[2025-12-20 14:13:56] [INFO] REQ: POST /predict - Status: 200 - Czas: 5.51ms
[2025-12-20 14:13:56] [INFO] REQ: POST /predict - Status: 200 - Czas: 13.03ms
[2025-12-20 14:13:56] [INFO] REQ: POST /predict - Status: 200 - Czas: 10.52ms
[2025-12-20 14:13:56] [INFO] REQ: POST /predict - Status: 200 - Czas: 10.52ms
[2025-12-20 14:13:56] [INFO] REQ: POST /predict - Status: 200 - Czas: 12.02ms
[2025-12-20 14:13:56] [INFO] REQ: POST /predict - Status: 200 - Czas: 3.51ms
[2025-12-20 14:13:56] [INFO] REQ: POST /predict - Status: 200 - Czas: 6.73ms
[2025-12-20 14:13:56] [INFO] REQ: POST /predict - Status: 200 - Czas: 7.51ms
[2025-12-20 14:13:56] [INFO] REQ: POST /predict - Status: 200 - Czas: 12.52ms
[2025-12-20 14:13:56] [INFO] REQ: POST /predict - Status: 200 - Czas: 11.55ms
[2025-12-20 14:13:56] [INFO] REQ: POST /predict - Status: 200 - Czas: 11.55ms
[2025-12-20 14:13:56] [INFO] REQ: POST /predict - Status: 200 - Czas: 6.32ms
[2025-12-20 14:13:56] [INFO] REQ: POST /predict - Status: 200 - Czas: 8.80ms
[2025-12-20 14:13:56] [INFO] REQ: POST /predict - Status: 200 - Czas: 9.02ms
[2025-12-20 14:13:56] [INFO] REQ: POST /predict - Status: 200 - Czas: 11.52ms
[2025-12-20 14:13:56] [INFO] REQ: POST /predict - Status: 200 - Czas: 11.52ms
[2025-12-20 14:13:56] [INFO] REQ: POST /predict - Status: 200 - Czas: 5.01ms
[2025-12-20 14:13:56] [INFO] REQ: POST /predict - Status: 200 - Czas: 7.40ms
[2025-12-20 14:13:56] [INFO] REQ: POST /predict - Status: 200 - Czas: 7.37ms
[2025-12-20 14:13:56] [INFO] REQ: POST /predict - Status: 200 - Czas: 9.44ms
[2025-12-20 14:13:56] [INFO] REQ: POST /predict - Status: 200 - Czas: 7.36ms
[2025-12-20 14:13:56] [INFO] REQ: POST /predict - Status: 200 - Czas: 6.64ms
[2025-12-20 14:13:56] [INFO] REQ: POST /predict - Status: 200 - Czas: 4.51ms
[2025-12-20 14:13:56] [INFO] REQ: POST /predict - Status: 200 - Czas: 6.53ms
[2025-12-20 14:13:56] [INFO] REQ: POST /predict - Status: 200 - Czas: 11.63ms
[2025-12-20 14:13:56] [INFO] REQ: POST /predict - Status: 200 - Czas: 22.65ms
[2025-12-20 14:13:56] [INFO] REQ: POST /predict - Status: 200 - Czas: 24.19ms
[2025-12-20 14:13:56] [INFO] REQ: POST /predict - Status: 200 - Czas: 24.18ms
[2025-12-20 14:13:56] [INFO] REQ: POST /predict - Status: 200 - Czas: 26.29ms
[2025-12-20 14:13:56] [INFO] REQ: POST /predict - Status: 200 - Czas: 18.67ms
[2025-12-20 14:13:56] [INFO] REQ: POST /predict - Status: 200 - Czas: 8.59ms
[2025-12-20 14:13:56] [INFO] REQ: POST /predict - Status: 200 - Czas: 11.61ms
[2025-12-20 14:13:56] [INFO] REQ: POST /predict - Status: 200 - Czas: 13.63ms
[2025-12-20 14:13:56] [INFO] REQ: POST /predict - Status: 200 - Czas: 12.14ms
[2025-12-20 14:13:56] [INFO] REQ: POST /predict - Status: 200 - Czas: 11.14ms
[2025-12-20 14:13:56] [INFO] REQ: POST /predict - Status: 200 - Czas: 5.51ms
[2025-12-20 14:13:56] [INFO] REQ: POST /predict - Status: 200 - Czas: 11.10ms
[2025-12-20 14:13:56] [INFO] REQ: POST /predict - Status: 200 - Czas: 11.36ms
[2025-12-20 14:13:56] [INFO] REQ: POST /predict - Status: 200 - Czas: 10.29ms
[2025-12-20 14:13:56] [INFO] REQ: POST /predict - Status: 200 - Czas: 11.29ms
[2025-12-20 14:13:56] [INFO] REQ: POST /predict - Status: 200 - Czas: 5.02ms
[2025-12-20 14:13:56] [INFO] REQ: POST /predict - Status: 200 - Czas: 4.00ms
[2025-12-20 14:13:56] [INFO] REQ: POST /predict - Status: 200 - Czas: 10.04ms
[2025-12-20 14:13:56] [INFO] REQ: POST /predict - Status: 200 - Czas: 10.04ms
[2025-12-20 14:13:56] [INFO] REQ: POST /predict - Status: 200 - Czas: 9.66ms
[2025-12-20 14:13:56] [INFO] REQ: POST /predict - Status: 200 - Czas: 11.17ms
[2025-12-20 14:13:56] [INFO] REQ: POST /predict - Status: 200 - Czas: 10.23ms
[2025-12-20 14:13:56] [INFO] REQ: POST /predict - Status: 200 - Czas: 11.02ms
[2025-12-20 14:13:56] [INFO] REQ: POST /predict - Status: 200 - Czas: 19.25ms
[2025-12-20 14:13:56] [INFO] REQ: POST /predict - Status: 200 - Czas: 15.52ms
[2025-12-20 14:13:56] [INFO] REQ: POST /predict - Status: 200 - Czas: 15.04ms
[2025-12-20 14:13:56] [INFO] REQ: POST /predict - Status: 200 - Czas: 8.04ms
[2025-12-20 14:13:56] [INFO] REQ: POST /predict - Status: 200 - Czas: 8.04ms
[2025-12-20 14:13:56] [INFO] REQ: POST /predict - Status: 200 - Czas: 7.59ms
[2025-12-20 14:13:56] [INFO] REQ: POST /predict - Status: 200 - Czas: 11.65ms
[2025-12-20 14:13:56] [INFO] REQ: POST /predict - Status: 200 - Czas: 12.65ms
[2025-12-20 14:13:56] [INFO] REQ: POST /predict - Status: 200 - Czas: 12.20ms
[2025-12-20 14:13:56] [INFO] REQ: POST /predict - Status: 200 - Czas: 15.34ms
[2025-12-20 14:13:56] [INFO] REQ: POST /predict - Status: 200 - Czas: 14.34ms
[2025-12-20 14:13:56] [INFO] REQ: POST /predict - Status: 200 - Czas: 12.14ms
[2025-12-20 14:13:56] [INFO] REQ: POST /predict - Status: 200 - Czas: 13.14ms
[2025-12-20 14:13:56] [INFO] REQ: POST /predict - Status: 200 - Czas: 7.12ms
[2025-12-20 14:13:56] [INFO] REQ: POST /predict - Status: 200 - Czas: 7.62ms
[2025-12-20 14:13:56] [INFO] REQ: POST /predict - Status: 200 - Czas: 11.13ms
[2025-12-20 14:13:56] [INFO] REQ: POST /predict - Status: 200 - Czas: 12.12ms
[2025-12-20 14:13:56] [INFO] REQ: POST /predict - Status: 200 - Czas: 11.61ms
[2025-12-20 14:13:56] [INFO] REQ: POST /predict - Status: 200 - Czas: 5.52ms
[2025-12-20 14:13:56] [INFO] REQ: POST /predict - Status: 200 - Czas: 10.06ms
[2025-12-20 14:13:56] [INFO] REQ: POST /predict - Status: 200 - Czas: 10.62ms
[2025-12-20 14:13:56] [INFO] REQ: POST /predict - Status: 200 - Czas: 9.10ms
[2025-12-20 14:13:56] [INFO] REQ: POST /predict - Status: 200 - Czas: 8.10ms
[2025-12-20 14:13:56] [INFO] REQ: POST /predict - Status: 200 - Czas: 4.00ms
[2025-12-20 14:13:56] [INFO] REQ: POST /predict - Status: 200 - Czas: 9.22ms
[2025-12-20 14:13:56] [INFO] REQ: POST /predict - Status: 200 - Czas: 10.36ms
[2025-12-20 14:13:56] [INFO] REQ: POST /predict - Status: 200 - Czas: 10.32ms
[2025-12-20 14:13:56] [INFO] REQ: POST /predict - Status: 200 - Czas: 11.19ms
[2025-12-20 14:13:56] [INFO] REQ: POST /predict - Status: 200 - Czas: 10.19ms
[2025-12-20 14:13:56] [INFO] REQ: POST /predict - Status: 200 - Czas: 14.41ms
[2025-12-20 14:13:56] [INFO] REQ: POST /predict - Status: 200 - Czas: 21.43ms
[2025-12-20 14:13:56] [INFO] REQ: POST /predict - Status: 200 - Czas: 20.93ms
[2025-12-20 14:13:56] [INFO] REQ: POST /predict - Status: 200 - Czas: 19.90ms
[2025-12-20 14:13:56] [INFO] REQ: POST /predict - Status: 200 - Czas: 20.91ms
[2025-12-20 14:13:56] [INFO] REQ: POST /predict - Status: 200 - Czas: 10.24ms
[2025-12-20 14:13:56] [INFO] REQ: POST /predict - Status: 200 - Czas: 11.24ms
[2025-12-20 14:13:56] [INFO] REQ: POST /predict - Status: 200 - Czas: 15.75ms
[2025-12-20 14:13:56] [INFO] REQ: POST /predict - Status: 200 - Czas: 14.24ms
[2025-12-20 14:13:56] [INFO] REQ: POST /predict - Status: 200 - Czas: 5.72ms
[2025-12-20 14:13:56] [INFO] REQ: POST /predict - Status: 200 - Czas: 10.36ms
[2025-12-20 14:13:56] [INFO] REQ: POST /predict - Status: 200 - Czas: 10.36ms
[2025-12-20 14:13:56] [INFO] REQ: POST /predict - Status: 200 - Czas: 9.66ms
[2025-12-20 14:13:56] [INFO] REQ: POST /predict - Status: 200 - Czas: 3.01ms
[2025-12-20 14:13:56] [INFO] REQ: POST /predict - Status: 200 - Czas: 10.12ms
[2025-12-20 14:13:56] [INFO] REQ: POST /predict - Status: 200 - Czas: 10.70ms
[2025-12-20 14:13:56] [INFO] REQ: POST /predict - Status: 200 - Czas: 12.23ms
[2025-12-20 14:13:56] [INFO] REQ: POST /predict - Status: 200 - Czas: 15.73ms
[2025-12-20 14:13:56] [INFO] REQ: POST /predict - Status: 200 - Czas: 14.64ms
[2025-12-20 14:13:56] [INFO] REQ: POST /predict - Status: 200 - Czas: 10.12ms
[2025-12-20 14:13:56] [INFO] REQ: POST /predict - Status: 200 - Czas: 11.63ms
[2025-12-20 14:13:56] [INFO] REQ: POST /predict - Status: 200 - Czas: 11.04ms
[2025-12-20 14:13:56] [INFO] REQ: POST /predict - Status: 200 - Czas: 16.64ms
[2025-12-20 14:13:56] [INFO] REQ: POST /predict - Status: 200 - Czas: 18.15ms
[2025-12-20 14:13:56] [INFO] REQ: POST /predict - Status: 200 - Czas: 4.51ms
[2025-12-20 14:13:56] [INFO] REQ: POST /predict - Status: 200 - Czas: 5.51ms
[2025-12-20 14:13:56] [INFO] REQ: POST /predict - Status: 200 - Czas: 9.53ms
[2025-12-20 14:13:56] [INFO] REQ: POST /predict - Status: 200 - Czas: 10.12ms
[2025-12-20 14:13:56] [INFO] REQ: POST /predict - Status: 200 - Czas: 10.65ms
[2025-12-20 14:13:56] [INFO] REQ: POST /predict - Status: 200 - Czas: 10.64ms
[2025-12-20 14:13:56] [INFO] REQ: POST /predict - Status: 200 - Czas: 10.64ms
[2025-12-20 14:13:56] [INFO] REQ: POST /predict - Status: 200 - Czas: 5.68ms
[2025-12-20 14:13:56] [INFO] REQ: POST /predict - Status: 200 - Czas: 5.66ms
[2025-12-20 14:13:56] [INFO] REQ: POST /predict - Status: 200 - Czas: 5.55ms
[2025-12-20 14:13:56] [INFO] REQ: POST /predict - Status: 200 - Czas: 6.05ms
[2025-12-20 14:13:56] [INFO] REQ: POST /predict - Status: 200 - Czas: 6.04ms
[2025-12-20 14:13:56] [INFO] REQ: POST /predict - Status: 200 - Czas: 10.03ms
[2025-12-20 14:13:56] [INFO] REQ: POST /predict - Status: 200 - Czas: 10.58ms
[2025-12-20 14:13:56] [INFO] REQ: POST /predict - Status: 200 - Czas: 12.59ms
[2025-12-20 14:13:56] [INFO] REQ: POST /predict - Status: 200 - Czas: 12.59ms
[2025-12-20 14:13:56] [INFO] REQ: POST /predict - Status: 200 - Czas: 12.59ms
[2025-12-20 14:13:56] [INFO] REQ: POST /predict - Status: 200 - Czas: 7.64ms
[2025-12-20 14:13:56] [INFO] REQ: POST /predict - Status: 200 - Czas: 10.64ms
[2025-12-20 14:13:56] [INFO] REQ: POST /predict - Status: 200 - Czas: 13.75ms
[2025-12-20 14:13:56] [INFO] REQ: POST /predict - Status: 200 - Czas: 14.25ms
[2025-12-20 14:13:56] [INFO] REQ: POST /predict - Status: 200 - Czas: 12.75ms
[2025-12-20 14:13:56] [INFO] REQ: POST /predict - Status: 200 - Czas: 7.24ms
[2025-12-20 14:13:56] [INFO] REQ: POST /predict - Status: 200 - Czas: 10.19ms
[2025-12-20 14:13:56] [INFO] REQ: POST /predict - Status: 200 - Czas: 13.19ms
[2025-12-20 14:13:56] [INFO] REQ: POST /predict - Status: 200 - Czas: 14.19ms
[2025-12-20 14:13:56] [INFO] REQ: POST /predict - Status: 200 - Czas: 12.57ms
[2025-12-20 14:13:56] [INFO] REQ: POST /predict - Status: 200 - Czas: 14.07ms
[2025-12-20 14:13:56] [INFO] REQ: POST /predict - Status: 200 - Czas: 7.51ms
[2025-12-20 14:13:57] [INFO] REQ: POST /predict - Status: 200 - Czas: 12.61ms
[2025-12-20 14:13:57] [INFO] REQ: POST /predict - Status: 200 - Czas: 14.61ms
[2025-12-20 14:13:57] [INFO] REQ: POST /predict - Status: 200 - Czas: 14.79ms
[2025-12-20 14:13:57] [INFO] REQ: POST /predict - Status: 200 - Czas: 13.79ms
[2025-12-20 14:13:57] [INFO] REQ: POST /predict - Status: 200 - Czas: 7.74ms
[2025-12-20 14:13:57] [INFO] REQ: POST /predict - Status: 200 - Czas: 6.00ms
[2025-12-20 14:13:57] [INFO] REQ: POST /predict - Status: 200 - Czas: 8.61ms
[2025-12-20 14:13:57] [INFO] REQ: POST /predict - Status: 200 - Czas: 8.55ms
[2025-12-20 14:13:57] [INFO] REQ: POST /predict - Status: 200 - Czas: 11.08ms
[2025-12-20 14:13:57] [INFO] REQ: POST /predict - Status: 200 - Czas: 11.08ms
[2025-12-20 14:13:57] [INFO] REQ: POST /predict - Status: 200 - Czas: 5.53ms
[2025-12-20 14:13:57] [INFO] REQ: POST /predict - Status: 200 - Czas: 8.63ms
[2025-12-20 14:13:57] [INFO] REQ: POST /predict - Status: 200 - Czas: 11.63ms
[2025-12-20 14:13:57] [INFO] REQ: POST /predict - Status: 200 - Czas: 11.63ms
[2025-12-20 14:13:57] [INFO] REQ: POST /predict - Status: 200 - Czas: 10.65ms
[2025-12-20 14:13:57] [INFO] REQ: POST /predict - Status: 200 - Czas: 10.14ms
[2025-12-20 14:13:57] [INFO] REQ: POST /predict - Status: 200 - Czas: 13.58ms
[2025-12-20 14:13:57] [INFO] REQ: POST /predict - Status: 200 - Czas: 14.63ms
[2025-12-20 14:13:57] [INFO] REQ: POST /predict - Status: 200 - Czas: 14.62ms
[2025-12-20 14:13:57] [INFO] REQ: POST /predict - Status: 200 - Czas: 16.14ms
[2025-12-20 14:13:57] [INFO] REQ: POST /predict - Status: 200 - Czas: 18.14ms
[2025-12-20 14:13:57] [INFO] REQ: POST /predict - Status: 200 - Czas: 9.02ms
[2025-12-20 14:13:57] [INFO] REQ: POST /predict - Status: 200 - Czas: 8.02ms
[2025-12-20 14:13:57] [INFO] REQ: POST /predict - Status: 200 - Czas: 9.02ms
[2025-12-20 14:13:57] [INFO] REQ: POST /predict - Status: 200 - Czas: 7.14ms
[2025-12-20 14:13:57] [INFO] REQ: POST /predict - Status: 200 - Czas: 8.15ms
[2025-12-20 14:13:57] [INFO] REQ: POST /predict - Status: 200 - Czas: 7.56ms
[2025-12-20 14:13:57] [INFO] REQ: POST /predict - Status: 200 - Czas: 9.56ms
[2025-12-20 14:13:57] [INFO] REQ: POST /predict - Status: 200 - Czas: 12.07ms
[2025-12-20 14:13:57] [INFO] REQ: POST /predict - Status: 200 - Czas: 7.72ms
[2025-12-20 14:13:57] [INFO] REQ: POST /predict - Status: 200 - Czas: 7.73ms
[2025-12-20 14:13:57] [INFO] REQ: POST /predict - Status: 200 - Czas: 5.04ms
[2025-12-20 14:13:57] [INFO] REQ: POST /predict - Status: 200 - Czas: 5.03ms
[2025-12-20 14:13:57] [INFO] REQ: POST /predict - Status: 200 - Czas: 9.01ms
[2025-12-20 14:13:57] [INFO] REQ: POST /predict - Status: 200 - Czas: 5.20ms
[2025-12-20 14:13:57] [INFO] REQ: POST /predict - Status: 200 - Czas: 4.01ms
[2025-12-20 14:13:57] [INFO] REQ: POST /predict - Status: 200 - Czas: 7.58ms
[2025-12-20 14:13:57] [INFO] REQ: POST /predict - Status: 200 - Czas: 8.58ms
[2025-12-20 14:13:57] [INFO] REQ: POST /predict - Status: 200 - Czas: 14.64ms
[2025-12-20 14:13:57] [INFO] REQ: POST /predict - Status: 200 - Czas: 13.14ms
[2025-12-20 14:13:57] [INFO] REQ: POST /predict - Status: 200 - Czas: 14.13ms
[2025-12-20 14:13:57] [INFO] REQ: POST /predict - Status: 200 - Czas: 6.02ms
[2025-12-20 14:13:57] [INFO] REQ: POST /predict - Status: 200 - Czas: 6.52ms
[2025-12-20 14:13:57] [INFO] REQ: POST /predict - Status: 200 - Czas: 7.63ms
[2025-12-20 14:13:57] [INFO] REQ: POST /predict - Status: 200 - Czas: 17.60ms
[2025-12-20 14:13:57] [INFO] REQ: POST /predict - Status: 200 - Czas: 18.60ms
[2025-12-20 14:13:57] [INFO] REQ: POST /predict - Status: 200 - Czas: 10.02ms
[2025-12-20 14:13:57] [INFO] REQ: POST /predict - Status: 200 - Czas: 12.02ms
[2025-12-20 14:13:57] [INFO] REQ: POST /predict - Status: 200 - Czas: 14.53ms
[2025-12-20 14:13:57] [INFO] REQ: POST /predict - Status: 200 - Czas: 7.29ms
[2025-12-20 14:13:57] [INFO] REQ: POST /predict - Status: 200 - Czas: 9.37ms
[2025-12-20 14:13:57] [INFO] REQ: POST /predict - Status: 200 - Czas: 13.98ms
[2025-12-20 14:13:57] [INFO] REQ: POST /predict - Status: 200 - Czas: 11.20ms
[2025-12-20 14:13:57] [INFO] REQ: POST /predict - Status: 200 - Czas: 10.20ms
[2025-12-20 14:13:57] [INFO] REQ: POST /predict - Status: 200 - Czas: 5.01ms
[2025-12-20 14:13:57] [INFO] REQ: POST /predict - Status: 200 - Czas: 7.14ms
[2025-12-20 14:13:57] [INFO] REQ: POST /predict - Status: 200 - Czas: 7.27ms
[2025-12-20 14:13:57] [INFO] REQ: POST /predict - Status: 200 - Czas: 9.27ms
[2025-12-20 14:13:57] [INFO] REQ: POST /predict - Status: 200 - Czas: 11.15ms
[2025-12-20 14:13:57] [INFO] REQ: POST /predict - Status: 200 - Czas: 9.54ms
[2025-12-20 14:13:57] [INFO] REQ: POST /predict - Status: 200 - Czas: 4.51ms
[2025-12-20 14:13:57] [INFO] REQ: POST /predict - Status: 200 - Czas: 5.81ms
[2025-12-20 14:13:57] [INFO] REQ: POST /predict - Status: 200 - Czas: 3.55ms
[2025-12-20 14:13:57] [INFO] REQ: POST /predict - Status: 200 - Czas: 7.73ms
[2025-12-20 14:13:57] [INFO] REQ: POST /predict - Status: 200 - Czas: 15.35ms
[2025-12-20 14:13:57] [INFO] REQ: POST /predict - Status: 200 - Czas: 12.63ms
[2025-12-20 14:13:57] [INFO] REQ: POST /predict - Status: 200 - Czas: 12.62ms
[2025-12-20 14:13:57] [INFO] REQ: POST /predict - Status: 200 - Czas: 13.14ms
[2025-12-20 14:13:57] [INFO] REQ: POST /predict - Status: 200 - Czas: 7.07ms
[2025-12-20 14:13:57] [INFO] REQ: POST /predict - Status: 200 - Czas: 7.57ms
[2025-12-20 14:13:57] [INFO] REQ: POST /predict - Status: 200 - Czas: 8.55ms
[2025-12-20 14:13:57] [INFO] REQ: POST /predict - Status: 200 - Czas: 10.70ms
[2025-12-20 14:13:57] [INFO] REQ: POST /predict - Status: 200 - Czas: 54.26ms
[2025-12-20 14:13:57] [INFO] REQ: POST /predict - Status: 200 - Czas: 52.39ms
[2025-12-20 14:13:57] [INFO] REQ: POST /predict - Status: 200 - Czas: 3.51ms
[2025-12-20 14:13:57] [INFO] REQ: POST /predict - Status: 200 - Czas: 6.57ms
[2025-12-20 14:13:57] [INFO] REQ: POST /predict - Status: 200 - Czas: 8.02ms
[2025-12-20 14:13:57] [INFO] REQ: POST /predict - Status: 200 - Czas: 9.03ms
[2025-12-20 14:13:57] [INFO] REQ: POST /predict - Status: 200 - Czas: 11.03ms
[2025-12-20 14:13:57] [INFO] REQ: POST /predict - Status: 200 - Czas: 5.02ms
[2025-12-20 14:13:57] [INFO] REQ: POST /predict - Status: 200 - Czas: 10.17ms
[2025-12-20 14:13:57] [INFO] REQ: POST /predict - Status: 200 - Czas: 10.17ms
[2025-12-20 14:13:57] [INFO] REQ: POST /predict - Status: 200 - Czas: 10.68ms
[2025-12-20 14:13:57] [INFO] REQ: POST /predict - Status: 200 - Czas: 11.62ms
[2025-12-20 14:13:57] [INFO] REQ: POST /predict - Status: 200 - Czas: 10.53ms
[2025-12-20 14:13:57] [INFO] REQ: POST /predict - Status: 200 - Czas: 4.54ms
[2025-12-20 14:13:57] [INFO] REQ: POST /predict - Status: 200 - Czas: 10.03ms
[2025-12-20 14:13:57] [INFO] REQ: POST /predict - Status: 200 - Czas: 12.05ms
[2025-12-20 14:13:57] [INFO] REQ: POST /predict - Status: 200 - Czas: 13.05ms
[2025-12-20 14:13:57] [INFO] REQ: POST /predict - Status: 200 - Czas: 11.05ms
[2025-12-20 14:13:57] [INFO] REQ: POST /predict - Status: 200 - Czas: 5.21ms
[2025-12-20 14:13:57] [INFO] REQ: POST /predict - Status: 200 - Czas: 4.02ms
[2025-12-20 14:13:57] [INFO] REQ: POST /predict - Status: 200 - Czas: 8.92ms
[2025-12-20 14:13:57] [INFO] REQ: POST /predict - Status: 200 - Czas: 21.54ms
[2025-12-20 14:13:57] [INFO] REQ: POST /predict - Status: 200 - Czas: 24.07ms
[2025-12-20 14:13:57] [INFO] REQ: POST /predict - Status: 200 - Czas: 25.07ms
[2025-12-20 14:13:57] [INFO] REQ: POST /predict - Status: 200 - Czas: 23.57ms
[2025-12-20 14:13:57] [INFO] REQ: POST /predict - Status: 200 - Czas: 8.02ms
[2025-12-20 14:13:57] [INFO] REQ: POST /predict - Status: 200 - Czas: 8.02ms
[2025-12-20 14:13:57] [INFO] REQ: POST /predict - Status: 200 - Czas: 12.02ms
[2025-12-20 14:13:57] [INFO] REQ: POST /predict - Status: 200 - Czas: 13.02ms
[2025-12-20 14:13:57] [INFO] REQ: POST /predict - Status: 200 - Czas: 12.02ms
[2025-12-20 14:13:57] [INFO] REQ: POST /predict - Status: 200 - Czas: 5.84ms
[2025-12-20 14:13:57] [INFO] REQ: POST /predict - Status: 200 - Czas: 9.38ms
[2025-12-20 14:13:57] [INFO] REQ: POST /predict - Status: 200 - Czas: 7.03ms
[2025-12-20 14:13:57] [INFO] REQ: POST /predict - Status: 200 - Czas: 8.64ms
[2025-12-20 14:13:57] [INFO] REQ: POST /predict - Status: 200 - Czas: 8.63ms
[2025-12-20 14:13:57] [INFO] REQ: POST /predict - Status: 200 - Czas: 6.02ms
[2025-12-20 14:13:57] [INFO] REQ: POST /predict - Status: 200 - Czas: 7.52ms
[2025-12-20 14:13:57] [INFO] REQ: POST /predict - Status: 200 - Czas: 12.58ms
[2025-12-20 14:13:57] [INFO] REQ: POST /predict - Status: 200 - Czas: 17.63ms
[2025-12-20 14:13:57] [INFO] REQ: POST /predict - Status: 200 - Czas: 17.63ms
[2025-12-20 14:13:57] [INFO] REQ: POST /predict - Status: 200 - Czas: 14.71ms
[2025-12-20 14:13:57] [INFO] REQ: POST /predict - Status: 200 - Czas: 5.54ms
[2025-12-20 14:13:57] [INFO] REQ: POST /predict - Status: 200 - Czas: 7.51ms
[2025-12-20 14:13:57] [INFO] REQ: POST /predict - Status: 200 - Czas: 9.59ms
[2025-12-20 14:13:57] [INFO] REQ: POST /predict - Status: 200 - Czas: 7.59ms
[2025-12-20 14:13:57] [INFO] REQ: POST /predict - Status: 200 - Czas: 9.10ms
[2025-12-20 14:13:57] [INFO] REQ: POST /predict - Status: 200 - Czas: 7.51ms
[2025-12-20 14:13:57] [INFO] REQ: POST /predict - Status: 200 - Czas: 13.85ms
[2025-12-20 14:13:57] [INFO] REQ: POST /predict - Status: 200 - Czas: 13.34ms
[2025-12-20 14:13:57] [INFO] REQ: POST /predict - Status: 200 - Czas: 15.34ms
[2025-12-20 14:13:57] [INFO] REQ: POST /predict - Status: 200 - Czas: 13.38ms
[2025-12-20 14:13:57] [INFO] REQ: POST /predict - Status: 200 - Czas: 5.03ms
[2025-12-20 14:13:57] [INFO] REQ: POST /predict - Status: 200 - Czas: 5.55ms
[2025-12-20 14:13:57] [INFO] REQ: POST /predict - Status: 200 - Czas: 8.55ms
[2025-12-20 14:13:57] [INFO] REQ: POST /predict - Status: 200 - Czas: 11.14ms
[2025-12-20 14:13:57] [INFO] REQ: POST /predict - Status: 200 - Czas: 12.14ms
[2025-12-20 14:13:57] [INFO] REQ: POST /predict - Status: 200 - Czas: 5.05ms
[2025-12-20 14:13:57] [INFO] REQ: POST /predict - Status: 200 - Czas: 7.55ms
[2025-12-20 14:13:57] [INFO] REQ: POST /predict - Status: 200 - Czas: 7.51ms
[2025-12-20 14:13:57] [INFO] REQ: POST /predict - Status: 200 - Czas: 11.02ms
[2025-12-20 14:13:57] [INFO] REQ: POST /predict - Status: 200 - Czas: 10.02ms
[2025-12-20 14:13:57] [INFO] REQ: POST /predict - Status: 200 - Czas: 6.82ms
[2025-12-20 14:13:57] [INFO] REQ: POST /predict - Status: 200 - Czas: 5.22ms
[2025-12-20 14:13:57] [INFO] REQ: POST /predict - Status: 200 - Czas: 5.12ms
[2025-12-20 14:13:57] [INFO] REQ: POST /predict - Status: 200 - Czas: 11.63ms
[2025-12-20 14:13:57] [INFO] REQ: POST /predict - Status: 200 - Czas: 11.14ms
[2025-12-20 14:13:57] [INFO] REQ: POST /predict - Status: 200 - Czas: 12.58ms
[2025-12-20 14:13:57] [INFO] REQ: POST /predict - Status: 200 - Czas: 16.64ms
[2025-12-20 14:13:57] [INFO] REQ: POST /predict - Status: 200 - Czas: 13.03ms
[2025-12-20 14:13:57] [INFO] REQ: POST /predict - Status: 200 - Czas: 8.02ms
[2025-12-20 14:13:57] [INFO] REQ: POST /predict - Status: 200 - Czas: 7.02ms
[2025-12-20 14:13:57] [INFO] REQ: POST /predict - Status: 200 - Czas: 11.55ms
[2025-12-20 14:13:57] [INFO] REQ: POST /predict - Status: 200 - Czas: 14.07ms
[2025-12-20 14:13:57] [INFO] REQ: POST /predict - Status: 200 - Czas: 14.65ms
[2025-12-20 14:13:57] [INFO] REQ: POST /predict - Status: 200 - Czas: 6.02ms
[2025-12-20 14:13:57] [INFO] REQ: POST /predict - Status: 200 - Czas: 10.52ms
[2025-12-20 14:13:57] [INFO] REQ: POST /predict - Status: 200 - Czas: 7.13ms
[2025-12-20 14:13:57] [INFO] REQ: POST /predict - Status: 200 - Czas: 7.03ms
[2025-12-20 14:13:57] [INFO] REQ: POST /predict - Status: 200 - Czas: 9.03ms
[2025-12-20 14:13:57] [INFO] REQ: POST /predict - Status: 200 - Czas: 8.17ms
[2025-12-20 14:13:57] [INFO] REQ: POST /predict - Status: 200 - Czas: 5.00ms
[2025-12-20 14:13:57] [INFO] REQ: POST /predict - Status: 200 - Czas: 6.60ms
[2025-12-20 14:13:57] [INFO] REQ: POST /predict - Status: 200 - Czas: 11.28ms
[2025-12-20 14:13:57] [INFO] REQ: POST /predict - Status: 200 - Czas: 10.28ms
[2025-12-20 14:13:57] [INFO] REQ: POST /predict - Status: 200 - Czas: 10.28ms
[2025-12-20 14:13:57] [INFO] REQ: POST /predict - Status: 200 - Czas: 10.28ms
[2025-12-20 14:13:57] [INFO] REQ: POST /predict - Status: 200 - Czas: 3.61ms
[2025-12-20 14:13:57] [INFO] REQ: POST /predict - Status: 200 - Czas: 6.08ms
[2025-12-20 14:13:57] [INFO] REQ: POST /predict - Status: 200 - Czas: 6.09ms
[2025-12-20 14:13:57] [INFO] REQ: POST /predict - Status: 200 - Czas: 7.05ms
[2025-12-20 14:13:57] [INFO] REQ: POST /predict - Status: 200 - Czas: 6.05ms
[2025-12-20 14:13:57] [INFO] REQ: POST /predict - Status: 200 - Czas: 3.51ms
[2025-12-20 14:13:57] [INFO] REQ: POST /predict - Status: 200 - Czas: 10.19ms
[2025-12-20 14:13:57] [INFO] REQ: POST /predict - Status: 200 - Czas: 14.69ms
[2025-12-20 14:13:57] [INFO] REQ: POST /predict - Status: 200 - Czas: 16.72ms
[2025-12-20 14:13:57] [INFO] REQ: POST /predict - Status: 200 - Czas: 15.21ms
[2025-12-20 14:13:57] [INFO] REQ: POST /predict - Status: 200 - Czas: 16.21ms
[2025-12-20 14:13:57] [INFO] REQ: POST /predict - Status: 200 - Czas: 5.15ms
[2025-12-20 14:13:57] [INFO] REQ: POST /predict - Status: 200 - Czas: 7.02ms
[2025-12-20 14:13:57] [INFO] REQ: POST /predict - Status: 200 - Czas: 8.02ms
[2025-12-20 14:13:57] [INFO] REQ: POST /predict - Status: 200 - Czas: 11.02ms
[2025-12-20 14:13:57] [INFO] REQ: POST /predict - Status: 200 - Czas: 13.05ms
[2025-12-20 14:13:57] [INFO] REQ: POST /predict - Status: 200 - Czas: 10.51ms
[2025-12-20 14:13:57] [INFO] REQ: POST /predict - Status: 200 - Czas: 12.84ms
[2025-12-20 14:13:57] [INFO] REQ: POST /predict - Status: 200 - Czas: 13.84ms
[2025-12-20 14:13:57] [INFO] REQ: POST /predict - Status: 200 - Czas: 16.34ms
[2025-12-20 14:13:57] [INFO] REQ: POST /predict - Status: 200 - Czas: 14.09ms
[2025-12-20 14:13:57] [INFO] REQ: POST /predict - Status: 200 - Czas: 5.03ms
[2025-12-20 14:13:57] [INFO] REQ: POST /predict - Status: 200 - Czas: 7.04ms
[2025-12-20 14:13:57] [INFO] REQ: POST /predict - Status: 200 - Czas: 8.04ms
[2025-12-20 14:13:57] [INFO] REQ: POST /predict - Status: 200 - Czas: 12.58ms
[2025-12-20 14:13:57] [INFO] REQ: POST /predict - Status: 200 - Czas: 11.05ms
[2025-12-20 14:13:57] [INFO] REQ: POST /predict - Status: 200 - Czas: 12.05ms
[2025-12-20 14:13:57] [INFO] REQ: POST /predict - Status: 200 - Czas: 4.59ms
[2025-12-20 14:13:58] [INFO] REQ: POST /predict - Status: 200 - Czas: 12.73ms
[2025-12-20 14:13:58] [INFO] REQ: POST /predict - Status: 200 - Czas: 15.29ms
[2025-12-20 14:13:58] [INFO] REQ: POST /predict - Status: 200 - Czas: 17.29ms
[2025-12-20 14:13:58] [INFO] REQ: POST /predict - Status: 200 - Czas: 18.29ms
[2025-12-20 14:13:58] [INFO] REQ: POST /predict - Status: 200 - Czas: 19.79ms
[2025-12-20 14:13:58] [INFO] REQ: POST /predict - Status: 200 - Czas: 10.15ms
[2025-12-20 14:13:58] [INFO] REQ: POST /predict - Status: 200 - Czas: 11.21ms
[2025-12-20 14:13:58] [INFO] REQ: POST /predict - Status: 200 - Czas: 10.31ms
[2025-12-20 14:13:58] [INFO] REQ: POST /predict - Status: 200 - Czas: 11.13ms
[2025-12-20 14:13:58] [INFO] REQ: POST /predict - Status: 200 - Czas: 11.13ms
[2025-12-20 14:13:58] [INFO] REQ: POST /predict - Status: 200 - Czas: 8.57ms
[2025-12-20 14:13:58] [INFO] REQ: POST /predict - Status: 200 - Czas: 7.54ms
[2025-12-20 14:13:58] [INFO] REQ: POST /predict - Status: 200 - Czas: 12.07ms
[2025-12-20 14:13:58] [INFO] REQ: POST /predict - Status: 200 - Czas: 14.06ms
[2025-12-20 14:13:58] [INFO] REQ: POST /predict - Status: 200 - Czas: 16.59ms
[2025-12-20 14:13:58] [INFO] REQ: POST /predict - Status: 200 - Czas: 18.09ms
[2025-12-20 14:13:58] [INFO] REQ: POST /predict - Status: 200 - Czas: 3.51ms
[2025-12-20 14:13:58] [INFO] REQ: POST /predict - Status: 200 - Czas: 9.04ms
[2025-12-20 14:13:58] [INFO] REQ: POST /predict - Status: 200 - Czas: 11.04ms
[2025-12-20 14:13:58] [INFO] REQ: POST /predict - Status: 200 - Czas: 11.02ms
[2025-12-20 14:13:58] [INFO] REQ: POST /predict - Status: 200 - Czas: 14.53ms
[2025-12-20 14:13:58] [INFO] REQ: POST /predict - Status: 200 - Czas: 10.02ms
[2025-12-20 14:13:58] [INFO] REQ: POST /predict - Status: 200 - Czas: 8.02ms
[2025-12-20 14:13:58] [INFO] REQ: POST /predict - Status: 200 - Czas: 7.51ms
[2025-12-20 14:13:58] [INFO] REQ: POST /predict - Status: 200 - Czas: 11.52ms
[2025-12-20 14:13:58] [INFO] REQ: POST /predict - Status: 200 - Czas: 12.53ms
[2025-12-20 14:13:58] [INFO] REQ: POST /predict - Status: 200 - Czas: 6.53ms
[2025-12-20 14:13:58] [INFO] REQ: POST /predict - Status: 200 - Czas: 6.53ms
[2025-12-20 14:13:58] [INFO] REQ: POST /predict - Status: 200 - Czas: 8.08ms
[2025-12-20 14:13:58] [INFO] REQ: POST /predict - Status: 200 - Czas: 8.76ms
[2025-12-20 14:13:58] [INFO] REQ: POST /predict - Status: 200 - Czas: 12.44ms
[2025-12-20 14:13:58] [INFO] REQ: POST /predict - Status: 200 - Czas: 12.02ms
[2025-12-20 14:13:58] [INFO] REQ: POST /predict - Status: 200 - Czas: 10.93ms
[2025-12-20 14:13:58] [INFO] REQ: POST /predict - Status: 200 - Czas: 9.10ms
[2025-12-20 14:13:58] [INFO] REQ: POST /predict - Status: 200 - Czas: 10.19ms
[2025-12-20 14:13:58] [INFO] REQ: POST /predict - Status: 200 - Czas: 8.52ms
[2025-12-20 14:13:58] [INFO] REQ: POST /predict - Status: 200 - Czas: 12.09ms
[2025-12-20 14:13:58] [INFO] REQ: POST /predict - Status: 200 - Czas: 13.09ms
[2025-12-20 14:13:58] [INFO] REQ: POST /predict - Status: 200 - Czas: 6.52ms
[2025-12-20 14:13:58] [INFO] REQ: POST /predict - Status: 200 - Czas: 7.52ms
[2025-12-20 14:13:58] [INFO] REQ: POST /predict - Status: 200 - Czas: 6.16ms
[2025-12-20 14:13:58] [INFO] REQ: POST /predict - Status: 200 - Czas: 8.05ms
[2025-12-20 14:13:58] [INFO] REQ: POST /predict - Status: 200 - Czas: 6.51ms
[2025-12-20 14:13:58] [INFO] REQ: POST /predict - Status: 200 - Czas: 4.52ms
[2025-12-20 14:13:58] [INFO] REQ: POST /predict - Status: 200 - Czas: 2.56ms
[2025-12-20 14:13:58] [INFO] REQ: POST /predict - Status: 200 - Czas: 7.51ms
[2025-12-20 14:13:58] [INFO] REQ: POST /predict - Status: 200 - Czas: 8.06ms
[2025-12-20 14:13:58] [INFO] REQ: POST /predict - Status: 200 - Czas: 9.09ms
[2025-12-20 14:13:58] [INFO] REQ: POST /predict - Status: 200 - Czas: 9.09ms
[2025-12-20 14:13:58] [INFO] REQ: POST /predict - Status: 200 - Czas: 9.09ms
[2025-12-20 14:13:58] [INFO] REQ: POST /predict - Status: 200 - Czas: 9.10ms
[2025-12-20 14:13:58] [INFO] REQ: POST /predict - Status: 200 - Czas: 10.11ms
[2025-12-20 14:13:58] [INFO] REQ: POST /predict - Status: 200 - Czas: 11.80ms
[2025-12-20 14:13:58] [INFO] REQ: POST /predict - Status: 200 - Czas: 13.31ms
[2025-12-20 14:13:58] [INFO] REQ: POST /predict - Status: 200 - Czas: 13.31ms
[2025-12-20 14:13:58] [INFO] REQ: POST /predict - Status: 200 - Czas: 10.21ms
[2025-12-20 14:13:58] [INFO] REQ: POST /predict - Status: 200 - Czas: 12.78ms
[2025-12-20 14:13:58] [INFO] REQ: POST /predict - Status: 200 - Czas: 12.26ms
[2025-12-20 14:13:58] [INFO] REQ: POST /predict - Status: 200 - Czas: 13.26ms
[2025-12-20 14:13:58] [INFO] REQ: POST /predict - Status: 200 - Czas: 12.26ms
[2025-12-20 14:13:58] [INFO] REQ: POST /predict - Status: 200 - Czas: 8.92ms
[2025-12-20 14:13:58] [INFO] REQ: POST /predict - Status: 200 - Czas: 13.45ms
[2025-12-20 14:13:58] [INFO] REQ: POST /predict - Status: 200 - Czas: 16.45ms
[2025-12-20 14:13:58] [INFO] REQ: POST /predict - Status: 200 - Czas: 17.96ms
[2025-12-20 14:13:58] [INFO] REQ: POST /predict - Status: 200 - Czas: 15.96ms
[2025-12-20 14:13:58] [INFO] REQ: POST /predict - Status: 200 - Czas: 10.52ms
[2025-12-20 14:13:58] [INFO] REQ: POST /predict - Status: 200 - Czas: 9.00ms
[2025-12-20 14:13:58] [INFO] REQ: POST /predict - Status: 200 - Czas: 10.51ms
[2025-12-20 14:13:58] [INFO] REQ: POST /predict - Status: 200 - Czas: 10.51ms
[2025-12-20 14:13:58] [INFO] REQ: POST /predict - Status: 200 - Czas: 9.15ms
[2025-12-20 14:13:58] [INFO] REQ: POST /predict - Status: 200 - Czas: 10.61ms
[2025-12-20 14:13:58] [INFO] REQ: POST /predict - Status: 200 - Czas: 13.61ms
[2025-12-20 14:13:58] [INFO] REQ: POST /predict - Status: 200 - Czas: 13.61ms
[2025-12-20 14:13:58] [INFO] REQ: POST /predict - Status: 200 - Czas: 10.06ms
[2025-12-20 14:13:58] [INFO] REQ: POST /predict - Status: 200 - Czas: 7.61ms
[2025-12-20 14:13:58] [INFO] REQ: POST /predict - Status: 200 - Czas: 8.60ms
[2025-12-20 14:13:58] [INFO] REQ: POST /predict - Status: 200 - Czas: 8.02ms
[2025-12-20 14:13:58] [INFO] REQ: POST /predict - Status: 200 - Czas: 8.03ms
[2025-12-20 14:13:58] [INFO] REQ: POST /predict - Status: 200 - Czas: 9.02ms
[2025-12-20 14:13:58] [INFO] REQ: POST /predict - Status: 200 - Czas: 12.02ms
[2025-12-20 14:13:58] [INFO] REQ: POST /predict - Status: 200 - Czas: 4.11ms
[2025-12-20 14:13:58] [INFO] REQ: POST /predict - Status: 200 - Czas: 3.50ms
[2025-12-20 14:13:58] [INFO] REQ: POST /predict - Status: 200 - Czas: 9.03ms
[2025-12-20 14:13:58] [INFO] REQ: POST /predict - Status: 200 - Czas: 10.54ms
[2025-12-20 14:13:58] [INFO] REQ: POST /predict - Status: 200 - Czas: 11.02ms
[2025-12-20 14:13:58] [INFO] REQ: POST /predict - Status: 200 - Czas: 11.02ms
[2025-12-20 14:13:58] [INFO] REQ: POST /predict - Status: 200 - Czas: 4.51ms
[2025-12-20 14:13:58] [INFO] REQ: POST /predict - Status: 200 - Czas: 5.53ms
[2025-12-20 14:13:58] [INFO] REQ: POST /predict - Status: 200 - Czas: 6.59ms
[2025-12-20 14:13:58] [INFO] REQ: POST /predict - Status: 200 - Czas: 8.11ms
[2025-12-20 14:13:58] [INFO] REQ: POST /predict - Status: 200 - Czas: 9.11ms
[2025-12-20 14:13:58] [INFO] REQ: POST /predict - Status: 200 - Czas: 6.06ms
[2025-12-20 14:13:58] [INFO] REQ: POST /predict - Status: 200 - Czas: 8.06ms
[2025-12-20 14:13:58] [INFO] REQ: POST /predict - Status: 200 - Czas: 12.75ms
[2025-12-20 14:13:58] [INFO] REQ: POST /predict - Status: 200 - Czas: 11.75ms
[2025-12-20 14:13:58] [INFO] REQ: POST /predict - Status: 200 - Czas: 12.80ms
[2025-12-20 14:13:58] [INFO] REQ: POST /predict - Status: 200 - Czas: 8.01ms
[2025-12-20 14:13:58] [INFO] REQ: POST /predict - Status: 200 - Czas: 6.51ms
[2025-12-20 14:13:58] [INFO] REQ: POST /predict - Status: 200 - Czas: 7.53ms
[2025-12-20 14:13:58] [INFO] REQ: POST /predict - Status: 200 - Czas: 14.67ms
[2025-12-20 14:13:58] [INFO] REQ: POST /predict - Status: 200 - Czas: 14.67ms
[2025-12-20 14:13:58] [INFO] REQ: POST /predict - Status: 200 - Czas: 7.14ms
[2025-12-20 14:13:58] [INFO] REQ: POST /predict - Status: 200 - Czas: 7.14ms
[2025-12-20 14:13:58] [INFO] REQ: POST /predict - Status: 200 - Czas: 4.05ms
[2025-12-20 14:13:58] [INFO] REQ: POST /predict - Status: 200 - Czas: 7.03ms
[2025-12-20 14:13:58] [INFO] REQ: POST /predict - Status: 200 - Czas: 8.03ms
[2025-12-20 14:13:58] [INFO] REQ: POST /predict - Status: 200 - Czas: 10.62ms
[2025-12-20 14:13:58] [INFO] REQ: POST /predict - Status: 200 - Czas: 10.11ms
[2025-12-20 14:13:58] [INFO] REQ: POST /predict - Status: 200 - Czas: 10.12ms
[2025-12-20 14:13:58] [INFO] REQ: POST /predict - Status: 200 - Czas: 7.58ms
[2025-12-20 14:13:58] [INFO] REQ: POST /predict - Status: 200 - Czas: 7.60ms
[2025-12-20 14:13:58] [INFO] REQ: POST /predict - Status: 200 - Czas: 6.54ms
[2025-12-20 14:13:58] [INFO] REQ: POST /predict - Status: 200 - Czas: 11.13ms
[2025-12-20 14:13:58] [INFO] REQ: POST /predict - Status: 200 - Czas: 12.64ms
[2025-12-20 14:13:58] [INFO] REQ: POST /predict - Status: 200 - Czas: 3.60ms
[2025-12-20 14:13:58] [INFO] REQ: POST /predict - Status: 200 - Czas: 5.51ms
[2025-12-20 14:13:58] [INFO] REQ: POST /predict - Status: 200 - Czas: 5.51ms
[2025-12-20 14:13:58] [INFO] REQ: POST /predict - Status: 200 - Czas: 6.52ms
[2025-12-20 14:13:58] [INFO] REQ: POST /predict - Status: 200 - Czas: 6.27ms
[2025-12-20 14:13:58] [INFO] REQ: POST /predict - Status: 200 - Czas: 6.29ms
[2025-12-20 14:13:58] [INFO] REQ: POST /predict - Status: 200 - Czas: 6.15ms
[2025-12-20 14:13:58] [INFO] REQ: POST /predict - Status: 200 - Czas: 8.29ms
[2025-12-20 14:13:58] [INFO] REQ: POST /predict - Status: 200 - Czas: 12.29ms
[2025-12-20 14:13:58] [INFO] REQ: POST /predict - Status: 200 - Czas: 12.33ms
[2025-12-20 14:13:58] [INFO] REQ: POST /predict - Status: 200 - Czas: 11.18ms
[2025-12-20 14:13:58] [INFO] REQ: POST /predict - Status: 200 - Czas: 7.01ms
[2025-12-20 14:13:58] [INFO] REQ: POST /predict - Status: 200 - Czas: 7.02ms
[2025-12-20 14:13:58] [INFO] REQ: POST /predict - Status: 200 - Czas: 10.06ms
[2025-12-20 14:13:58] [INFO] REQ: POST /predict - Status: 200 - Czas: 10.06ms
[2025-12-20 14:13:58] [INFO] REQ: POST /predict - Status: 200 - Czas: 9.62ms
[2025-12-20 14:13:58] [INFO] REQ: POST /predict - Status: 200 - Czas: 9.63ms
[2025-12-20 14:13:58] [INFO] REQ: POST /predict - Status: 200 - Czas: 5.03ms
[2025-12-20 14:13:58] [INFO] REQ: POST /predict - Status: 200 - Czas: 5.63ms
[2025-12-20 14:13:58] [INFO] REQ: POST /predict - Status: 200 - Czas: 6.64ms
[2025-12-20 14:13:58] [INFO] REQ: POST /predict - Status: 200 - Czas: 6.59ms
[2025-12-20 14:13:58] [INFO] REQ: POST /predict - Status: 200 - Czas: 7.60ms
[2025-12-20 14:13:58] [INFO] REQ: POST /predict - Status: 200 - Czas: 6.53ms
[2025-12-20 14:13:58] [INFO] REQ: POST /predict - Status: 200 - Czas: 3.64ms
[2025-12-20 14:13:58] [INFO] REQ: POST /predict - Status: 200 - Czas: 3.03ms
[2025-12-20 14:13:58] [INFO] REQ: POST /predict - Status: 200 - Czas: 7.51ms
[2025-12-20 14:13:58] [INFO] REQ: POST /predict - Status: 200 - Czas: 10.21ms
[2025-12-20 14:13:58] [INFO] REQ: POST /predict - Status: 200 - Czas: 8.21ms
[2025-12-20 14:13:58] [INFO] REQ: POST /predict - Status: 200 - Czas: 7.70ms
[2025-12-20 14:13:58] [INFO] REQ: POST /predict - Status: 200 - Czas: 4.51ms
[2025-12-20 14:13:58] [INFO] REQ: POST /predict - Status: 200 - Czas: 5.79ms
[2025-12-20 14:13:58] [INFO] REQ: POST /predict - Status: 200 - Czas: 6.51ms
[2025-12-20 14:13:58] [INFO] REQ: POST /predict - Status: 200 - Czas: 9.16ms
[2025-12-20 14:13:58] [INFO] REQ: POST /predict - Status: 200 - Czas: 9.66ms
[2025-12-20 14:13:58] [INFO] REQ: POST /predict - Status: 200 - Czas: 8.66ms
[2025-12-20 14:13:58] [INFO] REQ: POST /predict - Status: 200 - Czas: 6.70ms
[2025-12-20 14:13:58] [INFO] REQ: POST /predict - Status: 200 - Czas: 7.27ms
[2025-12-20 14:13:58] [INFO] REQ: POST /predict - Status: 200 - Czas: 8.77ms
[2025-12-20 14:13:58] [INFO] REQ: POST /predict - Status: 200 - Czas: 10.57ms
[2025-12-20 14:13:58] [INFO] REQ: POST /predict - Status: 200 - Czas: 11.57ms
[2025-12-20 14:13:58] [INFO] REQ: POST /predict - Status: 200 - Czas: 10.57ms
[2025-12-20 14:13:58] [INFO] REQ: POST /predict - Status: 200 - Czas: 3.51ms
[2025-12-20 14:13:58] [INFO] REQ: POST /predict - Status: 200 - Czas: 7.01ms
[2025-12-20 14:13:58] [INFO] REQ: POST /predict - Status: 200 - Czas: 9.11ms
[2025-12-20 14:13:58] [INFO] REQ: POST /predict - Status: 200 - Czas: 9.11ms
[2025-12-20 14:13:58] [INFO] REQ: POST /predict - Status: 200 - Czas: 9.53ms
[2025-12-20 14:13:58] [INFO] REQ: POST /predict - Status: 200 - Czas: 8.00ms
[2025-12-20 14:13:58] [INFO] REQ: POST /predict - Status: 200 - Czas: 4.07ms
[2025-12-20 14:13:58] [INFO] REQ: POST /predict - Status: 200 - Czas: 10.90ms
[2025-12-20 14:13:58] [INFO] REQ: POST /predict - Status: 200 - Czas: 15.98ms
[2025-12-20 14:13:58] [INFO] REQ: POST /predict - Status: 200 - Czas: 17.01ms
[2025-12-20 14:13:58] [INFO] REQ: POST /predict - Status: 200 - Czas: 16.01ms
[2025-12-20 14:13:58] [INFO] REQ: POST /predict - Status: 200 - Czas: 14.40ms
[2025-12-20 14:13:58] [INFO] REQ: POST /predict - Status: 200 - Czas: 3.09ms
[2025-12-20 14:13:58] [INFO] REQ: POST /predict - Status: 200 - Czas: 7.11ms
[2025-12-20 14:13:58] [INFO] REQ: POST /predict - Status: 200 - Czas: 7.42ms
[2025-12-20 14:13:58] [INFO] REQ: POST /predict - Status: 200 - Czas: 10.42ms
[2025-12-20 14:13:58] [INFO] REQ: POST /predict - Status: 200 - Czas: 10.42ms
[2025-12-20 14:13:58] [INFO] REQ: POST /predict - Status: 200 - Czas: 4.50ms
[2025-12-20 14:13:58] [INFO] REQ: POST /predict - Status: 200 - Czas: 7.22ms
[2025-12-20 14:13:58] [INFO] REQ: POST /predict - Status: 200 - Czas: 9.72ms
[2025-12-20 14:13:58] [INFO] REQ: POST /predict - Status: 200 - Czas: 8.72ms
[2025-12-20 14:13:58] [INFO] REQ: POST /predict - Status: 200 - Czas: 10.22ms
[2025-12-20 14:13:58] [INFO] REQ: POST /predict - Status: 200 - Czas: 10.22ms
[2025-12-20 14:13:58] [INFO] REQ: POST /predict - Status: 200 - Czas: 7.54ms
[2025-12-20 14:13:58] [INFO] REQ: POST /predict - Status: 200 - Czas: 8.05ms
[2025-12-20 14:13:58] [INFO] REQ: POST /predict - Status: 200 - Czas: 10.05ms
[2025-12-20 14:13:58] [INFO] REQ: POST /predict - Status: 200 - Czas: 10.24ms
[2025-12-20 14:13:58] [INFO] REQ: POST /predict - Status: 200 - Czas: 7.21ms
[2025-12-20 14:13:59] [INFO] REQ: POST /predict - Status: 200 - Czas: 3.51ms
[2025-12-20 14:13:59] [INFO] REQ: POST /predict - Status: 200 - Czas: 4.01ms
[2025-12-20 14:13:59] [INFO] REQ: POST /predict - Status: 200 - Czas: 6.52ms
[2025-12-20 14:13:59] [INFO] REQ: POST /predict - Status: 200 - Czas: 5.52ms
