[2025-12-20 13:26:12] [INFO] ML model and tokenizer loaded successfully.
[2025-12-20 13:26:12] [INFO] Started server process [1]
[2025-12-20 13:26:12] [INFO] Waiting for application startup.
[2025-12-20 13:26:12] [INFO] [Lifespan] Server is starting up...
[2025-12-20 13:26:12] [INFO] Application startup complete.
[2025-12-20 13:26:12] [INFO] Uvicorn running on http://0.0.0.0:8000 (Press CTRL+C to quit)
[2025-12-20 13:26:47] [INFO] REQ: POST /predict - Status: 200 - Czas: 64.71ms
[2025-12-20 13:26:47] [INFO] REQ: POST /predict - Status: 200 - Czas: 64.93ms
[2025-12-20 13:26:47] [INFO] REQ: POST /predict - Status: 200 - Czas: 65.05ms
[2025-12-20 13:26:47] [INFO] REQ: POST /predict - Status: 200 - Czas: 65.21ms
[2025-12-20 13:26:47] [INFO] REQ: POST /predict - Status: 200 - Czas: 65.33ms
[2025-12-20 13:26:47] [INFO] REQ: POST /predict - Status: 200 - Czas: 65.47ms
[2025-12-20 13:26:47] [INFO] REQ: POST /predict - Status: 200 - Czas: 65.63ms
[2025-12-20 13:26:47] [INFO] REQ: POST /predict - Status: 200 - Czas: 65.78ms
[2025-12-20 13:26:47] [INFO] REQ: POST /predict - Status: 200 - Czas: 65.91ms
[2025-12-20 13:26:47] [INFO] REQ: POST /predict - Status: 200 - Czas: 66.05ms
[2025-12-20 13:26:47] [INFO] REQ: POST /predict - Status: 200 - Czas: 66.10ms
[2025-12-20 13:26:47] [INFO] REQ: POST /predict - Status: 200 - Czas: 66.22ms
[2025-12-20 13:26:47] [INFO] REQ: POST /predict - Status: 200 - Czas: 66.34ms
[2025-12-20 13:26:47] [INFO] REQ: POST /predict - Status: 200 - Czas: 66.46ms
[2025-12-20 13:26:47] [INFO] REQ: POST /predict - Status: 200 - Czas: 66.60ms
[2025-12-20 13:26:47] [INFO] REQ: POST /predict - Status: 200 - Czas: 66.78ms
[2025-12-20 13:26:47] [INFO] REQ: POST /predict - Status: 200 - Czas: 66.90ms
[2025-12-20 13:26:47] [INFO] REQ: POST /predict - Status: 200 - Czas: 67.06ms
[2025-12-20 13:26:47] [INFO] REQ: POST /predict - Status: 200 - Czas: 67.17ms
[2025-12-20 13:26:47] [INFO] REQ: POST /predict - Status: 200 - Czas: 67.27ms
[2025-12-20 13:26:47] [INFO] REQ: POST /predict - Status: 200 - Czas: 67.37ms
[2025-12-20 13:26:47] [INFO] REQ: POST /predict - Status: 200 - Czas: 67.51ms
[2025-12-20 13:26:47] [INFO] REQ: POST /predict - Status: 200 - Czas: 67.62ms
[2025-12-20 13:26:47] [INFO] REQ: POST /predict - Status: 200 - Czas: 67.69ms
[2025-12-20 13:26:47] [INFO] REQ: POST /predict - Status: 200 - Czas: 67.84ms
[2025-12-20 13:26:47] [INFO] REQ: POST /predict - Status: 200 - Czas: 67.99ms
[2025-12-20 13:26:47] [INFO] REQ: POST /predict - Status: 200 - Czas: 68.11ms
[2025-12-20 13:26:47] [INFO] REQ: POST /predict - Status: 200 - Czas: 68.26ms
[2025-12-20 13:26:47] [INFO] REQ: POST /predict - Status: 200 - Czas: 68.40ms
[2025-12-20 13:26:47] [INFO] REQ: POST /predict - Status: 200 - Czas: 68.53ms
[2025-12-20 13:26:47] [INFO] REQ: POST /predict - Status: 200 - Czas: 68.64ms
[2025-12-20 13:26:47] [INFO] REQ: POST /predict - Status: 200 - Czas: 68.76ms
[2025-12-20 13:26:47] [INFO] REQ: POST /predict - Status: 200 - Czas: 68.91ms
[2025-12-20 13:26:47] [INFO] REQ: POST /predict - Status: 200 - Czas: 69.06ms
[2025-12-20 13:26:47] [INFO] REQ: POST /predict - Status: 200 - Czas: 69.16ms
[2025-12-20 13:26:47] [INFO] REQ: POST /predict - Status: 200 - Czas: 69.09ms
[2025-12-20 13:26:47] [INFO] REQ: POST /predict - Status: 200 - Czas: 69.22ms
[2025-12-20 13:26:47] [INFO] REQ: POST /predict - Status: 200 - Czas: 69.34ms
[2025-12-20 13:26:47] [INFO] REQ: POST /predict - Status: 200 - Czas: 69.45ms
[2025-12-20 13:26:47] [INFO] REQ: POST /predict - Status: 200 - Czas: 69.56ms
[2025-12-20 13:26:47] [INFO] REQ: POST /predict - Status: 200 - Czas: 69.69ms
[2025-12-20 13:26:47] [INFO] REQ: POST /predict - Status: 200 - Czas: 69.82ms
[2025-12-20 13:26:47] [INFO] REQ: POST /predict - Status: 200 - Czas: 69.98ms
[2025-12-20 13:26:47] [INFO] REQ: POST /predict - Status: 200 - Czas: 70.08ms
[2025-12-20 13:26:47] [INFO] REQ: POST /predict - Status: 200 - Czas: 92.95ms
[2025-12-20 13:26:47] [INFO] REQ: POST /predict - Status: 200 - Czas: 93.11ms
[2025-12-20 13:26:47] [INFO] REQ: POST /predict - Status: 200 - Czas: 93.19ms
[2025-12-20 13:26:47] [INFO] REQ: POST /predict - Status: 200 - Czas: 93.38ms
[2025-12-20 13:26:47] [INFO] REQ: POST /predict - Status: 200 - Czas: 93.53ms
[2025-12-20 13:26:47] [INFO] REQ: POST /predict - Status: 200 - Czas: 93.66ms
[2025-12-20 13:26:47] [INFO] REQ: POST /predict - Status: 200 - Czas: 93.81ms
[2025-12-20 13:26:47] [INFO] REQ: POST /predict - Status: 200 - Czas: 93.92ms
[2025-12-20 13:26:47] [INFO] REQ: POST /predict - Status: 200 - Czas: 94.03ms
[2025-12-20 13:26:47] [INFO] REQ: POST /predict - Status: 200 - Czas: 94.18ms
[2025-12-20 13:26:47] [INFO] REQ: POST /predict - Status: 200 - Czas: 93.52ms
[2025-12-20 13:26:47] [INFO] REQ: POST /predict - Status: 200 - Czas: 93.62ms
[2025-12-20 13:26:47] [INFO] REQ: POST /predict - Status: 200 - Czas: 93.78ms
[2025-12-20 13:26:47] [INFO] REQ: POST /predict - Status: 200 - Czas: 93.93ms
[2025-12-20 13:26:47] [INFO] REQ: POST /predict - Status: 200 - Czas: 94.05ms
[2025-12-20 13:26:47] [INFO] REQ: POST /predict - Status: 200 - Czas: 94.23ms
[2025-12-20 13:26:47] [INFO] REQ: POST /predict - Status: 200 - Czas: 94.39ms
[2025-12-20 13:26:47] [INFO] REQ: POST /predict - Status: 200 - Czas: 94.51ms
[2025-12-20 13:26:47] [INFO] REQ: POST /predict - Status: 200 - Czas: 94.65ms
[2025-12-20 13:26:47] [INFO] REQ: POST /predict - Status: 200 - Czas: 94.76ms
[2025-12-20 13:26:47] [INFO] REQ: POST /predict - Status: 200 - Czas: 94.93ms
[2025-12-20 13:26:47] [INFO] REQ: POST /predict - Status: 200 - Czas: 95.10ms
[2025-12-20 13:26:47] [INFO] REQ: POST /predict - Status: 200 - Czas: 95.25ms
[2025-12-20 13:26:47] [INFO] REQ: POST /predict - Status: 200 - Czas: 95.38ms
[2025-12-20 13:26:47] [INFO] REQ: POST /predict - Status: 200 - Czas: 95.49ms
[2025-12-20 13:26:47] [INFO] REQ: POST /predict - Status: 200 - Czas: 95.59ms
[2025-12-20 13:26:47] [INFO] REQ: POST /predict - Status: 200 - Czas: 95.77ms
[2025-12-20 13:26:47] [INFO] REQ: POST /predict - Status: 200 - Czas: 95.93ms
[2025-12-20 13:26:47] [INFO] REQ: POST /predict - Status: 200 - Czas: 96.05ms
[2025-12-20 13:26:47] [INFO] REQ: POST /predict - Status: 200 - Czas: 96.22ms
[2025-12-20 13:26:47] [INFO] REQ: POST /predict - Status: 200 - Czas: 96.39ms
[2025-12-20 13:26:47] [INFO] REQ: POST /predict - Status: 200 - Czas: 96.50ms
[2025-12-20 13:26:47] [INFO] REQ: POST /predict - Status: 200 - Czas: 96.60ms
[2025-12-20 13:26:47] [INFO] REQ: POST /predict - Status: 200 - Czas: 96.68ms
[2025-12-20 13:26:47] [INFO] REQ: POST /predict - Status: 200 - Czas: 96.78ms
[2025-12-20 13:26:47] [INFO] REQ: POST /predict - Status: 200 - Czas: 96.90ms
[2025-12-20 13:26:47] [INFO] REQ: POST /predict - Status: 200 - Czas: 97.00ms
[2025-12-20 13:26:47] [INFO] REQ: POST /predict - Status: 200 - Czas: 97.06ms
[2025-12-20 13:26:47] [INFO] REQ: POST /predict - Status: 200 - Czas: 97.15ms
[2025-12-20 13:26:47] [INFO] REQ: POST /predict - Status: 200 - Czas: 97.28ms
[2025-12-20 13:26:47] [INFO] REQ: POST /predict - Status: 200 - Czas: 97.39ms
[2025-12-20 13:26:47] [INFO] REQ: POST /predict - Status: 200 - Czas: 97.49ms
[2025-12-20 13:26:47] [INFO] REQ: POST /predict - Status: 200 - Czas: 97.57ms
[2025-12-20 13:26:47] [INFO] REQ: POST /predict - Status: 200 - Czas: 97.65ms
[2025-12-20 13:26:47] [INFO] REQ: POST /predict - Status: 200 - Czas: 97.74ms
[2025-12-20 13:26:47] [INFO] REQ: POST /predict - Status: 200 - Czas: 97.82ms
[2025-12-20 13:26:47] [INFO] REQ: POST /predict - Status: 200 - Czas: 97.86ms
[2025-12-20 13:26:47] [INFO] REQ: POST /predict - Status: 200 - Czas: 97.93ms
[2025-12-20 13:26:47] [INFO] REQ: POST /predict - Status: 200 - Czas: 98.03ms
[2025-12-20 13:26:47] [INFO] REQ: POST /predict - Status: 200 - Czas: 98.11ms
[2025-12-20 13:26:47] [INFO] REQ: POST /predict - Status: 200 - Czas: 98.20ms
[2025-12-20 13:26:47] [INFO] REQ: POST /predict - Status: 200 - Czas: 98.31ms
[2025-12-20 13:26:47] [INFO] REQ: POST /predict - Status: 200 - Czas: 98.39ms
[2025-12-20 13:26:47] [INFO] REQ: POST /predict - Status: 200 - Czas: 98.47ms
[2025-12-20 13:26:47] [INFO] REQ: POST /predict - Status: 200 - Czas: 98.56ms
[2025-12-20 13:26:47] [INFO] REQ: POST /predict - Status: 200 - Czas: 98.60ms
[2025-12-20 13:26:47] [INFO] REQ: POST /predict - Status: 200 - Czas: 46.65ms
[2025-12-20 13:26:47] [INFO] REQ: POST /predict - Status: 200 - Czas: 46.80ms
[2025-12-20 13:26:47] [INFO] REQ: POST /predict - Status: 200 - Czas: 46.90ms
[2025-12-20 13:26:47] [INFO] REQ: POST /predict - Status: 200 - Czas: 47.05ms
[2025-12-20 13:26:47] [INFO] REQ: POST /predict - Status: 200 - Czas: 47.21ms
[2025-12-20 13:26:47] [INFO] REQ: POST /predict - Status: 200 - Czas: 47.32ms
[2025-12-20 13:26:47] [INFO] REQ: POST /predict - Status: 200 - Czas: 47.40ms
[2025-12-20 13:26:47] [INFO] REQ: POST /predict - Status: 200 - Czas: 47.54ms
[2025-12-20 13:26:47] [INFO] REQ: POST /predict - Status: 200 - Czas: 47.70ms
[2025-12-20 13:26:47] [INFO] REQ: POST /predict - Status: 200 - Czas: 47.82ms
[2025-12-20 13:26:47] [INFO] REQ: POST /predict - Status: 200 - Czas: 47.68ms
[2025-12-20 13:26:47] [INFO] REQ: POST /predict - Status: 200 - Czas: 47.80ms
[2025-12-20 13:26:47] [INFO] REQ: POST /predict - Status: 200 - Czas: 47.86ms
[2025-12-20 13:26:47] [INFO] REQ: POST /predict - Status: 200 - Czas: 48.01ms
[2025-12-20 13:26:47] [INFO] REQ: POST /predict - Status: 200 - Czas: 48.12ms
[2025-12-20 13:26:47] [INFO] REQ: POST /predict - Status: 200 - Czas: 48.26ms
[2025-12-20 13:26:47] [INFO] REQ: POST /predict - Status: 200 - Czas: 48.40ms
[2025-12-20 13:26:47] [INFO] REQ: POST /predict - Status: 200 - Czas: 48.54ms
[2025-12-20 13:26:47] [INFO] REQ: POST /predict - Status: 200 - Czas: 48.68ms
[2025-12-20 13:26:47] [INFO] REQ: POST /predict - Status: 200 - Czas: 48.85ms
[2025-12-20 13:26:47] [INFO] REQ: POST /predict - Status: 200 - Czas: 48.97ms
[2025-12-20 13:26:47] [INFO] REQ: POST /predict - Status: 200 - Czas: 49.10ms
[2025-12-20 13:26:47] [INFO] REQ: POST /predict - Status: 200 - Czas: 49.24ms
[2025-12-20 13:26:47] [INFO] REQ: POST /predict - Status: 200 - Czas: 49.37ms
[2025-12-20 13:26:47] [INFO] REQ: POST /predict - Status: 200 - Czas: 49.43ms
[2025-12-20 13:26:47] [INFO] REQ: POST /predict - Status: 200 - Czas: 49.58ms
[2025-12-20 13:26:47] [INFO] REQ: POST /predict - Status: 200 - Czas: 49.68ms
[2025-12-20 13:26:47] [INFO] REQ: POST /predict - Status: 200 - Czas: 49.83ms
[2025-12-20 13:26:47] [INFO] REQ: POST /predict - Status: 200 - Czas: 68.28ms
[2025-12-20 13:26:47] [INFO] REQ: POST /predict - Status: 200 - Czas: 68.45ms
[2025-12-20 13:26:47] [INFO] REQ: POST /predict - Status: 200 - Czas: 68.64ms
[2025-12-20 13:26:47] [INFO] REQ: POST /predict - Status: 200 - Czas: 68.80ms
[2025-12-20 13:26:47] [INFO] REQ: POST /predict - Status: 200 - Czas: 68.98ms
[2025-12-20 13:26:47] [INFO] REQ: POST /predict - Status: 200 - Czas: 69.09ms
[2025-12-20 13:26:47] [INFO] REQ: POST /predict - Status: 200 - Czas: 69.22ms
[2025-12-20 13:26:47] [INFO] REQ: POST /predict - Status: 200 - Czas: 69.39ms
[2025-12-20 13:26:47] [INFO] REQ: POST /predict - Status: 200 - Czas: 69.57ms
[2025-12-20 13:26:47] [INFO] REQ: POST /predict - Status: 200 - Czas: 69.75ms
[2025-12-20 13:26:47] [INFO] REQ: POST /predict - Status: 200 - Czas: 69.95ms
[2025-12-20 13:26:47] [INFO] REQ: POST /predict - Status: 200 - Czas: 70.10ms
[2025-12-20 13:26:47] [INFO] REQ: POST /predict - Status: 200 - Czas: 70.26ms
[2025-12-20 13:26:47] [INFO] REQ: POST /predict - Status: 200 - Czas: 70.39ms
[2025-12-20 13:26:47] [INFO] REQ: POST /predict - Status: 200 - Czas: 70.54ms
[2025-12-20 13:26:47] [INFO] REQ: POST /predict - Status: 200 - Czas: 70.67ms
[2025-12-20 13:26:47] [INFO] REQ: POST /predict - Status: 200 - Czas: 70.77ms
[2025-12-20 13:26:47] [INFO] REQ: POST /predict - Status: 200 - Czas: 70.86ms
[2025-12-20 13:26:47] [INFO] REQ: POST /predict - Status: 200 - Czas: 71.00ms
[2025-12-20 13:26:47] [INFO] REQ: POST /predict - Status: 200 - Czas: 71.17ms
[2025-12-20 13:26:47] [INFO] REQ: POST /predict - Status: 200 - Czas: 71.29ms
[2025-12-20 13:26:47] [INFO] REQ: POST /predict - Status: 200 - Czas: 71.39ms
[2025-12-20 13:26:47] [INFO] REQ: POST /predict - Status: 200 - Czas: 71.49ms
[2025-12-20 13:26:47] [INFO] REQ: POST /predict - Status: 200 - Czas: 71.60ms
[2025-12-20 13:26:47] [INFO] REQ: POST /predict - Status: 200 - Czas: 71.72ms
[2025-12-20 13:26:47] [INFO] REQ: POST /predict - Status: 200 - Czas: 71.77ms
[2025-12-20 13:26:47] [INFO] REQ: POST /predict - Status: 200 - Czas: 76.02ms
[2025-12-20 13:26:47] [INFO] REQ: POST /predict - Status: 200 - Czas: 76.21ms
[2025-12-20 13:26:47] [INFO] REQ: POST /predict - Status: 200 - Czas: 76.36ms
[2025-12-20 13:26:47] [INFO] REQ: POST /predict - Status: 200 - Czas: 76.50ms
[2025-12-20 13:26:47] [INFO] REQ: POST /predict - Status: 200 - Czas: 76.67ms
[2025-12-20 13:26:47] [INFO] REQ: POST /predict - Status: 200 - Czas: 76.83ms
[2025-12-20 13:26:47] [INFO] REQ: POST /predict - Status: 200 - Czas: 77.00ms
[2025-12-20 13:26:47] [INFO] REQ: POST /predict - Status: 200 - Czas: 77.17ms
[2025-12-20 13:26:47] [INFO] REQ: POST /predict - Status: 200 - Czas: 77.32ms
[2025-12-20 13:26:47] [INFO] REQ: POST /predict - Status: 200 - Czas: 77.48ms
[2025-12-20 13:26:47] [INFO] REQ: POST /predict - Status: 200 - Czas: 77.66ms
[2025-12-20 13:26:47] [INFO] REQ: POST /predict - Status: 200 - Czas: 77.82ms
[2025-12-20 13:26:47] [INFO] REQ: POST /predict - Status: 200 - Czas: 77.91ms
[2025-12-20 13:26:47] [INFO] REQ: POST /predict - Status: 200 - Czas: 78.07ms
[2025-12-20 13:26:47] [INFO] REQ: POST /predict - Status: 200 - Czas: 78.22ms
[2025-12-20 13:26:47] [INFO] REQ: POST /predict - Status: 200 - Czas: 78.37ms
[2025-12-20 13:26:47] [INFO] REQ: POST /predict - Status: 200 - Czas: 78.54ms
[2025-12-20 13:26:47] [INFO] REQ: POST /predict - Status: 200 - Czas: 78.67ms
[2025-12-20 13:26:47] [INFO] REQ: POST /predict - Status: 200 - Czas: 78.82ms
[2025-12-20 13:26:47] [INFO] REQ: POST /predict - Status: 200 - Czas: 78.92ms
[2025-12-20 13:26:47] [INFO] REQ: POST /predict - Status: 200 - Czas: 79.09ms
[2025-12-20 13:26:47] [INFO] REQ: POST /predict - Status: 200 - Czas: 79.22ms
[2025-12-20 13:26:47] [INFO] REQ: POST /predict - Status: 200 - Czas: 79.33ms
[2025-12-20 13:26:47] [INFO] REQ: POST /predict - Status: 200 - Czas: 79.47ms
[2025-12-20 13:26:47] [INFO] REQ: POST /predict - Status: 200 - Czas: 79.63ms
[2025-12-20 13:26:47] [INFO] REQ: POST /predict - Status: 200 - Czas: 79.77ms
[2025-12-20 13:26:47] [INFO] REQ: POST /predict - Status: 200 - Czas: 79.89ms
[2025-12-20 13:26:47] [INFO] REQ: POST /predict - Status: 200 - Czas: 80.02ms
[2025-12-20 13:26:47] [INFO] REQ: POST /predict - Status: 200 - Czas: 80.16ms
[2025-12-20 13:26:47] [INFO] REQ: POST /predict - Status: 200 - Czas: 80.32ms
[2025-12-20 13:26:47] [INFO] REQ: POST /predict - Status: 200 - Czas: 80.47ms
[2025-12-20 13:26:47] [INFO] REQ: POST /predict - Status: 200 - Czas: 79.92ms
[2025-12-20 13:26:47] [INFO] REQ: POST /predict - Status: 200 - Czas: 80.04ms
[2025-12-20 13:26:47] [INFO] REQ: POST /predict - Status: 200 - Czas: 80.17ms
[2025-12-20 13:26:47] [INFO] REQ: POST /predict - Status: 200 - Czas: 80.28ms
[2025-12-20 13:26:47] [INFO] REQ: POST /predict - Status: 200 - Czas: 80.40ms
[2025-12-20 13:26:47] [INFO] REQ: POST /predict - Status: 200 - Czas: 80.54ms
[2025-12-20 13:26:47] [INFO] REQ: POST /predict - Status: 200 - Czas: 80.66ms
[2025-12-20 13:26:47] [INFO] REQ: POST /predict - Status: 200 - Czas: 79.73ms
[2025-12-20 13:26:47] [INFO] REQ: POST /predict - Status: 200 - Czas: 79.88ms
[2025-12-20 13:26:47] [INFO] REQ: POST /predict - Status: 200 - Czas: 80.00ms
[2025-12-20 13:26:47] [INFO] REQ: POST /predict - Status: 200 - Czas: 80.13ms
[2025-12-20 13:26:47] [INFO] REQ: POST /predict - Status: 200 - Czas: 80.24ms
[2025-12-20 13:26:47] [INFO] REQ: POST /predict - Status: 200 - Czas: 80.37ms
[2025-12-20 13:26:47] [INFO] REQ: POST /predict - Status: 200 - Czas: 80.48ms
[2025-12-20 13:26:47] [INFO] REQ: POST /predict - Status: 200 - Czas: 80.62ms
[2025-12-20 13:26:47] [INFO] REQ: POST /predict - Status: 200 - Czas: 75.01ms
[2025-12-20 13:26:47] [INFO] REQ: POST /predict - Status: 200 - Czas: 75.18ms
[2025-12-20 13:26:47] [INFO] REQ: POST /predict - Status: 200 - Czas: 75.29ms
[2025-12-20 13:26:47] [INFO] REQ: POST /predict - Status: 200 - Czas: 75.45ms
[2025-12-20 13:26:47] [INFO] REQ: POST /predict - Status: 200 - Czas: 75.61ms
[2025-12-20 13:26:47] [INFO] REQ: POST /predict - Status: 200 - Czas: 75.78ms
[2025-12-20 13:26:47] [INFO] REQ: POST /predict - Status: 200 - Czas: 75.96ms
[2025-12-20 13:26:47] [INFO] REQ: POST /predict - Status: 200 - Czas: 76.09ms
[2025-12-20 13:26:47] [INFO] REQ: POST /predict - Status: 200 - Czas: 76.23ms
[2025-12-20 13:26:47] [INFO] REQ: POST /predict - Status: 200 - Czas: 76.39ms
[2025-12-20 13:26:47] [INFO] REQ: POST /predict - Status: 200 - Czas: 76.16ms
[2025-12-20 13:26:47] [INFO] REQ: POST /predict - Status: 200 - Czas: 76.29ms
[2025-12-20 13:26:47] [INFO] REQ: POST /predict - Status: 200 - Czas: 76.43ms
[2025-12-20 13:26:47] [INFO] REQ: POST /predict - Status: 200 - Czas: 76.56ms
[2025-12-20 13:26:47] [INFO] REQ: POST /predict - Status: 200 - Czas: 76.66ms
[2025-12-20 13:26:47] [INFO] REQ: POST /predict - Status: 200 - Czas: 76.82ms
[2025-12-20 13:26:47] [INFO] REQ: POST /predict - Status: 200 - Czas: 76.95ms
[2025-12-20 13:26:47] [INFO] REQ: POST /predict - Status: 200 - Czas: 77.09ms
[2025-12-20 13:26:47] [INFO] REQ: POST /predict - Status: 200 - Czas: 77.25ms
[2025-12-20 13:26:47] [INFO] REQ: POST /predict - Status: 200 - Czas: 77.36ms
[2025-12-20 13:26:47] [INFO] REQ: POST /predict - Status: 200 - Czas: 77.40ms
[2025-12-20 13:26:47] [INFO] REQ: POST /predict - Status: 200 - Czas: 77.52ms
[2025-12-20 13:26:47] [INFO] REQ: POST /predict - Status: 200 - Czas: 77.62ms
[2025-12-20 13:26:47] [INFO] REQ: POST /predict - Status: 200 - Czas: 77.74ms
[2025-12-20 13:26:47] [INFO] REQ: POST /predict - Status: 200 - Czas: 77.88ms
[2025-12-20 13:26:47] [INFO] REQ: POST /predict - Status: 200 - Czas: 78.01ms
[2025-12-20 13:26:47] [INFO] REQ: POST /predict - Status: 200 - Czas: 78.14ms
[2025-12-20 13:26:47] [INFO] REQ: POST /predict - Status: 200 - Czas: 78.29ms
[2025-12-20 13:26:47] [INFO] REQ: POST /predict - Status: 200 - Czas: 65.11ms
[2025-12-20 13:26:47] [INFO] REQ: POST /predict - Status: 200 - Czas: 65.29ms
[2025-12-20 13:26:47] [INFO] REQ: POST /predict - Status: 200 - Czas: 65.43ms
[2025-12-20 13:26:47] [INFO] REQ: POST /predict - Status: 200 - Czas: 65.59ms
[2025-12-20 13:26:47] [INFO] REQ: POST /predict - Status: 200 - Czas: 65.79ms
[2025-12-20 13:26:47] [INFO] REQ: POST /predict - Status: 200 - Czas: 65.96ms
[2025-12-20 13:26:47] [INFO] REQ: POST /predict - Status: 200 - Czas: 66.12ms
[2025-12-20 13:26:47] [INFO] REQ: POST /predict - Status: 200 - Czas: 66.28ms
[2025-12-20 13:26:47] [INFO] REQ: POST /predict - Status: 200 - Czas: 66.44ms
[2025-12-20 13:26:47] [INFO] REQ: POST /predict - Status: 200 - Czas: 66.62ms
[2025-12-20 13:26:47] [INFO] REQ: POST /predict - Status: 200 - Czas: 66.74ms
[2025-12-20 13:26:47] [INFO] REQ: POST /predict - Status: 200 - Czas: 66.88ms
[2025-12-20 13:26:47] [INFO] REQ: POST /predict - Status: 200 - Czas: 67.08ms
[2025-12-20 13:26:47] [INFO] REQ: POST /predict - Status: 200 - Czas: 67.24ms
[2025-12-20 13:26:47] [INFO] REQ: POST /predict - Status: 200 - Czas: 67.41ms
[2025-12-20 13:26:47] [INFO] REQ: POST /predict - Status: 200 - Czas: 67.58ms
[2025-12-20 13:26:47] [INFO] REQ: POST /predict - Status: 200 - Czas: 67.72ms
[2025-12-20 13:26:47] [INFO] REQ: POST /predict - Status: 200 - Czas: 67.87ms
[2025-12-20 13:26:47] [INFO] REQ: POST /predict - Status: 200 - Czas: 68.02ms
[2025-12-20 13:26:47] [INFO] REQ: POST /predict - Status: 200 - Czas: 68.11ms
[2025-12-20 13:26:47] [INFO] REQ: POST /predict - Status: 200 - Czas: 68.26ms
[2025-12-20 13:26:47] [INFO] REQ: POST /predict - Status: 200 - Czas: 68.42ms
[2025-12-20 13:26:47] [INFO] REQ: POST /predict - Status: 200 - Czas: 68.53ms
[2025-12-20 13:26:47] [INFO] REQ: POST /predict - Status: 200 - Czas: 68.68ms
[2025-12-20 13:26:47] [INFO] REQ: POST /predict - Status: 200 - Czas: 68.84ms
[2025-12-20 13:26:47] [INFO] REQ: POST /predict - Status: 200 - Czas: 68.94ms
[2025-12-20 13:26:48] [INFO] REQ: POST /predict - Status: 200 - Czas: 75.41ms
[2025-12-20 13:26:48] [INFO] REQ: POST /predict - Status: 200 - Czas: 75.59ms
[2025-12-20 13:26:48] [INFO] REQ: POST /predict - Status: 200 - Czas: 75.78ms
[2025-12-20 13:26:48] [INFO] REQ: POST /predict - Status: 200 - Czas: 76.00ms
[2025-12-20 13:26:48] [INFO] REQ: POST /predict - Status: 200 - Czas: 76.23ms
[2025-12-20 13:26:48] [INFO] REQ: POST /predict - Status: 200 - Czas: 76.41ms
[2025-12-20 13:26:48] [INFO] REQ: POST /predict - Status: 200 - Czas: 76.56ms
[2025-12-20 13:26:48] [INFO] REQ: POST /predict - Status: 200 - Czas: 76.77ms
[2025-12-20 13:26:48] [INFO] REQ: POST /predict - Status: 200 - Czas: 76.96ms
[2025-12-20 13:26:48] [INFO] REQ: POST /predict - Status: 200 - Czas: 77.16ms
[2025-12-20 13:26:48] [INFO] REQ: POST /predict - Status: 200 - Czas: 77.35ms
[2025-12-20 13:26:48] [INFO] REQ: POST /predict - Status: 200 - Czas: 77.56ms
[2025-12-20 13:26:48] [INFO] REQ: POST /predict - Status: 200 - Czas: 77.69ms
[2025-12-20 13:26:48] [INFO] REQ: POST /predict - Status: 200 - Czas: 77.86ms
[2025-12-20 13:26:48] [INFO] REQ: POST /predict - Status: 200 - Czas: 78.03ms
[2025-12-20 13:26:48] [INFO] REQ: POST /predict - Status: 200 - Czas: 78.18ms
[2025-12-20 13:26:48] [INFO] REQ: POST /predict - Status: 200 - Czas: 78.34ms
[2025-12-20 13:26:48] [INFO] REQ: POST /predict - Status: 200 - Czas: 78.57ms
[2025-12-20 13:26:48] [INFO] REQ: POST /predict - Status: 200 - Czas: 78.72ms
[2025-12-20 13:26:48] [INFO] REQ: POST /predict - Status: 200 - Czas: 78.87ms
[2025-12-20 13:26:48] [INFO] REQ: POST /predict - Status: 200 - Czas: 79.02ms
[2025-12-20 13:26:48] [INFO] REQ: POST /predict - Status: 200 - Czas: 79.16ms
[2025-12-20 13:26:48] [INFO] REQ: POST /predict - Status: 200 - Czas: 79.25ms
[2025-12-20 13:26:48] [INFO] REQ: POST /predict - Status: 200 - Czas: 79.41ms
[2025-12-20 13:26:48] [INFO] REQ: POST /predict - Status: 200 - Czas: 79.55ms
[2025-12-20 13:26:48] [INFO] REQ: POST /predict - Status: 200 - Czas: 79.67ms
[2025-12-20 13:26:48] [INFO] REQ: POST /predict - Status: 200 - Czas: 79.80ms
[2025-12-20 13:26:48] [INFO] REQ: POST /predict - Status: 200 - Czas: 79.92ms
[2025-12-20 13:26:48] [INFO] REQ: POST /predict - Status: 200 - Czas: 80.06ms
[2025-12-20 13:26:48] [INFO] REQ: POST /predict - Status: 200 - Czas: 80.20ms
[2025-12-20 13:26:48] [INFO] REQ: POST /predict - Status: 200 - Czas: 80.34ms
[2025-12-20 13:26:48] [INFO] REQ: POST /predict - Status: 200 - Czas: 79.80ms
[2025-12-20 13:26:48] [INFO] REQ: POST /predict - Status: 200 - Czas: 79.90ms
[2025-12-20 13:26:48] [INFO] REQ: POST /predict - Status: 200 - Czas: 80.01ms
[2025-12-20 13:26:48] [INFO] REQ: POST /predict - Status: 200 - Czas: 80.10ms
[2025-12-20 13:26:48] [INFO] REQ: POST /predict - Status: 200 - Czas: 79.36ms
[2025-12-20 13:26:48] [INFO] REQ: POST /predict - Status: 200 - Czas: 79.51ms
[2025-12-20 13:26:48] [INFO] REQ: POST /predict - Status: 200 - Czas: 79.64ms
[2025-12-20 13:26:48] [INFO] REQ: POST /predict - Status: 200 - Czas: 79.79ms
[2025-12-20 13:26:48] [INFO] REQ: POST /predict - Status: 200 - Czas: 79.93ms
[2025-12-20 13:26:48] [INFO] REQ: POST /predict - Status: 200 - Czas: 80.05ms
[2025-12-20 13:26:48] [INFO] REQ: POST /predict - Status: 200 - Czas: 80.18ms
[2025-12-20 13:26:48] [INFO] REQ: POST /predict - Status: 200 - Czas: 80.28ms
[2025-12-20 13:26:48] [INFO] REQ: POST /predict - Status: 200 - Czas: 80.44ms
[2025-12-20 13:26:48] [INFO] REQ: POST /predict - Status: 200 - Czas: 80.59ms
[2025-12-20 13:26:48] [INFO] REQ: POST /predict - Status: 200 - Czas: 80.72ms
[2025-12-20 13:26:48] [INFO] REQ: POST /predict - Status: 200 - Czas: 50.12ms
[2025-12-20 13:26:48] [INFO] REQ: POST /predict - Status: 200 - Czas: 50.27ms
[2025-12-20 13:26:48] [INFO] REQ: POST /predict - Status: 200 - Czas: 50.37ms
[2025-12-20 13:26:48] [INFO] REQ: POST /predict - Status: 200 - Czas: 50.53ms
[2025-12-20 13:26:48] [INFO] REQ: POST /predict - Status: 200 - Czas: 50.67ms
[2025-12-20 13:26:48] [INFO] REQ: POST /predict - Status: 200 - Czas: 50.78ms
[2025-12-20 13:26:48] [INFO] REQ: POST /predict - Status: 200 - Czas: 50.91ms
[2025-12-20 13:26:48] [INFO] REQ: POST /predict - Status: 200 - Czas: 51.04ms
[2025-12-20 13:26:48] [INFO] REQ: POST /predict - Status: 200 - Czas: 51.20ms
[2025-12-20 13:26:48] [INFO] REQ: POST /predict - Status: 200 - Czas: 51.31ms
[2025-12-20 13:26:48] [INFO] REQ: POST /predict - Status: 200 - Czas: 51.25ms
[2025-12-20 13:26:48] [INFO] REQ: POST /predict - Status: 200 - Czas: 51.37ms
[2025-12-20 13:26:48] [INFO] REQ: POST /predict - Status: 200 - Czas: 51.50ms
[2025-12-20 13:26:48] [INFO] REQ: POST /predict - Status: 200 - Czas: 51.65ms
[2025-12-20 13:26:48] [INFO] REQ: POST /predict - Status: 200 - Czas: 51.77ms
[2025-12-20 13:26:48] [INFO] REQ: POST /predict - Status: 200 - Czas: 51.91ms
[2025-12-20 13:26:48] [INFO] REQ: POST /predict - Status: 200 - Czas: 52.01ms
[2025-12-20 13:26:48] [INFO] REQ: POST /predict - Status: 200 - Czas: 52.12ms
[2025-12-20 13:26:48] [INFO] REQ: POST /predict - Status: 200 - Czas: 52.26ms
[2025-12-20 13:26:48] [INFO] REQ: POST /predict - Status: 200 - Czas: 52.37ms
[2025-12-20 13:26:48] [INFO] REQ: POST /predict - Status: 200 - Czas: 52.46ms
[2025-12-20 13:26:48] [INFO] REQ: POST /predict - Status: 200 - Czas: 52.61ms
[2025-12-20 13:26:48] [INFO] REQ: POST /predict - Status: 200 - Czas: 52.72ms
[2025-12-20 13:26:48] [INFO] REQ: POST /predict - Status: 200 - Czas: 52.85ms
[2025-12-20 13:26:48] [INFO] REQ: POST /predict - Status: 200 - Czas: 53.00ms
[2025-12-20 13:26:48] [INFO] REQ: POST /predict - Status: 200 - Czas: 53.15ms
[2025-12-20 13:26:48] [INFO] REQ: POST /predict - Status: 200 - Czas: 53.29ms
[2025-12-20 13:26:48] [INFO] REQ: POST /predict - Status: 200 - Czas: 53.40ms
[2025-12-20 13:26:48] [INFO] REQ: POST /predict - Status: 200 - Czas: 69.15ms
[2025-12-20 13:26:48] [INFO] REQ: POST /predict - Status: 200 - Czas: 69.34ms
[2025-12-20 13:26:48] [INFO] REQ: POST /predict - Status: 200 - Czas: 69.50ms
[2025-12-20 13:26:48] [INFO] REQ: POST /predict - Status: 200 - Czas: 69.64ms
[2025-12-20 13:26:48] [INFO] REQ: POST /predict - Status: 200 - Czas: 69.80ms
[2025-12-20 13:26:48] [INFO] REQ: POST /predict - Status: 200 - Czas: 69.90ms
[2025-12-20 13:26:48] [INFO] REQ: POST /predict - Status: 200 - Czas: 70.02ms
[2025-12-20 13:26:48] [INFO] REQ: POST /predict - Status: 200 - Czas: 70.18ms
[2025-12-20 13:26:48] [INFO] REQ: POST /predict - Status: 200 - Czas: 70.34ms
[2025-12-20 13:26:48] [INFO] REQ: POST /predict - Status: 200 - Czas: 70.51ms
[2025-12-20 13:26:48] [INFO] REQ: POST /predict - Status: 200 - Czas: 70.66ms
[2025-12-20 13:26:48] [INFO] REQ: POST /predict - Status: 200 - Czas: 70.83ms
[2025-12-20 13:26:48] [INFO] REQ: POST /predict - Status: 200 - Czas: 70.94ms
[2025-12-20 13:26:48] [INFO] REQ: POST /predict - Status: 200 - Czas: 71.07ms
[2025-12-20 13:26:48] [INFO] REQ: POST /predict - Status: 200 - Czas: 71.22ms
[2025-12-20 13:26:48] [INFO] REQ: POST /predict - Status: 200 - Czas: 71.33ms
[2025-12-20 13:26:48] [INFO] REQ: POST /predict - Status: 200 - Czas: 71.49ms
[2025-12-20 13:26:48] [INFO] REQ: POST /predict - Status: 200 - Czas: 71.66ms
[2025-12-20 13:26:48] [INFO] REQ: POST /predict - Status: 200 - Czas: 71.82ms
[2025-12-20 13:26:48] [INFO] REQ: POST /predict - Status: 200 - Czas: 71.98ms
[2025-12-20 13:26:48] [INFO] REQ: POST /predict - Status: 200 - Czas: 72.15ms
[2025-12-20 13:26:48] [INFO] REQ: POST /predict - Status: 200 - Czas: 72.33ms
[2025-12-20 13:26:48] [INFO] REQ: POST /predict - Status: 200 - Czas: 72.48ms
[2025-12-20 13:26:48] [INFO] REQ: POST /predict - Status: 200 - Czas: 72.64ms
[2025-12-20 13:26:48] [INFO] REQ: POST /predict - Status: 200 - Czas: 72.76ms
[2025-12-20 13:26:48] [INFO] REQ: POST /predict - Status: 200 - Czas: 72.81ms
[2025-12-20 13:26:48] [INFO] REQ: POST /predict - Status: 200 - Czas: 78.18ms
[2025-12-20 13:26:48] [INFO] REQ: POST /predict - Status: 200 - Czas: 78.35ms
[2025-12-20 13:26:48] [INFO] REQ: POST /predict - Status: 200 - Czas: 78.51ms
[2025-12-20 13:26:48] [INFO] REQ: POST /predict - Status: 200 - Czas: 78.67ms
[2025-12-20 13:26:48] [INFO] REQ: POST /predict - Status: 200 - Czas: 78.83ms
[2025-12-20 13:26:48] [INFO] REQ: POST /predict - Status: 200 - Czas: 78.93ms
[2025-12-20 13:26:48] [INFO] REQ: POST /predict - Status: 200 - Czas: 79.07ms
[2025-12-20 13:26:48] [INFO] REQ: POST /predict - Status: 200 - Czas: 79.25ms
[2025-12-20 13:26:48] [INFO] REQ: POST /predict - Status: 200 - Czas: 79.40ms
[2025-12-20 13:26:48] [INFO] REQ: POST /predict - Status: 200 - Czas: 79.56ms
[2025-12-20 13:26:48] [INFO] REQ: POST /predict - Status: 200 - Czas: 79.75ms
[2025-12-20 13:26:48] [INFO] REQ: POST /predict - Status: 200 - Czas: 79.88ms
[2025-12-20 13:26:48] [INFO] REQ: POST /predict - Status: 200 - Czas: 79.99ms
[2025-12-20 13:26:48] [INFO] REQ: POST /predict - Status: 200 - Czas: 80.10ms
[2025-12-20 13:26:48] [INFO] REQ: POST /predict - Status: 200 - Czas: 80.20ms
[2025-12-20 13:26:48] [INFO] REQ: POST /predict - Status: 200 - Czas: 80.30ms
[2025-12-20 13:26:48] [INFO] REQ: POST /predict - Status: 200 - Czas: 80.40ms
[2025-12-20 13:26:48] [INFO] REQ: POST /predict - Status: 200 - Czas: 80.51ms
[2025-12-20 13:26:48] [INFO] REQ: POST /predict - Status: 200 - Czas: 80.63ms
[2025-12-20 13:26:48] [INFO] REQ: POST /predict - Status: 200 - Czas: 80.74ms
[2025-12-20 13:26:48] [INFO] REQ: POST /predict - Status: 200 - Czas: 80.81ms
[2025-12-20 13:26:48] [INFO] REQ: POST /predict - Status: 200 - Czas: 80.88ms
[2025-12-20 13:26:48] [INFO] REQ: POST /predict - Status: 200 - Czas: 81.00ms
[2025-12-20 13:26:48] [INFO] REQ: POST /predict - Status: 200 - Czas: 81.14ms
[2025-12-20 13:26:48] [INFO] REQ: POST /predict - Status: 200 - Czas: 81.27ms
[2025-12-20 13:26:48] [INFO] REQ: POST /predict - Status: 200 - Czas: 80.60ms
[2025-12-20 13:26:48] [INFO] REQ: POST /predict - Status: 200 - Czas: 80.72ms
[2025-12-20 13:26:48] [INFO] REQ: POST /predict - Status: 200 - Czas: 80.86ms
[2025-12-20 13:26:48] [INFO] REQ: POST /predict - Status: 200 - Czas: 81.00ms
[2025-12-20 13:26:48] [INFO] REQ: POST /predict - Status: 200 - Czas: 81.13ms
[2025-12-20 13:26:48] [INFO] REQ: POST /predict - Status: 200 - Czas: 81.26ms
[2025-12-20 13:26:48] [INFO] REQ: POST /predict - Status: 200 - Czas: 81.39ms
[2025-12-20 13:26:48] [INFO] REQ: POST /predict - Status: 200 - Czas: 81.51ms
[2025-12-20 13:26:48] [INFO] REQ: POST /predict - Status: 200 - Czas: 81.68ms
[2025-12-20 13:26:48] [INFO] REQ: POST /predict - Status: 200 - Czas: 81.77ms
[2025-12-20 13:26:48] [INFO] REQ: POST /predict - Status: 200 - Czas: 81.07ms
[2025-12-20 13:26:48] [INFO] REQ: POST /predict - Status: 200 - Czas: 81.22ms
[2025-12-20 13:26:48] [INFO] REQ: POST /predict - Status: 200 - Czas: 81.31ms
[2025-12-20 13:26:48] [INFO] REQ: POST /predict - Status: 200 - Czas: 81.46ms
[2025-12-20 13:26:48] [INFO] REQ: POST /predict - Status: 200 - Czas: 81.60ms
[2025-12-20 13:26:48] [INFO] REQ: POST /predict - Status: 200 - Czas: 81.71ms
[2025-12-20 13:26:48] [INFO] REQ: POST /predict - Status: 200 - Czas: 81.85ms
[2025-12-20 13:26:48] [INFO] REQ: POST /predict - Status: 200 - Czas: 81.98ms
[2025-12-20 13:26:48] [INFO] REQ: POST /predict - Status: 200 - Czas: 82.11ms
[2025-12-20 13:26:48] [INFO] REQ: POST /predict - Status: 200 - Czas: 82.27ms
[2025-12-20 13:26:48] [INFO] REQ: POST /predict - Status: 200 - Czas: 82.41ms
[2025-12-20 13:26:48] [INFO] REQ: POST /predict - Status: 200 - Czas: 50.12ms
[2025-12-20 13:26:48] [INFO] REQ: POST /predict - Status: 200 - Czas: 50.27ms
[2025-12-20 13:26:48] [INFO] REQ: POST /predict - Status: 200 - Czas: 50.39ms
[2025-12-20 13:26:48] [INFO] REQ: POST /predict - Status: 200 - Czas: 50.54ms
[2025-12-20 13:26:48] [INFO] REQ: POST /predict - Status: 200 - Czas: 50.69ms
[2025-12-20 13:26:48] [INFO] REQ: POST /predict - Status: 200 - Czas: 50.84ms
[2025-12-20 13:26:48] [INFO] REQ: POST /predict - Status: 200 - Czas: 50.96ms
[2025-12-20 13:26:48] [INFO] REQ: POST /predict - Status: 200 - Czas: 51.11ms
[2025-12-20 13:26:48] [ERROR] Exception in ASGI application
Traceback (most recent call last):
  File "/usr/local/lib/python3.12/site-packages/starlette/_exception_handler.py", line 42, in wrapped_app
    await app(scope, receive, sender)
  File "/usr/local/lib/python3.12/site-packages/fastapi/routing.py", line 106, in app
    response = await f(request)
               ^^^^^^^^^^^^^^^^
  File "/usr/local/lib/python3.12/site-packages/fastapi/routing.py", line 472, in app
    raise validation_error
fastapi.exceptions.RequestValidationError: 1 validation error:
  {'type': 'string_type', 'loc': ('body', 'text'), 'msg': 'Input should be a valid string', 'input': nan}

  File "/project/app/server_fastapi.py", line 60, in predict_endpoint
    POST /predict

The above exception was the direct cause of the following exception:

Traceback (most recent call last):
  File "/usr/local/lib/python3.12/site-packages/uvicorn/protocols/http/httptools_impl.py", line 409, in run_asgi
    result = await app(  # type: ignore[func-returns-value]
             ^^^^^^^^^^^^^^^^^^^^^^^^^^^^^^^^^^^^^^^^^^^^^^
  File "/usr/local/lib/python3.12/site-packages/uvicorn/middleware/proxy_headers.py", line 60, in __call__
    return await self.app(scope, receive, send)
           ^^^^^^^^^^^^^^^^^^^^^^^^^^^^^^^^^^^^
  File "/usr/local/lib/python3.12/site-packages/fastapi/applications.py", line 1139, in __call__
    await super().__call__(scope, receive, send)
  File "/usr/local/lib/python3.12/site-packages/starlette/applications.py", line 107, in __call__
    await self.middleware_stack(scope, receive, send)
  File "/usr/local/lib/python3.12/site-packages/starlette/middleware/errors.py", line 186, in __call__
    raise exc
  File "/usr/local/lib/python3.12/site-packages/starlette/middleware/errors.py", line 164, in __call__
    await self.app(scope, receive, _send)
  File "/usr/local/lib/python3.12/site-packages/starlette/middleware/base.py", line 191, in __call__
    with recv_stream, send_stream, collapse_excgroups():
                                   ^^^^^^^^^^^^^^^^^^^^
  File "/usr/local/lib/python3.12/contextlib.py", line 158, in __exit__
    self.gen.throw(value)
  File "/usr/local/lib/python3.12/site-packages/starlette/_utils.py", line 85, in collapse_excgroups
    raise exc
  File "/usr/local/lib/python3.12/site-packages/starlette/middleware/base.py", line 193, in __call__
    response = await self.dispatch_func(request, call_next)
               ^^^^^^^^^^^^^^^^^^^^^^^^^^^^^^^^^^^^^^^^^^^^
  File "/project/app/server_fastapi.py", line 41, in log_requests
    response: Response = await call_next(request)
                         ^^^^^^^^^^^^^^^^^^^^^^^^
  File "/usr/local/lib/python3.12/site-packages/starlette/middleware/base.py", line 168, in call_next
    raise app_exc from app_exc.__cause__ or app_exc.__context__
  File "/usr/local/lib/python3.12/site-packages/starlette/middleware/base.py", line 144, in coro
    await self.app(scope, receive_or_disconnect, send_no_error)
  File "/usr/local/lib/python3.12/site-packages/starlette/middleware/exceptions.py", line 63, in __call__
    await wrap_app_handling_exceptions(self.app, conn)(scope, receive, send)
  File "/usr/local/lib/python3.12/site-packages/starlette/_exception_handler.py", line 53, in wrapped_app
    raise exc
  File "/usr/local/lib/python3.12/site-packages/starlette/_exception_handler.py", line 42, in wrapped_app
    await app(scope, receive, sender)
  File "/usr/local/lib/python3.12/site-packages/fastapi/middleware/asyncexitstack.py", line 18, in __call__
    await self.app(scope, receive, send)
  File "/usr/local/lib/python3.12/site-packages/starlette/routing.py", line 716, in __call__
    await self.middleware_stack(scope, receive, send)
  File "/usr/local/lib/python3.12/site-packages/starlette/routing.py", line 736, in app
    await route.handle(scope, receive, send)
  File "/usr/local/lib/python3.12/site-packages/starlette/routing.py", line 290, in handle
    await self.app(scope, receive, send)
  File "/usr/local/lib/python3.12/site-packages/fastapi/routing.py", line 120, in app
    await wrap_app_handling_exceptions(app, request)(scope, receive, send)
  File "/usr/local/lib/python3.12/site-packages/starlette/_exception_handler.py", line 59, in wrapped_app
    response = await handler(conn, exc)
               ^^^^^^^^^^^^^^^^^^^^^^^^
  File "/usr/local/lib/python3.12/site-packages/fastapi/exception_handlers.py", line 23, in request_validation_exception_handler
    return JSONResponse(
           ^^^^^^^^^^^^^
  File "/usr/local/lib/python3.12/site-packages/starlette/responses.py", line 189, in __init__
    super().__init__(content, status_code, headers, media_type, background)
  File "/usr/local/lib/python3.12/site-packages/starlette/responses.py", line 46, in __init__
    self.body = self.render(content)
                ^^^^^^^^^^^^^^^^^^^^
  File "/usr/local/lib/python3.12/site-packages/starlette/responses.py", line 192, in render
    return json.dumps(
           ^^^^^^^^^^^
  File "/usr/local/lib/python3.12/json/__init__.py", line 238, in dumps
    **kw).encode(obj)
          ^^^^^^^^^^^
  File "/usr/local/lib/python3.12/json/encoder.py", line 200, in encode
    chunks = self.iterencode(o, _one_shot=True)
             ^^^^^^^^^^^^^^^^^^^^^^^^^^^^^^^^^^
  File "/usr/local/lib/python3.12/json/encoder.py", line 258, in iterencode
    return _iterencode(o, 0)
           ^^^^^^^^^^^^^^^^^
ValueError: Out of range float values are not JSON compliant: nan
[2025-12-20 13:26:48] [INFO] REQ: POST /predict - Status: 200 - Czas: 54.60ms
[2025-12-20 13:26:48] [INFO] REQ: POST /predict - Status: 200 - Czas: 54.14ms
[2025-12-20 13:26:48] [INFO] REQ: POST /predict - Status: 200 - Czas: 54.23ms
[2025-12-20 13:26:48] [INFO] REQ: POST /predict - Status: 200 - Czas: 54.39ms
[2025-12-20 13:26:48] [INFO] REQ: POST /predict - Status: 200 - Czas: 54.49ms
[2025-12-20 13:26:48] [INFO] REQ: POST /predict - Status: 200 - Czas: 54.60ms
[2025-12-20 13:26:48] [INFO] REQ: POST /predict - Status: 200 - Czas: 54.73ms
[2025-12-20 13:26:48] [INFO] REQ: POST /predict - Status: 200 - Czas: 54.90ms
[2025-12-20 13:26:48] [INFO] REQ: POST /predict - Status: 200 - Czas: 55.03ms
[2025-12-20 13:26:48] [INFO] REQ: POST /predict - Status: 200 - Czas: 55.18ms
[2025-12-20 13:26:48] [INFO] REQ: POST /predict - Status: 200 - Czas: 55.31ms
[2025-12-20 13:26:48] [INFO] REQ: POST /predict - Status: 200 - Czas: 55.39ms
[2025-12-20 13:26:48] [INFO] REQ: POST /predict - Status: 200 - Czas: 55.54ms
[2025-12-20 13:26:48] [INFO] REQ: POST /predict - Status: 200 - Czas: 55.65ms
[2025-12-20 13:26:48] [INFO] REQ: POST /predict - Status: 200 - Czas: 55.75ms
[2025-12-20 13:26:48] [INFO] REQ: POST /predict - Status: 200 - Czas: 55.90ms
[2025-12-20 13:26:48] [INFO] REQ: POST /predict - Status: 200 - Czas: 56.06ms
[2025-12-20 13:26:48] [INFO] REQ: POST /predict - Status: 200 - Czas: 56.21ms
[2025-12-20 13:26:48] [INFO] REQ: POST /predict - Status: 200 - Czas: 56.32ms
[2025-12-20 13:26:48] [INFO] REQ: POST /predict - Status: 200 - Czas: 72.36ms
[2025-12-20 13:26:48] [INFO] REQ: POST /predict - Status: 200 - Czas: 72.56ms
[2025-12-20 13:26:48] [INFO] REQ: POST /predict - Status: 200 - Czas: 72.71ms
[2025-12-20 13:26:48] [INFO] REQ: POST /predict - Status: 200 - Czas: 72.83ms
[2025-12-20 13:26:48] [INFO] REQ: POST /predict - Status: 200 - Czas: 72.97ms
[2025-12-20 13:26:48] [INFO] REQ: POST /predict - Status: 200 - Czas: 73.06ms
[2025-12-20 13:26:48] [INFO] REQ: POST /predict - Status: 200 - Czas: 73.22ms
[2025-12-20 13:26:48] [INFO] REQ: POST /predict - Status: 200 - Czas: 73.42ms
[2025-12-20 13:26:48] [INFO] REQ: POST /predict - Status: 200 - Czas: 73.57ms
[2025-12-20 13:26:48] [INFO] REQ: POST /predict - Status: 200 - Czas: 73.71ms
[2025-12-20 13:26:48] [INFO] REQ: POST /predict - Status: 200 - Czas: 73.87ms
[2025-12-20 13:26:48] [INFO] REQ: POST /predict - Status: 200 - Czas: 74.01ms
[2025-12-20 13:26:48] [INFO] REQ: POST /predict - Status: 200 - Czas: 74.16ms
[2025-12-20 13:26:48] [INFO] REQ: POST /predict - Status: 200 - Czas: 74.33ms
[2025-12-20 13:26:48] [INFO] REQ: POST /predict - Status: 200 - Czas: 74.43ms
[2025-12-20 13:26:48] [INFO] REQ: POST /predict - Status: 200 - Czas: 74.52ms
[2025-12-20 13:26:48] [INFO] REQ: POST /predict - Status: 200 - Czas: 74.65ms
[2025-12-20 13:26:48] [INFO] REQ: POST /predict - Status: 200 - Czas: 74.79ms
[2025-12-20 13:26:48] [INFO] REQ: POST /predict - Status: 200 - Czas: 74.91ms
[2025-12-20 13:26:48] [INFO] REQ: POST /predict - Status: 200 - Czas: 75.05ms
[2025-12-20 13:26:48] [INFO] REQ: POST /predict - Status: 200 - Czas: 75.21ms
[2025-12-20 13:26:48] [INFO] REQ: POST /predict - Status: 200 - Czas: 75.33ms
[2025-12-20 13:26:48] [INFO] REQ: POST /predict - Status: 200 - Czas: 75.47ms
[2025-12-20 13:26:48] [INFO] REQ: POST /predict - Status: 200 - Czas: 75.62ms
[2025-12-20 13:26:48] [INFO] REQ: POST /predict - Status: 200 - Czas: 75.78ms
[2025-12-20 13:26:48] [INFO] REQ: POST /predict - Status: 200 - Czas: 75.89ms
[2025-12-20 13:26:48] [INFO] REQ: POST /predict - Status: 200 - Czas: 81.82ms
[2025-12-20 13:26:48] [INFO] REQ: POST /predict - Status: 200 - Czas: 82.03ms
[2025-12-20 13:26:48] [INFO] REQ: POST /predict - Status: 200 - Czas: 82.19ms
[2025-12-20 13:26:48] [INFO] REQ: POST /predict - Status: 200 - Czas: 82.36ms
[2025-12-20 13:26:48] [INFO] REQ: POST /predict - Status: 200 - Czas: 82.53ms
[2025-12-20 13:26:48] [INFO] REQ: POST /predict - Status: 200 - Czas: 82.63ms
[2025-12-20 13:26:48] [INFO] REQ: POST /predict - Status: 200 - Czas: 82.77ms
[2025-12-20 13:26:48] [INFO] REQ: POST /predict - Status: 200 - Czas: 82.94ms
[2025-12-20 13:26:48] [INFO] REQ: POST /predict - Status: 200 - Czas: 83.09ms
[2025-12-20 13:26:48] [INFO] REQ: POST /predict - Status: 200 - Czas: 83.22ms
[2025-12-20 13:26:48] [INFO] REQ: POST /predict - Status: 200 - Czas: 83.39ms
[2025-12-20 13:26:48] [INFO] REQ: POST /predict - Status: 200 - Czas: 83.56ms
[2025-12-20 13:26:48] [INFO] REQ: POST /predict - Status: 200 - Czas: 83.76ms
[2025-12-20 13:26:48] [INFO] REQ: POST /predict - Status: 200 - Czas: 83.91ms
[2025-12-20 13:26:48] [INFO] REQ: POST /predict - Status: 200 - Czas: 84.03ms
[2025-12-20 13:26:48] [INFO] REQ: POST /predict - Status: 200 - Czas: 84.09ms
[2025-12-20 13:26:48] [INFO] REQ: POST /predict - Status: 200 - Czas: 84.22ms
[2025-12-20 13:26:48] [INFO] REQ: POST /predict - Status: 200 - Czas: 84.35ms
[2025-12-20 13:26:48] [INFO] REQ: POST /predict - Status: 200 - Czas: 84.55ms
[2025-12-20 13:26:48] [INFO] REQ: POST /predict - Status: 200 - Czas: 84.71ms
[2025-12-20 13:26:48] [INFO] REQ: POST /predict - Status: 200 - Czas: 84.84ms
[2025-12-20 13:26:48] [INFO] REQ: POST /predict - Status: 200 - Czas: 84.97ms
[2025-12-20 13:26:48] [INFO] REQ: POST /predict - Status: 200 - Czas: 85.07ms
[2025-12-20 13:26:48] [INFO] REQ: POST /predict - Status: 200 - Czas: 85.18ms
[2025-12-20 13:26:48] [INFO] REQ: POST /predict - Status: 200 - Czas: 85.28ms
[2025-12-20 13:26:48] [INFO] REQ: POST /predict - Status: 200 - Czas: 85.33ms
[2025-12-20 13:26:48] [INFO] REQ: POST /predict - Status: 200 - Czas: 85.48ms
[2025-12-20 13:26:48] [INFO] REQ: POST /predict - Status: 200 - Czas: 85.59ms
[2025-12-20 13:26:48] [INFO] REQ: POST /predict - Status: 200 - Czas: 85.70ms
[2025-12-20 13:26:48] [INFO] REQ: POST /predict - Status: 200 - Czas: 85.80ms
[2025-12-20 13:26:48] [INFO] REQ: POST /predict - Status: 200 - Czas: 85.94ms
[2025-12-20 13:26:48] [INFO] REQ: POST /predict - Status: 200 - Czas: 86.05ms
[2025-12-20 13:26:48] [INFO] REQ: POST /predict - Status: 200 - Czas: 86.13ms
[2025-12-20 13:26:48] [INFO] REQ: POST /predict - Status: 200 - Czas: 86.24ms
[2025-12-20 13:26:48] [INFO] REQ: POST /predict - Status: 200 - Czas: 86.32ms
[2025-12-20 13:26:48] [INFO] REQ: POST /predict - Status: 200 - Czas: 84.10ms
[2025-12-20 13:26:48] [INFO] REQ: POST /predict - Status: 200 - Czas: 84.25ms
[2025-12-20 13:26:48] [INFO] REQ: POST /predict - Status: 200 - Czas: 84.33ms
[2025-12-20 13:26:48] [INFO] REQ: POST /predict - Status: 200 - Czas: 84.47ms
[2025-12-20 13:26:48] [INFO] REQ: POST /predict - Status: 200 - Czas: 84.62ms
[2025-12-20 13:26:48] [INFO] REQ: POST /predict - Status: 200 - Czas: 84.75ms
[2025-12-20 13:26:48] [INFO] REQ: POST /predict - Status: 200 - Czas: 84.90ms
[2025-12-20 13:26:48] [INFO] REQ: POST /predict - Status: 200 - Czas: 85.06ms
[2025-12-20 13:26:48] [INFO] REQ: POST /predict - Status: 200 - Czas: 85.19ms
[2025-12-20 13:26:48] [INFO] REQ: POST /predict - Status: 200 - Czas: 85.34ms
[2025-12-20 13:26:48] [INFO] REQ: POST /predict - Status: 200 - Czas: 85.52ms
[2025-12-20 13:26:48] [INFO] REQ: POST /predict - Status: 200 - Czas: 47.41ms
[2025-12-20 13:26:48] [INFO] REQ: POST /predict - Status: 200 - Czas: 47.51ms
[2025-12-20 13:26:48] [INFO] REQ: POST /predict - Status: 200 - Czas: 47.64ms
[2025-12-20 13:26:48] [INFO] REQ: POST /predict - Status: 200 - Czas: 47.75ms
[2025-12-20 13:26:48] [INFO] REQ: POST /predict - Status: 200 - Czas: 47.91ms
[2025-12-20 13:26:48] [INFO] REQ: POST /predict - Status: 200 - Czas: 48.04ms
[2025-12-20 13:26:48] [INFO] REQ: POST /predict - Status: 200 - Czas: 48.15ms
[2025-12-20 13:26:48] [INFO] REQ: POST /predict - Status: 200 - Czas: 48.33ms
[2025-12-20 13:26:48] [INFO] REQ: POST /predict - Status: 200 - Czas: 48.45ms
[2025-12-20 13:26:48] [INFO] REQ: POST /predict - Status: 200 - Czas: 48.55ms
[2025-12-20 13:26:48] [INFO] REQ: POST /predict - Status: 200 - Czas: 48.48ms
[2025-12-20 13:26:48] [INFO] REQ: POST /predict - Status: 200 - Czas: 48.56ms
[2025-12-20 13:26:48] [INFO] REQ: POST /predict - Status: 200 - Czas: 48.65ms
[2025-12-20 13:26:48] [INFO] REQ: POST /predict - Status: 200 - Czas: 48.78ms
[2025-12-20 13:26:48] [INFO] REQ: POST /predict - Status: 200 - Czas: 48.92ms
[2025-12-20 13:26:48] [INFO] REQ: POST /predict - Status: 200 - Czas: 49.05ms
[2025-12-20 13:26:48] [INFO] REQ: POST /predict - Status: 200 - Czas: 49.17ms
[2025-12-20 13:26:48] [INFO] REQ: POST /predict - Status: 200 - Czas: 49.33ms
[2025-12-20 13:26:48] [INFO] REQ: POST /predict - Status: 200 - Czas: 49.46ms
[2025-12-20 13:26:48] [INFO] REQ: POST /predict - Status: 200 - Czas: 49.57ms
[2025-12-20 13:26:48] [INFO] REQ: POST /predict - Status: 200 - Czas: 49.68ms
[2025-12-20 13:26:48] [INFO] REQ: POST /predict - Status: 200 - Czas: 49.80ms
[2025-12-20 13:26:48] [INFO] REQ: POST /predict - Status: 200 - Czas: 49.91ms
[2025-12-20 13:26:48] [INFO] REQ: POST /predict - Status: 200 - Czas: 50.05ms
[2025-12-20 13:26:48] [INFO] REQ: POST /predict - Status: 200 - Czas: 50.23ms
[2025-12-20 13:26:48] [INFO] REQ: POST /predict - Status: 200 - Czas: 50.32ms
[2025-12-20 13:26:48] [INFO] REQ: POST /predict - Status: 200 - Czas: 50.40ms
[2025-12-20 13:26:48] [INFO] REQ: POST /predict - Status: 200 - Czas: 64.99ms
[2025-12-20 13:26:48] [INFO] REQ: POST /predict - Status: 200 - Czas: 65.14ms
[2025-12-20 13:26:48] [INFO] REQ: POST /predict - Status: 200 - Czas: 65.31ms
[2025-12-20 13:26:48] [INFO] REQ: POST /predict - Status: 200 - Czas: 65.42ms
[2025-12-20 13:26:48] [INFO] REQ: POST /predict - Status: 200 - Czas: 65.54ms
[2025-12-20 13:26:48] [INFO] REQ: POST /predict - Status: 200 - Czas: 65.73ms
[2025-12-20 13:26:48] [INFO] REQ: POST /predict - Status: 200 - Czas: 65.83ms
[2025-12-20 13:26:48] [INFO] REQ: POST /predict - Status: 200 - Czas: 65.97ms
[2025-12-20 13:26:48] [INFO] REQ: POST /predict - Status: 200 - Czas: 66.16ms
[2025-12-20 13:26:48] [INFO] REQ: POST /predict - Status: 200 - Czas: 66.32ms
[2025-12-20 13:26:48] [INFO] REQ: POST /predict - Status: 200 - Czas: 66.50ms
[2025-12-20 13:26:48] [INFO] REQ: POST /predict - Status: 200 - Czas: 66.66ms
[2025-12-20 13:26:48] [INFO] REQ: POST /predict - Status: 200 - Czas: 66.82ms
[2025-12-20 13:26:48] [INFO] REQ: POST /predict - Status: 200 - Czas: 66.99ms
[2025-12-20 13:26:48] [INFO] REQ: POST /predict - Status: 200 - Czas: 67.15ms
[2025-12-20 13:26:48] [INFO] REQ: POST /predict - Status: 200 - Czas: 67.33ms
[2025-12-20 13:26:48] [INFO] REQ: POST /predict - Status: 200 - Czas: 67.43ms
[2025-12-20 13:26:48] [INFO] REQ: POST /predict - Status: 200 - Czas: 67.58ms
[2025-12-20 13:26:48] [INFO] REQ: POST /predict - Status: 200 - Czas: 67.71ms
[2025-12-20 13:26:48] [INFO] REQ: POST /predict - Status: 200 - Czas: 67.83ms
[2025-12-20 13:26:48] [INFO] REQ: POST /predict - Status: 200 - Czas: 67.95ms
[2025-12-20 13:26:48] [INFO] REQ: POST /predict - Status: 200 - Czas: 68.12ms
[2025-12-20 13:26:48] [INFO] REQ: POST /predict - Status: 200 - Czas: 68.29ms
[2025-12-20 13:26:48] [INFO] REQ: POST /predict - Status: 200 - Czas: 68.40ms
[2025-12-20 13:26:48] [INFO] REQ: POST /predict - Status: 200 - Czas: 68.56ms
[2025-12-20 13:26:48] [INFO] REQ: POST /predict - Status: 200 - Czas: 68.68ms
[2025-12-20 13:26:48] [INFO] REQ: POST /predict - Status: 200 - Czas: 74.90ms
[2025-12-20 13:26:48] [INFO] REQ: POST /predict - Status: 200 - Czas: 75.08ms
[2025-12-20 13:26:48] [INFO] REQ: POST /predict - Status: 200 - Czas: 75.23ms
[2025-12-20 13:26:48] [INFO] REQ: POST /predict - Status: 200 - Czas: 75.38ms
[2025-12-20 13:26:48] [INFO] REQ: POST /predict - Status: 200 - Czas: 75.58ms
[2025-12-20 13:26:48] [INFO] REQ: POST /predict - Status: 200 - Czas: 75.69ms
[2025-12-20 13:26:48] [INFO] REQ: POST /predict - Status: 200 - Czas: 75.86ms
[2025-12-20 13:26:48] [INFO] REQ: POST /predict - Status: 200 - Czas: 76.02ms
[2025-12-20 13:26:48] [INFO] REQ: POST /predict - Status: 200 - Czas: 76.17ms
[2025-12-20 13:26:48] [INFO] REQ: POST /predict - Status: 200 - Czas: 76.35ms
[2025-12-20 13:26:48] [INFO] REQ: POST /predict - Status: 200 - Czas: 76.49ms
[2025-12-20 13:26:48] [INFO] REQ: POST /predict - Status: 200 - Czas: 76.66ms
[2025-12-20 13:26:48] [INFO] REQ: POST /predict - Status: 200 - Czas: 76.83ms
[2025-12-20 13:26:48] [INFO] REQ: POST /predict - Status: 200 - Czas: 76.98ms
[2025-12-20 13:26:48] [INFO] REQ: POST /predict - Status: 200 - Czas: 77.11ms
[2025-12-20 13:26:48] [INFO] REQ: POST /predict - Status: 200 - Czas: 77.21ms
[2025-12-20 13:26:48] [INFO] REQ: POST /predict - Status: 200 - Czas: 77.35ms
[2025-12-20 13:26:48] [INFO] REQ: POST /predict - Status: 200 - Czas: 77.46ms
[2025-12-20 13:26:48] [INFO] REQ: POST /predict - Status: 200 - Czas: 77.55ms
[2025-12-20 13:26:48] [INFO] REQ: POST /predict - Status: 200 - Czas: 77.67ms
[2025-12-20 13:26:48] [INFO] REQ: POST /predict - Status: 200 - Czas: 77.80ms
[2025-12-20 13:26:48] [INFO] REQ: POST /predict - Status: 200 - Czas: 77.93ms
[2025-12-20 13:26:48] [INFO] REQ: POST /predict - Status: 200 - Czas: 78.05ms
[2025-12-20 13:26:48] [INFO] REQ: POST /predict - Status: 200 - Czas: 78.13ms
[2025-12-20 13:26:48] [INFO] REQ: POST /predict - Status: 200 - Czas: 78.26ms
[2025-12-20 13:26:48] [INFO] REQ: POST /predict - Status: 200 - Czas: 78.35ms
[2025-12-20 13:26:48] [INFO] REQ: POST /predict - Status: 200 - Czas: 78.48ms
[2025-12-20 13:26:48] [INFO] REQ: POST /predict - Status: 200 - Czas: 78.61ms
[2025-12-20 13:26:48] [INFO] REQ: POST /predict - Status: 200 - Czas: 78.77ms
[2025-12-20 13:26:48] [INFO] REQ: POST /predict - Status: 200 - Czas: 78.88ms
[2025-12-20 13:26:48] [INFO] REQ: POST /predict - Status: 200 - Czas: 79.05ms
[2025-12-20 13:26:48] [INFO] REQ: POST /predict - Status: 200 - Czas: 79.18ms
[2025-12-20 13:26:48] [INFO] REQ: POST /predict - Status: 200 - Czas: 79.28ms
[2025-12-20 13:26:48] [INFO] REQ: POST /predict - Status: 200 - Czas: 79.43ms
[2025-12-20 13:26:48] [INFO] REQ: POST /predict - Status: 200 - Czas: 79.56ms
[2025-12-20 13:26:48] [INFO] REQ: POST /predict - Status: 200 - Czas: 78.02ms
[2025-12-20 13:26:48] [INFO] REQ: POST /predict - Status: 200 - Czas: 78.16ms
[2025-12-20 13:26:48] [INFO] REQ: POST /predict - Status: 200 - Czas: 78.23ms
[2025-12-20 13:26:48] [INFO] REQ: POST /predict - Status: 200 - Czas: 78.38ms
[2025-12-20 13:26:48] [INFO] REQ: POST /predict - Status: 200 - Czas: 78.50ms
[2025-12-20 13:26:48] [INFO] REQ: POST /predict - Status: 200 - Czas: 78.61ms
[2025-12-20 13:26:48] [INFO] REQ: POST /predict - Status: 200 - Czas: 78.73ms
[2025-12-20 13:26:48] [INFO] REQ: POST /predict - Status: 200 - Czas: 78.87ms
[2025-12-20 13:26:48] [INFO] REQ: POST /predict - Status: 200 - Czas: 79.00ms
[2025-12-20 13:26:48] [INFO] REQ: POST /predict - Status: 200 - Czas: 79.12ms
[2025-12-20 13:26:48] [INFO] REQ: POST /predict - Status: 200 - Czas: 79.24ms
[2025-12-20 13:26:48] [INFO] REQ: POST /predict - Status: 200 - Czas: 79.33ms
[2025-12-20 13:26:48] [INFO] REQ: POST /predict - Status: 200 - Czas: 50.87ms
[2025-12-20 13:26:48] [INFO] REQ: POST /predict - Status: 200 - Czas: 51.01ms
[2025-12-20 13:26:48] [INFO] REQ: POST /predict - Status: 200 - Czas: 51.14ms
[2025-12-20 13:26:48] [INFO] REQ: POST /predict - Status: 200 - Czas: 51.30ms
[2025-12-20 13:26:48] [INFO] REQ: POST /predict - Status: 200 - Czas: 51.42ms
[2025-12-20 13:26:48] [INFO] REQ: POST /predict - Status: 200 - Czas: 51.52ms
[2025-12-20 13:26:48] [INFO] REQ: POST /predict - Status: 200 - Czas: 51.62ms
[2025-12-20 13:26:48] [INFO] REQ: POST /predict - Status: 200 - Czas: 51.78ms
[2025-12-20 13:26:48] [INFO] REQ: POST /predict - Status: 200 - Czas: 51.91ms
[2025-12-20 13:26:48] [INFO] REQ: POST /predict - Status: 200 - Czas: 52.05ms
[2025-12-20 13:26:48] [INFO] REQ: POST /predict - Status: 200 - Czas: 51.98ms
[2025-12-20 13:26:48] [INFO] REQ: POST /predict - Status: 200 - Czas: 52.09ms
[2025-12-20 13:26:48] [INFO] REQ: POST /predict - Status: 200 - Czas: 52.20ms
[2025-12-20 13:26:48] [INFO] REQ: POST /predict - Status: 200 - Czas: 52.32ms
[2025-12-20 13:26:48] [INFO] REQ: POST /predict - Status: 200 - Czas: 52.40ms
[2025-12-20 13:26:48] [INFO] REQ: POST /predict - Status: 200 - Czas: 52.57ms
[2025-12-20 13:26:48] [INFO] REQ: POST /predict - Status: 200 - Czas: 52.68ms
[2025-12-20 13:26:48] [INFO] REQ: POST /predict - Status: 200 - Czas: 52.82ms
[2025-12-20 13:26:48] [INFO] REQ: POST /predict - Status: 200 - Czas: 52.91ms
[2025-12-20 13:26:48] [INFO] REQ: POST /predict - Status: 200 - Czas: 52.99ms
[2025-12-20 13:26:48] [INFO] REQ: POST /predict - Status: 200 - Czas: 53.04ms
[2025-12-20 13:26:48] [INFO] REQ: POST /predict - Status: 200 - Czas: 53.16ms
[2025-12-20 13:26:48] [INFO] REQ: POST /predict - Status: 200 - Czas: 53.27ms
[2025-12-20 13:26:48] [INFO] REQ: POST /predict - Status: 200 - Czas: 53.42ms
[2025-12-20 13:26:48] [INFO] REQ: POST /predict - Status: 200 - Czas: 53.51ms
[2025-12-20 13:26:48] [INFO] REQ: POST /predict - Status: 200 - Czas: 53.60ms
[2025-12-20 13:26:48] [INFO] REQ: POST /predict - Status: 200 - Czas: 53.73ms
[2025-12-20 13:26:48] [INFO] REQ: POST /predict - Status: 200 - Czas: 68.90ms
[2025-12-20 13:26:48] [INFO] REQ: POST /predict - Status: 200 - Czas: 69.07ms
[2025-12-20 13:26:48] [INFO] REQ: POST /predict - Status: 200 - Czas: 69.23ms
[2025-12-20 13:26:48] [INFO] REQ: POST /predict - Status: 200 - Czas: 69.39ms
[2025-12-20 13:26:48] [INFO] REQ: POST /predict - Status: 200 - Czas: 69.54ms
[2025-12-20 13:26:48] [INFO] REQ: POST /predict - Status: 200 - Czas: 69.64ms
[2025-12-20 13:26:48] [INFO] REQ: POST /predict - Status: 200 - Czas: 69.73ms
[2025-12-20 13:26:48] [INFO] REQ: POST /predict - Status: 200 - Czas: 69.86ms
[2025-12-20 13:26:48] [INFO] REQ: POST /predict - Status: 200 - Czas: 69.99ms
[2025-12-20 13:26:48] [INFO] REQ: POST /predict - Status: 200 - Czas: 70.12ms
[2025-12-20 13:26:48] [INFO] REQ: POST /predict - Status: 200 - Czas: 70.25ms
[2025-12-20 13:26:48] [INFO] REQ: POST /predict - Status: 200 - Czas: 70.42ms
[2025-12-20 13:26:48] [INFO] REQ: POST /predict - Status: 200 - Czas: 70.58ms
[2025-12-20 13:26:48] [INFO] REQ: POST /predict - Status: 200 - Czas: 70.73ms
[2025-12-20 13:26:48] [INFO] REQ: POST /predict - Status: 200 - Czas: 70.85ms
[2025-12-20 13:26:48] [INFO] REQ: POST /predict - Status: 200 - Czas: 70.97ms
[2025-12-20 13:26:48] [INFO] REQ: POST /predict - Status: 200 - Czas: 71.07ms
[2025-12-20 13:26:48] [INFO] REQ: POST /predict - Status: 200 - Czas: 71.22ms
[2025-12-20 13:26:48] [INFO] REQ: POST /predict - Status: 200 - Czas: 71.37ms
[2025-12-20 13:26:48] [INFO] REQ: POST /predict - Status: 200 - Czas: 71.50ms
[2025-12-20 13:26:48] [INFO] REQ: POST /predict - Status: 200 - Czas: 71.60ms
[2025-12-20 13:26:48] [INFO] REQ: POST /predict - Status: 200 - Czas: 71.71ms
[2025-12-20 13:26:48] [INFO] REQ: POST /predict - Status: 200 - Czas: 71.84ms
[2025-12-20 13:26:48] [INFO] REQ: POST /predict - Status: 200 - Czas: 72.01ms
[2025-12-20 13:26:48] [INFO] REQ: POST /predict - Status: 200 - Czas: 72.18ms
[2025-12-20 13:26:48] [INFO] REQ: POST /predict - Status: 200 - Czas: 72.32ms
[2025-12-20 13:26:48] [INFO] REQ: POST /predict - Status: 200 - Czas: 78.68ms
[2025-12-20 13:26:48] [INFO] REQ: POST /predict - Status: 200 - Czas: 78.86ms
[2025-12-20 13:26:48] [INFO] REQ: POST /predict - Status: 200 - Czas: 79.00ms
[2025-12-20 13:26:48] [INFO] REQ: POST /predict - Status: 200 - Czas: 79.15ms
[2025-12-20 13:26:48] [INFO] REQ: POST /predict - Status: 200 - Czas: 79.33ms
[2025-12-20 13:26:48] [INFO] REQ: POST /predict - Status: 200 - Czas: 79.41ms
[2025-12-20 13:26:48] [INFO] REQ: POST /predict - Status: 200 - Czas: 79.54ms
[2025-12-20 13:26:48] [INFO] REQ: POST /predict - Status: 200 - Czas: 79.71ms
[2025-12-20 13:26:48] [INFO] REQ: POST /predict - Status: 200 - Czas: 79.87ms
[2025-12-20 13:26:48] [INFO] REQ: POST /predict - Status: 200 - Czas: 80.02ms
[2025-12-20 13:26:48] [INFO] REQ: POST /predict - Status: 200 - Czas: 80.19ms
[2025-12-20 13:26:48] [INFO] REQ: POST /predict - Status: 200 - Czas: 80.35ms
[2025-12-20 13:26:48] [INFO] REQ: POST /predict - Status: 200 - Czas: 80.50ms
[2025-12-20 13:26:48] [INFO] REQ: POST /predict - Status: 200 - Czas: 80.63ms
[2025-12-20 13:26:48] [INFO] REQ: POST /predict - Status: 200 - Czas: 80.77ms
[2025-12-20 13:26:48] [INFO] REQ: POST /predict - Status: 200 - Czas: 80.86ms
[2025-12-20 13:26:48] [INFO] REQ: POST /predict - Status: 200 - Czas: 81.00ms
[2025-12-20 13:26:48] [INFO] REQ: POST /predict - Status: 200 - Czas: 81.12ms
[2025-12-20 13:26:48] [INFO] REQ: POST /predict - Status: 200 - Czas: 81.27ms
[2025-12-20 13:26:48] [INFO] REQ: POST /predict - Status: 200 - Czas: 81.41ms
[2025-12-20 13:26:48] [INFO] REQ: POST /predict - Status: 200 - Czas: 81.54ms
[2025-12-20 13:26:48] [INFO] REQ: POST /predict - Status: 200 - Czas: 81.67ms
[2025-12-20 13:26:48] [INFO] REQ: POST /predict - Status: 200 - Czas: 81.79ms
[2025-12-20 13:26:48] [INFO] REQ: POST /predict - Status: 200 - Czas: 81.91ms
[2025-12-20 13:26:48] [INFO] REQ: POST /predict - Status: 200 - Czas: 82.01ms
[2025-12-20 13:26:48] [INFO] REQ: POST /predict - Status: 200 - Czas: 81.27ms
[2025-12-20 13:26:48] [INFO] REQ: POST /predict - Status: 200 - Czas: 81.39ms
[2025-12-20 13:26:48] [INFO] REQ: POST /predict - Status: 200 - Czas: 81.50ms
[2025-12-20 13:26:48] [INFO] REQ: POST /predict - Status: 200 - Czas: 81.63ms
[2025-12-20 13:26:48] [INFO] REQ: POST /predict - Status: 200 - Czas: 81.77ms
[2025-12-20 13:26:48] [INFO] REQ: POST /predict - Status: 200 - Czas: 81.88ms
[2025-12-20 13:26:48] [INFO] REQ: POST /predict - Status: 200 - Czas: 82.03ms
[2025-12-20 13:26:48] [INFO] REQ: POST /predict - Status: 200 - Czas: 82.18ms
[2025-12-20 13:26:48] [INFO] REQ: POST /predict - Status: 200 - Czas: 82.33ms
[2025-12-20 13:26:48] [INFO] REQ: POST /predict - Status: 200 - Czas: 82.47ms
[2025-12-20 13:26:48] [INFO] REQ: POST /predict - Status: 200 - Czas: 81.08ms
[2025-12-20 13:26:48] [INFO] REQ: POST /predict - Status: 200 - Czas: 81.26ms
[2025-12-20 13:26:48] [INFO] REQ: POST /predict - Status: 200 - Czas: 81.34ms
[2025-12-20 13:26:48] [INFO] REQ: POST /predict - Status: 200 - Czas: 81.50ms
[2025-12-20 13:26:48] [INFO] REQ: POST /predict - Status: 200 - Czas: 81.65ms
[2025-12-20 13:26:48] [INFO] REQ: POST /predict - Status: 200 - Czas: 81.76ms
[2025-12-20 13:26:48] [INFO] REQ: POST /predict - Status: 200 - Czas: 81.92ms
[2025-12-20 13:26:48] [INFO] REQ: POST /predict - Status: 200 - Czas: 82.03ms
[2025-12-20 13:26:48] [INFO] REQ: POST /predict - Status: 200 - Czas: 82.18ms
[2025-12-20 13:26:48] [INFO] REQ: POST /predict - Status: 200 - Czas: 82.35ms
[2025-12-20 13:26:48] [INFO] REQ: POST /predict - Status: 200 - Czas: 82.47ms
[2025-12-20 13:26:48] [INFO] REQ: POST /predict - Status: 200 - Czas: 82.60ms
[2025-12-20 13:26:48] [INFO] REQ: POST /predict - Status: 200 - Czas: 79.75ms
[2025-12-20 13:26:48] [INFO] REQ: POST /predict - Status: 200 - Czas: 79.94ms
[2025-12-20 13:26:48] [INFO] REQ: POST /predict - Status: 200 - Czas: 80.08ms
[2025-12-20 13:26:48] [INFO] REQ: POST /predict - Status: 200 - Czas: 80.23ms
[2025-12-20 13:26:48] [ERROR] Exception in ASGI application
Traceback (most recent call last):
  File "/usr/local/lib/python3.12/site-packages/starlette/_exception_handler.py", line 42, in wrapped_app
    await app(scope, receive, sender)
  File "/usr/local/lib/python3.12/site-packages/fastapi/routing.py", line 106, in app
    response = await f(request)
               ^^^^^^^^^^^^^^^^
  File "/usr/local/lib/python3.12/site-packages/fastapi/routing.py", line 472, in app
    raise validation_error
fastapi.exceptions.RequestValidationError: 1 validation error:
  {'type': 'string_type', 'loc': ('body', 'text'), 'msg': 'Input should be a valid string', 'input': nan}

  File "/project/app/server_fastapi.py", line 60, in predict_endpoint
    POST /predict

The above exception was the direct cause of the following exception:

Traceback (most recent call last):
  File "/usr/local/lib/python3.12/site-packages/uvicorn/protocols/http/httptools_impl.py", line 409, in run_asgi
    result = await app(  # type: ignore[func-returns-value]
             ^^^^^^^^^^^^^^^^^^^^^^^^^^^^^^^^^^^^^^^^^^^^^^
  File "/usr/local/lib/python3.12/site-packages/uvicorn/middleware/proxy_headers.py", line 60, in __call__
    return await self.app(scope, receive, send)
           ^^^^^^^^^^^^^^^^^^^^^^^^^^^^^^^^^^^^
  File "/usr/local/lib/python3.12/site-packages/fastapi/applications.py", line 1139, in __call__
    await super().__call__(scope, receive, send)
  File "/usr/local/lib/python3.12/site-packages/starlette/applications.py", line 107, in __call__
    await self.middleware_stack(scope, receive, send)
  File "/usr/local/lib/python3.12/site-packages/starlette/middleware/errors.py", line 186, in __call__
    raise exc
  File "/usr/local/lib/python3.12/site-packages/starlette/middleware/errors.py", line 164, in __call__
    await self.app(scope, receive, _send)
  File "/usr/local/lib/python3.12/site-packages/starlette/middleware/base.py", line 191, in __call__
    with recv_stream, send_stream, collapse_excgroups():
                                   ^^^^^^^^^^^^^^^^^^^^
  File "/usr/local/lib/python3.12/contextlib.py", line 158, in __exit__
    self.gen.throw(value)
  File "/usr/local/lib/python3.12/site-packages/starlette/_utils.py", line 85, in collapse_excgroups
    raise exc
  File "/usr/local/lib/python3.12/site-packages/starlette/middleware/base.py", line 193, in __call__
    response = await self.dispatch_func(request, call_next)
               ^^^^^^^^^^^^^^^^^^^^^^^^^^^^^^^^^^^^^^^^^^^^
  File "/project/app/server_fastapi.py", line 41, in log_requests
    response: Response = await call_next(request)
                         ^^^^^^^^^^^^^^^^^^^^^^^^
  File "/usr/local/lib/python3.12/site-packages/starlette/middleware/base.py", line 168, in call_next
    raise app_exc from app_exc.__cause__ or app_exc.__context__
  File "/usr/local/lib/python3.12/site-packages/starlette/middleware/base.py", line 144, in coro
    await self.app(scope, receive_or_disconnect, send_no_error)
  File "/usr/local/lib/python3.12/site-packages/starlette/middleware/exceptions.py", line 63, in __call__
    await wrap_app_handling_exceptions(self.app, conn)(scope, receive, send)
  File "/usr/local/lib/python3.12/site-packages/starlette/_exception_handler.py", line 53, in wrapped_app
    raise exc
  File "/usr/local/lib/python3.12/site-packages/starlette/_exception_handler.py", line 42, in wrapped_app
    await app(scope, receive, sender)
  File "/usr/local/lib/python3.12/site-packages/fastapi/middleware/asyncexitstack.py", line 18, in __call__
    await self.app(scope, receive, send)
  File "/usr/local/lib/python3.12/site-packages/starlette/routing.py", line 716, in __call__
    await self.middleware_stack(scope, receive, send)
  File "/usr/local/lib/python3.12/site-packages/starlette/routing.py", line 736, in app
    await route.handle(scope, receive, send)
  File "/usr/local/lib/python3.12/site-packages/starlette/routing.py", line 290, in handle
    await self.app(scope, receive, send)
  File "/usr/local/lib/python3.12/site-packages/fastapi/routing.py", line 120, in app
    await wrap_app_handling_exceptions(app, request)(scope, receive, send)
  File "/usr/local/lib/python3.12/site-packages/starlette/_exception_handler.py", line 59, in wrapped_app
    response = await handler(conn, exc)
               ^^^^^^^^^^^^^^^^^^^^^^^^
  File "/usr/local/lib/python3.12/site-packages/fastapi/exception_handlers.py", line 23, in request_validation_exception_handler
    return JSONResponse(
           ^^^^^^^^^^^^^
  File "/usr/local/lib/python3.12/site-packages/starlette/responses.py", line 189, in __init__
    super().__init__(content, status_code, headers, media_type, background)
  File "/usr/local/lib/python3.12/site-packages/starlette/responses.py", line 46, in __init__
    self.body = self.render(content)
                ^^^^^^^^^^^^^^^^^^^^
  File "/usr/local/lib/python3.12/site-packages/starlette/responses.py", line 192, in render
    return json.dumps(
           ^^^^^^^^^^^
  File "/usr/local/lib/python3.12/json/__init__.py", line 238, in dumps
    **kw).encode(obj)
          ^^^^^^^^^^^
  File "/usr/local/lib/python3.12/json/encoder.py", line 200, in encode
    chunks = self.iterencode(o, _one_shot=True)
             ^^^^^^^^^^^^^^^^^^^^^^^^^^^^^^^^^^
  File "/usr/local/lib/python3.12/json/encoder.py", line 258, in iterencode
    return _iterencode(o, 0)
           ^^^^^^^^^^^^^^^^^
ValueError: Out of range float values are not JSON compliant: nan
[2025-12-20 13:26:48] [INFO] REQ: POST /predict - Status: 200 - Czas: 81.59ms
[2025-12-20 13:26:48] [INFO] REQ: POST /predict - Status: 200 - Czas: 81.72ms
[2025-12-20 13:26:48] [INFO] REQ: POST /predict - Status: 200 - Czas: 81.85ms
[2025-12-20 13:26:48] [INFO] REQ: POST /predict - Status: 200 - Czas: 82.00ms
[2025-12-20 13:26:48] [INFO] REQ: POST /predict - Status: 200 - Czas: 82.11ms
[2025-12-20 13:26:48] [INFO] REQ: POST /predict - Status: 200 - Czas: 81.91ms
[2025-12-20 13:26:48] [INFO] REQ: POST /predict - Status: 200 - Czas: 82.03ms
[2025-12-20 13:26:48] [INFO] REQ: POST /predict - Status: 200 - Czas: 82.13ms
[2025-12-20 13:26:48] [INFO] REQ: POST /predict - Status: 200 - Czas: 82.22ms
[2025-12-20 13:26:48] [INFO] REQ: POST /predict - Status: 200 - Czas: 82.35ms
[2025-12-20 13:26:48] [INFO] REQ: POST /predict - Status: 200 - Czas: 82.46ms
[2025-12-20 13:26:48] [INFO] REQ: POST /predict - Status: 200 - Czas: 82.59ms
[2025-12-20 13:26:48] [INFO] REQ: POST /predict - Status: 200 - Czas: 82.67ms
[2025-12-20 13:26:48] [INFO] REQ: POST /predict - Status: 200 - Czas: 82.77ms
[2025-12-20 13:26:48] [INFO] REQ: POST /predict - Status: 200 - Czas: 82.88ms
[2025-12-20 13:26:48] [INFO] REQ: POST /predict - Status: 200 - Czas: 81.95ms
[2025-12-20 13:26:48] [INFO] REQ: POST /predict - Status: 200 - Czas: 82.04ms
[2025-12-20 13:26:48] [INFO] REQ: POST /predict - Status: 200 - Czas: 82.19ms
[2025-12-20 13:26:48] [INFO] REQ: POST /predict - Status: 200 - Czas: 82.33ms
[2025-12-20 13:26:48] [INFO] REQ: POST /predict - Status: 200 - Czas: 82.46ms
[2025-12-20 13:26:48] [INFO] REQ: POST /predict - Status: 200 - Czas: 82.60ms
[2025-12-20 13:26:48] [INFO] REQ: POST /predict - Status: 200 - Czas: 82.72ms
[2025-12-20 13:26:48] [INFO] REQ: POST /predict - Status: 200 - Czas: 97.86ms
[2025-12-20 13:26:48] [INFO] REQ: POST /predict - Status: 200 - Czas: 98.04ms
[2025-12-20 13:26:48] [INFO] REQ: POST /predict - Status: 200 - Czas: 98.19ms
[2025-12-20 13:26:48] [INFO] REQ: POST /predict - Status: 200 - Czas: 98.34ms
[2025-12-20 13:26:48] [INFO] REQ: POST /predict - Status: 200 - Czas: 98.51ms
[2025-12-20 13:26:48] [INFO] REQ: POST /predict - Status: 200 - Czas: 98.65ms
[2025-12-20 13:26:48] [INFO] REQ: POST /predict - Status: 200 - Czas: 98.76ms
[2025-12-20 13:26:48] [INFO] REQ: POST /predict - Status: 200 - Czas: 98.90ms
[2025-12-20 13:26:48] [INFO] REQ: POST /predict - Status: 200 - Czas: 99.03ms
[2025-12-20 13:26:48] [INFO] REQ: POST /predict - Status: 200 - Czas: 99.16ms
[2025-12-20 13:26:48] [INFO] REQ: POST /predict - Status: 200 - Czas: 99.31ms
[2025-12-20 13:26:48] [INFO] REQ: POST /predict - Status: 200 - Czas: 99.46ms
[2025-12-20 13:26:48] [INFO] REQ: POST /predict - Status: 200 - Czas: 99.59ms
[2025-12-20 13:26:48] [INFO] REQ: POST /predict - Status: 200 - Czas: 99.74ms
[2025-12-20 13:26:48] [INFO] REQ: POST /predict - Status: 200 - Czas: 99.91ms
[2025-12-20 13:26:48] [INFO] REQ: POST /predict - Status: 200 - Czas: 100.05ms
[2025-12-20 13:26:48] [INFO] REQ: POST /predict - Status: 200 - Czas: 100.13ms
[2025-12-20 13:26:48] [INFO] REQ: POST /predict - Status: 200 - Czas: 100.26ms
[2025-12-20 13:26:48] [INFO] REQ: POST /predict - Status: 200 - Czas: 100.39ms
[2025-12-20 13:26:48] [INFO] REQ: POST /predict - Status: 200 - Czas: 100.54ms
[2025-12-20 13:26:48] [INFO] REQ: POST /predict - Status: 200 - Czas: 100.66ms
[2025-12-20 13:26:48] [INFO] REQ: POST /predict - Status: 200 - Czas: 100.79ms
[2025-12-20 13:26:48] [INFO] REQ: POST /predict - Status: 200 - Czas: 100.93ms
[2025-12-20 13:26:48] [INFO] REQ: POST /predict - Status: 200 - Czas: 100.92ms
[2025-12-20 13:26:48] [INFO] REQ: POST /predict - Status: 200 - Czas: 101.04ms
[2025-12-20 13:26:48] [INFO] REQ: POST /predict - Status: 200 - Czas: 101.15ms
[2025-12-20 13:26:48] [INFO] REQ: POST /predict - Status: 200 - Czas: 106.64ms
[2025-12-20 13:26:48] [INFO] REQ: POST /predict - Status: 200 - Czas: 106.87ms
[2025-12-20 13:26:48] [INFO] REQ: POST /predict - Status: 200 - Czas: 107.06ms
[2025-12-20 13:26:48] [ERROR] Exception in ASGI application
Traceback (most recent call last):
  File "/usr/local/lib/python3.12/site-packages/starlette/_exception_handler.py", line 42, in wrapped_app
    await app(scope, receive, sender)
  File "/usr/local/lib/python3.12/site-packages/fastapi/routing.py", line 106, in app
    response = await f(request)
               ^^^^^^^^^^^^^^^^
  File "/usr/local/lib/python3.12/site-packages/fastapi/routing.py", line 472, in app
    raise validation_error
fastapi.exceptions.RequestValidationError: 1 validation error:
  {'type': 'string_type', 'loc': ('body', 'text'), 'msg': 'Input should be a valid string', 'input': nan}

  File "/project/app/server_fastapi.py", line 60, in predict_endpoint
    POST /predict

The above exception was the direct cause of the following exception:

Traceback (most recent call last):
  File "/usr/local/lib/python3.12/site-packages/uvicorn/protocols/http/httptools_impl.py", line 409, in run_asgi
    result = await app(  # type: ignore[func-returns-value]
             ^^^^^^^^^^^^^^^^^^^^^^^^^^^^^^^^^^^^^^^^^^^^^^
  File "/usr/local/lib/python3.12/site-packages/uvicorn/middleware/proxy_headers.py", line 60, in __call__
    return await self.app(scope, receive, send)
           ^^^^^^^^^^^^^^^^^^^^^^^^^^^^^^^^^^^^
  File "/usr/local/lib/python3.12/site-packages/fastapi/applications.py", line 1139, in __call__
    await super().__call__(scope, receive, send)
  File "/usr/local/lib/python3.12/site-packages/starlette/applications.py", line 107, in __call__
    await self.middleware_stack(scope, receive, send)
  File "/usr/local/lib/python3.12/site-packages/starlette/middleware/errors.py", line 186, in __call__
    raise exc
  File "/usr/local/lib/python3.12/site-packages/starlette/middleware/errors.py", line 164, in __call__
    await self.app(scope, receive, _send)
  File "/usr/local/lib/python3.12/site-packages/starlette/middleware/base.py", line 191, in __call__
    with recv_stream, send_stream, collapse_excgroups():
                                   ^^^^^^^^^^^^^^^^^^^^
  File "/usr/local/lib/python3.12/contextlib.py", line 158, in __exit__
    self.gen.throw(value)
  File "/usr/local/lib/python3.12/site-packages/starlette/_utils.py", line 85, in collapse_excgroups
    raise exc
  File "/usr/local/lib/python3.12/site-packages/starlette/middleware/base.py", line 193, in __call__
    response = await self.dispatch_func(request, call_next)
               ^^^^^^^^^^^^^^^^^^^^^^^^^^^^^^^^^^^^^^^^^^^^
  File "/project/app/server_fastapi.py", line 41, in log_requests
    response: Response = await call_next(request)
                         ^^^^^^^^^^^^^^^^^^^^^^^^
  File "/usr/local/lib/python3.12/site-packages/starlette/middleware/base.py", line 168, in call_next
    raise app_exc from app_exc.__cause__ or app_exc.__context__
  File "/usr/local/lib/python3.12/site-packages/starlette/middleware/base.py", line 144, in coro
    await self.app(scope, receive_or_disconnect, send_no_error)
  File "/usr/local/lib/python3.12/site-packages/starlette/middleware/exceptions.py", line 63, in __call__
    await wrap_app_handling_exceptions(self.app, conn)(scope, receive, send)
  File "/usr/local/lib/python3.12/site-packages/starlette/_exception_handler.py", line 53, in wrapped_app
    raise exc
  File "/usr/local/lib/python3.12/site-packages/starlette/_exception_handler.py", line 42, in wrapped_app
    await app(scope, receive, sender)
  File "/usr/local/lib/python3.12/site-packages/fastapi/middleware/asyncexitstack.py", line 18, in __call__
    await self.app(scope, receive, send)
  File "/usr/local/lib/python3.12/site-packages/starlette/routing.py", line 716, in __call__
    await self.middleware_stack(scope, receive, send)
  File "/usr/local/lib/python3.12/site-packages/starlette/routing.py", line 736, in app
    await route.handle(scope, receive, send)
  File "/usr/local/lib/python3.12/site-packages/starlette/routing.py", line 290, in handle
    await self.app(scope, receive, send)
  File "/usr/local/lib/python3.12/site-packages/fastapi/routing.py", line 120, in app
    await wrap_app_handling_exceptions(app, request)(scope, receive, send)
  File "/usr/local/lib/python3.12/site-packages/starlette/_exception_handler.py", line 59, in wrapped_app
    response = await handler(conn, exc)
               ^^^^^^^^^^^^^^^^^^^^^^^^
  File "/usr/local/lib/python3.12/site-packages/fastapi/exception_handlers.py", line 23, in request_validation_exception_handler
    return JSONResponse(
           ^^^^^^^^^^^^^
  File "/usr/local/lib/python3.12/site-packages/starlette/responses.py", line 189, in __init__
    super().__init__(content, status_code, headers, media_type, background)
  File "/usr/local/lib/python3.12/site-packages/starlette/responses.py", line 46, in __init__
    self.body = self.render(content)
                ^^^^^^^^^^^^^^^^^^^^
  File "/usr/local/lib/python3.12/site-packages/starlette/responses.py", line 192, in render
    return json.dumps(
           ^^^^^^^^^^^
  File "/usr/local/lib/python3.12/json/__init__.py", line 238, in dumps
    **kw).encode(obj)
          ^^^^^^^^^^^
  File "/usr/local/lib/python3.12/json/encoder.py", line 200, in encode
    chunks = self.iterencode(o, _one_shot=True)
             ^^^^^^^^^^^^^^^^^^^^^^^^^^^^^^^^^^
  File "/usr/local/lib/python3.12/json/encoder.py", line 258, in iterencode
    return _iterencode(o, 0)
           ^^^^^^^^^^^^^^^^^
ValueError: Out of range float values are not JSON compliant: nan
[2025-12-20 13:26:48] [INFO] REQ: POST /predict - Status: 200 - Czas: 108.52ms
[2025-12-20 13:26:48] [INFO] REQ: POST /predict - Status: 200 - Czas: 108.60ms
[2025-12-20 13:26:48] [INFO] REQ: POST /predict - Status: 200 - Czas: 108.76ms
[2025-12-20 13:26:48] [INFO] REQ: POST /predict - Status: 200 - Czas: 108.92ms
[2025-12-20 13:26:48] [INFO] REQ: POST /predict - Status: 200 - Czas: 109.05ms
[2025-12-20 13:26:48] [INFO] REQ: POST /predict - Status: 200 - Czas: 109.17ms
[2025-12-20 13:26:48] [INFO] REQ: POST /predict - Status: 200 - Czas: 109.29ms
[2025-12-20 13:26:48] [INFO] REQ: POST /predict - Status: 200 - Czas: 109.41ms
[2025-12-20 13:26:48] [INFO] REQ: POST /predict - Status: 200 - Czas: 109.52ms
[2025-12-20 13:26:48] [INFO] REQ: POST /predict - Status: 200 - Czas: 109.65ms
[2025-12-20 13:26:48] [INFO] REQ: POST /predict - Status: 200 - Czas: 109.76ms
[2025-12-20 13:26:48] [INFO] REQ: POST /predict - Status: 200 - Czas: 109.01ms
[2025-12-20 13:26:48] [INFO] REQ: POST /predict - Status: 200 - Czas: 109.10ms
[2025-12-20 13:26:48] [INFO] REQ: POST /predict - Status: 200 - Czas: 109.20ms
[2025-12-20 13:26:48] [INFO] REQ: POST /predict - Status: 200 - Czas: 109.30ms
[2025-12-20 13:26:48] [INFO] REQ: POST /predict - Status: 200 - Czas: 109.40ms
[2025-12-20 13:26:48] [INFO] REQ: POST /predict - Status: 200 - Czas: 109.51ms
[2025-12-20 13:26:48] [INFO] REQ: POST /predict - Status: 200 - Czas: 109.63ms
[2025-12-20 13:26:48] [INFO] REQ: POST /predict - Status: 200 - Czas: 109.74ms
[2025-12-20 13:26:48] [INFO] REQ: POST /predict - Status: 200 - Czas: 109.84ms
[2025-12-20 13:26:48] [INFO] REQ: POST /predict - Status: 200 - Czas: 109.93ms
[2025-12-20 13:26:48] [INFO] REQ: POST /predict - Status: 200 - Czas: 76.81ms
[2025-12-20 13:26:48] [INFO] REQ: POST /predict - Status: 200 - Czas: 76.84ms
[2025-12-20 13:26:48] [INFO] REQ: POST /predict - Status: 200 - Czas: 76.93ms
[2025-12-20 13:26:48] [INFO] REQ: POST /predict - Status: 200 - Czas: 77.02ms
[2025-12-20 13:26:48] [INFO] REQ: POST /predict - Status: 200 - Czas: 77.12ms
[2025-12-20 13:26:48] [INFO] REQ: POST /predict - Status: 200 - Czas: 77.23ms
[2025-12-20 13:26:48] [INFO] REQ: POST /predict - Status: 200 - Czas: 77.34ms
[2025-12-20 13:26:48] [INFO] REQ: POST /predict - Status: 200 - Czas: 77.43ms
[2025-12-20 13:26:48] [INFO] REQ: POST /predict - Status: 200 - Czas: 77.52ms
[2025-12-20 13:26:48] [INFO] REQ: POST /predict - Status: 200 - Czas: 77.61ms
[2025-12-20 13:26:48] [INFO] REQ: POST /predict - Status: 200 - Czas: 77.30ms
[2025-12-20 13:26:48] [INFO] REQ: POST /predict - Status: 200 - Czas: 77.51ms
[2025-12-20 13:26:48] [INFO] REQ: POST /predict - Status: 200 - Czas: 77.67ms
[2025-12-20 13:26:48] [INFO] REQ: POST /predict - Status: 200 - Czas: 77.84ms
[2025-12-20 13:26:48] [INFO] REQ: POST /predict - Status: 200 - Czas: 77.98ms
[2025-12-20 13:26:48] [INFO] REQ: POST /predict - Status: 200 - Czas: 78.16ms
[2025-12-20 13:26:48] [INFO] REQ: POST /predict - Status: 200 - Czas: 78.35ms
[2025-12-20 13:26:48] [INFO] REQ: POST /predict - Status: 200 - Czas: 78.49ms
[2025-12-20 13:26:48] [INFO] REQ: POST /predict - Status: 200 - Czas: 78.65ms
[2025-12-20 13:26:48] [INFO] REQ: POST /predict - Status: 200 - Czas: 78.84ms
[2025-12-20 13:26:48] [INFO] REQ: POST /predict - Status: 200 - Czas: 79.03ms
[2025-12-20 13:26:48] [INFO] REQ: POST /predict - Status: 200 - Czas: 79.21ms
[2025-12-20 13:26:48] [INFO] REQ: POST /predict - Status: 200 - Czas: 52.38ms
[2025-12-20 13:26:48] [INFO] REQ: POST /predict - Status: 200 - Czas: 52.55ms
[2025-12-20 13:26:48] [INFO] REQ: POST /predict - Status: 200 - Czas: 52.67ms
[2025-12-20 13:26:48] [INFO] REQ: POST /predict - Status: 200 - Czas: 52.79ms
[2025-12-20 13:26:48] [INFO] REQ: POST /predict - Status: 200 - Czas: 52.91ms
[2025-12-20 13:26:48] [INFO] REQ: POST /predict - Status: 200 - Czas: 53.03ms
[2025-12-20 13:26:48] [INFO] REQ: POST /predict - Status: 200 - Czas: 53.12ms
[2025-12-20 13:26:48] [INFO] REQ: POST /predict - Status: 200 - Czas: 53.24ms
[2025-12-20 13:26:48] [INFO] REQ: POST /predict - Status: 200 - Czas: 53.34ms
[2025-12-20 13:26:48] [INFO] REQ: POST /predict - Status: 200 - Czas: 53.46ms
[2025-12-20 13:26:48] [INFO] REQ: POST /predict - Status: 200 - Czas: 53.03ms
[2025-12-20 13:26:48] [INFO] REQ: POST /predict - Status: 200 - Czas: 53.15ms
[2025-12-20 13:26:48] [INFO] REQ: POST /predict - Status: 200 - Czas: 53.24ms
[2025-12-20 13:26:48] [INFO] REQ: POST /predict - Status: 200 - Czas: 53.37ms
[2025-12-20 13:26:48] [INFO] REQ: POST /predict - Status: 200 - Czas: 53.46ms
[2025-12-20 13:26:48] [INFO] REQ: POST /predict - Status: 200 - Czas: 53.56ms
[2025-12-20 13:26:48] [INFO] REQ: POST /predict - Status: 200 - Czas: 53.65ms
[2025-12-20 13:26:48] [INFO] REQ: POST /predict - Status: 200 - Czas: 53.78ms
[2025-12-20 13:26:48] [INFO] REQ: POST /predict - Status: 200 - Czas: 53.89ms
[2025-12-20 13:26:48] [INFO] REQ: POST /predict - Status: 200 - Czas: 54.00ms
[2025-12-20 13:26:48] [INFO] REQ: POST /predict - Status: 200 - Czas: 52.66ms
[2025-12-20 13:26:48] [INFO] REQ: POST /predict - Status: 200 - Czas: 52.76ms
[2025-12-20 13:26:48] [INFO] REQ: POST /predict - Status: 200 - Czas: 52.90ms
[2025-12-20 13:26:48] [INFO] REQ: POST /predict - Status: 200 - Czas: 53.03ms
[2025-12-20 13:26:48] [INFO] REQ: POST /predict - Status: 200 - Czas: 53.17ms
[2025-12-20 13:26:48] [INFO] REQ: POST /predict - Status: 200 - Czas: 53.25ms
[2025-12-20 13:26:48] [INFO] REQ: POST /predict - Status: 200 - Czas: 68.51ms
[2025-12-20 13:26:48] [INFO] REQ: POST /predict - Status: 200 - Czas: 68.79ms
[2025-12-20 13:26:48] [INFO] REQ: POST /predict - Status: 200 - Czas: 68.95ms
[2025-12-20 13:26:48] [INFO] REQ: POST /predict - Status: 200 - Czas: 69.10ms
[2025-12-20 13:26:48] [INFO] REQ: POST /predict - Status: 200 - Czas: 69.23ms
[2025-12-20 13:26:48] [INFO] REQ: POST /predict - Status: 200 - Czas: 69.36ms
[2025-12-20 13:26:48] [INFO] REQ: POST /predict - Status: 200 - Czas: 69.47ms
[2025-12-20 13:26:48] [INFO] REQ: POST /predict - Status: 200 - Czas: 69.62ms
[2025-12-20 13:26:48] [INFO] REQ: POST /predict - Status: 200 - Czas: 69.65ms
[2025-12-20 13:26:48] [INFO] REQ: POST /predict - Status: 200 - Czas: 69.77ms
[2025-12-20 13:26:48] [INFO] REQ: POST /predict - Status: 200 - Czas: 69.90ms
[2025-12-20 13:26:48] [INFO] REQ: POST /predict - Status: 200 - Czas: 70.05ms
[2025-12-20 13:26:48] [INFO] REQ: POST /predict - Status: 200 - Czas: 70.19ms
[2025-12-20 13:26:48] [INFO] REQ: POST /predict - Status: 200 - Czas: 70.32ms
[2025-12-20 13:26:48] [INFO] REQ: POST /predict - Status: 200 - Czas: 70.41ms
[2025-12-20 13:26:48] [INFO] REQ: POST /predict - Status: 200 - Czas: 70.51ms
[2025-12-20 13:26:48] [INFO] REQ: POST /predict - Status: 200 - Czas: 70.62ms
[2025-12-20 13:26:48] [INFO] REQ: POST /predict - Status: 200 - Czas: 70.72ms
[2025-12-20 13:26:48] [INFO] REQ: POST /predict - Status: 200 - Czas: 70.75ms
[2025-12-20 13:26:48] [INFO] REQ: POST /predict - Status: 200 - Czas: 70.85ms
[2025-12-20 13:26:48] [INFO] REQ: POST /predict - Status: 200 - Czas: 70.97ms
[2025-12-20 13:26:48] [INFO] REQ: POST /predict - Status: 200 - Czas: 71.07ms
[2025-12-20 13:26:48] [ERROR] Exception in ASGI application
Traceback (most recent call last):
  File "/usr/local/lib/python3.12/site-packages/starlette/_exception_handler.py", line 42, in wrapped_app
    await app(scope, receive, sender)
  File "/usr/local/lib/python3.12/site-packages/fastapi/routing.py", line 106, in app
    response = await f(request)
               ^^^^^^^^^^^^^^^^
  File "/usr/local/lib/python3.12/site-packages/fastapi/routing.py", line 472, in app
    raise validation_error
fastapi.exceptions.RequestValidationError: 1 validation error:
  {'type': 'string_type', 'loc': ('body', 'text'), 'msg': 'Input should be a valid string', 'input': nan}

  File "/project/app/server_fastapi.py", line 60, in predict_endpoint
    POST /predict

The above exception was the direct cause of the following exception:

Traceback (most recent call last):
  File "/usr/local/lib/python3.12/site-packages/uvicorn/protocols/http/httptools_impl.py", line 409, in run_asgi
    result = await app(  # type: ignore[func-returns-value]
             ^^^^^^^^^^^^^^^^^^^^^^^^^^^^^^^^^^^^^^^^^^^^^^
  File "/usr/local/lib/python3.12/site-packages/uvicorn/middleware/proxy_headers.py", line 60, in __call__
    return await self.app(scope, receive, send)
           ^^^^^^^^^^^^^^^^^^^^^^^^^^^^^^^^^^^^
  File "/usr/local/lib/python3.12/site-packages/fastapi/applications.py", line 1139, in __call__
    await super().__call__(scope, receive, send)
  File "/usr/local/lib/python3.12/site-packages/starlette/applications.py", line 107, in __call__
    await self.middleware_stack(scope, receive, send)
  File "/usr/local/lib/python3.12/site-packages/starlette/middleware/errors.py", line 186, in __call__
    raise exc
  File "/usr/local/lib/python3.12/site-packages/starlette/middleware/errors.py", line 164, in __call__
    await self.app(scope, receive, _send)
  File "/usr/local/lib/python3.12/site-packages/starlette/middleware/base.py", line 191, in __call__
    with recv_stream, send_stream, collapse_excgroups():
                                   ^^^^^^^^^^^^^^^^^^^^
  File "/usr/local/lib/python3.12/contextlib.py", line 158, in __exit__
    self.gen.throw(value)
  File "/usr/local/lib/python3.12/site-packages/starlette/_utils.py", line 85, in collapse_excgroups
    raise exc
  File "/usr/local/lib/python3.12/site-packages/starlette/middleware/base.py", line 193, in __call__
    response = await self.dispatch_func(request, call_next)
               ^^^^^^^^^^^^^^^^^^^^^^^^^^^^^^^^^^^^^^^^^^^^
  File "/project/app/server_fastapi.py", line 41, in log_requests
    response: Response = await call_next(request)
                         ^^^^^^^^^^^^^^^^^^^^^^^^
  File "/usr/local/lib/python3.12/site-packages/starlette/middleware/base.py", line 168, in call_next
    raise app_exc from app_exc.__cause__ or app_exc.__context__
  File "/usr/local/lib/python3.12/site-packages/starlette/middleware/base.py", line 144, in coro
    await self.app(scope, receive_or_disconnect, send_no_error)
  File "/usr/local/lib/python3.12/site-packages/starlette/middleware/exceptions.py", line 63, in __call__
    await wrap_app_handling_exceptions(self.app, conn)(scope, receive, send)
  File "/usr/local/lib/python3.12/site-packages/starlette/_exception_handler.py", line 53, in wrapped_app
    raise exc
  File "/usr/local/lib/python3.12/site-packages/starlette/_exception_handler.py", line 42, in wrapped_app
    await app(scope, receive, sender)
  File "/usr/local/lib/python3.12/site-packages/fastapi/middleware/asyncexitstack.py", line 18, in __call__
    await self.app(scope, receive, send)
  File "/usr/local/lib/python3.12/site-packages/starlette/routing.py", line 716, in __call__
    await self.middleware_stack(scope, receive, send)
  File "/usr/local/lib/python3.12/site-packages/starlette/routing.py", line 736, in app
    await route.handle(scope, receive, send)
  File "/usr/local/lib/python3.12/site-packages/starlette/routing.py", line 290, in handle
    await self.app(scope, receive, send)
  File "/usr/local/lib/python3.12/site-packages/fastapi/routing.py", line 120, in app
    await wrap_app_handling_exceptions(app, request)(scope, receive, send)
  File "/usr/local/lib/python3.12/site-packages/starlette/_exception_handler.py", line 59, in wrapped_app
    response = await handler(conn, exc)
               ^^^^^^^^^^^^^^^^^^^^^^^^
  File "/usr/local/lib/python3.12/site-packages/fastapi/exception_handlers.py", line 23, in request_validation_exception_handler
    return JSONResponse(
           ^^^^^^^^^^^^^
  File "/usr/local/lib/python3.12/site-packages/starlette/responses.py", line 189, in __init__
    super().__init__(content, status_code, headers, media_type, background)
  File "/usr/local/lib/python3.12/site-packages/starlette/responses.py", line 46, in __init__
    self.body = self.render(content)
                ^^^^^^^^^^^^^^^^^^^^
  File "/usr/local/lib/python3.12/site-packages/starlette/responses.py", line 192, in render
    return json.dumps(
           ^^^^^^^^^^^
  File "/usr/local/lib/python3.12/json/__init__.py", line 238, in dumps
    **kw).encode(obj)
          ^^^^^^^^^^^
  File "/usr/local/lib/python3.12/json/encoder.py", line 200, in encode
    chunks = self.iterencode(o, _one_shot=True)
             ^^^^^^^^^^^^^^^^^^^^^^^^^^^^^^^^^^
  File "/usr/local/lib/python3.12/json/encoder.py", line 258, in iterencode
    return _iterencode(o, 0)
           ^^^^^^^^^^^^^^^^^
ValueError: Out of range float values are not JSON compliant: nan
[2025-12-20 13:26:48] [INFO] REQ: POST /predict - Status: 200 - Czas: 72.38ms
[2025-12-20 13:26:48] [INFO] REQ: POST /predict - Status: 200 - Czas: 72.46ms
[2025-12-20 13:26:48] [INFO] REQ: POST /predict - Status: 200 - Czas: 72.56ms
[2025-12-20 13:26:48] [INFO] REQ: POST /predict - Status: 200 - Czas: 77.96ms
[2025-12-20 13:26:48] [INFO] REQ: POST /predict - Status: 200 - Czas: 78.13ms
[2025-12-20 13:26:48] [INFO] REQ: POST /predict - Status: 200 - Czas: 78.30ms
[2025-12-20 13:26:48] [INFO] REQ: POST /predict - Status: 200 - Czas: 78.46ms
[2025-12-20 13:26:48] [INFO] REQ: POST /predict - Status: 200 - Czas: 78.61ms
[2025-12-20 13:26:48] [INFO] REQ: POST /predict - Status: 200 - Czas: 78.72ms
[2025-12-20 13:26:48] [INFO] REQ: POST /predict - Status: 200 - Czas: 78.87ms
[2025-12-20 13:26:48] [INFO] REQ: POST /predict - Status: 200 - Czas: 79.04ms
[2025-12-20 13:26:48] [INFO] REQ: POST /predict - Status: 200 - Czas: 79.17ms
[2025-12-20 13:26:48] [INFO] REQ: POST /predict - Status: 200 - Czas: 79.32ms
[2025-12-20 13:26:48] [INFO] REQ: POST /predict - Status: 200 - Czas: 79.47ms
[2025-12-20 13:26:48] [INFO] REQ: POST /predict - Status: 200 - Czas: 79.71ms
[2025-12-20 13:26:48] [INFO] REQ: POST /predict - Status: 200 - Czas: 79.88ms
[2025-12-20 13:26:48] [INFO] REQ: POST /predict - Status: 200 - Czas: 80.07ms
[2025-12-20 13:26:48] [INFO] REQ: POST /predict - Status: 200 - Czas: 80.29ms
[2025-12-20 13:26:48] [INFO] REQ: POST /predict - Status: 200 - Czas: 79.68ms
[2025-12-20 13:26:48] [INFO] REQ: POST /predict - Status: 200 - Czas: 79.79ms
[2025-12-20 13:26:48] [INFO] REQ: POST /predict - Status: 200 - Czas: 79.91ms
[2025-12-20 13:26:48] [INFO] REQ: POST /predict - Status: 200 - Czas: 80.04ms
[2025-12-20 13:26:48] [INFO] REQ: POST /predict - Status: 200 - Czas: 80.19ms
[2025-12-20 13:26:48] [INFO] REQ: POST /predict - Status: 200 - Czas: 80.33ms
[2025-12-20 13:26:48] [INFO] REQ: POST /predict - Status: 200 - Czas: 80.50ms
[2025-12-20 13:26:48] [INFO] REQ: POST /predict - Status: 200 - Czas: 80.67ms
[2025-12-20 13:26:48] [INFO] REQ: POST /predict - Status: 200 - Czas: 80.80ms
[2025-12-20 13:26:48] [INFO] REQ: POST /predict - Status: 200 - Czas: 80.94ms
[2025-12-20 13:26:48] [INFO] REQ: POST /predict - Status: 200 - Czas: 81.08ms
[2025-12-20 13:26:48] [INFO] REQ: POST /predict - Status: 200 - Czas: 81.15ms
[2025-12-20 13:26:48] [INFO] REQ: POST /predict - Status: 200 - Czas: 81.27ms
[2025-12-20 13:26:48] [INFO] REQ: POST /predict - Status: 200 - Czas: 81.39ms
[2025-12-20 13:26:48] [INFO] REQ: POST /predict - Status: 200 - Czas: 81.50ms
[2025-12-20 13:26:48] [INFO] REQ: POST /predict - Status: 200 - Czas: 81.60ms
[2025-12-20 13:26:48] [INFO] REQ: POST /predict - Status: 200 - Czas: 81.69ms
[2025-12-20 13:26:48] [INFO] REQ: POST /predict - Status: 200 - Czas: 81.79ms
[2025-12-20 13:26:48] [INFO] REQ: POST /predict - Status: 200 - Czas: 81.94ms
[2025-12-20 13:26:48] [INFO] REQ: POST /predict - Status: 200 - Czas: 81.80ms
[2025-12-20 13:26:48] [INFO] REQ: POST /predict - Status: 200 - Czas: 81.94ms
[2025-12-20 13:26:48] [INFO] REQ: POST /predict - Status: 200 - Czas: 82.09ms
[2025-12-20 13:26:48] [INFO] REQ: POST /predict - Status: 200 - Czas: 82.18ms
[2025-12-20 13:26:48] [INFO] REQ: POST /predict - Status: 200 - Czas: 82.33ms
[2025-12-20 13:26:48] [INFO] REQ: POST /predict - Status: 200 - Czas: 82.50ms
[2025-12-20 13:26:48] [INFO] REQ: POST /predict - Status: 200 - Czas: 82.64ms
[2025-12-20 13:26:48] [INFO] REQ: POST /predict - Status: 200 - Czas: 82.80ms
[2025-12-20 13:26:48] [INFO] REQ: POST /predict - Status: 200 - Czas: 82.95ms
[2025-12-20 13:26:48] [INFO] REQ: POST /predict - Status: 200 - Czas: 83.09ms
[2025-12-20 13:26:48] [INFO] REQ: POST /predict - Status: 200 - Czas: 83.23ms
[2025-12-20 13:26:48] [INFO] REQ: POST /predict - Status: 200 - Czas: 83.35ms
[2025-12-20 13:26:48] [INFO] REQ: POST /predict - Status: 200 - Czas: 83.48ms
[2025-12-20 13:26:48] [INFO] REQ: POST /predict - Status: 200 - Czas: 75.92ms
[2025-12-20 13:26:48] [INFO] REQ: POST /predict - Status: 200 - Czas: 46.92ms
[2025-12-20 13:26:48] [INFO] REQ: POST /predict - Status: 200 - Czas: 47.06ms
[2025-12-20 13:26:48] [INFO] REQ: POST /predict - Status: 200 - Czas: 47.20ms
[2025-12-20 13:26:48] [INFO] REQ: POST /predict - Status: 200 - Czas: 47.34ms
[2025-12-20 13:26:48] [INFO] REQ: POST /predict - Status: 200 - Czas: 47.48ms
[2025-12-20 13:26:48] [INFO] REQ: POST /predict - Status: 200 - Czas: 47.64ms
[2025-12-20 13:26:48] [INFO] REQ: POST /predict - Status: 200 - Czas: 47.76ms
[2025-12-20 13:26:48] [INFO] REQ: POST /predict - Status: 200 - Czas: 47.87ms
[2025-12-20 13:26:48] [INFO] REQ: POST /predict - Status: 200 - Czas: 48.00ms
[2025-12-20 13:26:48] [INFO] REQ: POST /predict - Status: 200 - Czas: 48.09ms
[2025-12-20 13:26:48] [INFO] REQ: POST /predict - Status: 200 - Czas: 46.92ms
[2025-12-20 13:26:48] [INFO] REQ: POST /predict - Status: 200 - Czas: 47.06ms
[2025-12-20 13:26:48] [INFO] REQ: POST /predict - Status: 200 - Czas: 47.22ms
[2025-12-20 13:26:48] [INFO] REQ: POST /predict - Status: 200 - Czas: 47.36ms
[2025-12-20 13:26:48] [INFO] REQ: POST /predict - Status: 200 - Czas: 47.51ms
[2025-12-20 13:26:48] [INFO] REQ: POST /predict - Status: 200 - Czas: 47.66ms
[2025-12-20 13:26:48] [INFO] REQ: POST /predict - Status: 200 - Czas: 47.76ms
[2025-12-20 13:26:48] [INFO] REQ: POST /predict - Status: 200 - Czas: 47.91ms
[2025-12-20 13:26:48] [INFO] REQ: POST /predict - Status: 200 - Czas: 48.06ms
[2025-12-20 13:26:48] [INFO] REQ: POST /predict - Status: 200 - Czas: 48.20ms
[2025-12-20 13:26:48] [INFO] REQ: POST /predict - Status: 200 - Czas: 48.29ms
[2025-12-20 13:26:48] [INFO] REQ: POST /predict - Status: 200 - Czas: 48.46ms
[2025-12-20 13:26:48] [INFO] REQ: POST /predict - Status: 200 - Czas: 48.59ms
[2025-12-20 13:26:48] [INFO] REQ: POST /predict - Status: 200 - Czas: 48.72ms
[2025-12-20 13:26:48] [INFO] REQ: POST /predict - Status: 200 - Czas: 48.90ms
[2025-12-20 13:26:48] [INFO] REQ: POST /predict - Status: 200 - Czas: 49.04ms
[2025-12-20 13:26:48] [INFO] REQ: POST /predict - Status: 200 - Czas: 65.06ms
[2025-12-20 13:26:48] [INFO] REQ: POST /predict - Status: 200 - Czas: 65.24ms
[2025-12-20 13:26:48] [INFO] REQ: POST /predict - Status: 200 - Czas: 65.37ms
[2025-12-20 13:26:48] [INFO] REQ: POST /predict - Status: 200 - Czas: 65.51ms
[2025-12-20 13:26:48] [INFO] REQ: POST /predict - Status: 200 - Czas: 65.64ms
[2025-12-20 13:26:48] [INFO] REQ: POST /predict - Status: 200 - Czas: 65.78ms
[2025-12-20 13:26:48] [INFO] REQ: POST /predict - Status: 200 - Czas: 65.93ms
[2025-12-20 13:26:48] [INFO] REQ: POST /predict - Status: 200 - Czas: 66.02ms
[2025-12-20 13:26:48] [INFO] REQ: POST /predict - Status: 200 - Czas: 66.15ms
[2025-12-20 13:26:48] [INFO] REQ: POST /predict - Status: 200 - Czas: 66.27ms
[2025-12-20 13:26:48] [INFO] REQ: POST /predict - Status: 200 - Czas: 66.39ms
[2025-12-20 13:26:48] [INFO] REQ: POST /predict - Status: 200 - Czas: 66.55ms
[2025-12-20 13:26:48] [INFO] REQ: POST /predict - Status: 200 - Czas: 66.71ms
[2025-12-20 13:26:48] [INFO] REQ: POST /predict - Status: 200 - Czas: 66.87ms
[2025-12-20 13:26:48] [INFO] REQ: POST /predict - Status: 200 - Czas: 67.00ms
[2025-12-20 13:26:48] [INFO] REQ: POST /predict - Status: 200 - Czas: 67.12ms
[2025-12-20 13:26:48] [INFO] REQ: POST /predict - Status: 200 - Czas: 67.27ms
[2025-12-20 13:26:48] [INFO] REQ: POST /predict - Status: 200 - Czas: 67.42ms
[2025-12-20 13:26:48] [INFO] REQ: POST /predict - Status: 200 - Czas: 67.47ms
[2025-12-20 13:26:48] [INFO] REQ: POST /predict - Status: 200 - Czas: 67.55ms
[2025-12-20 13:26:48] [INFO] REQ: POST /predict - Status: 200 - Czas: 67.65ms
[2025-12-20 13:26:48] [INFO] REQ: POST /predict - Status: 200 - Czas: 67.82ms
[2025-12-20 13:26:48] [INFO] REQ: POST /predict - Status: 200 - Czas: 67.95ms
[2025-12-20 13:26:48] [INFO] REQ: POST /predict - Status: 200 - Czas: 68.09ms
[2025-12-20 13:26:48] [INFO] REQ: POST /predict - Status: 200 - Czas: 68.24ms
[2025-12-20 13:26:48] [INFO] REQ: POST /predict - Status: 200 - Czas: 74.74ms
[2025-12-20 13:26:48] [INFO] REQ: POST /predict - Status: 200 - Czas: 74.90ms
[2025-12-20 13:26:48] [INFO] REQ: POST /predict - Status: 200 - Czas: 75.04ms
[2025-12-20 13:26:48] [INFO] REQ: POST /predict - Status: 200 - Czas: 75.17ms
[2025-12-20 13:26:48] [INFO] REQ: POST /predict - Status: 200 - Czas: 75.35ms
[2025-12-20 13:26:48] [INFO] REQ: POST /predict - Status: 200 - Czas: 75.54ms
[2025-12-20 13:26:48] [INFO] REQ: POST /predict - Status: 200 - Czas: 75.04ms
[2025-12-20 13:26:48] [INFO] REQ: POST /predict - Status: 200 - Czas: 75.17ms
[2025-12-20 13:26:48] [INFO] REQ: POST /predict - Status: 200 - Czas: 75.31ms
[2025-12-20 13:26:48] [INFO] REQ: POST /predict - Status: 200 - Czas: 75.50ms
[2025-12-20 13:26:48] [INFO] REQ: POST /predict - Status: 200 - Czas: 75.69ms
[2025-12-20 13:26:48] [INFO] REQ: POST /predict - Status: 200 - Czas: 75.85ms
[2025-12-20 13:26:48] [INFO] REQ: POST /predict - Status: 200 - Czas: 76.01ms
[2025-12-20 13:26:48] [INFO] REQ: POST /predict - Status: 200 - Czas: 76.19ms
[2025-12-20 13:26:48] [INFO] REQ: POST /predict - Status: 200 - Czas: 76.38ms
[2025-12-20 13:26:48] [INFO] REQ: POST /predict - Status: 200 - Czas: 76.55ms
[2025-12-20 13:26:48] [INFO] REQ: POST /predict - Status: 200 - Czas: 76.69ms
[2025-12-20 13:26:48] [INFO] REQ: POST /predict - Status: 200 - Czas: 76.86ms
[2025-12-20 13:26:48] [INFO] REQ: POST /predict - Status: 200 - Czas: 77.04ms
[2025-12-20 13:26:48] [INFO] REQ: POST /predict - Status: 200 - Czas: 77.24ms
[2025-12-20 13:26:48] [INFO] REQ: POST /predict - Status: 200 - Czas: 77.41ms
[2025-12-20 13:26:48] [ERROR] Exception in ASGI application
Traceback (most recent call last):
  File "/usr/local/lib/python3.12/site-packages/starlette/_exception_handler.py", line 42, in wrapped_app
    await app(scope, receive, sender)
  File "/usr/local/lib/python3.12/site-packages/fastapi/routing.py", line 106, in app
    response = await f(request)
               ^^^^^^^^^^^^^^^^
  File "/usr/local/lib/python3.12/site-packages/fastapi/routing.py", line 472, in app
    raise validation_error
fastapi.exceptions.RequestValidationError: 1 validation error:
  {'type': 'string_type', 'loc': ('body', 'text'), 'msg': 'Input should be a valid string', 'input': nan}

  File "/project/app/server_fastapi.py", line 60, in predict_endpoint
    POST /predict

The above exception was the direct cause of the following exception:

Traceback (most recent call last):
  File "/usr/local/lib/python3.12/site-packages/uvicorn/protocols/http/httptools_impl.py", line 409, in run_asgi
    result = await app(  # type: ignore[func-returns-value]
             ^^^^^^^^^^^^^^^^^^^^^^^^^^^^^^^^^^^^^^^^^^^^^^
  File "/usr/local/lib/python3.12/site-packages/uvicorn/middleware/proxy_headers.py", line 60, in __call__
    return await self.app(scope, receive, send)
           ^^^^^^^^^^^^^^^^^^^^^^^^^^^^^^^^^^^^
  File "/usr/local/lib/python3.12/site-packages/fastapi/applications.py", line 1139, in __call__
    await super().__call__(scope, receive, send)
  File "/usr/local/lib/python3.12/site-packages/starlette/applications.py", line 107, in __call__
    await self.middleware_stack(scope, receive, send)
  File "/usr/local/lib/python3.12/site-packages/starlette/middleware/errors.py", line 186, in __call__
    raise exc
  File "/usr/local/lib/python3.12/site-packages/starlette/middleware/errors.py", line 164, in __call__
    await self.app(scope, receive, _send)
  File "/usr/local/lib/python3.12/site-packages/starlette/middleware/base.py", line 191, in __call__
    with recv_stream, send_stream, collapse_excgroups():
                                   ^^^^^^^^^^^^^^^^^^^^
  File "/usr/local/lib/python3.12/contextlib.py", line 158, in __exit__
    self.gen.throw(value)
  File "/usr/local/lib/python3.12/site-packages/starlette/_utils.py", line 85, in collapse_excgroups
    raise exc
  File "/usr/local/lib/python3.12/site-packages/starlette/middleware/base.py", line 193, in __call__
    response = await self.dispatch_func(request, call_next)
               ^^^^^^^^^^^^^^^^^^^^^^^^^^^^^^^^^^^^^^^^^^^^
  File "/project/app/server_fastapi.py", line 41, in log_requests
    response: Response = await call_next(request)
                         ^^^^^^^^^^^^^^^^^^^^^^^^
  File "/usr/local/lib/python3.12/site-packages/starlette/middleware/base.py", line 168, in call_next
    raise app_exc from app_exc.__cause__ or app_exc.__context__
  File "/usr/local/lib/python3.12/site-packages/starlette/middleware/base.py", line 144, in coro
    await self.app(scope, receive_or_disconnect, send_no_error)
  File "/usr/local/lib/python3.12/site-packages/starlette/middleware/exceptions.py", line 63, in __call__
    await wrap_app_handling_exceptions(self.app, conn)(scope, receive, send)
  File "/usr/local/lib/python3.12/site-packages/starlette/_exception_handler.py", line 53, in wrapped_app
    raise exc
  File "/usr/local/lib/python3.12/site-packages/starlette/_exception_handler.py", line 42, in wrapped_app
    await app(scope, receive, sender)
  File "/usr/local/lib/python3.12/site-packages/fastapi/middleware/asyncexitstack.py", line 18, in __call__
    await self.app(scope, receive, send)
  File "/usr/local/lib/python3.12/site-packages/starlette/routing.py", line 716, in __call__
    await self.middleware_stack(scope, receive, send)
  File "/usr/local/lib/python3.12/site-packages/starlette/routing.py", line 736, in app
    await route.handle(scope, receive, send)
  File "/usr/local/lib/python3.12/site-packages/starlette/routing.py", line 290, in handle
    await self.app(scope, receive, send)
  File "/usr/local/lib/python3.12/site-packages/fastapi/routing.py", line 120, in app
    await wrap_app_handling_exceptions(app, request)(scope, receive, send)
  File "/usr/local/lib/python3.12/site-packages/starlette/_exception_handler.py", line 59, in wrapped_app
    response = await handler(conn, exc)
               ^^^^^^^^^^^^^^^^^^^^^^^^
  File "/usr/local/lib/python3.12/site-packages/fastapi/exception_handlers.py", line 23, in request_validation_exception_handler
    return JSONResponse(
           ^^^^^^^^^^^^^
  File "/usr/local/lib/python3.12/site-packages/starlette/responses.py", line 189, in __init__
    super().__init__(content, status_code, headers, media_type, background)
  File "/usr/local/lib/python3.12/site-packages/starlette/responses.py", line 46, in __init__
    self.body = self.render(content)
                ^^^^^^^^^^^^^^^^^^^^
  File "/usr/local/lib/python3.12/site-packages/starlette/responses.py", line 192, in render
    return json.dumps(
           ^^^^^^^^^^^
  File "/usr/local/lib/python3.12/json/__init__.py", line 238, in dumps
    **kw).encode(obj)
          ^^^^^^^^^^^
  File "/usr/local/lib/python3.12/json/encoder.py", line 200, in encode
    chunks = self.iterencode(o, _one_shot=True)
             ^^^^^^^^^^^^^^^^^^^^^^^^^^^^^^^^^^
  File "/usr/local/lib/python3.12/json/encoder.py", line 258, in iterencode
    return _iterencode(o, 0)
           ^^^^^^^^^^^^^^^^^
ValueError: Out of range float values are not JSON compliant: nan
[2025-12-20 13:26:48] [INFO] REQ: POST /predict - Status: 200 - Czas: 78.82ms
[2025-12-20 13:26:48] [INFO] REQ: POST /predict - Status: 200 - Czas: 78.94ms
[2025-12-20 13:26:48] [INFO] REQ: POST /predict - Status: 200 - Czas: 79.07ms
[2025-12-20 13:26:48] [INFO] REQ: POST /predict - Status: 200 - Czas: 79.22ms
[2025-12-20 13:26:48] [INFO] REQ: POST /predict - Status: 200 - Czas: 79.32ms
[2025-12-20 13:26:48] [INFO] REQ: POST /predict - Status: 200 - Czas: 79.46ms
[2025-12-20 13:26:48] [INFO] REQ: POST /predict - Status: 200 - Czas: 79.62ms
[2025-12-20 13:26:48] [INFO] REQ: POST /predict - Status: 200 - Czas: 79.76ms
[2025-12-20 13:26:48] [INFO] REQ: POST /predict - Status: 200 - Czas: 79.90ms
[2025-12-20 13:26:48] [INFO] REQ: POST /predict - Status: 200 - Czas: 80.03ms
[2025-12-20 13:26:48] [INFO] REQ: POST /predict - Status: 200 - Czas: 80.16ms
[2025-12-20 13:26:48] [INFO] REQ: POST /predict - Status: 200 - Czas: 80.28ms
[2025-12-20 13:26:48] [INFO] REQ: POST /predict - Status: 200 - Czas: 81.10ms
[2025-12-20 13:26:48] [INFO] REQ: POST /predict - Status: 200 - Czas: 81.30ms
[2025-12-20 13:26:48] [INFO] REQ: POST /predict - Status: 200 - Czas: 81.49ms
[2025-12-20 13:26:48] [INFO] REQ: POST /predict - Status: 200 - Czas: 81.64ms
[2025-12-20 13:26:48] [INFO] REQ: POST /predict - Status: 200 - Czas: 81.70ms
[2025-12-20 13:26:48] [INFO] REQ: POST /predict - Status: 200 - Czas: 81.82ms
[2025-12-20 13:26:48] [INFO] REQ: POST /predict - Status: 200 - Czas: 81.95ms
[2025-12-20 13:26:48] [INFO] REQ: POST /predict - Status: 200 - Czas: 82.09ms
[2025-12-20 13:26:48] [INFO] REQ: POST /predict - Status: 200 - Czas: 82.24ms
[2025-12-20 13:26:48] [INFO] REQ: POST /predict - Status: 200 - Czas: 82.42ms
[2025-12-20 13:26:48] [INFO] REQ: POST /predict - Status: 200 - Czas: 82.57ms
[2025-12-20 13:26:48] [INFO] REQ: POST /predict - Status: 200 - Czas: 82.71ms
[2025-12-20 13:26:48] [INFO] REQ: POST /predict - Status: 200 - Czas: 82.88ms
[2025-12-20 13:26:48] [INFO] REQ: POST /predict - Status: 200 - Czas: 86.11ms
[2025-12-20 13:26:48] [INFO] REQ: POST /predict - Status: 200 - Czas: 76.17ms
[2025-12-20 13:26:48] [INFO] REQ: POST /predict - Status: 200 - Czas: 47.54ms
[2025-12-20 13:26:48] [INFO] REQ: POST /predict - Status: 200 - Czas: 47.68ms
[2025-12-20 13:26:48] [INFO] REQ: POST /predict - Status: 200 - Czas: 47.78ms
[2025-12-20 13:26:48] [INFO] REQ: POST /predict - Status: 200 - Czas: 47.90ms
[2025-12-20 13:26:48] [INFO] REQ: POST /predict - Status: 200 - Czas: 48.05ms
[2025-12-20 13:26:48] [INFO] REQ: POST /predict - Status: 200 - Czas: 48.17ms
[2025-12-20 13:26:48] [INFO] REQ: POST /predict - Status: 200 - Czas: 48.31ms
[2025-12-20 13:26:48] [INFO] REQ: POST /predict - Status: 200 - Czas: 48.46ms
[2025-12-20 13:26:48] [INFO] REQ: POST /predict - Status: 200 - Czas: 48.63ms
[2025-12-20 13:26:48] [INFO] REQ: POST /predict - Status: 200 - Czas: 48.76ms
[2025-12-20 13:26:48] [INFO] REQ: POST /predict - Status: 200 - Czas: 48.34ms
[2025-12-20 13:26:48] [INFO] REQ: POST /predict - Status: 200 - Czas: 48.46ms
[2025-12-20 13:26:48] [INFO] REQ: POST /predict - Status: 200 - Czas: 48.64ms
[2025-12-20 13:26:48] [INFO] REQ: POST /predict - Status: 200 - Czas: 48.78ms
[2025-12-20 13:26:48] [INFO] REQ: POST /predict - Status: 200 - Czas: 48.93ms
[2025-12-20 13:26:48] [INFO] REQ: POST /predict - Status: 200 - Czas: 49.08ms
[2025-12-20 13:26:48] [INFO] REQ: POST /predict - Status: 200 - Czas: 49.22ms
[2025-12-20 13:26:48] [INFO] REQ: POST /predict - Status: 200 - Czas: 49.37ms
[2025-12-20 13:26:48] [INFO] REQ: POST /predict - Status: 200 - Czas: 49.53ms
[2025-12-20 13:26:48] [INFO] REQ: POST /predict - Status: 200 - Czas: 49.66ms
[2025-12-20 13:26:48] [INFO] REQ: POST /predict - Status: 200 - Czas: 49.64ms
[2025-12-20 13:26:48] [INFO] REQ: POST /predict - Status: 200 - Czas: 49.78ms
[2025-12-20 13:26:48] [INFO] REQ: POST /predict - Status: 200 - Czas: 49.89ms
[2025-12-20 13:26:48] [INFO] REQ: POST /predict - Status: 200 - Czas: 50.04ms
[2025-12-20 13:26:48] [INFO] REQ: POST /predict - Status: 200 - Czas: 50.18ms
[2025-12-20 13:26:48] [INFO] REQ: POST /predict - Status: 200 - Czas: 50.29ms
[2025-12-20 13:26:48] [INFO] REQ: POST /predict - Status: 200 - Czas: 65.79ms
[2025-12-20 13:26:48] [INFO] REQ: POST /predict - Status: 200 - Czas: 65.99ms
[2025-12-20 13:26:48] [INFO] REQ: POST /predict - Status: 200 - Czas: 66.12ms
[2025-12-20 13:26:48] [INFO] REQ: POST /predict - Status: 200 - Czas: 66.27ms
[2025-12-20 13:26:48] [INFO] REQ: POST /predict - Status: 200 - Czas: 66.43ms
[2025-12-20 13:26:48] [INFO] REQ: POST /predict - Status: 200 - Czas: 66.58ms
[2025-12-20 13:26:48] [INFO] REQ: POST /predict - Status: 200 - Czas: 66.74ms
[2025-12-20 13:26:48] [INFO] REQ: POST /predict - Status: 200 - Czas: 66.86ms
[2025-12-20 13:26:48] [INFO] REQ: POST /predict - Status: 200 - Czas: 67.02ms
[2025-12-20 13:26:48] [INFO] REQ: POST /predict - Status: 200 - Czas: 67.15ms
[2025-12-20 13:26:48] [INFO] REQ: POST /predict - Status: 200 - Czas: 67.29ms
[2025-12-20 13:26:48] [INFO] REQ: POST /predict - Status: 200 - Czas: 67.45ms
[2025-12-20 13:26:48] [INFO] REQ: POST /predict - Status: 200 - Czas: 67.59ms
[2025-12-20 13:26:48] [INFO] REQ: POST /predict - Status: 200 - Czas: 67.74ms
[2025-12-20 13:26:48] [INFO] REQ: POST /predict - Status: 200 - Czas: 67.89ms
[2025-12-20 13:26:48] [INFO] REQ: POST /predict - Status: 200 - Czas: 68.04ms
[2025-12-20 13:26:48] [INFO] REQ: POST /predict - Status: 200 - Czas: 68.19ms
[2025-12-20 13:26:48] [INFO] REQ: POST /predict - Status: 200 - Czas: 68.35ms
[2025-12-20 13:26:48] [INFO] REQ: POST /predict - Status: 200 - Czas: 68.43ms
[2025-12-20 13:26:48] [INFO] REQ: POST /predict - Status: 200 - Czas: 68.57ms
[2025-12-20 13:26:48] [INFO] REQ: POST /predict - Status: 200 - Czas: 68.74ms
[2025-12-20 13:26:48] [INFO] REQ: POST /predict - Status: 200 - Czas: 68.90ms
[2025-12-20 13:26:48] [INFO] REQ: POST /predict - Status: 200 - Czas: 69.05ms
[2025-12-20 13:26:48] [INFO] REQ: POST /predict - Status: 200 - Czas: 69.19ms
[2025-12-20 13:26:48] [INFO] REQ: POST /predict - Status: 200 - Czas: 69.33ms
[2025-12-20 13:26:48] [INFO] REQ: POST /predict - Status: 200 - Czas: 75.84ms
[2025-12-20 13:26:48] [INFO] REQ: POST /predict - Status: 200 - Czas: 76.08ms
[2025-12-20 13:26:48] [INFO] REQ: POST /predict - Status: 200 - Czas: 76.22ms
[2025-12-20 13:26:48] [INFO] REQ: POST /predict - Status: 200 - Czas: 76.37ms
[2025-12-20 13:26:48] [INFO] REQ: POST /predict - Status: 200 - Czas: 76.51ms
[2025-12-20 13:26:48] [INFO] REQ: POST /predict - Status: 200 - Czas: 76.66ms
[2025-12-20 13:26:48] [INFO] REQ: POST /predict - Status: 200 - Czas: 76.75ms
[2025-12-20 13:26:48] [INFO] REQ: POST /predict - Status: 200 - Czas: 76.95ms
[2025-12-20 13:26:48] [INFO] REQ: POST /predict - Status: 200 - Czas: 77.10ms
[2025-12-20 13:26:48] [INFO] REQ: POST /predict - Status: 200 - Czas: 77.29ms
[2025-12-20 13:26:48] [INFO] REQ: POST /predict - Status: 200 - Czas: 77.46ms
[2025-12-20 13:26:48] [INFO] REQ: POST /predict - Status: 200 - Czas: 77.61ms
[2025-12-20 13:26:48] [INFO] REQ: POST /predict - Status: 200 - Czas: 77.79ms
[2025-12-20 13:26:48] [INFO] REQ: POST /predict - Status: 200 - Czas: 77.95ms
[2025-12-20 13:26:48] [INFO] REQ: POST /predict - Status: 200 - Czas: 78.11ms
[2025-12-20 13:26:48] [INFO] REQ: POST /predict - Status: 200 - Czas: 78.28ms
[2025-12-20 13:26:48] [INFO] REQ: POST /predict - Status: 200 - Czas: 78.42ms
[2025-12-20 13:26:48] [INFO] REQ: POST /predict - Status: 200 - Czas: 78.58ms
[2025-12-20 13:26:48] [INFO] REQ: POST /predict - Status: 200 - Czas: 78.73ms
[2025-12-20 13:26:48] [INFO] REQ: POST /predict - Status: 200 - Czas: 78.87ms
[2025-12-20 13:26:48] [INFO] REQ: POST /predict - Status: 200 - Czas: 79.06ms
[2025-12-20 13:26:48] [INFO] REQ: POST /predict - Status: 200 - Czas: 79.20ms
[2025-12-20 13:26:48] [INFO] REQ: POST /predict - Status: 200 - Czas: 79.32ms
[2025-12-20 13:26:48] [INFO] REQ: POST /predict - Status: 200 - Czas: 79.48ms
[2025-12-20 13:26:48] [INFO] REQ: POST /predict - Status: 200 - Czas: 79.64ms
[2025-12-20 13:26:48] [INFO] REQ: POST /predict - Status: 200 - Czas: 79.79ms
[2025-12-20 13:26:48] [INFO] REQ: POST /predict - Status: 200 - Czas: 79.96ms
[2025-12-20 13:26:48] [INFO] REQ: POST /predict - Status: 200 - Czas: 80.06ms
[2025-12-20 13:26:48] [INFO] REQ: POST /predict - Status: 200 - Czas: 80.22ms
[2025-12-20 13:26:48] [INFO] REQ: POST /predict - Status: 200 - Czas: 80.38ms
[2025-12-20 13:26:48] [INFO] REQ: POST /predict - Status: 200 - Czas: 80.49ms
[2025-12-20 13:26:48] [INFO] REQ: POST /predict - Status: 200 - Czas: 80.62ms
[2025-12-20 13:26:48] [INFO] REQ: POST /predict - Status: 200 - Czas: 80.80ms
[2025-12-20 13:26:48] [INFO] REQ: POST /predict - Status: 200 - Czas: 81.41ms
[2025-12-20 13:26:48] [INFO] REQ: POST /predict - Status: 200 - Czas: 81.56ms
[2025-12-20 13:26:48] [INFO] REQ: POST /predict - Status: 200 - Czas: 81.71ms
[2025-12-20 13:26:48] [INFO] REQ: POST /predict - Status: 200 - Czas: 81.83ms
[2025-12-20 13:26:48] [INFO] REQ: POST /predict - Status: 200 - Czas: 81.95ms
[2025-12-20 13:26:48] [INFO] REQ: POST /predict - Status: 200 - Czas: 82.05ms
[2025-12-20 13:26:48] [ERROR] Exception in ASGI application
Traceback (most recent call last):
  File "/usr/local/lib/python3.12/site-packages/starlette/_exception_handler.py", line 42, in wrapped_app
    await app(scope, receive, sender)
  File "/usr/local/lib/python3.12/site-packages/fastapi/routing.py", line 106, in app
    response = await f(request)
               ^^^^^^^^^^^^^^^^
  File "/usr/local/lib/python3.12/site-packages/fastapi/routing.py", line 472, in app
    raise validation_error
fastapi.exceptions.RequestValidationError: 1 validation error:
  {'type': 'string_type', 'loc': ('body', 'text'), 'msg': 'Input should be a valid string', 'input': nan}

  File "/project/app/server_fastapi.py", line 60, in predict_endpoint
    POST /predict

The above exception was the direct cause of the following exception:

Traceback (most recent call last):
  File "/usr/local/lib/python3.12/site-packages/uvicorn/protocols/http/httptools_impl.py", line 409, in run_asgi
    result = await app(  # type: ignore[func-returns-value]
             ^^^^^^^^^^^^^^^^^^^^^^^^^^^^^^^^^^^^^^^^^^^^^^
  File "/usr/local/lib/python3.12/site-packages/uvicorn/middleware/proxy_headers.py", line 60, in __call__
    return await self.app(scope, receive, send)
           ^^^^^^^^^^^^^^^^^^^^^^^^^^^^^^^^^^^^
  File "/usr/local/lib/python3.12/site-packages/fastapi/applications.py", line 1139, in __call__
    await super().__call__(scope, receive, send)
  File "/usr/local/lib/python3.12/site-packages/starlette/applications.py", line 107, in __call__
    await self.middleware_stack(scope, receive, send)
  File "/usr/local/lib/python3.12/site-packages/starlette/middleware/errors.py", line 186, in __call__
    raise exc
  File "/usr/local/lib/python3.12/site-packages/starlette/middleware/errors.py", line 164, in __call__
    await self.app(scope, receive, _send)
  File "/usr/local/lib/python3.12/site-packages/starlette/middleware/base.py", line 191, in __call__
    with recv_stream, send_stream, collapse_excgroups():
                                   ^^^^^^^^^^^^^^^^^^^^
  File "/usr/local/lib/python3.12/contextlib.py", line 158, in __exit__
    self.gen.throw(value)
  File "/usr/local/lib/python3.12/site-packages/starlette/_utils.py", line 85, in collapse_excgroups
    raise exc
  File "/usr/local/lib/python3.12/site-packages/starlette/middleware/base.py", line 193, in __call__
    response = await self.dispatch_func(request, call_next)
               ^^^^^^^^^^^^^^^^^^^^^^^^^^^^^^^^^^^^^^^^^^^^
  File "/project/app/server_fastapi.py", line 41, in log_requests
    response: Response = await call_next(request)
                         ^^^^^^^^^^^^^^^^^^^^^^^^
  File "/usr/local/lib/python3.12/site-packages/starlette/middleware/base.py", line 168, in call_next
    raise app_exc from app_exc.__cause__ or app_exc.__context__
  File "/usr/local/lib/python3.12/site-packages/starlette/middleware/base.py", line 144, in coro
    await self.app(scope, receive_or_disconnect, send_no_error)
  File "/usr/local/lib/python3.12/site-packages/starlette/middleware/exceptions.py", line 63, in __call__
    await wrap_app_handling_exceptions(self.app, conn)(scope, receive, send)
  File "/usr/local/lib/python3.12/site-packages/starlette/_exception_handler.py", line 53, in wrapped_app
    raise exc
  File "/usr/local/lib/python3.12/site-packages/starlette/_exception_handler.py", line 42, in wrapped_app
    await app(scope, receive, sender)
  File "/usr/local/lib/python3.12/site-packages/fastapi/middleware/asyncexitstack.py", line 18, in __call__
    await self.app(scope, receive, send)
  File "/usr/local/lib/python3.12/site-packages/starlette/routing.py", line 716, in __call__
    await self.middleware_stack(scope, receive, send)
  File "/usr/local/lib/python3.12/site-packages/starlette/routing.py", line 736, in app
    await route.handle(scope, receive, send)
  File "/usr/local/lib/python3.12/site-packages/starlette/routing.py", line 290, in handle
    await self.app(scope, receive, send)
  File "/usr/local/lib/python3.12/site-packages/fastapi/routing.py", line 120, in app
    await wrap_app_handling_exceptions(app, request)(scope, receive, send)
  File "/usr/local/lib/python3.12/site-packages/starlette/_exception_handler.py", line 59, in wrapped_app
    response = await handler(conn, exc)
               ^^^^^^^^^^^^^^^^^^^^^^^^
  File "/usr/local/lib/python3.12/site-packages/fastapi/exception_handlers.py", line 23, in request_validation_exception_handler
    return JSONResponse(
           ^^^^^^^^^^^^^
  File "/usr/local/lib/python3.12/site-packages/starlette/responses.py", line 189, in __init__
    super().__init__(content, status_code, headers, media_type, background)
  File "/usr/local/lib/python3.12/site-packages/starlette/responses.py", line 46, in __init__
    self.body = self.render(content)
                ^^^^^^^^^^^^^^^^^^^^
  File "/usr/local/lib/python3.12/site-packages/starlette/responses.py", line 192, in render
    return json.dumps(
           ^^^^^^^^^^^
  File "/usr/local/lib/python3.12/json/__init__.py", line 238, in dumps
    **kw).encode(obj)
          ^^^^^^^^^^^
  File "/usr/local/lib/python3.12/json/encoder.py", line 200, in encode
    chunks = self.iterencode(o, _one_shot=True)
             ^^^^^^^^^^^^^^^^^^^^^^^^^^^^^^^^^^
  File "/usr/local/lib/python3.12/json/encoder.py", line 258, in iterencode
    return _iterencode(o, 0)
           ^^^^^^^^^^^^^^^^^
ValueError: Out of range float values are not JSON compliant: nan
[2025-12-20 13:26:48] [INFO] REQ: POST /predict - Status: 200 - Czas: 84.10ms
[2025-12-20 13:26:48] [INFO] REQ: POST /predict - Status: 200 - Czas: 84.24ms
[2025-12-20 13:26:48] [INFO] REQ: POST /predict - Status: 200 - Czas: 84.39ms
[2025-12-20 13:26:48] [INFO] REQ: POST /predict - Status: 200 - Czas: 84.52ms
[2025-12-20 13:26:48] [INFO] REQ: POST /predict - Status: 200 - Czas: 84.65ms
[2025-12-20 13:26:48] [INFO] REQ: POST /predict - Status: 200 - Czas: 84.78ms
[2025-12-20 13:26:48] [INFO] REQ: POST /predict - Status: 200 - Czas: 87.97ms
[2025-12-20 13:26:48] [INFO] REQ: POST /predict - Status: 200 - Czas: 78.71ms
[2025-12-20 13:26:48] [INFO] REQ: POST /predict - Status: 200 - Czas: 78.87ms
[2025-12-20 13:26:48] [INFO] REQ: POST /predict - Status: 200 - Czas: 48.80ms
[2025-12-20 13:26:48] [INFO] REQ: POST /predict - Status: 200 - Czas: 48.98ms
[2025-12-20 13:26:48] [INFO] REQ: POST /predict - Status: 200 - Czas: 49.12ms
[2025-12-20 13:26:48] [INFO] REQ: POST /predict - Status: 200 - Czas: 49.27ms
[2025-12-20 13:26:48] [INFO] REQ: POST /predict - Status: 200 - Czas: 49.49ms
[2025-12-20 13:26:48] [INFO] REQ: POST /predict - Status: 200 - Czas: 49.62ms
[2025-12-20 13:26:48] [INFO] REQ: POST /predict - Status: 200 - Czas: 49.76ms
[2025-12-20 13:26:48] [INFO] REQ: POST /predict - Status: 200 - Czas: 49.92ms
[2025-12-20 13:26:48] [INFO] REQ: POST /predict - Status: 200 - Czas: 50.06ms
[2025-12-20 13:26:48] [INFO] REQ: POST /predict - Status: 200 - Czas: 50.17ms
[2025-12-20 13:26:48] [INFO] REQ: POST /predict - Status: 200 - Czas: 49.81ms
[2025-12-20 13:26:48] [INFO] REQ: POST /predict - Status: 200 - Czas: 49.94ms
[2025-12-20 13:26:48] [INFO] REQ: POST /predict - Status: 200 - Czas: 50.06ms
[2025-12-20 13:26:48] [INFO] REQ: POST /predict - Status: 200 - Czas: 50.19ms
[2025-12-20 13:26:48] [INFO] REQ: POST /predict - Status: 200 - Czas: 50.33ms
[2025-12-20 13:26:48] [INFO] REQ: POST /predict - Status: 200 - Czas: 50.45ms
[2025-12-20 13:26:48] [INFO] REQ: POST /predict - Status: 200 - Czas: 50.59ms
[2025-12-20 13:26:48] [INFO] REQ: POST /predict - Status: 200 - Czas: 50.76ms
[2025-12-20 13:26:48] [INFO] REQ: POST /predict - Status: 200 - Czas: 50.90ms
[2025-12-20 13:26:48] [INFO] REQ: POST /predict - Status: 200 - Czas: 51.04ms
[2025-12-20 13:26:48] [INFO] REQ: POST /predict - Status: 200 - Czas: 51.11ms
[2025-12-20 13:26:48] [INFO] REQ: POST /predict - Status: 200 - Czas: 51.27ms
[2025-12-20 13:26:48] [INFO] REQ: POST /predict - Status: 200 - Czas: 51.40ms
[2025-12-20 13:26:48] [INFO] REQ: POST /predict - Status: 200 - Czas: 51.54ms
[2025-12-20 13:26:48] [ERROR] Exception in ASGI application
Traceback (most recent call last):
  File "/usr/local/lib/python3.12/site-packages/starlette/_exception_handler.py", line 42, in wrapped_app
    await app(scope, receive, sender)
  File "/usr/local/lib/python3.12/site-packages/fastapi/routing.py", line 106, in app
    response = await f(request)
               ^^^^^^^^^^^^^^^^
  File "/usr/local/lib/python3.12/site-packages/fastapi/routing.py", line 472, in app
    raise validation_error
fastapi.exceptions.RequestValidationError: 1 validation error:
  {'type': 'string_type', 'loc': ('body', 'text'), 'msg': 'Input should be a valid string', 'input': nan}

  File "/project/app/server_fastapi.py", line 60, in predict_endpoint
    POST /predict

The above exception was the direct cause of the following exception:

Traceback (most recent call last):
  File "/usr/local/lib/python3.12/site-packages/uvicorn/protocols/http/httptools_impl.py", line 409, in run_asgi
    result = await app(  # type: ignore[func-returns-value]
             ^^^^^^^^^^^^^^^^^^^^^^^^^^^^^^^^^^^^^^^^^^^^^^
  File "/usr/local/lib/python3.12/site-packages/uvicorn/middleware/proxy_headers.py", line 60, in __call__
    return await self.app(scope, receive, send)
           ^^^^^^^^^^^^^^^^^^^^^^^^^^^^^^^^^^^^
  File "/usr/local/lib/python3.12/site-packages/fastapi/applications.py", line 1139, in __call__
    await super().__call__(scope, receive, send)
  File "/usr/local/lib/python3.12/site-packages/starlette/applications.py", line 107, in __call__
    await self.middleware_stack(scope, receive, send)
  File "/usr/local/lib/python3.12/site-packages/starlette/middleware/errors.py", line 186, in __call__
    raise exc
  File "/usr/local/lib/python3.12/site-packages/starlette/middleware/errors.py", line 164, in __call__
    await self.app(scope, receive, _send)
  File "/usr/local/lib/python3.12/site-packages/starlette/middleware/base.py", line 191, in __call__
    with recv_stream, send_stream, collapse_excgroups():
                                   ^^^^^^^^^^^^^^^^^^^^
  File "/usr/local/lib/python3.12/contextlib.py", line 158, in __exit__
    self.gen.throw(value)
  File "/usr/local/lib/python3.12/site-packages/starlette/_utils.py", line 85, in collapse_excgroups
    raise exc
  File "/usr/local/lib/python3.12/site-packages/starlette/middleware/base.py", line 193, in __call__
    response = await self.dispatch_func(request, call_next)
               ^^^^^^^^^^^^^^^^^^^^^^^^^^^^^^^^^^^^^^^^^^^^
  File "/project/app/server_fastapi.py", line 41, in log_requests
    response: Response = await call_next(request)
                         ^^^^^^^^^^^^^^^^^^^^^^^^
  File "/usr/local/lib/python3.12/site-packages/starlette/middleware/base.py", line 168, in call_next
    raise app_exc from app_exc.__cause__ or app_exc.__context__
  File "/usr/local/lib/python3.12/site-packages/starlette/middleware/base.py", line 144, in coro
    await self.app(scope, receive_or_disconnect, send_no_error)
  File "/usr/local/lib/python3.12/site-packages/starlette/middleware/exceptions.py", line 63, in __call__
    await wrap_app_handling_exceptions(self.app, conn)(scope, receive, send)
  File "/usr/local/lib/python3.12/site-packages/starlette/_exception_handler.py", line 53, in wrapped_app
    raise exc
  File "/usr/local/lib/python3.12/site-packages/starlette/_exception_handler.py", line 42, in wrapped_app
    await app(scope, receive, sender)
  File "/usr/local/lib/python3.12/site-packages/fastapi/middleware/asyncexitstack.py", line 18, in __call__
    await self.app(scope, receive, send)
  File "/usr/local/lib/python3.12/site-packages/starlette/routing.py", line 716, in __call__
    await self.middleware_stack(scope, receive, send)
  File "/usr/local/lib/python3.12/site-packages/starlette/routing.py", line 736, in app
    await route.handle(scope, receive, send)
  File "/usr/local/lib/python3.12/site-packages/starlette/routing.py", line 290, in handle
    await self.app(scope, receive, send)
  File "/usr/local/lib/python3.12/site-packages/fastapi/routing.py", line 120, in app
    await wrap_app_handling_exceptions(app, request)(scope, receive, send)
  File "/usr/local/lib/python3.12/site-packages/starlette/_exception_handler.py", line 59, in wrapped_app
    response = await handler(conn, exc)
               ^^^^^^^^^^^^^^^^^^^^^^^^
  File "/usr/local/lib/python3.12/site-packages/fastapi/exception_handlers.py", line 23, in request_validation_exception_handler
    return JSONResponse(
           ^^^^^^^^^^^^^
  File "/usr/local/lib/python3.12/site-packages/starlette/responses.py", line 189, in __init__
    super().__init__(content, status_code, headers, media_type, background)
  File "/usr/local/lib/python3.12/site-packages/starlette/responses.py", line 46, in __init__
    self.body = self.render(content)
                ^^^^^^^^^^^^^^^^^^^^
  File "/usr/local/lib/python3.12/site-packages/starlette/responses.py", line 192, in render
    return json.dumps(
           ^^^^^^^^^^^
  File "/usr/local/lib/python3.12/json/__init__.py", line 238, in dumps
    **kw).encode(obj)
          ^^^^^^^^^^^
  File "/usr/local/lib/python3.12/json/encoder.py", line 200, in encode
    chunks = self.iterencode(o, _one_shot=True)
             ^^^^^^^^^^^^^^^^^^^^^^^^^^^^^^^^^^
  File "/usr/local/lib/python3.12/json/encoder.py", line 258, in iterencode
    return _iterencode(o, 0)
           ^^^^^^^^^^^^^^^^^
ValueError: Out of range float values are not JSON compliant: nan
[2025-12-20 13:26:48] [INFO] REQ: POST /predict - Status: 200 - Czas: 52.92ms
[2025-12-20 13:26:48] [INFO] REQ: POST /predict - Status: 200 - Czas: 66.98ms
[2025-12-20 13:26:48] [INFO] REQ: POST /predict - Status: 200 - Czas: 67.14ms
[2025-12-20 13:26:48] [INFO] REQ: POST /predict - Status: 200 - Czas: 67.26ms
[2025-12-20 13:26:48] [INFO] REQ: POST /predict - Status: 200 - Czas: 67.44ms
[2025-12-20 13:26:48] [INFO] REQ: POST /predict - Status: 200 - Czas: 67.62ms
[2025-12-20 13:26:48] [INFO] REQ: POST /predict - Status: 200 - Czas: 67.80ms
[2025-12-20 13:26:48] [INFO] REQ: POST /predict - Status: 200 - Czas: 67.97ms
[2025-12-20 13:26:48] [INFO] REQ: POST /predict - Status: 200 - Czas: 68.06ms
[2025-12-20 13:26:48] [INFO] REQ: POST /predict - Status: 200 - Czas: 68.23ms
[2025-12-20 13:26:48] [INFO] REQ: POST /predict - Status: 200 - Czas: 68.36ms
[2025-12-20 13:26:48] [INFO] REQ: POST /predict - Status: 200 - Czas: 68.54ms
[2025-12-20 13:26:48] [INFO] REQ: POST /predict - Status: 200 - Czas: 68.67ms
[2025-12-20 13:26:48] [INFO] REQ: POST /predict - Status: 200 - Czas: 68.82ms
[2025-12-20 13:26:48] [INFO] REQ: POST /predict - Status: 200 - Czas: 68.99ms
[2025-12-20 13:26:48] [INFO] REQ: POST /predict - Status: 200 - Czas: 69.14ms
[2025-12-20 13:26:48] [INFO] REQ: POST /predict - Status: 200 - Czas: 69.30ms
[2025-12-20 13:26:48] [INFO] REQ: POST /predict - Status: 200 - Czas: 69.48ms
[2025-12-20 13:26:48] [INFO] REQ: POST /predict - Status: 200 - Czas: 69.66ms
[2025-12-20 13:26:48] [INFO] REQ: POST /predict - Status: 200 - Czas: 69.73ms
[2025-12-20 13:26:48] [INFO] REQ: POST /predict - Status: 200 - Czas: 69.89ms
[2025-12-20 13:26:48] [INFO] REQ: POST /predict - Status: 200 - Czas: 70.04ms
[2025-12-20 13:26:48] [INFO] REQ: POST /predict - Status: 200 - Czas: 70.19ms
[2025-12-20 13:26:48] [INFO] REQ: POST /predict - Status: 200 - Czas: 70.37ms
[2025-12-20 13:26:48] [INFO] REQ: POST /predict - Status: 200 - Czas: 70.52ms
[2025-12-20 13:26:48] [INFO] REQ: POST /predict - Status: 200 - Czas: 70.71ms
[2025-12-20 13:26:48] [INFO] REQ: POST /predict - Status: 200 - Czas: 76.75ms
[2025-12-20 13:26:48] [INFO] REQ: POST /predict - Status: 200 - Czas: 76.98ms
[2025-12-20 13:26:48] [INFO] REQ: POST /predict - Status: 200 - Czas: 77.17ms
[2025-12-20 13:26:48] [INFO] REQ: POST /predict - Status: 200 - Czas: 77.33ms
[2025-12-20 13:26:48] [INFO] REQ: POST /predict - Status: 200 - Czas: 77.47ms
[2025-12-20 13:26:48] [INFO] REQ: POST /predict - Status: 200 - Czas: 77.69ms
[2025-12-20 13:26:48] [INFO] REQ: POST /predict - Status: 200 - Czas: 77.83ms
[2025-12-20 13:26:48] [INFO] REQ: POST /predict - Status: 200 - Czas: 77.99ms
[2025-12-20 13:26:48] [INFO] REQ: POST /predict - Status: 200 - Czas: 78.17ms
[2025-12-20 13:26:48] [INFO] REQ: POST /predict - Status: 200 - Czas: 78.37ms
[2025-12-20 13:26:48] [INFO] REQ: POST /predict - Status: 200 - Czas: 78.54ms
[2025-12-20 13:26:48] [INFO] REQ: POST /predict - Status: 200 - Czas: 78.67ms
[2025-12-20 13:26:48] [INFO] REQ: POST /predict - Status: 200 - Czas: 78.87ms
[2025-12-20 13:26:48] [INFO] REQ: POST /predict - Status: 200 - Czas: 79.04ms
[2025-12-20 13:26:48] [INFO] REQ: POST /predict - Status: 200 - Czas: 79.20ms
[2025-12-20 13:26:48] [INFO] REQ: POST /predict - Status: 200 - Czas: 79.31ms
[2025-12-20 13:26:48] [INFO] REQ: POST /predict - Status: 200 - Czas: 79.38ms
[2025-12-20 13:26:48] [INFO] REQ: POST /predict - Status: 200 - Czas: 79.49ms
[2025-12-20 13:26:48] [ERROR] Exception in ASGI application
Traceback (most recent call last):
  File "/usr/local/lib/python3.12/site-packages/starlette/_exception_handler.py", line 42, in wrapped_app
    await app(scope, receive, sender)
  File "/usr/local/lib/python3.12/site-packages/fastapi/routing.py", line 106, in app
    response = await f(request)
               ^^^^^^^^^^^^^^^^
  File "/usr/local/lib/python3.12/site-packages/fastapi/routing.py", line 472, in app
    raise validation_error
fastapi.exceptions.RequestValidationError: 1 validation error:
  {'type': 'string_type', 'loc': ('body', 'text'), 'msg': 'Input should be a valid string', 'input': nan}

  File "/project/app/server_fastapi.py", line 60, in predict_endpoint
    POST /predict

The above exception was the direct cause of the following exception:

Traceback (most recent call last):
  File "/usr/local/lib/python3.12/site-packages/uvicorn/protocols/http/httptools_impl.py", line 409, in run_asgi
    result = await app(  # type: ignore[func-returns-value]
             ^^^^^^^^^^^^^^^^^^^^^^^^^^^^^^^^^^^^^^^^^^^^^^
  File "/usr/local/lib/python3.12/site-packages/uvicorn/middleware/proxy_headers.py", line 60, in __call__
    return await self.app(scope, receive, send)
           ^^^^^^^^^^^^^^^^^^^^^^^^^^^^^^^^^^^^
  File "/usr/local/lib/python3.12/site-packages/fastapi/applications.py", line 1139, in __call__
    await super().__call__(scope, receive, send)
  File "/usr/local/lib/python3.12/site-packages/starlette/applications.py", line 107, in __call__
    await self.middleware_stack(scope, receive, send)
  File "/usr/local/lib/python3.12/site-packages/starlette/middleware/errors.py", line 186, in __call__
    raise exc
  File "/usr/local/lib/python3.12/site-packages/starlette/middleware/errors.py", line 164, in __call__
    await self.app(scope, receive, _send)
  File "/usr/local/lib/python3.12/site-packages/starlette/middleware/base.py", line 191, in __call__
    with recv_stream, send_stream, collapse_excgroups():
                                   ^^^^^^^^^^^^^^^^^^^^
  File "/usr/local/lib/python3.12/contextlib.py", line 158, in __exit__
    self.gen.throw(value)
  File "/usr/local/lib/python3.12/site-packages/starlette/_utils.py", line 85, in collapse_excgroups
    raise exc
  File "/usr/local/lib/python3.12/site-packages/starlette/middleware/base.py", line 193, in __call__
    response = await self.dispatch_func(request, call_next)
               ^^^^^^^^^^^^^^^^^^^^^^^^^^^^^^^^^^^^^^^^^^^^
  File "/project/app/server_fastapi.py", line 41, in log_requests
    response: Response = await call_next(request)
                         ^^^^^^^^^^^^^^^^^^^^^^^^
  File "/usr/local/lib/python3.12/site-packages/starlette/middleware/base.py", line 168, in call_next
    raise app_exc from app_exc.__cause__ or app_exc.__context__
  File "/usr/local/lib/python3.12/site-packages/starlette/middleware/base.py", line 144, in coro
    await self.app(scope, receive_or_disconnect, send_no_error)
  File "/usr/local/lib/python3.12/site-packages/starlette/middleware/exceptions.py", line 63, in __call__
    await wrap_app_handling_exceptions(self.app, conn)(scope, receive, send)
  File "/usr/local/lib/python3.12/site-packages/starlette/_exception_handler.py", line 53, in wrapped_app
    raise exc
  File "/usr/local/lib/python3.12/site-packages/starlette/_exception_handler.py", line 42, in wrapped_app
    await app(scope, receive, sender)
  File "/usr/local/lib/python3.12/site-packages/fastapi/middleware/asyncexitstack.py", line 18, in __call__
    await self.app(scope, receive, send)
  File "/usr/local/lib/python3.12/site-packages/starlette/routing.py", line 716, in __call__
    await self.middleware_stack(scope, receive, send)
  File "/usr/local/lib/python3.12/site-packages/starlette/routing.py", line 736, in app
    await route.handle(scope, receive, send)
  File "/usr/local/lib/python3.12/site-packages/starlette/routing.py", line 290, in handle
    await self.app(scope, receive, send)
  File "/usr/local/lib/python3.12/site-packages/fastapi/routing.py", line 120, in app
    await wrap_app_handling_exceptions(app, request)(scope, receive, send)
  File "/usr/local/lib/python3.12/site-packages/starlette/_exception_handler.py", line 59, in wrapped_app
    response = await handler(conn, exc)
               ^^^^^^^^^^^^^^^^^^^^^^^^
  File "/usr/local/lib/python3.12/site-packages/fastapi/exception_handlers.py", line 23, in request_validation_exception_handler
    return JSONResponse(
           ^^^^^^^^^^^^^
  File "/usr/local/lib/python3.12/site-packages/starlette/responses.py", line 189, in __init__
    super().__init__(content, status_code, headers, media_type, background)
  File "/usr/local/lib/python3.12/site-packages/starlette/responses.py", line 46, in __init__
    self.body = self.render(content)
                ^^^^^^^^^^^^^^^^^^^^
  File "/usr/local/lib/python3.12/site-packages/starlette/responses.py", line 192, in render
    return json.dumps(
           ^^^^^^^^^^^
  File "/usr/local/lib/python3.12/json/__init__.py", line 238, in dumps
    **kw).encode(obj)
          ^^^^^^^^^^^
  File "/usr/local/lib/python3.12/json/encoder.py", line 200, in encode
    chunks = self.iterencode(o, _one_shot=True)
             ^^^^^^^^^^^^^^^^^^^^^^^^^^^^^^^^^^
  File "/usr/local/lib/python3.12/json/encoder.py", line 258, in iterencode
    return _iterencode(o, 0)
           ^^^^^^^^^^^^^^^^^
ValueError: Out of range float values are not JSON compliant: nan
[2025-12-20 13:26:48] [INFO] REQ: POST /predict - Status: 200 - Czas: 80.86ms
[2025-12-20 13:26:48] [INFO] REQ: POST /predict - Status: 200 - Czas: 80.99ms
[2025-12-20 13:26:48] [INFO] REQ: POST /predict - Status: 200 - Czas: 81.14ms
[2025-12-20 13:26:48] [INFO] REQ: POST /predict - Status: 200 - Czas: 81.26ms
[2025-12-20 13:26:48] [INFO] REQ: POST /predict - Status: 200 - Czas: 81.39ms
[2025-12-20 13:26:48] [INFO] REQ: POST /predict - Status: 200 - Czas: 81.55ms
[2025-12-20 13:26:48] [INFO] REQ: POST /predict - Status: 200 - Czas: 81.72ms
[2025-12-20 13:26:48] [INFO] REQ: POST /predict - Status: 200 - Czas: 81.82ms
[2025-12-20 13:26:48] [INFO] REQ: POST /predict - Status: 200 - Czas: 81.96ms
[2025-12-20 13:26:48] [INFO] REQ: POST /predict - Status: 200 - Czas: 82.09ms
[2025-12-20 13:26:48] [INFO] REQ: POST /predict - Status: 200 - Czas: 82.23ms
[2025-12-20 13:26:48] [INFO] REQ: POST /predict - Status: 200 - Czas: 82.36ms
[2025-12-20 13:26:48] [INFO] REQ: POST /predict - Status: 200 - Czas: 82.53ms
[2025-12-20 13:26:48] [INFO] REQ: POST /predict - Status: 200 - Czas: 82.69ms
[2025-12-20 13:26:48] [INFO] REQ: POST /predict - Status: 200 - Czas: 82.75ms
[2025-12-20 13:26:48] [INFO] REQ: POST /predict - Status: 200 - Czas: 82.92ms
[2025-12-20 13:26:48] [INFO] REQ: POST /predict - Status: 200 - Czas: 83.07ms
[2025-12-20 13:26:48] [INFO] REQ: POST /predict - Status: 200 - Czas: 83.23ms
[2025-12-20 13:26:48] [INFO] REQ: POST /predict - Status: 200 - Czas: 83.32ms
[2025-12-20 13:26:48] [INFO] REQ: POST /predict - Status: 200 - Czas: 83.48ms
[2025-12-20 13:26:48] [INFO] REQ: POST /predict - Status: 200 - Czas: 83.63ms
[2025-12-20 13:26:48] [INFO] REQ: POST /predict - Status: 200 - Czas: 83.78ms
[2025-12-20 13:26:48] [INFO] REQ: POST /predict - Status: 200 - Czas: 83.91ms
[2025-12-20 13:26:48] [INFO] REQ: POST /predict - Status: 200 - Czas: 84.05ms
[2025-12-20 13:26:48] [INFO] REQ: POST /predict - Status: 200 - Czas: 84.20ms
[2025-12-20 13:26:48] [INFO] REQ: POST /predict - Status: 200 - Czas: 84.34ms
[2025-12-20 13:26:48] [INFO] REQ: POST /predict - Status: 200 - Czas: 86.93ms
[2025-12-20 13:26:48] [INFO] REQ: POST /predict - Status: 200 - Czas: 80.37ms
[2025-12-20 13:26:48] [INFO] REQ: POST /predict - Status: 200 - Czas: 80.58ms
[2025-12-20 13:26:48] [INFO] REQ: POST /predict - Status: 200 - Czas: 74.82ms
[2025-12-20 13:26:49] [INFO] REQ: POST /predict - Status: 200 - Czas: 58.20ms
[2025-12-20 13:26:49] [INFO] REQ: POST /predict - Status: 200 - Czas: 58.39ms
[2025-12-20 13:26:49] [INFO] REQ: POST /predict - Status: 200 - Czas: 58.54ms
[2025-12-20 13:26:49] [INFO] REQ: POST /predict - Status: 200 - Czas: 58.69ms
[2025-12-20 13:26:49] [INFO] REQ: POST /predict - Status: 200 - Czas: 58.86ms
[2025-12-20 13:26:49] [INFO] REQ: POST /predict - Status: 200 - Czas: 59.02ms
[2025-12-20 13:26:49] [INFO] REQ: POST /predict - Status: 200 - Czas: 59.18ms
[2025-12-20 13:26:49] [INFO] REQ: POST /predict - Status: 200 - Czas: 59.33ms
[2025-12-20 13:26:49] [INFO] REQ: POST /predict - Status: 200 - Czas: 59.46ms
[2025-12-20 13:26:49] [INFO] REQ: POST /predict - Status: 200 - Czas: 59.59ms
[2025-12-20 13:26:49] [INFO] REQ: POST /predict - Status: 200 - Czas: 59.32ms
[2025-12-20 13:26:49] [INFO] REQ: POST /predict - Status: 200 - Czas: 59.44ms
[2025-12-20 13:26:49] [INFO] REQ: POST /predict - Status: 200 - Czas: 59.56ms
[2025-12-20 13:26:49] [INFO] REQ: POST /predict - Status: 200 - Czas: 59.68ms
[2025-12-20 13:26:49] [INFO] REQ: POST /predict - Status: 200 - Czas: 59.82ms
[2025-12-20 13:26:49] [INFO] REQ: POST /predict - Status: 200 - Czas: 59.95ms
[2025-12-20 13:26:49] [INFO] REQ: POST /predict - Status: 200 - Czas: 60.10ms
[2025-12-20 13:26:49] [INFO] REQ: POST /predict - Status: 200 - Czas: 60.26ms
[2025-12-20 13:26:49] [INFO] REQ: POST /predict - Status: 200 - Czas: 60.39ms
[2025-12-20 13:26:49] [INFO] REQ: POST /predict - Status: 200 - Czas: 60.51ms
[2025-12-20 13:26:49] [INFO] REQ: POST /predict - Status: 200 - Czas: 60.59ms
[2025-12-20 13:26:49] [INFO] REQ: POST /predict - Status: 200 - Czas: 60.72ms
[2025-12-20 13:26:49] [INFO] REQ: POST /predict - Status: 200 - Czas: 60.88ms
[2025-12-20 13:26:49] [INFO] REQ: POST /predict - Status: 200 - Czas: 61.03ms
[2025-12-20 13:26:49] [INFO] REQ: POST /predict - Status: 200 - Czas: 61.17ms
[2025-12-20 13:26:49] [INFO] REQ: POST /predict - Status: 200 - Czas: 73.92ms
[2025-12-20 13:26:49] [INFO] REQ: POST /predict - Status: 200 - Czas: 74.07ms
[2025-12-20 13:26:49] [INFO] REQ: POST /predict - Status: 200 - Czas: 74.20ms
[2025-12-20 13:26:49] [INFO] REQ: POST /predict - Status: 200 - Czas: 74.32ms
[2025-12-20 13:26:49] [INFO] REQ: POST /predict - Status: 200 - Czas: 74.45ms
[2025-12-20 13:26:49] [INFO] REQ: POST /predict - Status: 200 - Czas: 74.55ms
[2025-12-20 13:26:49] [INFO] REQ: POST /predict - Status: 200 - Czas: 74.68ms
[2025-12-20 13:26:49] [INFO] REQ: POST /predict - Status: 200 - Czas: 74.80ms
[2025-12-20 13:26:49] [INFO] REQ: POST /predict - Status: 200 - Czas: 74.84ms
[2025-12-20 13:26:49] [INFO] REQ: POST /predict - Status: 200 - Czas: 74.95ms
[2025-12-20 13:26:49] [INFO] REQ: POST /predict - Status: 200 - Czas: 75.06ms
[2025-12-20 13:26:49] [INFO] REQ: POST /predict - Status: 200 - Czas: 75.21ms
[2025-12-20 13:26:49] [INFO] REQ: POST /predict - Status: 200 - Czas: 75.32ms
[2025-12-20 13:26:49] [INFO] REQ: POST /predict - Status: 200 - Czas: 75.46ms
[2025-12-20 13:26:49] [INFO] REQ: POST /predict - Status: 200 - Czas: 75.58ms
[2025-12-20 13:26:49] [INFO] REQ: POST /predict - Status: 200 - Czas: 75.71ms
[2025-12-20 13:26:49] [ERROR] Exception in ASGI application
Traceback (most recent call last):
  File "/usr/local/lib/python3.12/site-packages/starlette/_exception_handler.py", line 42, in wrapped_app
    await app(scope, receive, sender)
  File "/usr/local/lib/python3.12/site-packages/fastapi/routing.py", line 106, in app
    response = await f(request)
               ^^^^^^^^^^^^^^^^
  File "/usr/local/lib/python3.12/site-packages/fastapi/routing.py", line 472, in app
    raise validation_error
fastapi.exceptions.RequestValidationError: 1 validation error:
  {'type': 'string_type', 'loc': ('body', 'text'), 'msg': 'Input should be a valid string', 'input': nan}

  File "/project/app/server_fastapi.py", line 60, in predict_endpoint
    POST /predict

The above exception was the direct cause of the following exception:

Traceback (most recent call last):
  File "/usr/local/lib/python3.12/site-packages/uvicorn/protocols/http/httptools_impl.py", line 409, in run_asgi
    result = await app(  # type: ignore[func-returns-value]
             ^^^^^^^^^^^^^^^^^^^^^^^^^^^^^^^^^^^^^^^^^^^^^^
  File "/usr/local/lib/python3.12/site-packages/uvicorn/middleware/proxy_headers.py", line 60, in __call__
    return await self.app(scope, receive, send)
           ^^^^^^^^^^^^^^^^^^^^^^^^^^^^^^^^^^^^
  File "/usr/local/lib/python3.12/site-packages/fastapi/applications.py", line 1139, in __call__
    await super().__call__(scope, receive, send)
  File "/usr/local/lib/python3.12/site-packages/starlette/applications.py", line 107, in __call__
    await self.middleware_stack(scope, receive, send)
  File "/usr/local/lib/python3.12/site-packages/starlette/middleware/errors.py", line 186, in __call__
    raise exc
  File "/usr/local/lib/python3.12/site-packages/starlette/middleware/errors.py", line 164, in __call__
    await self.app(scope, receive, _send)
  File "/usr/local/lib/python3.12/site-packages/starlette/middleware/base.py", line 191, in __call__
    with recv_stream, send_stream, collapse_excgroups():
                                   ^^^^^^^^^^^^^^^^^^^^
  File "/usr/local/lib/python3.12/contextlib.py", line 158, in __exit__
    self.gen.throw(value)
  File "/usr/local/lib/python3.12/site-packages/starlette/_utils.py", line 85, in collapse_excgroups
    raise exc
  File "/usr/local/lib/python3.12/site-packages/starlette/middleware/base.py", line 193, in __call__
    response = await self.dispatch_func(request, call_next)
               ^^^^^^^^^^^^^^^^^^^^^^^^^^^^^^^^^^^^^^^^^^^^
  File "/project/app/server_fastapi.py", line 41, in log_requests
    response: Response = await call_next(request)
                         ^^^^^^^^^^^^^^^^^^^^^^^^
  File "/usr/local/lib/python3.12/site-packages/starlette/middleware/base.py", line 168, in call_next
    raise app_exc from app_exc.__cause__ or app_exc.__context__
  File "/usr/local/lib/python3.12/site-packages/starlette/middleware/base.py", line 144, in coro
    await self.app(scope, receive_or_disconnect, send_no_error)
  File "/usr/local/lib/python3.12/site-packages/starlette/middleware/exceptions.py", line 63, in __call__
    await wrap_app_handling_exceptions(self.app, conn)(scope, receive, send)
  File "/usr/local/lib/python3.12/site-packages/starlette/_exception_handler.py", line 53, in wrapped_app
    raise exc
  File "/usr/local/lib/python3.12/site-packages/starlette/_exception_handler.py", line 42, in wrapped_app
    await app(scope, receive, sender)
  File "/usr/local/lib/python3.12/site-packages/fastapi/middleware/asyncexitstack.py", line 18, in __call__
    await self.app(scope, receive, send)
  File "/usr/local/lib/python3.12/site-packages/starlette/routing.py", line 716, in __call__
    await self.middleware_stack(scope, receive, send)
  File "/usr/local/lib/python3.12/site-packages/starlette/routing.py", line 736, in app
    await route.handle(scope, receive, send)
  File "/usr/local/lib/python3.12/site-packages/starlette/routing.py", line 290, in handle
    await self.app(scope, receive, send)
  File "/usr/local/lib/python3.12/site-packages/fastapi/routing.py", line 120, in app
    await wrap_app_handling_exceptions(app, request)(scope, receive, send)
  File "/usr/local/lib/python3.12/site-packages/starlette/_exception_handler.py", line 59, in wrapped_app
    response = await handler(conn, exc)
               ^^^^^^^^^^^^^^^^^^^^^^^^
  File "/usr/local/lib/python3.12/site-packages/fastapi/exception_handlers.py", line 23, in request_validation_exception_handler
    return JSONResponse(
           ^^^^^^^^^^^^^
  File "/usr/local/lib/python3.12/site-packages/starlette/responses.py", line 189, in __init__
    super().__init__(content, status_code, headers, media_type, background)
  File "/usr/local/lib/python3.12/site-packages/starlette/responses.py", line 46, in __init__
    self.body = self.render(content)
                ^^^^^^^^^^^^^^^^^^^^
  File "/usr/local/lib/python3.12/site-packages/starlette/responses.py", line 192, in render
    return json.dumps(
           ^^^^^^^^^^^
  File "/usr/local/lib/python3.12/json/__init__.py", line 238, in dumps
    **kw).encode(obj)
          ^^^^^^^^^^^
  File "/usr/local/lib/python3.12/json/encoder.py", line 200, in encode
    chunks = self.iterencode(o, _one_shot=True)
             ^^^^^^^^^^^^^^^^^^^^^^^^^^^^^^^^^^
  File "/usr/local/lib/python3.12/json/encoder.py", line 258, in iterencode
    return _iterencode(o, 0)
           ^^^^^^^^^^^^^^^^^
ValueError: Out of range float values are not JSON compliant: nan
[2025-12-20 13:26:49] [INFO] REQ: POST /predict - Status: 200 - Czas: 76.94ms
[2025-12-20 13:26:49] [INFO] REQ: POST /predict - Status: 200 - Czas: 77.03ms
[2025-12-20 13:26:49] [INFO] REQ: POST /predict - Status: 200 - Czas: 77.05ms
[2025-12-20 13:26:49] [INFO] REQ: POST /predict - Status: 200 - Czas: 77.17ms
[2025-12-20 13:26:49] [INFO] REQ: POST /predict - Status: 200 - Czas: 77.28ms
[2025-12-20 13:26:49] [INFO] REQ: POST /predict - Status: 200 - Czas: 77.39ms
[2025-12-20 13:26:49] [INFO] REQ: POST /predict - Status: 200 - Czas: 77.51ms
[2025-12-20 13:26:49] [INFO] REQ: POST /predict - Status: 200 - Czas: 77.61ms
[2025-12-20 13:26:49] [INFO] REQ: POST /predict - Status: 200 - Czas: 120.44ms
[2025-12-20 13:26:49] [INFO] REQ: POST /predict - Status: 200 - Czas: 120.63ms
[2025-12-20 13:26:49] [INFO] REQ: POST /predict - Status: 200 - Czas: 120.76ms
[2025-12-20 13:26:49] [INFO] REQ: POST /predict - Status: 200 - Czas: 120.91ms
[2025-12-20 13:26:49] [INFO] REQ: POST /predict - Status: 200 - Czas: 121.02ms
[2025-12-20 13:26:49] [INFO] REQ: POST /predict - Status: 200 - Czas: 121.16ms
[2025-12-20 13:26:49] [INFO] REQ: POST /predict - Status: 200 - Czas: 121.28ms
[2025-12-20 13:26:49] [INFO] REQ: POST /predict - Status: 200 - Czas: 121.30ms
[2025-12-20 13:26:49] [INFO] REQ: POST /predict - Status: 200 - Czas: 121.41ms
[2025-12-20 13:26:49] [INFO] REQ: POST /predict - Status: 200 - Czas: 121.52ms
[2025-12-20 13:26:49] [INFO] REQ: POST /predict - Status: 200 - Czas: 121.67ms
[2025-12-20 13:26:49] [INFO] REQ: POST /predict - Status: 200 - Czas: 121.82ms
[2025-12-20 13:26:49] [INFO] REQ: POST /predict - Status: 200 - Czas: 121.93ms
[2025-12-20 13:26:49] [INFO] REQ: POST /predict - Status: 200 - Czas: 122.08ms
[2025-12-20 13:26:49] [INFO] REQ: POST /predict - Status: 200 - Czas: 122.22ms
[2025-12-20 13:26:49] [INFO] REQ: POST /predict - Status: 200 - Czas: 122.35ms
[2025-12-20 13:26:49] [INFO] REQ: POST /predict - Status: 200 - Czas: 122.45ms
[2025-12-20 13:26:49] [INFO] REQ: POST /predict - Status: 200 - Czas: 122.52ms
[2025-12-20 13:26:49] [INFO] REQ: POST /predict - Status: 200 - Czas: 122.64ms
[2025-12-20 13:26:49] [INFO] REQ: POST /predict - Status: 200 - Czas: 122.79ms
[2025-12-20 13:26:49] [INFO] REQ: POST /predict - Status: 200 - Czas: 122.90ms
[2025-12-20 13:26:49] [INFO] REQ: POST /predict - Status: 200 - Czas: 123.00ms
[2025-12-20 13:26:49] [INFO] REQ: POST /predict - Status: 200 - Czas: 123.12ms
[2025-12-20 13:26:49] [INFO] REQ: POST /predict - Status: 200 - Czas: 123.22ms
[2025-12-20 13:26:49] [INFO] REQ: POST /predict - Status: 200 - Czas: 123.33ms
[2025-12-20 13:26:49] [INFO] REQ: POST /predict - Status: 200 - Czas: 123.48ms
[2025-12-20 13:26:49] [INFO] REQ: POST /predict - Status: 200 - Czas: 123.54ms
[2025-12-20 13:26:49] [INFO] REQ: POST /predict - Status: 200 - Czas: 123.66ms
[2025-12-20 13:26:49] [INFO] REQ: POST /predict - Status: 200 - Czas: 123.74ms
[2025-12-20 13:26:49] [INFO] REQ: POST /predict - Status: 200 - Czas: 123.86ms
[2025-12-20 13:26:49] [INFO] REQ: POST /predict - Status: 200 - Czas: 123.97ms
[2025-12-20 13:26:49] [INFO] REQ: POST /predict - Status: 200 - Czas: 124.10ms
[2025-12-20 13:26:49] [INFO] REQ: POST /predict - Status: 200 - Czas: 122.24ms
[2025-12-20 13:26:49] [INFO] REQ: POST /predict - Status: 200 - Czas: 122.41ms
[2025-12-20 13:26:49] [INFO] REQ: POST /predict - Status: 200 - Czas: 122.56ms
[2025-12-20 13:26:49] [INFO] REQ: POST /predict - Status: 200 - Czas: 122.70ms
[2025-12-20 13:26:49] [INFO] REQ: POST /predict - Status: 200 - Czas: 122.83ms
[2025-12-20 13:26:49] [INFO] REQ: POST /predict - Status: 200 - Czas: 122.97ms
[2025-12-20 13:26:49] [INFO] REQ: POST /predict - Status: 200 - Czas: 123.06ms
[2025-12-20 13:26:49] [INFO] REQ: POST /predict - Status: 200 - Czas: 123.20ms
[2025-12-20 13:26:49] [INFO] REQ: POST /predict - Status: 200 - Czas: 123.34ms
[2025-12-20 13:26:49] [INFO] REQ: POST /predict - Status: 200 - Czas: 123.47ms
[2025-12-20 13:26:49] [INFO] REQ: POST /predict - Status: 200 - Czas: 123.58ms
[2025-12-20 13:26:49] [INFO] REQ: POST /predict - Status: 200 - Czas: 123.71ms
[2025-12-20 13:26:49] [INFO] REQ: POST /predict - Status: 200 - Czas: 123.88ms
[2025-12-20 13:26:49] [INFO] REQ: POST /predict - Status: 200 - Czas: 127.39ms
[2025-12-20 13:26:49] [INFO] REQ: POST /predict - Status: 200 - Czas: 116.97ms
[2025-12-20 13:26:49] [INFO] REQ: POST /predict - Status: 200 - Czas: 117.10ms
[2025-12-20 13:26:49] [INFO] REQ: POST /predict - Status: 200 - Czas: 117.23ms
[2025-12-20 13:26:49] [INFO] REQ: POST /predict - Status: 200 - Czas: 106.93ms
[2025-12-20 13:26:49] [INFO] REQ: POST /predict - Status: 200 - Czas: 46.31ms
[2025-12-20 13:26:49] [INFO] REQ: POST /predict - Status: 200 - Czas: 46.46ms
[2025-12-20 13:26:49] [INFO] REQ: POST /predict - Status: 200 - Czas: 46.58ms
[2025-12-20 13:26:49] [INFO] REQ: POST /predict - Status: 200 - Czas: 46.73ms
[2025-12-20 13:26:49] [INFO] REQ: POST /predict - Status: 200 - Czas: 46.87ms
[2025-12-20 13:26:49] [INFO] REQ: POST /predict - Status: 200 - Czas: 47.02ms
[2025-12-20 13:26:49] [INFO] REQ: POST /predict - Status: 200 - Czas: 47.14ms
[2025-12-20 13:26:49] [INFO] REQ: POST /predict - Status: 200 - Czas: 47.30ms
[2025-12-20 13:26:49] [INFO] REQ: POST /predict - Status: 200 - Czas: 47.46ms
[2025-12-20 13:26:49] [INFO] REQ: POST /predict - Status: 200 - Czas: 47.32ms
[2025-12-20 13:26:49] [INFO] REQ: POST /predict - Status: 200 - Czas: 47.59ms
[2025-12-20 13:26:49] [INFO] REQ: POST /predict - Status: 200 - Czas: 47.89ms
[2025-12-20 13:26:49] [INFO] REQ: POST /predict - Status: 200 - Czas: 48.18ms
[2025-12-20 13:26:49] [INFO] REQ: POST /predict - Status: 200 - Czas: 48.46ms
[2025-12-20 13:26:49] [INFO] REQ: POST /predict - Status: 200 - Czas: 48.55ms
[2025-12-20 13:26:49] [INFO] REQ: POST /predict - Status: 200 - Czas: 48.63ms
[2025-12-20 13:26:49] [INFO] REQ: POST /predict - Status: 200 - Czas: 48.70ms
[2025-12-20 13:26:49] [INFO] REQ: POST /predict - Status: 200 - Czas: 48.77ms
[2025-12-20 13:26:49] [INFO] REQ: POST /predict - Status: 200 - Czas: 48.84ms
[2025-12-20 13:26:49] [INFO] REQ: POST /predict - Status: 200 - Czas: 48.87ms
[2025-12-20 13:26:49] [INFO] REQ: POST /predict - Status: 200 - Czas: 48.94ms
[2025-12-20 13:26:49] [INFO] REQ: POST /predict - Status: 200 - Czas: 49.19ms
[2025-12-20 13:26:49] [INFO] REQ: POST /predict - Status: 200 - Czas: 49.36ms
[2025-12-20 13:26:49] [INFO] REQ: POST /predict - Status: 200 - Czas: 49.49ms
[2025-12-20 13:26:49] [INFO] REQ: POST /predict - Status: 200 - Czas: 49.63ms
[2025-12-20 13:26:49] [INFO] REQ: POST /predict - Status: 200 - Czas: 64.52ms
[2025-12-20 13:26:49] [INFO] REQ: POST /predict - Status: 200 - Czas: 64.84ms
[2025-12-20 13:26:49] [INFO] REQ: POST /predict - Status: 200 - Czas: 64.99ms
[2025-12-20 13:26:49] [INFO] REQ: POST /predict - Status: 200 - Czas: 65.11ms
[2025-12-20 13:26:49] [INFO] REQ: POST /predict - Status: 200 - Czas: 65.30ms
[2025-12-20 13:26:49] [INFO] REQ: POST /predict - Status: 200 - Czas: 65.50ms
[2025-12-20 13:26:49] [INFO] REQ: POST /predict - Status: 200 - Czas: 65.65ms
[2025-12-20 13:26:49] [INFO] REQ: POST /predict - Status: 200 - Czas: 65.79ms
[2025-12-20 13:26:49] [INFO] REQ: POST /predict - Status: 200 - Czas: 65.96ms
[2025-12-20 13:26:49] [INFO] REQ: POST /predict - Status: 200 - Czas: 66.11ms
[2025-12-20 13:26:49] [INFO] REQ: POST /predict - Status: 200 - Czas: 66.29ms
[2025-12-20 13:26:49] [INFO] REQ: POST /predict - Status: 200 - Czas: 66.57ms
[2025-12-20 13:26:49] [INFO] REQ: POST /predict - Status: 200 - Czas: 66.69ms
[2025-12-20 13:26:49] [INFO] REQ: POST /predict - Status: 200 - Czas: 66.82ms
[2025-12-20 13:26:49] [INFO] REQ: POST /predict - Status: 200 - Czas: 66.95ms
[2025-12-20 13:26:49] [INFO] REQ: POST /predict - Status: 200 - Czas: 67.10ms
[2025-12-20 13:26:49] [INFO] REQ: POST /predict - Status: 200 - Czas: 67.38ms
[2025-12-20 13:26:49] [INFO] REQ: POST /predict - Status: 200 - Czas: 67.51ms
[2025-12-20 13:26:49] [INFO] REQ: POST /predict - Status: 200 - Czas: 67.66ms
[2025-12-20 13:26:49] [INFO] REQ: POST /predict - Status: 200 - Czas: 67.81ms
[2025-12-20 13:26:49] [INFO] REQ: POST /predict - Status: 200 - Czas: 67.95ms
[2025-12-20 13:26:49] [INFO] REQ: POST /predict - Status: 200 - Czas: 68.09ms
[2025-12-20 13:26:49] [INFO] REQ: POST /predict - Status: 200 - Czas: 68.23ms
[2025-12-20 13:26:49] [INFO] REQ: POST /predict - Status: 200 - Czas: 68.38ms
[2025-12-20 13:26:49] [INFO] REQ: POST /predict - Status: 200 - Czas: 78.15ms
[2025-12-20 13:26:49] [INFO] REQ: POST /predict - Status: 200 - Czas: 78.31ms
[2025-12-20 13:26:49] [INFO] REQ: POST /predict - Status: 200 - Czas: 78.41ms
[2025-12-20 13:26:49] [INFO] REQ: POST /predict - Status: 200 - Czas: 78.56ms
[2025-12-20 13:26:49] [INFO] REQ: POST /predict - Status: 200 - Czas: 78.73ms
[2025-12-20 13:26:49] [INFO] REQ: POST /predict - Status: 200 - Czas: 78.92ms
[2025-12-20 13:26:49] [INFO] REQ: POST /predict - Status: 200 - Czas: 79.13ms
[2025-12-20 13:26:49] [INFO] REQ: POST /predict - Status: 200 - Czas: 79.22ms
[2025-12-20 13:26:49] [INFO] REQ: POST /predict - Status: 200 - Czas: 79.41ms
[2025-12-20 13:26:49] [INFO] REQ: POST /predict - Status: 200 - Czas: 79.56ms
[2025-12-20 13:26:49] [INFO] REQ: POST /predict - Status: 200 - Czas: 79.79ms
[2025-12-20 13:26:49] [INFO] REQ: POST /predict - Status: 200 - Czas: 79.99ms
[2025-12-20 13:26:49] [INFO] REQ: POST /predict - Status: 200 - Czas: 80.19ms
[2025-12-20 13:26:49] [INFO] REQ: POST /predict - Status: 200 - Czas: 80.37ms
[2025-12-20 13:26:49] [INFO] REQ: POST /predict - Status: 200 - Czas: 80.54ms
[2025-12-20 13:26:49] [INFO] REQ: POST /predict - Status: 200 - Czas: 80.73ms
[2025-12-20 13:26:49] [INFO] REQ: POST /predict - Status: 200 - Czas: 80.88ms
[2025-12-20 13:26:49] [INFO] REQ: POST /predict - Status: 200 - Czas: 81.06ms
[2025-12-20 13:26:49] [INFO] REQ: POST /predict - Status: 200 - Czas: 81.21ms
[2025-12-20 13:26:49] [INFO] REQ: POST /predict - Status: 200 - Czas: 81.37ms
[2025-12-20 13:26:49] [INFO] REQ: POST /predict - Status: 200 - Czas: 81.51ms
[2025-12-20 13:26:49] [INFO] REQ: POST /predict - Status: 200 - Czas: 81.66ms
[2025-12-20 13:26:49] [INFO] REQ: POST /predict - Status: 200 - Czas: 81.81ms
[2025-12-20 13:26:49] [INFO] REQ: POST /predict - Status: 200 - Czas: 81.93ms
[2025-12-20 13:26:49] [INFO] REQ: POST /predict - Status: 200 - Czas: 82.07ms
[2025-12-20 13:26:49] [INFO] REQ: POST /predict - Status: 200 - Czas: 82.21ms
[2025-12-20 13:26:49] [INFO] REQ: POST /predict - Status: 200 - Czas: 82.31ms
[2025-12-20 13:26:49] [INFO] REQ: POST /predict - Status: 200 - Czas: 82.44ms
[2025-12-20 13:26:49] [INFO] REQ: POST /predict - Status: 200 - Czas: 82.56ms
[2025-12-20 13:26:49] [INFO] REQ: POST /predict - Status: 200 - Czas: 82.69ms
[2025-12-20 13:26:49] [INFO] REQ: POST /predict - Status: 200 - Czas: 82.82ms
[2025-12-20 13:26:49] [INFO] REQ: POST /predict - Status: 200 - Czas: 82.94ms
[2025-12-20 13:26:49] [INFO] REQ: POST /predict - Status: 200 - Czas: 83.21ms
[2025-12-20 13:26:49] [INFO] REQ: POST /predict - Status: 200 - Czas: 83.40ms
[2025-12-20 13:26:49] [INFO] REQ: POST /predict - Status: 200 - Czas: 83.54ms
[2025-12-20 13:26:49] [INFO] REQ: POST /predict - Status: 200 - Czas: 83.70ms
[2025-12-20 13:26:49] [INFO] REQ: POST /predict - Status: 200 - Czas: 83.78ms
[2025-12-20 13:26:49] [INFO] REQ: POST /predict - Status: 200 - Czas: 83.90ms
[2025-12-20 13:26:49] [INFO] REQ: POST /predict - Status: 200 - Czas: 84.00ms
[2025-12-20 13:26:49] [INFO] REQ: POST /predict - Status: 200 - Czas: 84.14ms
[2025-12-20 13:26:49] [INFO] REQ: POST /predict - Status: 200 - Czas: 84.29ms
[2025-12-20 13:26:49] [INFO] REQ: POST /predict - Status: 200 - Czas: 84.44ms
[2025-12-20 13:26:49] [INFO] REQ: POST /predict - Status: 200 - Czas: 84.58ms
[2025-12-20 13:26:49] [INFO] REQ: POST /predict - Status: 200 - Czas: 84.73ms
[2025-12-20 13:26:49] [INFO] REQ: POST /predict - Status: 200 - Czas: 84.88ms
[2025-12-20 13:26:49] [INFO] REQ: POST /predict - Status: 200 - Czas: 87.59ms
[2025-12-20 13:26:49] [INFO] REQ: POST /predict - Status: 200 - Czas: 87.76ms
[2025-12-20 13:26:49] [INFO] REQ: POST /predict - Status: 200 - Czas: 78.91ms
[2025-12-20 13:26:49] [INFO] REQ: POST /predict - Status: 200 - Czas: 79.05ms
[2025-12-20 13:26:49] [INFO] REQ: POST /predict - Status: 200 - Czas: 79.19ms
[2025-12-20 13:26:49] [INFO] REQ: POST /predict - Status: 200 - Czas: 71.34ms
[2025-12-20 13:26:49] [INFO] REQ: POST /predict - Status: 200 - Czas: 48.84ms
[2025-12-20 13:26:49] [INFO] REQ: POST /predict - Status: 200 - Czas: 49.01ms
[2025-12-20 13:26:49] [INFO] REQ: POST /predict - Status: 200 - Czas: 49.15ms
[2025-12-20 13:26:49] [INFO] REQ: POST /predict - Status: 200 - Czas: 49.31ms
[2025-12-20 13:26:49] [INFO] REQ: POST /predict - Status: 200 - Czas: 49.47ms
[2025-12-20 13:26:49] [INFO] REQ: POST /predict - Status: 200 - Czas: 49.59ms
[2025-12-20 13:26:49] [INFO] REQ: POST /predict - Status: 200 - Czas: 49.73ms
[2025-12-20 13:26:49] [INFO] REQ: POST /predict - Status: 200 - Czas: 49.87ms
[2025-12-20 13:26:49] [INFO] REQ: POST /predict - Status: 200 - Czas: 49.99ms
[2025-12-20 13:26:49] [INFO] REQ: POST /predict - Status: 200 - Czas: 50.14ms
[2025-12-20 13:26:49] [INFO] REQ: POST /predict - Status: 200 - Czas: 49.89ms
[2025-12-20 13:26:49] [INFO] REQ: POST /predict - Status: 200 - Czas: 50.01ms
[2025-12-20 13:26:49] [INFO] REQ: POST /predict - Status: 200 - Czas: 50.15ms
[2025-12-20 13:26:49] [INFO] REQ: POST /predict - Status: 200 - Czas: 50.29ms
[2025-12-20 13:26:49] [ERROR] Exception in ASGI application
Traceback (most recent call last):
  File "/usr/local/lib/python3.12/site-packages/starlette/_exception_handler.py", line 42, in wrapped_app
    await app(scope, receive, sender)
  File "/usr/local/lib/python3.12/site-packages/fastapi/routing.py", line 106, in app
    response = await f(request)
               ^^^^^^^^^^^^^^^^
  File "/usr/local/lib/python3.12/site-packages/fastapi/routing.py", line 472, in app
    raise validation_error
fastapi.exceptions.RequestValidationError: 1 validation error:
  {'type': 'string_type', 'loc': ('body', 'text'), 'msg': 'Input should be a valid string', 'input': nan}

  File "/project/app/server_fastapi.py", line 60, in predict_endpoint
    POST /predict

The above exception was the direct cause of the following exception:

Traceback (most recent call last):
  File "/usr/local/lib/python3.12/site-packages/uvicorn/protocols/http/httptools_impl.py", line 409, in run_asgi
    result = await app(  # type: ignore[func-returns-value]
             ^^^^^^^^^^^^^^^^^^^^^^^^^^^^^^^^^^^^^^^^^^^^^^
  File "/usr/local/lib/python3.12/site-packages/uvicorn/middleware/proxy_headers.py", line 60, in __call__
    return await self.app(scope, receive, send)
           ^^^^^^^^^^^^^^^^^^^^^^^^^^^^^^^^^^^^
  File "/usr/local/lib/python3.12/site-packages/fastapi/applications.py", line 1139, in __call__
    await super().__call__(scope, receive, send)
  File "/usr/local/lib/python3.12/site-packages/starlette/applications.py", line 107, in __call__
    await self.middleware_stack(scope, receive, send)
  File "/usr/local/lib/python3.12/site-packages/starlette/middleware/errors.py", line 186, in __call__
    raise exc
  File "/usr/local/lib/python3.12/site-packages/starlette/middleware/errors.py", line 164, in __call__
    await self.app(scope, receive, _send)
  File "/usr/local/lib/python3.12/site-packages/starlette/middleware/base.py", line 191, in __call__
    with recv_stream, send_stream, collapse_excgroups():
                                   ^^^^^^^^^^^^^^^^^^^^
  File "/usr/local/lib/python3.12/contextlib.py", line 158, in __exit__
    self.gen.throw(value)
  File "/usr/local/lib/python3.12/site-packages/starlette/_utils.py", line 85, in collapse_excgroups
    raise exc
  File "/usr/local/lib/python3.12/site-packages/starlette/middleware/base.py", line 193, in __call__
    response = await self.dispatch_func(request, call_next)
               ^^^^^^^^^^^^^^^^^^^^^^^^^^^^^^^^^^^^^^^^^^^^
  File "/project/app/server_fastapi.py", line 41, in log_requests
    response: Response = await call_next(request)
                         ^^^^^^^^^^^^^^^^^^^^^^^^
  File "/usr/local/lib/python3.12/site-packages/starlette/middleware/base.py", line 168, in call_next
    raise app_exc from app_exc.__cause__ or app_exc.__context__
  File "/usr/local/lib/python3.12/site-packages/starlette/middleware/base.py", line 144, in coro
    await self.app(scope, receive_or_disconnect, send_no_error)
  File "/usr/local/lib/python3.12/site-packages/starlette/middleware/exceptions.py", line 63, in __call__
    await wrap_app_handling_exceptions(self.app, conn)(scope, receive, send)
  File "/usr/local/lib/python3.12/site-packages/starlette/_exception_handler.py", line 53, in wrapped_app
    raise exc
  File "/usr/local/lib/python3.12/site-packages/starlette/_exception_handler.py", line 42, in wrapped_app
    await app(scope, receive, sender)
  File "/usr/local/lib/python3.12/site-packages/fastapi/middleware/asyncexitstack.py", line 18, in __call__
    await self.app(scope, receive, send)
  File "/usr/local/lib/python3.12/site-packages/starlette/routing.py", line 716, in __call__
    await self.middleware_stack(scope, receive, send)
  File "/usr/local/lib/python3.12/site-packages/starlette/routing.py", line 736, in app
    await route.handle(scope, receive, send)
  File "/usr/local/lib/python3.12/site-packages/starlette/routing.py", line 290, in handle
    await self.app(scope, receive, send)
  File "/usr/local/lib/python3.12/site-packages/fastapi/routing.py", line 120, in app
    await wrap_app_handling_exceptions(app, request)(scope, receive, send)
  File "/usr/local/lib/python3.12/site-packages/starlette/_exception_handler.py", line 59, in wrapped_app
    response = await handler(conn, exc)
               ^^^^^^^^^^^^^^^^^^^^^^^^
  File "/usr/local/lib/python3.12/site-packages/fastapi/exception_handlers.py", line 23, in request_validation_exception_handler
    return JSONResponse(
           ^^^^^^^^^^^^^
  File "/usr/local/lib/python3.12/site-packages/starlette/responses.py", line 189, in __init__
    super().__init__(content, status_code, headers, media_type, background)
  File "/usr/local/lib/python3.12/site-packages/starlette/responses.py", line 46, in __init__
    self.body = self.render(content)
                ^^^^^^^^^^^^^^^^^^^^
  File "/usr/local/lib/python3.12/site-packages/starlette/responses.py", line 192, in render
    return json.dumps(
           ^^^^^^^^^^^
  File "/usr/local/lib/python3.12/json/__init__.py", line 238, in dumps
    **kw).encode(obj)
          ^^^^^^^^^^^
  File "/usr/local/lib/python3.12/json/encoder.py", line 200, in encode
    chunks = self.iterencode(o, _one_shot=True)
             ^^^^^^^^^^^^^^^^^^^^^^^^^^^^^^^^^^
  File "/usr/local/lib/python3.12/json/encoder.py", line 258, in iterencode
    return _iterencode(o, 0)
           ^^^^^^^^^^^^^^^^^
ValueError: Out of range float values are not JSON compliant: nan
[2025-12-20 13:26:49] [INFO] REQ: POST /predict - Status: 200 - Czas: 51.69ms
[2025-12-20 13:26:49] [INFO] REQ: POST /predict - Status: 200 - Czas: 51.83ms
[2025-12-20 13:26:49] [INFO] REQ: POST /predict - Status: 200 - Czas: 51.97ms
[2025-12-20 13:26:49] [INFO] REQ: POST /predict - Status: 200 - Czas: 52.10ms
[2025-12-20 13:26:49] [INFO] REQ: POST /predict - Status: 200 - Czas: 52.27ms
[2025-12-20 13:26:49] [INFO] REQ: POST /predict - Status: 200 - Czas: 52.33ms
[2025-12-20 13:26:49] [INFO] REQ: POST /predict - Status: 200 - Czas: 52.45ms
[2025-12-20 13:26:49] [INFO] REQ: POST /predict - Status: 200 - Czas: 52.60ms
[2025-12-20 13:26:49] [INFO] REQ: POST /predict - Status: 200 - Czas: 52.72ms
[2025-12-20 13:26:49] [INFO] REQ: POST /predict - Status: 200 - Czas: 52.85ms
[2025-12-20 13:26:49] [INFO] REQ: POST /predict - Status: 200 - Czas: 66.63ms
[2025-12-20 13:26:49] [INFO] REQ: POST /predict - Status: 200 - Czas: 66.82ms
[2025-12-20 13:26:49] [INFO] REQ: POST /predict - Status: 200 - Czas: 66.96ms
[2025-12-20 13:26:49] [INFO] REQ: POST /predict - Status: 200 - Czas: 67.12ms
[2025-12-20 13:26:49] [INFO] REQ: POST /predict - Status: 200 - Czas: 67.25ms
[2025-12-20 13:26:49] [INFO] REQ: POST /predict - Status: 200 - Czas: 67.42ms
[2025-12-20 13:26:49] [INFO] REQ: POST /predict - Status: 200 - Czas: 67.59ms
[2025-12-20 13:26:49] [INFO] REQ: POST /predict - Status: 200 - Czas: 67.75ms
[2025-12-20 13:26:49] [INFO] REQ: POST /predict - Status: 200 - Czas: 67.84ms
[2025-12-20 13:26:49] [INFO] REQ: POST /predict - Status: 200 - Czas: 68.00ms
[2025-12-20 13:26:49] [INFO] REQ: POST /predict - Status: 200 - Czas: 68.13ms
[2025-12-20 13:26:49] [INFO] REQ: POST /predict - Status: 200 - Czas: 68.28ms
[2025-12-20 13:26:49] [INFO] REQ: POST /predict - Status: 200 - Czas: 68.45ms
[2025-12-20 13:26:49] [INFO] REQ: POST /predict - Status: 200 - Czas: 68.65ms
[2025-12-20 13:26:49] [INFO] REQ: POST /predict - Status: 200 - Czas: 68.79ms
[2025-12-20 13:26:49] [INFO] REQ: POST /predict - Status: 200 - Czas: 68.94ms
[2025-12-20 13:26:49] [INFO] REQ: POST /predict - Status: 200 - Czas: 69.09ms
[2025-12-20 13:26:49] [INFO] REQ: POST /predict - Status: 200 - Czas: 69.24ms
[2025-12-20 13:26:49] [INFO] REQ: POST /predict - Status: 200 - Czas: 69.38ms
[2025-12-20 13:26:49] [INFO] REQ: POST /predict - Status: 200 - Czas: 69.49ms
[2025-12-20 13:26:49] [INFO] REQ: POST /predict - Status: 200 - Czas: 69.63ms
[2025-12-20 13:26:49] [INFO] REQ: POST /predict - Status: 200 - Czas: 69.80ms
[2025-12-20 13:26:49] [INFO] REQ: POST /predict - Status: 200 - Czas: 69.92ms
[2025-12-20 13:26:49] [INFO] REQ: POST /predict - Status: 200 - Czas: 70.06ms
[2025-12-20 13:26:49] [INFO] REQ: POST /predict - Status: 200 - Czas: 74.94ms
[2025-12-20 13:26:49] [INFO] REQ: POST /predict - Status: 200 - Czas: 75.10ms
[2025-12-20 13:26:49] [INFO] REQ: POST /predict - Status: 200 - Czas: 75.24ms
[2025-12-20 13:26:49] [INFO] REQ: POST /predict - Status: 200 - Czas: 75.43ms
[2025-12-20 13:26:49] [INFO] REQ: POST /predict - Status: 200 - Czas: 75.60ms
[2025-12-20 13:26:49] [INFO] REQ: POST /predict - Status: 200 - Czas: 75.75ms
[2025-12-20 13:26:49] [INFO] REQ: POST /predict - Status: 200 - Czas: 75.94ms
[2025-12-20 13:26:49] [INFO] REQ: POST /predict - Status: 200 - Czas: 76.13ms
[2025-12-20 13:26:49] [INFO] REQ: POST /predict - Status: 200 - Czas: 76.22ms
[2025-12-20 13:26:49] [INFO] REQ: POST /predict - Status: 200 - Czas: 76.36ms
[2025-12-20 13:26:49] [INFO] REQ: POST /predict - Status: 200 - Czas: 76.48ms
[2025-12-20 13:26:49] [INFO] REQ: POST /predict - Status: 200 - Czas: 76.62ms
[2025-12-20 13:26:49] [INFO] REQ: POST /predict - Status: 200 - Czas: 76.79ms
[2025-12-20 13:26:49] [INFO] REQ: POST /predict - Status: 200 - Czas: 76.91ms
[2025-12-20 13:26:49] [INFO] REQ: POST /predict - Status: 200 - Czas: 77.10ms
[2025-12-20 13:26:49] [INFO] REQ: POST /predict - Status: 200 - Czas: 77.25ms
[2025-12-20 13:26:49] [INFO] REQ: POST /predict - Status: 200 - Czas: 77.41ms
[2025-12-20 13:26:49] [INFO] REQ: POST /predict - Status: 200 - Czas: 77.55ms
[2025-12-20 13:26:49] [INFO] REQ: POST /predict - Status: 200 - Czas: 77.64ms
[2025-12-20 13:26:49] [INFO] REQ: POST /predict - Status: 200 - Czas: 77.79ms
[2025-12-20 13:26:49] [INFO] REQ: POST /predict - Status: 200 - Czas: 77.94ms
[2025-12-20 13:26:49] [INFO] REQ: POST /predict - Status: 200 - Czas: 78.09ms
[2025-12-20 13:26:49] [INFO] REQ: POST /predict - Status: 200 - Czas: 78.24ms
[2025-12-20 13:26:49] [INFO] REQ: POST /predict - Status: 200 - Czas: 78.40ms
[2025-12-20 13:26:49] [INFO] REQ: POST /predict - Status: 200 - Czas: 78.54ms
[2025-12-20 13:26:49] [INFO] REQ: POST /predict - Status: 200 - Czas: 78.70ms
[2025-12-20 13:26:49] [INFO] REQ: POST /predict - Status: 200 - Czas: 78.86ms
[2025-12-20 13:26:49] [INFO] REQ: POST /predict - Status: 200 - Czas: 79.00ms
[2025-12-20 13:26:49] [INFO] REQ: POST /predict - Status: 200 - Czas: 79.10ms
[2025-12-20 13:26:49] [INFO] REQ: POST /predict - Status: 200 - Czas: 79.22ms
[2025-12-20 13:26:49] [INFO] REQ: POST /predict - Status: 200 - Czas: 79.35ms
[2025-12-20 13:26:49] [INFO] REQ: POST /predict - Status: 200 - Czas: 79.49ms
[2025-12-20 13:26:49] [INFO] REQ: POST /predict - Status: 200 - Czas: 80.05ms
[2025-12-20 13:26:49] [INFO] REQ: POST /predict - Status: 200 - Czas: 80.20ms
[2025-12-20 13:26:49] [INFO] REQ: POST /predict - Status: 200 - Czas: 80.31ms
[2025-12-20 13:26:49] [INFO] REQ: POST /predict - Status: 200 - Czas: 80.42ms
[2025-12-20 13:26:49] [INFO] REQ: POST /predict - Status: 200 - Czas: 80.60ms
[2025-12-20 13:26:49] [INFO] REQ: POST /predict - Status: 200 - Czas: 80.72ms
[2025-12-20 13:26:49] [INFO] REQ: POST /predict - Status: 200 - Czas: 80.79ms
[2025-12-20 13:26:49] [INFO] REQ: POST /predict - Status: 200 - Czas: 80.93ms
[2025-12-20 13:26:49] [INFO] REQ: POST /predict - Status: 200 - Czas: 81.03ms
[2025-12-20 13:26:49] [INFO] REQ: POST /predict - Status: 200 - Czas: 81.15ms
[2025-12-20 13:26:49] [INFO] REQ: POST /predict - Status: 200 - Czas: 81.28ms
[2025-12-20 13:26:49] [INFO] REQ: POST /predict - Status: 200 - Czas: 81.42ms
[2025-12-20 13:26:49] [INFO] REQ: POST /predict - Status: 200 - Czas: 81.55ms
[2025-12-20 13:26:49] [INFO] REQ: POST /predict - Status: 200 - Czas: 84.77ms
[2025-12-20 13:26:49] [INFO] REQ: POST /predict - Status: 200 - Czas: 84.93ms
[2025-12-20 13:26:49] [INFO] REQ: POST /predict - Status: 200 - Czas: 75.67ms
[2025-12-20 13:26:49] [INFO] REQ: POST /predict - Status: 200 - Czas: 75.91ms
[2025-12-20 13:26:49] [INFO] REQ: POST /predict - Status: 200 - Czas: 75.18ms
[2025-12-20 13:26:49] [INFO] REQ: POST /predict - Status: 200 - Czas: 66.47ms
[2025-12-20 13:26:49] [INFO] REQ: POST /predict - Status: 200 - Czas: 46.81ms
[2025-12-20 13:26:49] [INFO] REQ: POST /predict - Status: 200 - Czas: 47.03ms
[2025-12-20 13:26:49] [INFO] REQ: POST /predict - Status: 200 - Czas: 47.18ms
[2025-12-20 13:26:49] [INFO] REQ: POST /predict - Status: 200 - Czas: 47.29ms
[2025-12-20 13:26:49] [INFO] REQ: POST /predict - Status: 200 - Czas: 47.43ms
[2025-12-20 13:26:49] [INFO] REQ: POST /predict - Status: 200 - Czas: 47.58ms
[2025-12-20 13:26:49] [INFO] REQ: POST /predict - Status: 200 - Czas: 47.73ms
[2025-12-20 13:26:49] [INFO] REQ: POST /predict - Status: 200 - Czas: 47.87ms
[2025-12-20 13:26:49] [INFO] REQ: POST /predict - Status: 200 - Czas: 48.04ms
[2025-12-20 13:26:49] [INFO] REQ: POST /predict - Status: 200 - Czas: 48.17ms
[2025-12-20 13:26:49] [INFO] REQ: POST /predict - Status: 200 - Czas: 48.03ms
[2025-12-20 13:26:49] [INFO] REQ: POST /predict - Status: 200 - Czas: 48.17ms
[2025-12-20 13:26:49] [INFO] REQ: POST /predict - Status: 200 - Czas: 48.27ms
[2025-12-20 13:26:49] [INFO] REQ: POST /predict - Status: 200 - Czas: 48.40ms
[2025-12-20 13:26:49] [INFO] REQ: POST /predict - Status: 200 - Czas: 48.64ms
[2025-12-20 13:26:49] [INFO] REQ: POST /predict - Status: 200 - Czas: 48.78ms
[2025-12-20 13:26:49] [INFO] REQ: POST /predict - Status: 200 - Czas: 48.90ms
[2025-12-20 13:26:49] [INFO] REQ: POST /predict - Status: 200 - Czas: 49.03ms
[2025-12-20 13:26:49] [INFO] REQ: POST /predict - Status: 200 - Czas: 49.15ms
[2025-12-20 13:26:49] [INFO] REQ: POST /predict - Status: 200 - Czas: 49.26ms
[2025-12-20 13:26:49] [INFO] REQ: POST /predict - Status: 200 - Czas: 49.36ms
[2025-12-20 13:26:49] [INFO] REQ: POST /predict - Status: 200 - Czas: 49.50ms
[2025-12-20 13:26:49] [INFO] REQ: POST /predict - Status: 200 - Czas: 49.61ms
[2025-12-20 13:26:49] [INFO] REQ: POST /predict - Status: 200 - Czas: 49.73ms
[2025-12-20 13:26:49] [INFO] REQ: POST /predict - Status: 200 - Czas: 68.00ms
[2025-12-20 13:26:49] [INFO] REQ: POST /predict - Status: 200 - Czas: 68.25ms
[2025-12-20 13:26:49] [INFO] REQ: POST /predict - Status: 200 - Czas: 68.39ms
[2025-12-20 13:26:49] [INFO] REQ: POST /predict - Status: 200 - Czas: 68.51ms
[2025-12-20 13:26:49] [INFO] REQ: POST /predict - Status: 200 - Czas: 68.65ms
[2025-12-20 13:26:49] [INFO] REQ: POST /predict - Status: 200 - Czas: 68.78ms
[2025-12-20 13:26:49] [INFO] REQ: POST /predict - Status: 200 - Czas: 68.93ms
[2025-12-20 13:26:49] [INFO] REQ: POST /predict - Status: 200 - Czas: 69.07ms
[2025-12-20 13:26:49] [INFO] REQ: POST /predict - Status: 200 - Czas: 69.21ms
[2025-12-20 13:26:49] [INFO] REQ: POST /predict - Status: 200 - Czas: 69.38ms
[2025-12-20 13:26:49] [INFO] REQ: POST /predict - Status: 200 - Czas: 69.51ms
[2025-12-20 13:26:49] [INFO] REQ: POST /predict - Status: 200 - Czas: 69.66ms
[2025-12-20 13:26:49] [INFO] REQ: POST /predict - Status: 200 - Czas: 69.78ms
[2025-12-20 13:26:49] [INFO] REQ: POST /predict - Status: 200 - Czas: 69.94ms
[2025-12-20 13:26:49] [INFO] REQ: POST /predict - Status: 200 - Czas: 70.08ms
[2025-12-20 13:26:49] [INFO] REQ: POST /predict - Status: 200 - Czas: 70.28ms
[2025-12-20 13:26:49] [INFO] REQ: POST /predict - Status: 200 - Czas: 70.42ms
[2025-12-20 13:26:49] [INFO] REQ: POST /predict - Status: 200 - Czas: 70.58ms
[2025-12-20 13:26:49] [INFO] REQ: POST /predict - Status: 200 - Czas: 70.78ms
[2025-12-20 13:26:49] [INFO] REQ: POST /predict - Status: 200 - Czas: 70.96ms
[2025-12-20 13:26:49] [INFO] REQ: POST /predict - Status: 200 - Czas: 71.03ms
[2025-12-20 13:26:49] [INFO] REQ: POST /predict - Status: 200 - Czas: 71.12ms
[2025-12-20 13:26:49] [INFO] REQ: POST /predict - Status: 200 - Czas: 71.25ms
[2025-12-20 13:26:49] [INFO] REQ: POST /predict - Status: 200 - Czas: 71.36ms
[2025-12-20 13:26:49] [INFO] REQ: POST /predict - Status: 200 - Czas: 79.13ms
[2025-12-20 13:26:49] [INFO] REQ: POST /predict - Status: 200 - Czas: 79.41ms
[2025-12-20 13:26:49] [INFO] REQ: POST /predict - Status: 200 - Czas: 79.58ms
[2025-12-20 13:26:49] [INFO] REQ: POST /predict - Status: 200 - Czas: 79.76ms
[2025-12-20 13:26:49] [INFO] REQ: POST /predict - Status: 200 - Czas: 79.95ms
[2025-12-20 13:26:49] [INFO] REQ: POST /predict - Status: 200 - Czas: 80.13ms
[2025-12-20 13:26:49] [INFO] REQ: POST /predict - Status: 200 - Czas: 80.29ms
[2025-12-20 13:26:49] [INFO] REQ: POST /predict - Status: 200 - Czas: 80.47ms
[2025-12-20 13:26:49] [INFO] REQ: POST /predict - Status: 200 - Czas: 80.58ms
[2025-12-20 13:26:49] [INFO] REQ: POST /predict - Status: 200 - Czas: 80.78ms
[2025-12-20 13:26:49] [INFO] REQ: POST /predict - Status: 200 - Czas: 80.96ms
[2025-12-20 13:26:49] [INFO] REQ: POST /predict - Status: 200 - Czas: 81.13ms
[2025-12-20 13:26:49] [INFO] REQ: POST /predict - Status: 200 - Czas: 81.31ms
[2025-12-20 13:26:49] [INFO] REQ: POST /predict - Status: 200 - Czas: 81.54ms
[2025-12-20 13:26:49] [INFO] REQ: POST /predict - Status: 200 - Czas: 81.71ms
[2025-12-20 13:26:49] [INFO] REQ: POST /predict - Status: 200 - Czas: 81.91ms
[2025-12-20 13:26:49] [INFO] REQ: POST /predict - Status: 200 - Czas: 82.17ms
[2025-12-20 13:26:49] [INFO] REQ: POST /predict - Status: 200 - Czas: 82.40ms
[2025-12-20 13:26:49] [INFO] REQ: POST /predict - Status: 200 - Czas: 82.53ms
[2025-12-20 13:26:49] [INFO] REQ: POST /predict - Status: 200 - Czas: 82.68ms
[2025-12-20 13:26:49] [INFO] REQ: POST /predict - Status: 200 - Czas: 82.84ms
[2025-12-20 13:26:49] [INFO] REQ: POST /predict - Status: 200 - Czas: 82.99ms
[2025-12-20 13:26:49] [INFO] REQ: POST /predict - Status: 200 - Czas: 83.15ms
[2025-12-20 13:26:49] [INFO] REQ: POST /predict - Status: 200 - Czas: 83.30ms
[2025-12-20 13:26:49] [INFO] REQ: POST /predict - Status: 200 - Czas: 83.46ms
[2025-12-20 13:26:49] [INFO] REQ: POST /predict - Status: 200 - Czas: 83.62ms
[2025-12-20 13:26:49] [INFO] REQ: POST /predict - Status: 200 - Czas: 83.79ms
[2025-12-20 13:26:49] [INFO] REQ: POST /predict - Status: 200 - Czas: 83.93ms
[2025-12-20 13:26:49] [INFO] REQ: POST /predict - Status: 200 - Czas: 84.03ms
[2025-12-20 13:26:49] [INFO] REQ: POST /predict - Status: 200 - Czas: 84.23ms
[2025-12-20 13:26:49] [INFO] REQ: POST /predict - Status: 200 - Czas: 84.38ms
[2025-12-20 13:26:49] [INFO] REQ: POST /predict - Status: 200 - Czas: 84.58ms
[2025-12-20 13:26:49] [INFO] REQ: POST /predict - Status: 200 - Czas: 87.33ms
[2025-12-20 13:26:49] [INFO] REQ: POST /predict - Status: 200 - Czas: 87.60ms
[2025-12-20 13:26:49] [INFO] REQ: POST /predict - Status: 200 - Czas: 87.77ms
[2025-12-20 13:26:49] [INFO] REQ: POST /predict - Status: 200 - Czas: 87.95ms
[2025-12-20 13:26:49] [INFO] REQ: POST /predict - Status: 200 - Czas: 88.12ms
[2025-12-20 13:26:49] [INFO] REQ: POST /predict - Status: 200 - Czas: 88.31ms
[2025-12-20 13:26:49] [INFO] REQ: POST /predict - Status: 200 - Czas: 88.43ms
[2025-12-20 13:26:49] [INFO] REQ: POST /predict - Status: 200 - Czas: 88.62ms
[2025-12-20 13:26:49] [INFO] REQ: POST /predict - Status: 200 - Czas: 88.80ms
[2025-12-20 13:26:49] [INFO] REQ: POST /predict - Status: 200 - Czas: 88.94ms
[2025-12-20 13:26:49] [INFO] REQ: POST /predict - Status: 200 - Czas: 89.09ms
[2025-12-20 13:26:49] [INFO] REQ: POST /predict - Status: 200 - Czas: 89.25ms
[2025-12-20 13:26:49] [INFO] REQ: POST /predict - Status: 200 - Czas: 89.42ms
[2025-12-20 13:26:49] [INFO] REQ: POST /predict - Status: 200 - Czas: 89.58ms
[2025-12-20 13:26:49] [INFO] REQ: POST /predict - Status: 200 - Czas: 93.14ms
[2025-12-20 13:26:49] [INFO] REQ: POST /predict - Status: 200 - Czas: 93.31ms
[2025-12-20 13:26:49] [INFO] REQ: POST /predict - Status: 200 - Czas: 85.14ms
[2025-12-20 13:26:49] [INFO] REQ: POST /predict - Status: 200 - Czas: 85.30ms
[2025-12-20 13:26:49] [INFO] REQ: POST /predict - Status: 200 - Czas: 85.43ms
[2025-12-20 13:26:49] [INFO] REQ: POST /predict - Status: 200 - Czas: 76.78ms
[2025-12-20 13:26:49] [INFO] REQ: POST /predict - Status: 200 - Czas: 46.18ms
[2025-12-20 13:26:49] [INFO] REQ: POST /predict - Status: 200 - Czas: 46.33ms
[2025-12-20 13:26:49] [INFO] REQ: POST /predict - Status: 200 - Czas: 46.46ms
[2025-12-20 13:26:49] [INFO] REQ: POST /predict - Status: 200 - Czas: 46.60ms
[2025-12-20 13:26:49] [INFO] REQ: POST /predict - Status: 200 - Czas: 46.70ms
[2025-12-20 13:26:49] [INFO] REQ: POST /predict - Status: 200 - Czas: 46.80ms
[2025-12-20 13:26:49] [INFO] REQ: POST /predict - Status: 200 - Czas: 46.94ms
[2025-12-20 13:26:49] [INFO] REQ: POST /predict - Status: 200 - Czas: 47.08ms
[2025-12-20 13:26:49] [INFO] REQ: POST /predict - Status: 200 - Czas: 47.22ms
[2025-12-20 13:26:49] [INFO] REQ: POST /predict - Status: 200 - Czas: 47.35ms
[2025-12-20 13:26:49] [INFO] REQ: POST /predict - Status: 200 - Czas: 47.00ms
[2025-12-20 13:26:49] [INFO] REQ: POST /predict - Status: 200 - Czas: 47.13ms
[2025-12-20 13:26:49] [INFO] REQ: POST /predict - Status: 200 - Czas: 47.25ms
[2025-12-20 13:26:49] [INFO] REQ: POST /predict - Status: 200 - Czas: 47.39ms
[2025-12-20 13:26:49] [INFO] REQ: POST /predict - Status: 200 - Czas: 47.54ms
[2025-12-20 13:26:49] [INFO] REQ: POST /predict - Status: 200 - Czas: 47.69ms
[2025-12-20 13:26:49] [INFO] REQ: POST /predict - Status: 200 - Czas: 47.81ms
[2025-12-20 13:26:49] [INFO] REQ: POST /predict - Status: 200 - Czas: 47.97ms
[2025-12-20 13:26:49] [INFO] REQ: POST /predict - Status: 200 - Czas: 48.10ms
[2025-12-20 13:26:49] [INFO] REQ: POST /predict - Status: 200 - Czas: 48.21ms
[2025-12-20 13:26:49] [INFO] REQ: POST /predict - Status: 200 - Czas: 48.28ms
[2025-12-20 13:26:49] [INFO] REQ: POST /predict - Status: 200 - Czas: 48.41ms
[2025-12-20 13:26:49] [INFO] REQ: POST /predict - Status: 200 - Czas: 48.54ms
[2025-12-20 13:26:49] [INFO] REQ: POST /predict - Status: 200 - Czas: 48.66ms
[2025-12-20 13:26:49] [INFO] REQ: POST /predict - Status: 200 - Czas: 62.07ms
[2025-12-20 13:26:49] [INFO] REQ: POST /predict - Status: 200 - Czas: 62.20ms
[2025-12-20 13:26:49] [INFO] REQ: POST /predict - Status: 200 - Czas: 62.33ms
[2025-12-20 13:26:49] [INFO] REQ: POST /predict - Status: 200 - Czas: 62.49ms
[2025-12-20 13:26:49] [INFO] REQ: POST /predict - Status: 200 - Czas: 62.64ms
[2025-12-20 13:26:49] [INFO] REQ: POST /predict - Status: 200 - Czas: 62.79ms
[2025-12-20 13:26:49] [INFO] REQ: POST /predict - Status: 200 - Czas: 62.97ms
[2025-12-20 13:26:49] [INFO] REQ: POST /predict - Status: 200 - Czas: 63.12ms
[2025-12-20 13:26:49] [INFO] REQ: POST /predict - Status: 200 - Czas: 63.26ms
[2025-12-20 13:26:49] [INFO] REQ: POST /predict - Status: 200 - Czas: 63.44ms
[2025-12-20 13:26:49] [INFO] REQ: POST /predict - Status: 200 - Czas: 63.55ms
[2025-12-20 13:26:49] [INFO] REQ: POST /predict - Status: 200 - Czas: 63.71ms
[2025-12-20 13:26:49] [INFO] REQ: POST /predict - Status: 200 - Czas: 63.87ms
[2025-12-20 13:26:49] [INFO] REQ: POST /predict - Status: 200 - Czas: 64.01ms
[2025-12-20 13:26:49] [INFO] REQ: POST /predict - Status: 200 - Czas: 64.15ms
[2025-12-20 13:26:49] [INFO] REQ: POST /predict - Status: 200 - Czas: 64.27ms
[2025-12-20 13:26:49] [INFO] REQ: POST /predict - Status: 200 - Czas: 64.38ms
[2025-12-20 13:26:49] [INFO] REQ: POST /predict - Status: 200 - Czas: 64.54ms
[2025-12-20 13:26:49] [INFO] REQ: POST /predict - Status: 200 - Czas: 64.70ms
[2025-12-20 13:26:49] [INFO] REQ: POST /predict - Status: 200 - Czas: 64.82ms
[2025-12-20 13:26:49] [INFO] REQ: POST /predict - Status: 200 - Czas: 64.89ms
[2025-12-20 13:26:49] [INFO] REQ: POST /predict - Status: 200 - Czas: 65.01ms
[2025-12-20 13:26:49] [INFO] REQ: POST /predict - Status: 200 - Czas: 65.16ms
[2025-12-20 13:26:49] [INFO] REQ: POST /predict - Status: 200 - Czas: 65.29ms
[2025-12-20 13:26:49] [INFO] REQ: POST /predict - Status: 200 - Czas: 71.27ms
[2025-12-20 13:26:49] [INFO] REQ: POST /predict - Status: 200 - Czas: 71.44ms
[2025-12-20 13:26:49] [INFO] REQ: POST /predict - Status: 200 - Czas: 71.59ms
[2025-12-20 13:26:49] [INFO] REQ: POST /predict - Status: 200 - Czas: 71.77ms
[2025-12-20 13:26:49] [INFO] REQ: POST /predict - Status: 200 - Czas: 71.92ms
[2025-12-20 13:26:49] [INFO] REQ: POST /predict - Status: 200 - Czas: 72.10ms
[2025-12-20 13:26:49] [INFO] REQ: POST /predict - Status: 200 - Czas: 72.37ms
[2025-12-20 13:26:49] [INFO] REQ: POST /predict - Status: 200 - Czas: 72.55ms
[2025-12-20 13:26:49] [INFO] REQ: POST /predict - Status: 200 - Czas: 71.85ms
[2025-12-20 13:26:49] [INFO] REQ: POST /predict - Status: 200 - Czas: 72.00ms
[2025-12-20 13:26:49] [INFO] REQ: POST /predict - Status: 200 - Czas: 72.13ms
[2025-12-20 13:26:49] [INFO] REQ: POST /predict - Status: 200 - Czas: 72.29ms
[2025-12-20 13:26:49] [INFO] REQ: POST /predict - Status: 200 - Czas: 72.48ms
[2025-12-20 13:26:49] [INFO] REQ: POST /predict - Status: 200 - Czas: 72.64ms
[2025-12-20 13:26:49] [INFO] REQ: POST /predict - Status: 200 - Czas: 72.81ms
[2025-12-20 13:26:49] [INFO] REQ: POST /predict - Status: 200 - Czas: 72.93ms
[2025-12-20 13:26:49] [INFO] REQ: POST /predict - Status: 200 - Czas: 73.05ms
[2025-12-20 13:26:49] [INFO] REQ: POST /predict - Status: 200 - Czas: 73.19ms
[2025-12-20 13:26:49] [INFO] REQ: POST /predict - Status: 200 - Czas: 73.26ms
[2025-12-20 13:26:49] [INFO] REQ: POST /predict - Status: 200 - Czas: 73.40ms
[2025-12-20 13:26:49] [INFO] REQ: POST /predict - Status: 200 - Czas: 73.54ms
[2025-12-20 13:26:49] [INFO] REQ: POST /predict - Status: 200 - Czas: 73.66ms
[2025-12-20 13:26:49] [INFO] REQ: POST /predict - Status: 200 - Czas: 73.78ms
[2025-12-20 13:26:49] [INFO] REQ: POST /predict - Status: 200 - Czas: 73.95ms
[2025-12-20 13:26:49] [INFO] REQ: POST /predict - Status: 200 - Czas: 74.12ms
[2025-12-20 13:26:49] [INFO] REQ: POST /predict - Status: 200 - Czas: 74.27ms
[2025-12-20 13:26:49] [INFO] REQ: POST /predict - Status: 200 - Czas: 74.42ms
[2025-12-20 13:26:49] [INFO] REQ: POST /predict - Status: 200 - Czas: 74.56ms
[2025-12-20 13:26:49] [INFO] REQ: POST /predict - Status: 200 - Czas: 74.66ms
[2025-12-20 13:26:49] [INFO] REQ: POST /predict - Status: 200 - Czas: 74.79ms
[2025-12-20 13:26:49] [INFO] REQ: POST /predict - Status: 200 - Czas: 74.91ms
[2025-12-20 13:26:49] [INFO] REQ: POST /predict - Status: 200 - Czas: 75.03ms
[2025-12-20 13:26:49] [INFO] REQ: POST /predict - Status: 200 - Czas: 74.87ms
[2025-12-20 13:26:49] [INFO] REQ: POST /predict - Status: 200 - Czas: 75.04ms
[2025-12-20 13:26:49] [INFO] REQ: POST /predict - Status: 200 - Czas: 75.17ms
[2025-12-20 13:26:49] [INFO] REQ: POST /predict - Status: 200 - Czas: 75.30ms
[2025-12-20 13:26:49] [INFO] REQ: POST /predict - Status: 200 - Czas: 75.47ms
[2025-12-20 13:26:49] [INFO] REQ: POST /predict - Status: 200 - Czas: 75.61ms
[2025-12-20 13:26:49] [INFO] REQ: POST /predict - Status: 200 - Czas: 75.75ms
[2025-12-20 13:26:49] [INFO] REQ: POST /predict - Status: 200 - Czas: 75.86ms
[2025-12-20 13:26:49] [INFO] REQ: POST /predict - Status: 200 - Czas: 76.00ms
[2025-12-20 13:26:49] [INFO] REQ: POST /predict - Status: 200 - Czas: 76.15ms
[2025-12-20 13:26:49] [INFO] REQ: POST /predict - Status: 200 - Czas: 76.28ms
[2025-12-20 13:26:49] [INFO] REQ: POST /predict - Status: 200 - Czas: 76.43ms
[2025-12-20 13:26:49] [INFO] REQ: POST /predict - Status: 200 - Czas: 76.58ms
[2025-12-20 13:26:49] [INFO] REQ: POST /predict - Status: 200 - Czas: 76.74ms
[2025-12-20 13:26:49] [INFO] REQ: POST /predict - Status: 200 - Czas: 81.18ms
[2025-12-20 13:26:49] [INFO] REQ: POST /predict - Status: 200 - Czas: 81.33ms
[2025-12-20 13:26:49] [INFO] REQ: POST /predict - Status: 200 - Czas: 72.72ms
[2025-12-20 13:26:49] [INFO] REQ: POST /predict - Status: 200 - Czas: 72.87ms
[2025-12-20 13:26:49] [INFO] REQ: POST /predict - Status: 200 - Czas: 73.00ms
[2025-12-20 13:26:49] [INFO] REQ: POST /predict - Status: 200 - Czas: 64.61ms
[2025-12-20 13:26:49] [INFO] REQ: POST /predict - Status: 200 - Czas: 47.45ms
[2025-12-20 13:26:49] [INFO] REQ: POST /predict - Status: 200 - Czas: 47.61ms
[2025-12-20 13:26:49] [INFO] REQ: POST /predict - Status: 200 - Czas: 47.75ms
[2025-12-20 13:26:49] [INFO] REQ: POST /predict - Status: 200 - Czas: 47.89ms
[2025-12-20 13:26:49] [INFO] REQ: POST /predict - Status: 200 - Czas: 48.02ms
[2025-12-20 13:26:49] [INFO] REQ: POST /predict - Status: 200 - Czas: 48.17ms
[2025-12-20 13:26:49] [INFO] REQ: POST /predict - Status: 200 - Czas: 48.31ms
[2025-12-20 13:26:49] [INFO] REQ: POST /predict - Status: 200 - Czas: 48.45ms
[2025-12-20 13:26:49] [INFO] REQ: POST /predict - Status: 200 - Czas: 48.59ms
[2025-12-20 13:26:49] [INFO] REQ: POST /predict - Status: 200 - Czas: 48.77ms
[2025-12-20 13:26:49] [INFO] REQ: POST /predict - Status: 200 - Czas: 47.41ms
[2025-12-20 13:26:49] [INFO] REQ: POST /predict - Status: 200 - Czas: 47.54ms
[2025-12-20 13:26:49] [INFO] REQ: POST /predict - Status: 200 - Czas: 47.68ms
[2025-12-20 13:26:49] [INFO] REQ: POST /predict - Status: 200 - Czas: 47.80ms
[2025-12-20 13:26:49] [INFO] REQ: POST /predict - Status: 200 - Czas: 47.95ms
[2025-12-20 13:26:49] [INFO] REQ: POST /predict - Status: 200 - Czas: 48.12ms
[2025-12-20 13:26:49] [INFO] REQ: POST /predict - Status: 200 - Czas: 48.25ms
[2025-12-20 13:26:49] [INFO] REQ: POST /predict - Status: 200 - Czas: 48.38ms
[2025-12-20 13:26:49] [INFO] REQ: POST /predict - Status: 200 - Czas: 48.51ms
[2025-12-20 13:26:49] [INFO] REQ: POST /predict - Status: 200 - Czas: 48.68ms
[2025-12-20 13:26:49] [INFO] REQ: POST /predict - Status: 200 - Czas: 48.74ms
[2025-12-20 13:26:49] [INFO] REQ: POST /predict - Status: 200 - Czas: 48.88ms
[2025-12-20 13:26:49] [INFO] REQ: POST /predict - Status: 200 - Czas: 48.96ms
[2025-12-20 13:26:49] [INFO] REQ: POST /predict - Status: 200 - Czas: 49.06ms
[2025-12-20 13:26:49] [INFO] REQ: POST /predict - Status: 200 - Czas: 63.62ms
[2025-12-20 13:26:49] [INFO] REQ: POST /predict - Status: 200 - Czas: 63.81ms
[2025-12-20 13:26:49] [INFO] REQ: POST /predict - Status: 200 - Czas: 63.99ms
[2025-12-20 13:26:49] [INFO] REQ: POST /predict - Status: 200 - Czas: 64.15ms
[2025-12-20 13:26:49] [INFO] REQ: POST /predict - Status: 200 - Czas: 64.37ms
[2025-12-20 13:26:49] [INFO] REQ: POST /predict - Status: 200 - Czas: 64.54ms
[2025-12-20 13:26:49] [INFO] REQ: POST /predict - Status: 200 - Czas: 64.69ms
[2025-12-20 13:26:49] [INFO] REQ: POST /predict - Status: 200 - Czas: 64.83ms
[2025-12-20 13:26:49] [INFO] REQ: POST /predict - Status: 200 - Czas: 64.96ms
[2025-12-20 13:26:49] [INFO] REQ: POST /predict - Status: 200 - Czas: 65.08ms
[2025-12-20 13:26:49] [INFO] REQ: POST /predict - Status: 200 - Czas: 65.22ms
[2025-12-20 13:26:49] [INFO] REQ: POST /predict - Status: 200 - Czas: 65.35ms
[2025-12-20 13:26:49] [INFO] REQ: POST /predict - Status: 200 - Czas: 65.48ms
[2025-12-20 13:26:49] [INFO] REQ: POST /predict - Status: 200 - Czas: 65.59ms
[2025-12-20 13:26:49] [INFO] REQ: POST /predict - Status: 200 - Czas: 65.73ms
[2025-12-20 13:26:49] [INFO] REQ: POST /predict - Status: 200 - Czas: 65.91ms
[2025-12-20 13:26:49] [INFO] REQ: POST /predict - Status: 200 - Czas: 66.04ms
[2025-12-20 13:26:49] [INFO] REQ: POST /predict - Status: 200 - Czas: 66.16ms
[2025-12-20 13:26:49] [ERROR] Exception in ASGI application
Traceback (most recent call last):
  File "/usr/local/lib/python3.12/site-packages/starlette/_exception_handler.py", line 42, in wrapped_app
    await app(scope, receive, sender)
  File "/usr/local/lib/python3.12/site-packages/fastapi/routing.py", line 106, in app
    response = await f(request)
               ^^^^^^^^^^^^^^^^
  File "/usr/local/lib/python3.12/site-packages/fastapi/routing.py", line 472, in app
    raise validation_error
fastapi.exceptions.RequestValidationError: 1 validation error:
  {'type': 'string_type', 'loc': ('body', 'text'), 'msg': 'Input should be a valid string', 'input': nan}

  File "/project/app/server_fastapi.py", line 60, in predict_endpoint
    POST /predict

The above exception was the direct cause of the following exception:

Traceback (most recent call last):
  File "/usr/local/lib/python3.12/site-packages/uvicorn/protocols/http/httptools_impl.py", line 409, in run_asgi
    result = await app(  # type: ignore[func-returns-value]
             ^^^^^^^^^^^^^^^^^^^^^^^^^^^^^^^^^^^^^^^^^^^^^^
  File "/usr/local/lib/python3.12/site-packages/uvicorn/middleware/proxy_headers.py", line 60, in __call__
    return await self.app(scope, receive, send)
           ^^^^^^^^^^^^^^^^^^^^^^^^^^^^^^^^^^^^
  File "/usr/local/lib/python3.12/site-packages/fastapi/applications.py", line 1139, in __call__
    await super().__call__(scope, receive, send)
  File "/usr/local/lib/python3.12/site-packages/starlette/applications.py", line 107, in __call__
    await self.middleware_stack(scope, receive, send)
  File "/usr/local/lib/python3.12/site-packages/starlette/middleware/errors.py", line 186, in __call__
    raise exc
  File "/usr/local/lib/python3.12/site-packages/starlette/middleware/errors.py", line 164, in __call__
    await self.app(scope, receive, _send)
  File "/usr/local/lib/python3.12/site-packages/starlette/middleware/base.py", line 191, in __call__
    with recv_stream, send_stream, collapse_excgroups():
                                   ^^^^^^^^^^^^^^^^^^^^
  File "/usr/local/lib/python3.12/contextlib.py", line 158, in __exit__
    self.gen.throw(value)
  File "/usr/local/lib/python3.12/site-packages/starlette/_utils.py", line 85, in collapse_excgroups
    raise exc
  File "/usr/local/lib/python3.12/site-packages/starlette/middleware/base.py", line 193, in __call__
    response = await self.dispatch_func(request, call_next)
               ^^^^^^^^^^^^^^^^^^^^^^^^^^^^^^^^^^^^^^^^^^^^
  File "/project/app/server_fastapi.py", line 41, in log_requests
    response: Response = await call_next(request)
                         ^^^^^^^^^^^^^^^^^^^^^^^^
  File "/usr/local/lib/python3.12/site-packages/starlette/middleware/base.py", line 168, in call_next
    raise app_exc from app_exc.__cause__ or app_exc.__context__
  File "/usr/local/lib/python3.12/site-packages/starlette/middleware/base.py", line 144, in coro
    await self.app(scope, receive_or_disconnect, send_no_error)
  File "/usr/local/lib/python3.12/site-packages/starlette/middleware/exceptions.py", line 63, in __call__
    await wrap_app_handling_exceptions(self.app, conn)(scope, receive, send)
  File "/usr/local/lib/python3.12/site-packages/starlette/_exception_handler.py", line 53, in wrapped_app
    raise exc
  File "/usr/local/lib/python3.12/site-packages/starlette/_exception_handler.py", line 42, in wrapped_app
    await app(scope, receive, sender)
  File "/usr/local/lib/python3.12/site-packages/fastapi/middleware/asyncexitstack.py", line 18, in __call__
    await self.app(scope, receive, send)
  File "/usr/local/lib/python3.12/site-packages/starlette/routing.py", line 716, in __call__
    await self.middleware_stack(scope, receive, send)
  File "/usr/local/lib/python3.12/site-packages/starlette/routing.py", line 736, in app
    await route.handle(scope, receive, send)
  File "/usr/local/lib/python3.12/site-packages/starlette/routing.py", line 290, in handle
    await self.app(scope, receive, send)
  File "/usr/local/lib/python3.12/site-packages/fastapi/routing.py", line 120, in app
    await wrap_app_handling_exceptions(app, request)(scope, receive, send)
  File "/usr/local/lib/python3.12/site-packages/starlette/_exception_handler.py", line 59, in wrapped_app
    response = await handler(conn, exc)
               ^^^^^^^^^^^^^^^^^^^^^^^^
  File "/usr/local/lib/python3.12/site-packages/fastapi/exception_handlers.py", line 23, in request_validation_exception_handler
    return JSONResponse(
           ^^^^^^^^^^^^^
  File "/usr/local/lib/python3.12/site-packages/starlette/responses.py", line 189, in __init__
    super().__init__(content, status_code, headers, media_type, background)
  File "/usr/local/lib/python3.12/site-packages/starlette/responses.py", line 46, in __init__
    self.body = self.render(content)
                ^^^^^^^^^^^^^^^^^^^^
  File "/usr/local/lib/python3.12/site-packages/starlette/responses.py", line 192, in render
    return json.dumps(
           ^^^^^^^^^^^
  File "/usr/local/lib/python3.12/json/__init__.py", line 238, in dumps
    **kw).encode(obj)
          ^^^^^^^^^^^
  File "/usr/local/lib/python3.12/json/encoder.py", line 200, in encode
    chunks = self.iterencode(o, _one_shot=True)
             ^^^^^^^^^^^^^^^^^^^^^^^^^^^^^^^^^^
  File "/usr/local/lib/python3.12/json/encoder.py", line 258, in iterencode
    return _iterencode(o, 0)
           ^^^^^^^^^^^^^^^^^
ValueError: Out of range float values are not JSON compliant: nan
[2025-12-20 13:26:49] [INFO] REQ: POST /predict - Status: 200 - Czas: 67.50ms
[2025-12-20 13:26:49] [INFO] REQ: POST /predict - Status: 200 - Czas: 67.60ms
[2025-12-20 13:26:49] [INFO] REQ: POST /predict - Status: 200 - Czas: 67.71ms
[2025-12-20 13:26:49] [INFO] REQ: POST /predict - Status: 200 - Czas: 67.83ms
[2025-12-20 13:26:49] [INFO] REQ: POST /predict - Status: 200 - Czas: 67.97ms
[2025-12-20 13:26:49] [INFO] REQ: POST /predict - Status: 200 - Czas: 75.05ms
[2025-12-20 13:26:49] [INFO] REQ: POST /predict - Status: 200 - Czas: 75.23ms
[2025-12-20 13:26:49] [INFO] REQ: POST /predict - Status: 200 - Czas: 75.41ms
[2025-12-20 13:26:49] [INFO] REQ: POST /predict - Status: 200 - Czas: 75.57ms
[2025-12-20 13:26:49] [INFO] REQ: POST /predict - Status: 200 - Czas: 75.75ms
[2025-12-20 13:26:49] [INFO] REQ: POST /predict - Status: 200 - Czas: 75.93ms
[2025-12-20 13:26:49] [INFO] REQ: POST /predict - Status: 200 - Czas: 76.06ms
[2025-12-20 13:26:49] [INFO] REQ: POST /predict - Status: 200 - Czas: 76.21ms
[2025-12-20 13:26:49] [INFO] REQ: POST /predict - Status: 200 - Czas: 76.30ms
[2025-12-20 13:26:49] [INFO] REQ: POST /predict - Status: 200 - Czas: 76.45ms
[2025-12-20 13:26:49] [INFO] REQ: POST /predict - Status: 200 - Czas: 76.64ms
[2025-12-20 13:26:49] [INFO] REQ: POST /predict - Status: 200 - Czas: 76.85ms
[2025-12-20 13:26:49] [INFO] REQ: POST /predict - Status: 200 - Czas: 77.01ms
[2025-12-20 13:26:49] [INFO] REQ: POST /predict - Status: 200 - Czas: 77.17ms
[2025-12-20 13:26:49] [INFO] REQ: POST /predict - Status: 200 - Czas: 77.32ms
[2025-12-20 13:26:49] [INFO] REQ: POST /predict - Status: 200 - Czas: 77.50ms
[2025-12-20 13:26:49] [INFO] REQ: POST /predict - Status: 200 - Czas: 77.65ms
[2025-12-20 13:26:49] [INFO] REQ: POST /predict - Status: 200 - Czas: 77.80ms
[2025-12-20 13:26:49] [INFO] REQ: POST /predict - Status: 200 - Czas: 77.18ms
[2025-12-20 13:26:49] [INFO] REQ: POST /predict - Status: 200 - Czas: 77.30ms
[2025-12-20 13:26:49] [INFO] REQ: POST /predict - Status: 200 - Czas: 77.46ms
[2025-12-20 13:26:49] [INFO] REQ: POST /predict - Status: 200 - Czas: 77.60ms
[2025-12-20 13:26:49] [INFO] REQ: POST /predict - Status: 200 - Czas: 77.75ms
[2025-12-20 13:26:49] [INFO] REQ: POST /predict - Status: 200 - Czas: 77.91ms
[2025-12-20 13:26:49] [INFO] REQ: POST /predict - Status: 200 - Czas: 78.06ms
[2025-12-20 13:26:49] [INFO] REQ: POST /predict - Status: 200 - Czas: 78.24ms
[2025-12-20 13:26:49] [INFO] REQ: POST /predict - Status: 200 - Czas: 78.40ms
[2025-12-20 13:26:49] [INFO] REQ: POST /predict - Status: 200 - Czas: 78.55ms
[2025-12-20 13:26:49] [INFO] REQ: POST /predict - Status: 200 - Czas: 78.67ms
[2025-12-20 13:26:49] [INFO] REQ: POST /predict - Status: 200 - Czas: 78.83ms
[2025-12-20 13:26:49] [INFO] REQ: POST /predict - Status: 200 - Czas: 79.00ms
[2025-12-20 13:26:49] [INFO] REQ: POST /predict - Status: 200 - Czas: 79.11ms
[2025-12-20 13:26:49] [INFO] REQ: POST /predict - Status: 200 - Czas: 80.13ms
[2025-12-20 13:26:49] [INFO] REQ: POST /predict - Status: 200 - Czas: 80.30ms
[2025-12-20 13:26:49] [INFO] REQ: POST /predict - Status: 200 - Czas: 80.44ms
[2025-12-20 13:26:49] [INFO] REQ: POST /predict - Status: 200 - Czas: 80.61ms
[2025-12-20 13:26:49] [INFO] REQ: POST /predict - Status: 200 - Czas: 80.78ms
[2025-12-20 13:26:49] [INFO] REQ: POST /predict - Status: 200 - Czas: 80.93ms
[2025-12-20 13:26:49] [INFO] REQ: POST /predict - Status: 200 - Czas: 81.08ms
[2025-12-20 13:26:49] [INFO] REQ: POST /predict - Status: 200 - Czas: 81.11ms
[2025-12-20 13:26:49] [INFO] REQ: POST /predict - Status: 200 - Czas: 81.22ms
[2025-12-20 13:26:49] [INFO] REQ: POST /predict - Status: 200 - Czas: 81.38ms
[2025-12-20 13:26:49] [INFO] REQ: POST /predict - Status: 200 - Czas: 81.57ms
[2025-12-20 13:26:49] [INFO] REQ: POST /predict - Status: 200 - Czas: 81.78ms
[2025-12-20 13:26:49] [INFO] REQ: POST /predict - Status: 200 - Czas: 81.92ms
[2025-12-20 13:26:49] [INFO] REQ: POST /predict - Status: 200 - Czas: 82.05ms
[2025-12-20 13:26:49] [INFO] REQ: POST /predict - Status: 200 - Czas: 86.90ms
[2025-12-20 13:26:49] [INFO] REQ: POST /predict - Status: 200 - Czas: 87.08ms
[2025-12-20 13:26:49] [INFO] REQ: POST /predict - Status: 200 - Czas: 79.05ms
[2025-12-20 13:26:49] [INFO] REQ: POST /predict - Status: 200 - Czas: 79.23ms
[2025-12-20 13:26:49] [INFO] REQ: POST /predict - Status: 200 - Czas: 79.39ms
[2025-12-20 13:26:49] [INFO] REQ: POST /predict - Status: 200 - Czas: 71.20ms
[2025-12-20 13:26:49] [INFO] REQ: POST /predict - Status: 200 - Czas: 102.49ms
[2025-12-20 13:26:49] [INFO] REQ: POST /predict - Status: 200 - Czas: 102.68ms
[2025-12-20 13:26:49] [INFO] REQ: POST /predict - Status: 200 - Czas: 102.80ms
[2025-12-20 13:26:49] [INFO] REQ: POST /predict - Status: 200 - Czas: 102.96ms
[2025-12-20 13:26:49] [INFO] REQ: POST /predict - Status: 200 - Czas: 103.11ms
[2025-12-20 13:26:49] [INFO] REQ: POST /predict - Status: 200 - Czas: 103.25ms
[2025-12-20 13:26:49] [INFO] REQ: POST /predict - Status: 200 - Czas: 103.37ms
[2025-12-20 13:26:49] [INFO] REQ: POST /predict - Status: 200 - Czas: 103.51ms
[2025-12-20 13:26:49] [INFO] REQ: POST /predict - Status: 200 - Czas: 103.64ms
[2025-12-20 13:26:49] [INFO] REQ: POST /predict - Status: 200 - Czas: 103.77ms
[2025-12-20 13:26:49] [INFO] REQ: POST /predict - Status: 200 - Czas: 103.34ms
[2025-12-20 13:26:49] [INFO] REQ: POST /predict - Status: 200 - Czas: 103.46ms
[2025-12-20 13:26:49] [INFO] REQ: POST /predict - Status: 200 - Czas: 103.58ms
[2025-12-20 13:26:49] [INFO] REQ: POST /predict - Status: 200 - Czas: 103.72ms
[2025-12-20 13:26:49] [INFO] REQ: POST /predict - Status: 200 - Czas: 103.84ms
[2025-12-20 13:26:49] [INFO] REQ: POST /predict - Status: 200 - Czas: 103.97ms
[2025-12-20 13:26:49] [INFO] REQ: POST /predict - Status: 200 - Czas: 104.10ms
[2025-12-20 13:26:49] [INFO] REQ: POST /predict - Status: 200 - Czas: 104.21ms
[2025-12-20 13:26:49] [INFO] REQ: POST /predict - Status: 200 - Czas: 104.34ms
[2025-12-20 13:26:49] [INFO] REQ: POST /predict - Status: 200 - Czas: 104.46ms
[2025-12-20 13:26:49] [INFO] REQ: POST /predict - Status: 200 - Czas: 102.87ms
[2025-12-20 13:26:49] [INFO] REQ: POST /predict - Status: 200 - Czas: 102.97ms
[2025-12-20 13:26:49] [INFO] REQ: POST /predict - Status: 200 - Czas: 103.08ms
[2025-12-20 13:26:49] [INFO] REQ: POST /predict - Status: 200 - Czas: 103.20ms
[2025-12-20 13:26:49] [INFO] REQ: POST /predict - Status: 200 - Czas: 116.40ms
[2025-12-20 13:26:49] [INFO] REQ: POST /predict - Status: 200 - Czas: 116.58ms
[2025-12-20 13:26:49] [INFO] REQ: POST /predict - Status: 200 - Czas: 116.74ms
[2025-12-20 13:26:49] [INFO] REQ: POST /predict - Status: 200 - Czas: 116.90ms
[2025-12-20 13:26:49] [INFO] REQ: POST /predict - Status: 200 - Czas: 117.04ms
[2025-12-20 13:26:49] [INFO] REQ: POST /predict - Status: 200 - Czas: 117.20ms
[2025-12-20 13:26:49] [INFO] REQ: POST /predict - Status: 200 - Czas: 117.36ms
[2025-12-20 13:26:49] [INFO] REQ: POST /predict - Status: 200 - Czas: 117.52ms
[2025-12-20 13:26:49] [INFO] REQ: POST /predict - Status: 200 - Czas: 117.70ms
[2025-12-20 13:26:49] [INFO] REQ: POST /predict - Status: 200 - Czas: 117.83ms
[2025-12-20 13:26:49] [INFO] REQ: POST /predict - Status: 200 - Czas: 117.89ms
[2025-12-20 13:26:49] [INFO] REQ: POST /predict - Status: 200 - Czas: 117.98ms
[2025-12-20 13:26:49] [INFO] REQ: POST /predict - Status: 200 - Czas: 118.08ms
[2025-12-20 13:26:49] [INFO] REQ: POST /predict - Status: 200 - Czas: 118.20ms
[2025-12-20 13:26:49] [INFO] REQ: POST /predict - Status: 200 - Czas: 118.29ms
[2025-12-20 13:26:49] [INFO] REQ: POST /predict - Status: 200 - Czas: 118.43ms
[2025-12-20 13:26:49] [INFO] REQ: POST /predict - Status: 200 - Czas: 118.56ms
[2025-12-20 13:26:49] [INFO] REQ: POST /predict - Status: 200 - Czas: 118.72ms
[2025-12-20 13:26:49] [INFO] REQ: POST /predict - Status: 200 - Czas: 118.90ms
[2025-12-20 13:26:49] [INFO] REQ: POST /predict - Status: 200 - Czas: 119.00ms
[2025-12-20 13:26:49] [INFO] REQ: POST /predict - Status: 200 - Czas: 119.01ms
[2025-12-20 13:26:49] [INFO] REQ: POST /predict - Status: 200 - Czas: 119.14ms
[2025-12-20 13:26:49] [INFO] REQ: POST /predict - Status: 200 - Czas: 119.25ms
[2025-12-20 13:26:49] [INFO] REQ: POST /predict - Status: 200 - Czas: 124.42ms
[2025-12-20 13:26:49] [INFO] REQ: POST /predict - Status: 200 - Czas: 124.60ms
[2025-12-20 13:26:49] [INFO] REQ: POST /predict - Status: 200 - Czas: 124.80ms
[2025-12-20 13:26:49] [INFO] REQ: POST /predict - Status: 200 - Czas: 125.00ms
[2025-12-20 13:26:49] [INFO] REQ: POST /predict - Status: 200 - Czas: 125.14ms
[2025-12-20 13:26:49] [INFO] REQ: POST /predict - Status: 200 - Czas: 125.26ms
[2025-12-20 13:26:49] [INFO] REQ: POST /predict - Status: 200 - Czas: 125.44ms
[2025-12-20 13:26:49] [INFO] REQ: POST /predict - Status: 200 - Czas: 125.61ms
[2025-12-20 13:26:49] [INFO] REQ: POST /predict - Status: 200 - Czas: 125.76ms
[2025-12-20 13:26:49] [INFO] REQ: POST /predict - Status: 200 - Czas: 125.86ms
[2025-12-20 13:26:49] [INFO] REQ: POST /predict - Status: 200 - Czas: 126.02ms
[2025-12-20 13:26:49] [INFO] REQ: POST /predict - Status: 200 - Czas: 126.18ms
[2025-12-20 13:26:49] [INFO] REQ: POST /predict - Status: 200 - Czas: 126.34ms
[2025-12-20 13:26:49] [INFO] REQ: POST /predict - Status: 200 - Czas: 126.51ms
[2025-12-20 13:26:49] [INFO] REQ: POST /predict - Status: 200 - Czas: 126.67ms
[2025-12-20 13:26:49] [INFO] REQ: POST /predict - Status: 200 - Czas: 126.83ms
[2025-12-20 13:26:49] [INFO] REQ: POST /predict - Status: 200 - Czas: 126.98ms
[2025-12-20 13:26:49] [INFO] REQ: POST /predict - Status: 200 - Czas: 127.14ms
[2025-12-20 13:26:49] [INFO] REQ: POST /predict - Status: 200 - Czas: 127.27ms
[2025-12-20 13:26:49] [INFO] REQ: POST /predict - Status: 200 - Czas: 127.36ms
[2025-12-20 13:26:49] [INFO] REQ: POST /predict - Status: 200 - Czas: 127.50ms
[2025-12-20 13:26:49] [INFO] REQ: POST /predict - Status: 200 - Czas: 127.62ms
[2025-12-20 13:26:49] [INFO] REQ: POST /predict - Status: 200 - Czas: 127.76ms
[2025-12-20 13:26:49] [INFO] REQ: POST /predict - Status: 200 - Czas: 127.90ms
[2025-12-20 13:26:49] [INFO] REQ: POST /predict - Status: 200 - Czas: 128.03ms
[2025-12-20 13:26:49] [INFO] REQ: POST /predict - Status: 200 - Czas: 128.19ms
[2025-12-20 13:26:49] [INFO] REQ: POST /predict - Status: 200 - Czas: 128.32ms
[2025-12-20 13:26:49] [INFO] REQ: POST /predict - Status: 200 - Czas: 128.43ms
[2025-12-20 13:26:49] [INFO] REQ: POST /predict - Status: 200 - Czas: 128.56ms
[2025-12-20 13:26:49] [INFO] REQ: POST /predict - Status: 200 - Czas: 127.72ms
[2025-12-20 13:26:49] [INFO] REQ: POST /predict - Status: 200 - Czas: 127.83ms
[2025-12-20 13:26:49] [INFO] REQ: POST /predict - Status: 200 - Czas: 127.94ms
[2025-12-20 13:26:49] [INFO] REQ: POST /predict - Status: 200 - Czas: 74.27ms
[2025-12-20 13:26:49] [INFO] REQ: POST /predict - Status: 200 - Czas: 74.43ms
[2025-12-20 13:26:49] [INFO] REQ: POST /predict - Status: 200 - Czas: 74.58ms
[2025-12-20 13:26:49] [INFO] REQ: POST /predict - Status: 200 - Czas: 74.73ms
[2025-12-20 13:26:49] [INFO] REQ: POST /predict - Status: 200 - Czas: 74.89ms
[2025-12-20 13:26:49] [INFO] REQ: POST /predict - Status: 200 - Czas: 75.08ms
[2025-12-20 13:26:49] [INFO] REQ: POST /predict - Status: 200 - Czas: 75.24ms
[2025-12-20 13:26:49] [INFO] REQ: POST /predict - Status: 200 - Czas: 75.41ms
[2025-12-20 13:26:49] [INFO] REQ: POST /predict - Status: 200 - Czas: 75.58ms
[2025-12-20 13:26:49] [INFO] REQ: POST /predict - Status: 200 - Czas: 75.69ms
[2025-12-20 13:26:49] [INFO] REQ: POST /predict - Status: 200 - Czas: 75.81ms
[2025-12-20 13:26:49] [INFO] REQ: POST /predict - Status: 200 - Czas: 75.94ms
[2025-12-20 13:26:49] [INFO] REQ: POST /predict - Status: 200 - Czas: 76.09ms
[2025-12-20 13:26:49] [INFO] REQ: POST /predict - Status: 200 - Czas: 76.24ms
[2025-12-20 13:26:49] [INFO] REQ: POST /predict - Status: 200 - Czas: 79.28ms
[2025-12-20 13:26:49] [INFO] REQ: POST /predict - Status: 200 - Czas: 79.49ms
[2025-12-20 13:26:49] [INFO] REQ: POST /predict - Status: 200 - Czas: 79.67ms
[2025-12-20 13:26:49] [INFO] REQ: POST /predict - Status: 200 - Czas: 72.26ms
[2025-12-20 13:26:49] [INFO] REQ: POST /predict - Status: 200 - Czas: 72.26ms
[2025-12-20 13:26:49] [INFO] REQ: POST /predict - Status: 200 - Czas: 72.42ms
[2025-12-20 13:26:49] [INFO] REQ: POST /predict - Status: 200 - Czas: 64.71ms
[2025-12-20 13:26:49] [INFO] REQ: POST /predict - Status: 200 - Czas: 47.21ms
[2025-12-20 13:26:49] [INFO] REQ: POST /predict - Status: 200 - Czas: 47.34ms
[2025-12-20 13:26:49] [INFO] REQ: POST /predict - Status: 200 - Czas: 47.47ms
[2025-12-20 13:26:49] [INFO] REQ: POST /predict - Status: 200 - Czas: 47.61ms
[2025-12-20 13:26:49] [INFO] REQ: POST /predict - Status: 200 - Czas: 47.75ms
[2025-12-20 13:26:49] [INFO] REQ: POST /predict - Status: 200 - Czas: 47.88ms
[2025-12-20 13:26:49] [INFO] REQ: POST /predict - Status: 200 - Czas: 48.03ms
[2025-12-20 13:26:49] [INFO] REQ: POST /predict - Status: 200 - Czas: 48.19ms
[2025-12-20 13:26:49] [INFO] REQ: POST /predict - Status: 200 - Czas: 48.35ms
[2025-12-20 13:26:49] [INFO] REQ: POST /predict - Status: 200 - Czas: 48.46ms
[2025-12-20 13:26:49] [INFO] REQ: POST /predict - Status: 200 - Czas: 48.23ms
[2025-12-20 13:26:49] [INFO] REQ: POST /predict - Status: 200 - Czas: 48.36ms
[2025-12-20 13:26:49] [INFO] REQ: POST /predict - Status: 200 - Czas: 48.50ms
[2025-12-20 13:26:49] [INFO] REQ: POST /predict - Status: 200 - Czas: 48.64ms
[2025-12-20 13:26:49] [INFO] REQ: POST /predict - Status: 200 - Czas: 48.74ms
[2025-12-20 13:26:49] [INFO] REQ: POST /predict - Status: 200 - Czas: 48.87ms
[2025-12-20 13:26:49] [INFO] REQ: POST /predict - Status: 200 - Czas: 49.01ms
[2025-12-20 13:26:49] [INFO] REQ: POST /predict - Status: 200 - Czas: 49.15ms
[2025-12-20 13:26:49] [INFO] REQ: POST /predict - Status: 200 - Czas: 49.26ms
[2025-12-20 13:26:49] [INFO] REQ: POST /predict - Status: 200 - Czas: 49.40ms
[2025-12-20 13:26:49] [INFO] REQ: POST /predict - Status: 200 - Czas: 49.51ms
[2025-12-20 13:26:49] [INFO] REQ: POST /predict - Status: 200 - Czas: 49.64ms
[2025-12-20 13:26:49] [INFO] REQ: POST /predict - Status: 200 - Czas: 49.76ms
[2025-12-20 13:26:49] [INFO] REQ: POST /predict - Status: 200 - Czas: 49.91ms
[2025-12-20 13:26:49] [INFO] REQ: POST /predict - Status: 200 - Czas: 61.92ms
[2025-12-20 13:26:49] [INFO] REQ: POST /predict - Status: 200 - Czas: 62.08ms
[2025-12-20 13:26:49] [INFO] REQ: POST /predict - Status: 200 - Czas: 62.29ms
[2025-12-20 13:26:49] [INFO] REQ: POST /predict - Status: 200 - Czas: 62.48ms
[2025-12-20 13:26:49] [INFO] REQ: POST /predict - Status: 200 - Czas: 62.64ms
[2025-12-20 13:26:49] [INFO] REQ: POST /predict - Status: 200 - Czas: 62.76ms
[2025-12-20 13:26:49] [INFO] REQ: POST /predict - Status: 200 - Czas: 62.87ms
[2025-12-20 13:26:49] [INFO] REQ: POST /predict - Status: 200 - Czas: 63.06ms
[2025-12-20 13:26:49] [INFO] REQ: POST /predict - Status: 200 - Czas: 63.24ms
[2025-12-20 13:26:49] [INFO] REQ: POST /predict - Status: 200 - Czas: 63.41ms
[2025-12-20 13:26:49] [INFO] REQ: POST /predict - Status: 200 - Czas: 63.52ms
[2025-12-20 13:26:49] [INFO] REQ: POST /predict - Status: 200 - Czas: 63.67ms
[2025-12-20 13:26:49] [INFO] REQ: POST /predict - Status: 200 - Czas: 63.81ms
[2025-12-20 13:26:49] [INFO] REQ: POST /predict - Status: 200 - Czas: 63.92ms
[2025-12-20 13:26:49] [INFO] REQ: POST /predict - Status: 200 - Czas: 64.08ms
[2025-12-20 13:26:49] [INFO] REQ: POST /predict - Status: 200 - Czas: 64.23ms
[2025-12-20 13:26:49] [INFO] REQ: POST /predict - Status: 200 - Czas: 64.36ms
[2025-12-20 13:26:49] [INFO] REQ: POST /predict - Status: 200 - Czas: 64.53ms
[2025-12-20 13:26:49] [INFO] REQ: POST /predict - Status: 200 - Czas: 64.64ms
[2025-12-20 13:26:49] [INFO] REQ: POST /predict - Status: 200 - Czas: 64.75ms
[2025-12-20 13:26:49] [INFO] REQ: POST /predict - Status: 200 - Czas: 64.81ms
[2025-12-20 13:26:49] [INFO] REQ: POST /predict - Status: 200 - Czas: 64.91ms
[2025-12-20 13:26:49] [INFO] REQ: POST /predict - Status: 200 - Czas: 65.03ms
[2025-12-20 13:26:49] [INFO] REQ: POST /predict - Status: 200 - Czas: 70.91ms
[2025-12-20 13:26:49] [INFO] REQ: POST /predict - Status: 200 - Czas: 71.12ms
[2025-12-20 13:26:49] [INFO] REQ: POST /predict - Status: 200 - Czas: 71.29ms
[2025-12-20 13:26:49] [INFO] REQ: POST /predict - Status: 200 - Czas: 71.46ms
[2025-12-20 13:26:49] [INFO] REQ: POST /predict - Status: 200 - Czas: 71.62ms
[2025-12-20 13:26:49] [INFO] REQ: POST /predict - Status: 200 - Czas: 71.81ms
[2025-12-20 13:26:49] [INFO] REQ: POST /predict - Status: 200 - Czas: 71.97ms
[2025-12-20 13:26:49] [INFO] REQ: POST /predict - Status: 200 - Czas: 72.16ms
[2025-12-20 13:26:49] [INFO] REQ: POST /predict - Status: 200 - Czas: 72.32ms
[2025-12-20 13:26:49] [INFO] REQ: POST /predict - Status: 200 - Czas: 72.44ms
[2025-12-20 13:26:49] [INFO] REQ: POST /predict - Status: 200 - Czas: 72.55ms
[2025-12-20 13:26:49] [INFO] REQ: POST /predict - Status: 200 - Czas: 72.69ms
[2025-12-20 13:26:49] [INFO] REQ: POST /predict - Status: 200 - Czas: 72.87ms
[2025-12-20 13:26:49] [INFO] REQ: POST /predict - Status: 200 - Czas: 73.02ms
[2025-12-20 13:26:49] [INFO] REQ: POST /predict - Status: 200 - Czas: 73.19ms
[2025-12-20 13:26:49] [INFO] REQ: POST /predict - Status: 200 - Czas: 73.37ms
[2025-12-20 13:26:49] [INFO] REQ: POST /predict - Status: 200 - Czas: 73.50ms
[2025-12-20 13:26:49] [INFO] REQ: POST /predict - Status: 200 - Czas: 73.65ms
[2025-12-20 13:26:49] [INFO] REQ: POST /predict - Status: 200 - Czas: 73.80ms
[2025-12-20 13:26:49] [INFO] REQ: POST /predict - Status: 200 - Czas: 73.91ms
[2025-12-20 13:26:49] [INFO] REQ: POST /predict - Status: 200 - Czas: 74.04ms
[2025-12-20 13:26:49] [INFO] REQ: POST /predict - Status: 200 - Czas: 74.19ms
[2025-12-20 13:26:49] [INFO] REQ: POST /predict - Status: 200 - Czas: 74.31ms
[2025-12-20 13:26:49] [INFO] REQ: POST /predict - Status: 200 - Czas: 74.43ms
[2025-12-20 13:26:49] [INFO] REQ: POST /predict - Status: 200 - Czas: 74.55ms
[2025-12-20 13:26:49] [INFO] REQ: POST /predict - Status: 200 - Czas: 74.66ms
[2025-12-20 13:26:49] [INFO] REQ: POST /predict - Status: 200 - Czas: 74.81ms
[2025-12-20 13:26:49] [INFO] REQ: POST /predict - Status: 200 - Czas: 74.94ms
[2025-12-20 13:26:49] [INFO] REQ: POST /predict - Status: 200 - Czas: 75.08ms
[2025-12-20 13:26:49] [INFO] REQ: POST /predict - Status: 200 - Czas: 75.21ms
[2025-12-20 13:26:49] [INFO] REQ: POST /predict - Status: 200 - Czas: 75.34ms
[2025-12-20 13:26:49] [INFO] REQ: POST /predict - Status: 200 - Czas: 75.47ms
[2025-12-20 13:26:49] [INFO] REQ: POST /predict - Status: 200 - Czas: 75.26ms
[2025-12-20 13:26:49] [INFO] REQ: POST /predict - Status: 200 - Czas: 75.43ms
[2025-12-20 13:26:49] [INFO] REQ: POST /predict - Status: 200 - Czas: 75.58ms
[2025-12-20 13:26:49] [INFO] REQ: POST /predict - Status: 200 - Czas: 75.72ms
[2025-12-20 13:26:49] [INFO] REQ: POST /predict - Status: 200 - Czas: 75.88ms
[2025-12-20 13:26:49] [INFO] REQ: POST /predict - Status: 200 - Czas: 76.03ms
[2025-12-20 13:26:49] [INFO] REQ: POST /predict - Status: 200 - Czas: 76.18ms
[2025-12-20 13:26:49] [INFO] REQ: POST /predict - Status: 200 - Czas: 76.29ms
[2025-12-20 13:26:49] [INFO] REQ: POST /predict - Status: 200 - Czas: 76.44ms
[2025-12-20 13:26:49] [INFO] REQ: POST /predict - Status: 200 - Czas: 76.57ms
[2025-12-20 13:26:49] [INFO] REQ: POST /predict - Status: 200 - Czas: 76.71ms
[2025-12-20 13:26:49] [INFO] REQ: POST /predict - Status: 200 - Czas: 76.85ms
[2025-12-20 13:26:49] [INFO] REQ: POST /predict - Status: 200 - Czas: 76.99ms
[2025-12-20 13:26:49] [INFO] REQ: POST /predict - Status: 200 - Czas: 77.13ms
[2025-12-20 13:26:49] [INFO] REQ: POST /predict - Status: 200 - Czas: 80.44ms
[2025-12-20 13:26:49] [INFO] REQ: POST /predict - Status: 200 - Czas: 80.64ms
[2025-12-20 13:26:49] [INFO] REQ: POST /predict - Status: 200 - Czas: 80.80ms
[2025-12-20 13:26:49] [INFO] REQ: POST /predict - Status: 200 - Czas: 73.32ms
[2025-12-20 13:26:49] [INFO] REQ: POST /predict - Status: 200 - Czas: 73.51ms
[2025-12-20 13:26:49] [INFO] REQ: POST /predict - Status: 200 - Czas: 73.48ms
[2025-12-20 13:26:49] [INFO] REQ: POST /predict - Status: 200 - Czas: 66.03ms
[2025-12-20 13:26:49] [INFO] REQ: POST /predict - Status: 200 - Czas: 46.91ms
[2025-12-20 13:26:49] [INFO] REQ: POST /predict - Status: 200 - Czas: 47.03ms
[2025-12-20 13:26:49] [INFO] REQ: POST /predict - Status: 200 - Czas: 47.17ms
[2025-12-20 13:26:49] [INFO] REQ: POST /predict - Status: 200 - Czas: 47.34ms
[2025-12-20 13:26:49] [INFO] REQ: POST /predict - Status: 200 - Czas: 47.47ms
[2025-12-20 13:26:49] [INFO] REQ: POST /predict - Status: 200 - Czas: 47.63ms
[2025-12-20 13:26:49] [INFO] REQ: POST /predict - Status: 200 - Czas: 47.76ms
[2025-12-20 13:26:49] [INFO] REQ: POST /predict - Status: 200 - Czas: 47.90ms
[2025-12-20 13:26:49] [INFO] REQ: POST /predict - Status: 200 - Czas: 48.04ms
[2025-12-20 13:26:49] [INFO] REQ: POST /predict - Status: 200 - Czas: 48.17ms
[2025-12-20 13:26:49] [INFO] REQ: POST /predict - Status: 200 - Czas: 47.93ms
[2025-12-20 13:26:49] [INFO] REQ: POST /predict - Status: 200 - Czas: 48.06ms
[2025-12-20 13:26:49] [INFO] REQ: POST /predict - Status: 200 - Czas: 48.20ms
[2025-12-20 13:26:49] [INFO] REQ: POST /predict - Status: 200 - Czas: 48.33ms
[2025-12-20 13:26:49] [INFO] REQ: POST /predict - Status: 200 - Czas: 48.44ms
[2025-12-20 13:26:49] [INFO] REQ: POST /predict - Status: 200 - Czas: 48.56ms
[2025-12-20 13:26:49] [INFO] REQ: POST /predict - Status: 200 - Czas: 48.69ms
[2025-12-20 13:26:49] [INFO] REQ: POST /predict - Status: 200 - Czas: 48.80ms
[2025-12-20 13:26:49] [INFO] REQ: POST /predict - Status: 200 - Czas: 48.95ms
[2025-12-20 13:26:49] [INFO] REQ: POST /predict - Status: 200 - Czas: 49.11ms
[2025-12-20 13:26:49] [INFO] REQ: POST /predict - Status: 200 - Czas: 49.16ms
[2025-12-20 13:26:49] [INFO] REQ: POST /predict - Status: 200 - Czas: 49.30ms
[2025-12-20 13:26:49] [INFO] REQ: POST /predict - Status: 200 - Czas: 49.43ms
[2025-12-20 13:26:49] [INFO] REQ: POST /predict - Status: 200 - Czas: 49.56ms
[2025-12-20 13:26:49] [INFO] REQ: POST /predict - Status: 200 - Czas: 61.15ms
[2025-12-20 13:26:49] [INFO] REQ: POST /predict - Status: 200 - Czas: 61.33ms
[2025-12-20 13:26:49] [INFO] REQ: POST /predict - Status: 200 - Czas: 61.53ms
[2025-12-20 13:26:49] [INFO] REQ: POST /predict - Status: 200 - Czas: 61.72ms
[2025-12-20 13:26:49] [INFO] REQ: POST /predict - Status: 200 - Czas: 61.80ms
[2025-12-20 13:26:49] [INFO] REQ: POST /predict - Status: 200 - Czas: 61.91ms
[2025-12-20 13:26:49] [INFO] REQ: POST /predict - Status: 200 - Czas: 62.04ms
[2025-12-20 13:26:49] [INFO] REQ: POST /predict - Status: 200 - Czas: 62.16ms
[2025-12-20 13:26:49] [INFO] REQ: POST /predict - Status: 200 - Czas: 62.29ms
[2025-12-20 13:26:49] [ERROR] Exception in ASGI application
Traceback (most recent call last):
  File "/usr/local/lib/python3.12/site-packages/starlette/_exception_handler.py", line 42, in wrapped_app
    await app(scope, receive, sender)
  File "/usr/local/lib/python3.12/site-packages/fastapi/routing.py", line 106, in app
    response = await f(request)
               ^^^^^^^^^^^^^^^^
  File "/usr/local/lib/python3.12/site-packages/fastapi/routing.py", line 472, in app
    raise validation_error
fastapi.exceptions.RequestValidationError: 1 validation error:
  {'type': 'string_type', 'loc': ('body', 'text'), 'msg': 'Input should be a valid string', 'input': nan}

  File "/project/app/server_fastapi.py", line 60, in predict_endpoint
    POST /predict

The above exception was the direct cause of the following exception:

Traceback (most recent call last):
  File "/usr/local/lib/python3.12/site-packages/uvicorn/protocols/http/httptools_impl.py", line 409, in run_asgi
    result = await app(  # type: ignore[func-returns-value]
             ^^^^^^^^^^^^^^^^^^^^^^^^^^^^^^^^^^^^^^^^^^^^^^
  File "/usr/local/lib/python3.12/site-packages/uvicorn/middleware/proxy_headers.py", line 60, in __call__
    return await self.app(scope, receive, send)
           ^^^^^^^^^^^^^^^^^^^^^^^^^^^^^^^^^^^^
  File "/usr/local/lib/python3.12/site-packages/fastapi/applications.py", line 1139, in __call__
    await super().__call__(scope, receive, send)
  File "/usr/local/lib/python3.12/site-packages/starlette/applications.py", line 107, in __call__
    await self.middleware_stack(scope, receive, send)
  File "/usr/local/lib/python3.12/site-packages/starlette/middleware/errors.py", line 186, in __call__
    raise exc
  File "/usr/local/lib/python3.12/site-packages/starlette/middleware/errors.py", line 164, in __call__
    await self.app(scope, receive, _send)
  File "/usr/local/lib/python3.12/site-packages/starlette/middleware/base.py", line 191, in __call__
    with recv_stream, send_stream, collapse_excgroups():
                                   ^^^^^^^^^^^^^^^^^^^^
  File "/usr/local/lib/python3.12/contextlib.py", line 158, in __exit__
    self.gen.throw(value)
  File "/usr/local/lib/python3.12/site-packages/starlette/_utils.py", line 85, in collapse_excgroups
    raise exc
  File "/usr/local/lib/python3.12/site-packages/starlette/middleware/base.py", line 193, in __call__
    response = await self.dispatch_func(request, call_next)
               ^^^^^^^^^^^^^^^^^^^^^^^^^^^^^^^^^^^^^^^^^^^^
  File "/project/app/server_fastapi.py", line 41, in log_requests
    response: Response = await call_next(request)
                         ^^^^^^^^^^^^^^^^^^^^^^^^
  File "/usr/local/lib/python3.12/site-packages/starlette/middleware/base.py", line 168, in call_next
    raise app_exc from app_exc.__cause__ or app_exc.__context__
  File "/usr/local/lib/python3.12/site-packages/starlette/middleware/base.py", line 144, in coro
    await self.app(scope, receive_or_disconnect, send_no_error)
  File "/usr/local/lib/python3.12/site-packages/starlette/middleware/exceptions.py", line 63, in __call__
    await wrap_app_handling_exceptions(self.app, conn)(scope, receive, send)
  File "/usr/local/lib/python3.12/site-packages/starlette/_exception_handler.py", line 53, in wrapped_app
    raise exc
  File "/usr/local/lib/python3.12/site-packages/starlette/_exception_handler.py", line 42, in wrapped_app
    await app(scope, receive, sender)
  File "/usr/local/lib/python3.12/site-packages/fastapi/middleware/asyncexitstack.py", line 18, in __call__
    await self.app(scope, receive, send)
  File "/usr/local/lib/python3.12/site-packages/starlette/routing.py", line 716, in __call__
    await self.middleware_stack(scope, receive, send)
  File "/usr/local/lib/python3.12/site-packages/starlette/routing.py", line 736, in app
    await route.handle(scope, receive, send)
  File "/usr/local/lib/python3.12/site-packages/starlette/routing.py", line 290, in handle
    await self.app(scope, receive, send)
  File "/usr/local/lib/python3.12/site-packages/fastapi/routing.py", line 120, in app
    await wrap_app_handling_exceptions(app, request)(scope, receive, send)
  File "/usr/local/lib/python3.12/site-packages/starlette/_exception_handler.py", line 59, in wrapped_app
    response = await handler(conn, exc)
               ^^^^^^^^^^^^^^^^^^^^^^^^
  File "/usr/local/lib/python3.12/site-packages/fastapi/exception_handlers.py", line 23, in request_validation_exception_handler
    return JSONResponse(
           ^^^^^^^^^^^^^
  File "/usr/local/lib/python3.12/site-packages/starlette/responses.py", line 189, in __init__
    super().__init__(content, status_code, headers, media_type, background)
  File "/usr/local/lib/python3.12/site-packages/starlette/responses.py", line 46, in __init__
    self.body = self.render(content)
                ^^^^^^^^^^^^^^^^^^^^
  File "/usr/local/lib/python3.12/site-packages/starlette/responses.py", line 192, in render
    return json.dumps(
           ^^^^^^^^^^^
  File "/usr/local/lib/python3.12/json/__init__.py", line 238, in dumps
    **kw).encode(obj)
          ^^^^^^^^^^^
  File "/usr/local/lib/python3.12/json/encoder.py", line 200, in encode
    chunks = self.iterencode(o, _one_shot=True)
             ^^^^^^^^^^^^^^^^^^^^^^^^^^^^^^^^^^
  File "/usr/local/lib/python3.12/json/encoder.py", line 258, in iterencode
    return _iterencode(o, 0)
           ^^^^^^^^^^^^^^^^^
ValueError: Out of range float values are not JSON compliant: nan
[2025-12-20 13:26:49] [INFO] REQ: POST /predict - Status: 200 - Czas: 63.76ms
[2025-12-20 13:26:49] [INFO] REQ: POST /predict - Status: 200 - Czas: 63.85ms
[2025-12-20 13:26:49] [INFO] REQ: POST /predict - Status: 200 - Czas: 63.99ms
[2025-12-20 13:26:49] [INFO] REQ: POST /predict - Status: 200 - Czas: 64.11ms
[2025-12-20 13:26:49] [INFO] REQ: POST /predict - Status: 200 - Czas: 64.21ms
[2025-12-20 13:26:49] [INFO] REQ: POST /predict - Status: 200 - Czas: 64.32ms
[2025-12-20 13:26:49] [INFO] REQ: POST /predict - Status: 200 - Czas: 64.47ms
[2025-12-20 13:26:49] [INFO] REQ: POST /predict - Status: 200 - Czas: 64.59ms
[2025-12-20 13:26:49] [INFO] REQ: POST /predict - Status: 200 - Czas: 64.71ms
[2025-12-20 13:26:49] [INFO] REQ: POST /predict - Status: 200 - Czas: 64.87ms
[2025-12-20 13:26:49] [INFO] REQ: POST /predict - Status: 200 - Czas: 64.94ms
[2025-12-20 13:26:49] [INFO] REQ: POST /predict - Status: 200 - Czas: 65.05ms
[2025-12-20 13:26:49] [INFO] REQ: POST /predict - Status: 200 - Czas: 65.18ms
[2025-12-20 13:26:49] [INFO] REQ: POST /predict - Status: 200 - Czas: 70.88ms
[2025-12-20 13:26:49] [INFO] REQ: POST /predict - Status: 200 - Czas: 71.08ms
[2025-12-20 13:26:49] [INFO] REQ: POST /predict - Status: 200 - Czas: 71.27ms
[2025-12-20 13:26:49] [INFO] REQ: POST /predict - Status: 200 - Czas: 71.46ms
[2025-12-20 13:26:49] [INFO] REQ: POST /predict - Status: 200 - Czas: 71.64ms
[2025-12-20 13:26:49] [INFO] REQ: POST /predict - Status: 200 - Czas: 71.82ms
[2025-12-20 13:26:49] [INFO] REQ: POST /predict - Status: 200 - Czas: 72.01ms
[2025-12-20 13:26:49] [INFO] REQ: POST /predict - Status: 200 - Czas: 72.25ms
[2025-12-20 13:26:49] [INFO] REQ: POST /predict - Status: 200 - Czas: 72.43ms
[2025-12-20 13:26:49] [INFO] REQ: POST /predict - Status: 200 - Czas: 72.55ms
[2025-12-20 13:26:49] [INFO] REQ: POST /predict - Status: 200 - Czas: 72.69ms
[2025-12-20 13:26:49] [INFO] REQ: POST /predict - Status: 200 - Czas: 72.85ms
[2025-12-20 13:26:49] [INFO] REQ: POST /predict - Status: 200 - Czas: 73.03ms
[2025-12-20 13:26:49] [INFO] REQ: POST /predict - Status: 200 - Czas: 73.17ms
[2025-12-20 13:26:49] [ERROR] Exception in ASGI application
Traceback (most recent call last):
  File "/usr/local/lib/python3.12/site-packages/starlette/_exception_handler.py", line 42, in wrapped_app
    await app(scope, receive, sender)
  File "/usr/local/lib/python3.12/site-packages/fastapi/routing.py", line 106, in app
    response = await f(request)
               ^^^^^^^^^^^^^^^^
  File "/usr/local/lib/python3.12/site-packages/fastapi/routing.py", line 472, in app
    raise validation_error
fastapi.exceptions.RequestValidationError: 1 validation error:
  {'type': 'string_type', 'loc': ('body', 'text'), 'msg': 'Input should be a valid string', 'input': nan}

  File "/project/app/server_fastapi.py", line 60, in predict_endpoint
    POST /predict

The above exception was the direct cause of the following exception:

Traceback (most recent call last):
  File "/usr/local/lib/python3.12/site-packages/uvicorn/protocols/http/httptools_impl.py", line 409, in run_asgi
    result = await app(  # type: ignore[func-returns-value]
             ^^^^^^^^^^^^^^^^^^^^^^^^^^^^^^^^^^^^^^^^^^^^^^
  File "/usr/local/lib/python3.12/site-packages/uvicorn/middleware/proxy_headers.py", line 60, in __call__
    return await self.app(scope, receive, send)
           ^^^^^^^^^^^^^^^^^^^^^^^^^^^^^^^^^^^^
  File "/usr/local/lib/python3.12/site-packages/fastapi/applications.py", line 1139, in __call__
    await super().__call__(scope, receive, send)
  File "/usr/local/lib/python3.12/site-packages/starlette/applications.py", line 107, in __call__
    await self.middleware_stack(scope, receive, send)
  File "/usr/local/lib/python3.12/site-packages/starlette/middleware/errors.py", line 186, in __call__
    raise exc
  File "/usr/local/lib/python3.12/site-packages/starlette/middleware/errors.py", line 164, in __call__
    await self.app(scope, receive, _send)
  File "/usr/local/lib/python3.12/site-packages/starlette/middleware/base.py", line 191, in __call__
    with recv_stream, send_stream, collapse_excgroups():
                                   ^^^^^^^^^^^^^^^^^^^^
  File "/usr/local/lib/python3.12/contextlib.py", line 158, in __exit__
    self.gen.throw(value)
  File "/usr/local/lib/python3.12/site-packages/starlette/_utils.py", line 85, in collapse_excgroups
    raise exc
  File "/usr/local/lib/python3.12/site-packages/starlette/middleware/base.py", line 193, in __call__
    response = await self.dispatch_func(request, call_next)
               ^^^^^^^^^^^^^^^^^^^^^^^^^^^^^^^^^^^^^^^^^^^^
  File "/project/app/server_fastapi.py", line 41, in log_requests
    response: Response = await call_next(request)
                         ^^^^^^^^^^^^^^^^^^^^^^^^
  File "/usr/local/lib/python3.12/site-packages/starlette/middleware/base.py", line 168, in call_next
    raise app_exc from app_exc.__cause__ or app_exc.__context__
  File "/usr/local/lib/python3.12/site-packages/starlette/middleware/base.py", line 144, in coro
    await self.app(scope, receive_or_disconnect, send_no_error)
  File "/usr/local/lib/python3.12/site-packages/starlette/middleware/exceptions.py", line 63, in __call__
    await wrap_app_handling_exceptions(self.app, conn)(scope, receive, send)
  File "/usr/local/lib/python3.12/site-packages/starlette/_exception_handler.py", line 53, in wrapped_app
    raise exc
  File "/usr/local/lib/python3.12/site-packages/starlette/_exception_handler.py", line 42, in wrapped_app
    await app(scope, receive, sender)
  File "/usr/local/lib/python3.12/site-packages/fastapi/middleware/asyncexitstack.py", line 18, in __call__
    await self.app(scope, receive, send)
  File "/usr/local/lib/python3.12/site-packages/starlette/routing.py", line 716, in __call__
    await self.middleware_stack(scope, receive, send)
  File "/usr/local/lib/python3.12/site-packages/starlette/routing.py", line 736, in app
    await route.handle(scope, receive, send)
  File "/usr/local/lib/python3.12/site-packages/starlette/routing.py", line 290, in handle
    await self.app(scope, receive, send)
  File "/usr/local/lib/python3.12/site-packages/fastapi/routing.py", line 120, in app
    await wrap_app_handling_exceptions(app, request)(scope, receive, send)
  File "/usr/local/lib/python3.12/site-packages/starlette/_exception_handler.py", line 59, in wrapped_app
    response = await handler(conn, exc)
               ^^^^^^^^^^^^^^^^^^^^^^^^
  File "/usr/local/lib/python3.12/site-packages/fastapi/exception_handlers.py", line 23, in request_validation_exception_handler
    return JSONResponse(
           ^^^^^^^^^^^^^
  File "/usr/local/lib/python3.12/site-packages/starlette/responses.py", line 189, in __init__
    super().__init__(content, status_code, headers, media_type, background)
  File "/usr/local/lib/python3.12/site-packages/starlette/responses.py", line 46, in __init__
    self.body = self.render(content)
                ^^^^^^^^^^^^^^^^^^^^
  File "/usr/local/lib/python3.12/site-packages/starlette/responses.py", line 192, in render
    return json.dumps(
           ^^^^^^^^^^^
  File "/usr/local/lib/python3.12/json/__init__.py", line 238, in dumps
    **kw).encode(obj)
          ^^^^^^^^^^^
  File "/usr/local/lib/python3.12/json/encoder.py", line 200, in encode
    chunks = self.iterencode(o, _one_shot=True)
             ^^^^^^^^^^^^^^^^^^^^^^^^^^^^^^^^^^
  File "/usr/local/lib/python3.12/json/encoder.py", line 258, in iterencode
    return _iterencode(o, 0)
           ^^^^^^^^^^^^^^^^^
ValueError: Out of range float values are not JSON compliant: nan
[2025-12-20 13:26:49] [INFO] REQ: POST /predict - Status: 200 - Czas: 74.62ms
[2025-12-20 13:26:49] [INFO] REQ: POST /predict - Status: 200 - Czas: 74.80ms
[2025-12-20 13:26:49] [INFO] REQ: POST /predict - Status: 200 - Czas: 74.96ms
[2025-12-20 13:26:49] [INFO] REQ: POST /predict - Status: 200 - Czas: 75.12ms
[2025-12-20 13:26:49] [INFO] REQ: POST /predict - Status: 200 - Czas: 75.22ms
[2025-12-20 13:26:49] [INFO] REQ: POST /predict - Status: 200 - Czas: 75.34ms
[2025-12-20 13:26:49] [INFO] REQ: POST /predict - Status: 200 - Czas: 75.47ms
[2025-12-20 13:26:49] [INFO] REQ: POST /predict - Status: 200 - Czas: 75.63ms
[2025-12-20 13:26:49] [INFO] REQ: POST /predict - Status: 200 - Czas: 75.75ms
[2025-12-20 13:26:49] [INFO] REQ: POST /predict - Status: 200 - Czas: 75.84ms
[2025-12-20 13:26:49] [INFO] REQ: POST /predict - Status: 200 - Czas: 75.95ms
[2025-12-20 13:26:49] [INFO] REQ: POST /predict - Status: 200 - Czas: 76.06ms
[2025-12-20 13:26:49] [INFO] REQ: POST /predict - Status: 200 - Czas: 76.19ms
[2025-12-20 13:26:49] [INFO] REQ: POST /predict - Status: 200 - Czas: 76.31ms
[2025-12-20 13:26:49] [INFO] REQ: POST /predict - Status: 200 - Czas: 76.38ms
[2025-12-20 13:26:49] [INFO] REQ: POST /predict - Status: 200 - Czas: 76.52ms
[2025-12-20 13:26:49] [INFO] REQ: POST /predict - Status: 200 - Czas: 76.62ms
[2025-12-20 13:26:49] [INFO] REQ: POST /predict - Status: 200 - Czas: 76.25ms
[2025-12-20 13:26:49] [INFO] REQ: POST /predict - Status: 200 - Czas: 76.41ms
[2025-12-20 13:26:49] [INFO] REQ: POST /predict - Status: 200 - Czas: 76.62ms
[2025-12-20 13:26:49] [INFO] REQ: POST /predict - Status: 200 - Czas: 76.75ms
[2025-12-20 13:26:49] [INFO] REQ: POST /predict - Status: 200 - Czas: 76.90ms
[2025-12-20 13:26:49] [INFO] REQ: POST /predict - Status: 200 - Czas: 77.07ms
[2025-12-20 13:26:49] [INFO] REQ: POST /predict - Status: 200 - Czas: 77.22ms
[2025-12-20 13:26:49] [INFO] REQ: POST /predict - Status: 200 - Czas: 77.31ms
[2025-12-20 13:26:49] [INFO] REQ: POST /predict - Status: 200 - Czas: 77.45ms
[2025-12-20 13:26:49] [INFO] REQ: POST /predict - Status: 200 - Czas: 77.60ms
[2025-12-20 13:26:49] [INFO] REQ: POST /predict - Status: 200 - Czas: 77.76ms
[2025-12-20 13:26:49] [INFO] REQ: POST /predict - Status: 200 - Czas: 77.91ms
[2025-12-20 13:26:49] [INFO] REQ: POST /predict - Status: 200 - Czas: 78.06ms
[2025-12-20 13:26:49] [INFO] REQ: POST /predict - Status: 200 - Czas: 78.23ms
[2025-12-20 13:26:49] [INFO] REQ: POST /predict - Status: 200 - Czas: 81.64ms
[2025-12-20 13:26:49] [INFO] REQ: POST /predict - Status: 200 - Czas: 81.78ms
[2025-12-20 13:26:49] [INFO] REQ: POST /predict - Status: 200 - Czas: 81.94ms
[2025-12-20 13:26:49] [INFO] REQ: POST /predict - Status: 200 - Czas: 75.33ms
[2025-12-20 13:26:49] [INFO] REQ: POST /predict - Status: 200 - Czas: 75.48ms
[2025-12-20 13:26:49] [INFO] REQ: POST /predict - Status: 200 - Czas: 75.42ms
[2025-12-20 13:26:49] [INFO] REQ: POST /predict - Status: 200 - Czas: 67.78ms
[2025-12-20 13:26:50] [INFO] REQ: POST /predict - Status: 200 - Czas: 47.77ms
[2025-12-20 13:26:50] [INFO] REQ: POST /predict - Status: 200 - Czas: 47.91ms
[2025-12-20 13:26:50] [INFO] REQ: POST /predict - Status: 200 - Czas: 48.05ms
[2025-12-20 13:26:50] [INFO] REQ: POST /predict - Status: 200 - Czas: 48.20ms
[2025-12-20 13:26:50] [INFO] REQ: POST /predict - Status: 200 - Czas: 48.34ms
[2025-12-20 13:26:50] [INFO] REQ: POST /predict - Status: 200 - Czas: 48.48ms
[2025-12-20 13:26:50] [INFO] REQ: POST /predict - Status: 200 - Czas: 48.63ms
[2025-12-20 13:26:50] [INFO] REQ: POST /predict - Status: 200 - Czas: 48.78ms
[2025-12-20 13:26:50] [INFO] REQ: POST /predict - Status: 200 - Czas: 48.92ms
[2025-12-20 13:26:50] [INFO] REQ: POST /predict - Status: 200 - Czas: 49.06ms
[2025-12-20 13:26:50] [INFO] REQ: POST /predict - Status: 200 - Czas: 48.65ms
[2025-12-20 13:26:50] [INFO] REQ: POST /predict - Status: 200 - Czas: 48.77ms
[2025-12-20 13:26:50] [INFO] REQ: POST /predict - Status: 200 - Czas: 48.89ms
[2025-12-20 13:26:50] [INFO] REQ: POST /predict - Status: 200 - Czas: 49.03ms
[2025-12-20 13:26:50] [INFO] REQ: POST /predict - Status: 200 - Czas: 49.20ms
[2025-12-20 13:26:50] [INFO] REQ: POST /predict - Status: 200 - Czas: 49.30ms
[2025-12-20 13:26:50] [INFO] REQ: POST /predict - Status: 200 - Czas: 49.43ms
[2025-12-20 13:26:50] [INFO] REQ: POST /predict - Status: 200 - Czas: 49.56ms
[2025-12-20 13:26:50] [INFO] REQ: POST /predict - Status: 200 - Czas: 49.68ms
[2025-12-20 13:26:50] [INFO] REQ: POST /predict - Status: 200 - Czas: 49.82ms
[2025-12-20 13:26:50] [INFO] REQ: POST /predict - Status: 200 - Czas: 49.91ms
[2025-12-20 13:26:50] [INFO] REQ: POST /predict - Status: 200 - Czas: 50.04ms
[2025-12-20 13:26:50] [INFO] REQ: POST /predict - Status: 200 - Czas: 50.17ms
[2025-12-20 13:26:50] [INFO] REQ: POST /predict - Status: 200 - Czas: 50.29ms
[2025-12-20 13:26:50] [INFO] REQ: POST /predict - Status: 200 - Czas: 63.22ms
[2025-12-20 13:26:50] [INFO] REQ: POST /predict - Status: 200 - Czas: 63.41ms
[2025-12-20 13:26:50] [INFO] REQ: POST /predict - Status: 200 - Czas: 63.57ms
[2025-12-20 13:26:50] [INFO] REQ: POST /predict - Status: 200 - Czas: 63.71ms
[2025-12-20 13:26:50] [INFO] REQ: POST /predict - Status: 200 - Czas: 63.87ms
[2025-12-20 13:26:50] [INFO] REQ: POST /predict - Status: 200 - Czas: 64.06ms
[2025-12-20 13:26:50] [INFO] REQ: POST /predict - Status: 200 - Czas: 64.21ms
[2025-12-20 13:26:50] [INFO] REQ: POST /predict - Status: 200 - Czas: 64.35ms
[2025-12-20 13:26:50] [INFO] REQ: POST /predict - Status: 200 - Czas: 64.52ms
[2025-12-20 13:26:50] [INFO] REQ: POST /predict - Status: 200 - Czas: 64.69ms
[2025-12-20 13:26:50] [INFO] REQ: POST /predict - Status: 200 - Czas: 64.84ms
[2025-12-20 13:26:50] [INFO] REQ: POST /predict - Status: 200 - Czas: 64.98ms
[2025-12-20 13:26:50] [INFO] REQ: POST /predict - Status: 200 - Czas: 65.12ms
[2025-12-20 13:26:50] [INFO] REQ: POST /predict - Status: 200 - Czas: 65.30ms
[2025-12-20 13:26:50] [INFO] REQ: POST /predict - Status: 200 - Czas: 65.44ms
[2025-12-20 13:26:50] [INFO] REQ: POST /predict - Status: 200 - Czas: 65.57ms
[2025-12-20 13:26:50] [INFO] REQ: POST /predict - Status: 200 - Czas: 65.72ms
[2025-12-20 13:26:50] [INFO] REQ: POST /predict - Status: 200 - Czas: 65.83ms
[2025-12-20 13:26:50] [INFO] REQ: POST /predict - Status: 200 - Czas: 65.97ms
[2025-12-20 13:26:50] [INFO] REQ: POST /predict - Status: 200 - Czas: 66.08ms
[2025-12-20 13:26:50] [INFO] REQ: POST /predict - Status: 200 - Czas: 65.02ms
[2025-12-20 13:26:50] [INFO] REQ: POST /predict - Status: 200 - Czas: 65.14ms
[2025-12-20 13:26:50] [INFO] REQ: POST /predict - Status: 200 - Czas: 71.48ms
[2025-12-20 13:26:50] [INFO] REQ: POST /predict - Status: 200 - Czas: 71.65ms
[2025-12-20 13:26:50] [INFO] REQ: POST /predict - Status: 200 - Czas: 71.80ms
[2025-12-20 13:26:50] [INFO] REQ: POST /predict - Status: 200 - Czas: 71.96ms
[2025-12-20 13:26:50] [INFO] REQ: POST /predict - Status: 200 - Czas: 72.17ms
[2025-12-20 13:26:50] [INFO] REQ: POST /predict - Status: 200 - Czas: 72.36ms
[2025-12-20 13:26:50] [INFO] REQ: POST /predict - Status: 200 - Czas: 72.53ms
[2025-12-20 13:26:50] [INFO] REQ: POST /predict - Status: 200 - Czas: 72.72ms
[2025-12-20 13:26:50] [INFO] REQ: POST /predict - Status: 200 - Czas: 72.90ms
[2025-12-20 13:26:50] [INFO] REQ: POST /predict - Status: 200 - Czas: 73.15ms
[2025-12-20 13:26:50] [INFO] REQ: POST /predict - Status: 200 - Czas: 73.28ms
[2025-12-20 13:26:50] [INFO] REQ: POST /predict - Status: 200 - Czas: 73.43ms
[2025-12-20 13:26:50] [INFO] REQ: POST /predict - Status: 200 - Czas: 73.59ms
[2025-12-20 13:26:50] [INFO] REQ: POST /predict - Status: 200 - Czas: 73.71ms
[2025-12-20 13:26:50] [INFO] REQ: POST /predict - Status: 200 - Czas: 73.83ms
[2025-12-20 13:26:50] [INFO] REQ: POST /predict - Status: 200 - Czas: 73.94ms
[2025-12-20 13:26:50] [INFO] REQ: POST /predict - Status: 200 - Czas: 74.14ms
[2025-12-20 13:26:50] [INFO] REQ: POST /predict - Status: 200 - Czas: 74.28ms
[2025-12-20 13:26:50] [INFO] REQ: POST /predict - Status: 200 - Czas: 74.40ms
[2025-12-20 13:26:50] [INFO] REQ: POST /predict - Status: 200 - Czas: 74.51ms
[2025-12-20 13:26:50] [INFO] REQ: POST /predict - Status: 200 - Czas: 74.64ms
[2025-12-20 13:26:50] [INFO] REQ: POST /predict - Status: 200 - Czas: 74.70ms
[2025-12-20 13:26:50] [INFO] REQ: POST /predict - Status: 200 - Czas: 74.91ms
[2025-12-20 13:26:50] [INFO] REQ: POST /predict - Status: 200 - Czas: 75.02ms
[2025-12-20 13:26:50] [INFO] REQ: POST /predict - Status: 200 - Czas: 75.13ms
[2025-12-20 13:26:50] [INFO] REQ: POST /predict - Status: 200 - Czas: 75.26ms
[2025-12-20 13:26:50] [INFO] REQ: POST /predict - Status: 200 - Czas: 75.38ms
[2025-12-20 13:26:50] [INFO] REQ: POST /predict - Status: 200 - Czas: 75.49ms
[2025-12-20 13:26:50] [INFO] REQ: POST /predict - Status: 200 - Czas: 75.61ms
[2025-12-20 13:26:50] [INFO] REQ: POST /predict - Status: 200 - Czas: 75.72ms
[2025-12-20 13:26:50] [INFO] REQ: POST /predict - Status: 200 - Czas: 75.85ms
[2025-12-20 13:26:50] [INFO] REQ: POST /predict - Status: 200 - Czas: 77.79ms
[2025-12-20 13:26:50] [INFO] REQ: POST /predict - Status: 200 - Czas: 77.96ms
[2025-12-20 13:26:50] [INFO] REQ: POST /predict - Status: 200 - Czas: 78.11ms
[2025-12-20 13:26:50] [INFO] REQ: POST /predict - Status: 200 - Czas: 78.25ms
[2025-12-20 13:26:50] [INFO] REQ: POST /predict - Status: 200 - Czas: 78.40ms
[2025-12-20 13:26:50] [INFO] REQ: POST /predict - Status: 200 - Czas: 78.55ms
[2025-12-20 13:26:50] [INFO] REQ: POST /predict - Status: 200 - Czas: 78.69ms
[2025-12-20 13:26:50] [INFO] REQ: POST /predict - Status: 200 - Czas: 78.84ms
[2025-12-20 13:26:50] [INFO] REQ: POST /predict - Status: 200 - Czas: 78.90ms
[2025-12-20 13:26:50] [INFO] REQ: POST /predict - Status: 200 - Czas: 79.04ms
[2025-12-20 13:26:50] [INFO] REQ: POST /predict - Status: 200 - Czas: 79.17ms
[2025-12-20 13:26:50] [INFO] REQ: POST /predict - Status: 200 - Czas: 79.32ms
[2025-12-20 13:26:50] [INFO] REQ: POST /predict - Status: 200 - Czas: 79.46ms
[2025-12-20 13:26:50] [INFO] REQ: POST /predict - Status: 200 - Czas: 79.60ms
[2025-12-20 13:26:50] [INFO] REQ: POST /predict - Status: 200 - Czas: 81.95ms
[2025-12-20 13:26:50] [INFO] REQ: POST /predict - Status: 200 - Czas: 82.12ms
[2025-12-20 13:26:50] [INFO] REQ: POST /predict - Status: 200 - Czas: 82.25ms
[2025-12-20 13:26:50] [INFO] REQ: POST /predict - Status: 200 - Czas: 82.47ms
[2025-12-20 13:26:50] [INFO] REQ: POST /predict - Status: 200 - Czas: 82.68ms
[2025-12-20 13:26:50] [INFO] REQ: POST /predict - Status: 200 - Czas: 73.18ms
[2025-12-20 13:26:50] [INFO] REQ: POST /predict - Status: 200 - Czas: 73.34ms
[2025-12-20 13:26:50] [INFO] REQ: POST /predict - Status: 200 - Czas: 73.48ms
[2025-12-20 13:26:50] [INFO] REQ: POST /predict - Status: 200 - Czas: 66.49ms
[2025-12-20 13:26:50] [INFO] REQ: POST /predict - Status: 200 - Czas: 46.30ms
[2025-12-20 13:26:50] [INFO] REQ: POST /predict - Status: 200 - Czas: 46.43ms
[2025-12-20 13:26:50] [INFO] REQ: POST /predict - Status: 200 - Czas: 46.56ms
[2025-12-20 13:26:50] [INFO] REQ: POST /predict - Status: 200 - Czas: 46.71ms
[2025-12-20 13:26:50] [INFO] REQ: POST /predict - Status: 200 - Czas: 46.85ms
[2025-12-20 13:26:50] [INFO] REQ: POST /predict - Status: 200 - Czas: 47.00ms
[2025-12-20 13:26:50] [INFO] REQ: POST /predict - Status: 200 - Czas: 47.13ms
[2025-12-20 13:26:50] [INFO] REQ: POST /predict - Status: 200 - Czas: 47.28ms
[2025-12-20 13:26:50] [INFO] REQ: POST /predict - Status: 200 - Czas: 47.45ms
[2025-12-20 13:26:50] [INFO] REQ: POST /predict - Status: 200 - Czas: 47.56ms
[2025-12-20 13:26:50] [INFO] REQ: POST /predict - Status: 200 - Czas: 47.27ms
[2025-12-20 13:26:50] [INFO] REQ: POST /predict - Status: 200 - Czas: 47.43ms
[2025-12-20 13:26:50] [INFO] REQ: POST /predict - Status: 200 - Czas: 47.56ms
[2025-12-20 13:26:50] [INFO] REQ: POST /predict - Status: 200 - Czas: 47.71ms
[2025-12-20 13:26:50] [INFO] REQ: POST /predict - Status: 200 - Czas: 47.86ms
[2025-12-20 13:26:50] [INFO] REQ: POST /predict - Status: 200 - Czas: 47.98ms
[2025-12-20 13:26:50] [INFO] REQ: POST /predict - Status: 200 - Czas: 48.13ms
[2025-12-20 13:26:50] [INFO] REQ: POST /predict - Status: 200 - Czas: 48.26ms
[2025-12-20 13:26:50] [INFO] REQ: POST /predict - Status: 200 - Czas: 48.38ms
[2025-12-20 13:26:50] [INFO] REQ: POST /predict - Status: 200 - Czas: 48.50ms
[2025-12-20 13:26:50] [INFO] REQ: POST /predict - Status: 200 - Czas: 48.56ms
[2025-12-20 13:26:50] [INFO] REQ: POST /predict - Status: 200 - Czas: 48.71ms
[2025-12-20 13:26:50] [INFO] REQ: POST /predict - Status: 200 - Czas: 48.84ms
[2025-12-20 13:26:50] [INFO] REQ: POST /predict - Status: 200 - Czas: 49.02ms
[2025-12-20 13:26:50] [INFO] REQ: POST /predict - Status: 200 - Czas: 62.63ms
[2025-12-20 13:26:50] [INFO] REQ: POST /predict - Status: 200 - Czas: 62.81ms
[2025-12-20 13:26:50] [INFO] REQ: POST /predict - Status: 200 - Czas: 62.96ms
[2025-12-20 13:26:50] [INFO] REQ: POST /predict - Status: 200 - Czas: 63.12ms
[2025-12-20 13:26:50] [INFO] REQ: POST /predict - Status: 200 - Czas: 63.29ms
[2025-12-20 13:26:50] [INFO] REQ: POST /predict - Status: 200 - Czas: 63.43ms
[2025-12-20 13:26:50] [INFO] REQ: POST /predict - Status: 200 - Czas: 63.57ms
[2025-12-20 13:26:50] [INFO] REQ: POST /predict - Status: 200 - Czas: 63.73ms
[2025-12-20 13:26:50] [INFO] REQ: POST /predict - Status: 200 - Czas: 63.88ms
[2025-12-20 13:26:50] [INFO] REQ: POST /predict - Status: 200 - Czas: 64.02ms
[2025-12-20 13:26:50] [INFO] REQ: POST /predict - Status: 200 - Czas: 64.14ms
[2025-12-20 13:26:50] [INFO] REQ: POST /predict - Status: 200 - Czas: 64.27ms
[2025-12-20 13:26:50] [INFO] REQ: POST /predict - Status: 200 - Czas: 64.43ms
[2025-12-20 13:26:50] [INFO] REQ: POST /predict - Status: 200 - Czas: 64.57ms
[2025-12-20 13:26:50] [INFO] REQ: POST /predict - Status: 200 - Czas: 64.74ms
[2025-12-20 13:26:50] [INFO] REQ: POST /predict - Status: 200 - Czas: 64.86ms
[2025-12-20 13:26:50] [ERROR] Exception in ASGI application
Traceback (most recent call last):
  File "/usr/local/lib/python3.12/site-packages/starlette/_exception_handler.py", line 42, in wrapped_app
    await app(scope, receive, sender)
  File "/usr/local/lib/python3.12/site-packages/fastapi/routing.py", line 106, in app
    response = await f(request)
               ^^^^^^^^^^^^^^^^
  File "/usr/local/lib/python3.12/site-packages/fastapi/routing.py", line 472, in app
    raise validation_error
fastapi.exceptions.RequestValidationError: 1 validation error:
  {'type': 'string_type', 'loc': ('body', 'text'), 'msg': 'Input should be a valid string', 'input': nan}

  File "/project/app/server_fastapi.py", line 60, in predict_endpoint
    POST /predict

The above exception was the direct cause of the following exception:

Traceback (most recent call last):
  File "/usr/local/lib/python3.12/site-packages/uvicorn/protocols/http/httptools_impl.py", line 409, in run_asgi
    result = await app(  # type: ignore[func-returns-value]
             ^^^^^^^^^^^^^^^^^^^^^^^^^^^^^^^^^^^^^^^^^^^^^^
  File "/usr/local/lib/python3.12/site-packages/uvicorn/middleware/proxy_headers.py", line 60, in __call__
    return await self.app(scope, receive, send)
           ^^^^^^^^^^^^^^^^^^^^^^^^^^^^^^^^^^^^
  File "/usr/local/lib/python3.12/site-packages/fastapi/applications.py", line 1139, in __call__
    await super().__call__(scope, receive, send)
  File "/usr/local/lib/python3.12/site-packages/starlette/applications.py", line 107, in __call__
    await self.middleware_stack(scope, receive, send)
  File "/usr/local/lib/python3.12/site-packages/starlette/middleware/errors.py", line 186, in __call__
    raise exc
  File "/usr/local/lib/python3.12/site-packages/starlette/middleware/errors.py", line 164, in __call__
    await self.app(scope, receive, _send)
  File "/usr/local/lib/python3.12/site-packages/starlette/middleware/base.py", line 191, in __call__
    with recv_stream, send_stream, collapse_excgroups():
                                   ^^^^^^^^^^^^^^^^^^^^
  File "/usr/local/lib/python3.12/contextlib.py", line 158, in __exit__
    self.gen.throw(value)
  File "/usr/local/lib/python3.12/site-packages/starlette/_utils.py", line 85, in collapse_excgroups
    raise exc
  File "/usr/local/lib/python3.12/site-packages/starlette/middleware/base.py", line 193, in __call__
    response = await self.dispatch_func(request, call_next)
               ^^^^^^^^^^^^^^^^^^^^^^^^^^^^^^^^^^^^^^^^^^^^
  File "/project/app/server_fastapi.py", line 41, in log_requests
    response: Response = await call_next(request)
                         ^^^^^^^^^^^^^^^^^^^^^^^^
  File "/usr/local/lib/python3.12/site-packages/starlette/middleware/base.py", line 168, in call_next
    raise app_exc from app_exc.__cause__ or app_exc.__context__
  File "/usr/local/lib/python3.12/site-packages/starlette/middleware/base.py", line 144, in coro
    await self.app(scope, receive_or_disconnect, send_no_error)
  File "/usr/local/lib/python3.12/site-packages/starlette/middleware/exceptions.py", line 63, in __call__
    await wrap_app_handling_exceptions(self.app, conn)(scope, receive, send)
  File "/usr/local/lib/python3.12/site-packages/starlette/_exception_handler.py", line 53, in wrapped_app
    raise exc
  File "/usr/local/lib/python3.12/site-packages/starlette/_exception_handler.py", line 42, in wrapped_app
    await app(scope, receive, sender)
  File "/usr/local/lib/python3.12/site-packages/fastapi/middleware/asyncexitstack.py", line 18, in __call__
    await self.app(scope, receive, send)
  File "/usr/local/lib/python3.12/site-packages/starlette/routing.py", line 716, in __call__
    await self.middleware_stack(scope, receive, send)
  File "/usr/local/lib/python3.12/site-packages/starlette/routing.py", line 736, in app
    await route.handle(scope, receive, send)
  File "/usr/local/lib/python3.12/site-packages/starlette/routing.py", line 290, in handle
    await self.app(scope, receive, send)
  File "/usr/local/lib/python3.12/site-packages/fastapi/routing.py", line 120, in app
    await wrap_app_handling_exceptions(app, request)(scope, receive, send)
  File "/usr/local/lib/python3.12/site-packages/starlette/_exception_handler.py", line 59, in wrapped_app
    response = await handler(conn, exc)
               ^^^^^^^^^^^^^^^^^^^^^^^^
  File "/usr/local/lib/python3.12/site-packages/fastapi/exception_handlers.py", line 23, in request_validation_exception_handler
    return JSONResponse(
           ^^^^^^^^^^^^^
  File "/usr/local/lib/python3.12/site-packages/starlette/responses.py", line 189, in __init__
    super().__init__(content, status_code, headers, media_type, background)
  File "/usr/local/lib/python3.12/site-packages/starlette/responses.py", line 46, in __init__
    self.body = self.render(content)
                ^^^^^^^^^^^^^^^^^^^^
  File "/usr/local/lib/python3.12/site-packages/starlette/responses.py", line 192, in render
    return json.dumps(
           ^^^^^^^^^^^
  File "/usr/local/lib/python3.12/json/__init__.py", line 238, in dumps
    **kw).encode(obj)
          ^^^^^^^^^^^
  File "/usr/local/lib/python3.12/json/encoder.py", line 200, in encode
    chunks = self.iterencode(o, _one_shot=True)
             ^^^^^^^^^^^^^^^^^^^^^^^^^^^^^^^^^^
  File "/usr/local/lib/python3.12/json/encoder.py", line 258, in iterencode
    return _iterencode(o, 0)
           ^^^^^^^^^^^^^^^^^
ValueError: Out of range float values are not JSON compliant: nan
[2025-12-20 13:26:50] [INFO] REQ: POST /predict - Status: 200 - Czas: 66.22ms
[2025-12-20 13:26:50] [INFO] REQ: POST /predict - Status: 200 - Czas: 66.33ms
[2025-12-20 13:26:50] [INFO] REQ: POST /predict - Status: 200 - Czas: 66.46ms
[2025-12-20 13:26:50] [INFO] REQ: POST /predict - Status: 200 - Czas: 66.54ms
[2025-12-20 13:26:50] [INFO] REQ: POST /predict - Status: 200 - Czas: 66.66ms
[2025-12-20 13:26:50] [INFO] REQ: POST /predict - Status: 200 - Czas: 71.37ms
[2025-12-20 13:26:50] [INFO] REQ: POST /predict - Status: 200 - Czas: 71.55ms
[2025-12-20 13:26:50] [INFO] REQ: POST /predict - Status: 200 - Czas: 71.70ms
[2025-12-20 13:26:50] [INFO] REQ: POST /predict - Status: 200 - Czas: 71.86ms
[2025-12-20 13:26:50] [INFO] REQ: POST /predict - Status: 200 - Czas: 71.99ms
[2025-12-20 13:26:50] [INFO] REQ: POST /predict - Status: 200 - Czas: 72.11ms
[2025-12-20 13:26:50] [INFO] REQ: POST /predict - Status: 200 - Czas: 72.24ms
[2025-12-20 13:26:50] [INFO] REQ: POST /predict - Status: 200 - Czas: 72.38ms
[2025-12-20 13:26:50] [INFO] REQ: POST /predict - Status: 200 - Czas: 72.56ms
[2025-12-20 13:26:50] [INFO] REQ: POST /predict - Status: 200 - Czas: 72.70ms
[2025-12-20 13:26:50] [INFO] REQ: POST /predict - Status: 200 - Czas: 72.82ms
[2025-12-20 13:26:50] [INFO] REQ: POST /predict - Status: 200 - Czas: 73.01ms
[2025-12-20 13:26:50] [INFO] REQ: POST /predict - Status: 200 - Czas: 73.14ms
[2025-12-20 13:26:50] [INFO] REQ: POST /predict - Status: 200 - Czas: 73.31ms
[2025-12-20 13:26:50] [INFO] REQ: POST /predict - Status: 200 - Czas: 73.42ms
[2025-12-20 13:26:50] [INFO] REQ: POST /predict - Status: 200 - Czas: 73.58ms
[2025-12-20 13:26:50] [INFO] REQ: POST /predict - Status: 200 - Czas: 73.69ms
[2025-12-20 13:26:50] [INFO] REQ: POST /predict - Status: 200 - Czas: 73.86ms
[2025-12-20 13:26:50] [INFO] REQ: POST /predict - Status: 200 - Czas: 74.07ms
[2025-12-20 13:26:50] [INFO] REQ: POST /predict - Status: 200 - Czas: 74.25ms
[2025-12-20 13:26:50] [INFO] REQ: POST /predict - Status: 200 - Czas: 74.37ms
[2025-12-20 13:26:50] [INFO] REQ: POST /predict - Status: 200 - Czas: 74.43ms
[2025-12-20 13:26:50] [INFO] REQ: POST /predict - Status: 200 - Czas: 74.55ms
[2025-12-20 13:26:50] [INFO] REQ: POST /predict - Status: 200 - Czas: 74.70ms
[2025-12-20 13:26:50] [INFO] REQ: POST /predict - Status: 200 - Czas: 74.79ms
[2025-12-20 13:26:50] [INFO] REQ: POST /predict - Status: 200 - Czas: 74.91ms
[2025-12-20 13:26:50] [INFO] REQ: POST /predict - Status: 200 - Czas: 75.07ms
[2025-12-20 13:26:50] [INFO] REQ: POST /predict - Status: 200 - Czas: 75.23ms
[2025-12-20 13:26:50] [INFO] REQ: POST /predict - Status: 200 - Czas: 75.37ms
[2025-12-20 13:26:50] [INFO] REQ: POST /predict - Status: 200 - Czas: 75.49ms
[2025-12-20 13:26:50] [ERROR] Exception in ASGI application
Traceback (most recent call last):
  File "/usr/local/lib/python3.12/site-packages/starlette/_exception_handler.py", line 42, in wrapped_app
    await app(scope, receive, sender)
  File "/usr/local/lib/python3.12/site-packages/fastapi/routing.py", line 106, in app
    response = await f(request)
               ^^^^^^^^^^^^^^^^
  File "/usr/local/lib/python3.12/site-packages/fastapi/routing.py", line 472, in app
    raise validation_error
fastapi.exceptions.RequestValidationError: 1 validation error:
  {'type': 'string_type', 'loc': ('body', 'text'), 'msg': 'Input should be a valid string', 'input': nan}

  File "/project/app/server_fastapi.py", line 60, in predict_endpoint
    POST /predict

The above exception was the direct cause of the following exception:

Traceback (most recent call last):
  File "/usr/local/lib/python3.12/site-packages/uvicorn/protocols/http/httptools_impl.py", line 409, in run_asgi
    result = await app(  # type: ignore[func-returns-value]
             ^^^^^^^^^^^^^^^^^^^^^^^^^^^^^^^^^^^^^^^^^^^^^^
  File "/usr/local/lib/python3.12/site-packages/uvicorn/middleware/proxy_headers.py", line 60, in __call__
    return await self.app(scope, receive, send)
           ^^^^^^^^^^^^^^^^^^^^^^^^^^^^^^^^^^^^
  File "/usr/local/lib/python3.12/site-packages/fastapi/applications.py", line 1139, in __call__
    await super().__call__(scope, receive, send)
  File "/usr/local/lib/python3.12/site-packages/starlette/applications.py", line 107, in __call__
    await self.middleware_stack(scope, receive, send)
  File "/usr/local/lib/python3.12/site-packages/starlette/middleware/errors.py", line 186, in __call__
    raise exc
  File "/usr/local/lib/python3.12/site-packages/starlette/middleware/errors.py", line 164, in __call__
    await self.app(scope, receive, _send)
  File "/usr/local/lib/python3.12/site-packages/starlette/middleware/base.py", line 191, in __call__
    with recv_stream, send_stream, collapse_excgroups():
                                   ^^^^^^^^^^^^^^^^^^^^
  File "/usr/local/lib/python3.12/contextlib.py", line 158, in __exit__
    self.gen.throw(value)
  File "/usr/local/lib/python3.12/site-packages/starlette/_utils.py", line 85, in collapse_excgroups
    raise exc
  File "/usr/local/lib/python3.12/site-packages/starlette/middleware/base.py", line 193, in __call__
    response = await self.dispatch_func(request, call_next)
               ^^^^^^^^^^^^^^^^^^^^^^^^^^^^^^^^^^^^^^^^^^^^
  File "/project/app/server_fastapi.py", line 41, in log_requests
    response: Response = await call_next(request)
                         ^^^^^^^^^^^^^^^^^^^^^^^^
  File "/usr/local/lib/python3.12/site-packages/starlette/middleware/base.py", line 168, in call_next
    raise app_exc from app_exc.__cause__ or app_exc.__context__
  File "/usr/local/lib/python3.12/site-packages/starlette/middleware/base.py", line 144, in coro
    await self.app(scope, receive_or_disconnect, send_no_error)
  File "/usr/local/lib/python3.12/site-packages/starlette/middleware/exceptions.py", line 63, in __call__
    await wrap_app_handling_exceptions(self.app, conn)(scope, receive, send)
  File "/usr/local/lib/python3.12/site-packages/starlette/_exception_handler.py", line 53, in wrapped_app
    raise exc
  File "/usr/local/lib/python3.12/site-packages/starlette/_exception_handler.py", line 42, in wrapped_app
    await app(scope, receive, sender)
  File "/usr/local/lib/python3.12/site-packages/fastapi/middleware/asyncexitstack.py", line 18, in __call__
    await self.app(scope, receive, send)
  File "/usr/local/lib/python3.12/site-packages/starlette/routing.py", line 716, in __call__
    await self.middleware_stack(scope, receive, send)
  File "/usr/local/lib/python3.12/site-packages/starlette/routing.py", line 736, in app
    await route.handle(scope, receive, send)
  File "/usr/local/lib/python3.12/site-packages/starlette/routing.py", line 290, in handle
    await self.app(scope, receive, send)
  File "/usr/local/lib/python3.12/site-packages/fastapi/routing.py", line 120, in app
    await wrap_app_handling_exceptions(app, request)(scope, receive, send)
  File "/usr/local/lib/python3.12/site-packages/starlette/_exception_handler.py", line 59, in wrapped_app
    response = await handler(conn, exc)
               ^^^^^^^^^^^^^^^^^^^^^^^^
  File "/usr/local/lib/python3.12/site-packages/fastapi/exception_handlers.py", line 23, in request_validation_exception_handler
    return JSONResponse(
           ^^^^^^^^^^^^^
  File "/usr/local/lib/python3.12/site-packages/starlette/responses.py", line 189, in __init__
    super().__init__(content, status_code, headers, media_type, background)
  File "/usr/local/lib/python3.12/site-packages/starlette/responses.py", line 46, in __init__
    self.body = self.render(content)
                ^^^^^^^^^^^^^^^^^^^^
  File "/usr/local/lib/python3.12/site-packages/starlette/responses.py", line 192, in render
    return json.dumps(
           ^^^^^^^^^^^
  File "/usr/local/lib/python3.12/json/__init__.py", line 238, in dumps
    **kw).encode(obj)
          ^^^^^^^^^^^
  File "/usr/local/lib/python3.12/json/encoder.py", line 200, in encode
    chunks = self.iterencode(o, _one_shot=True)
             ^^^^^^^^^^^^^^^^^^^^^^^^^^^^^^^^^^
  File "/usr/local/lib/python3.12/json/encoder.py", line 258, in iterencode
    return _iterencode(o, 0)
           ^^^^^^^^^^^^^^^^^
ValueError: Out of range float values are not JSON compliant: nan
[2025-12-20 13:26:50] [INFO] REQ: POST /predict - Status: 200 - Czas: 79.05ms
[2025-12-20 13:26:50] [INFO] REQ: POST /predict - Status: 200 - Czas: 79.23ms
[2025-12-20 13:26:50] [INFO] REQ: POST /predict - Status: 200 - Czas: 79.38ms
[2025-12-20 13:26:50] [INFO] REQ: POST /predict - Status: 200 - Czas: 79.57ms
[2025-12-20 13:26:50] [INFO] REQ: POST /predict - Status: 200 - Czas: 79.72ms
[2025-12-20 13:26:50] [INFO] REQ: POST /predict - Status: 200 - Czas: 79.85ms
[2025-12-20 13:26:50] [INFO] REQ: POST /predict - Status: 200 - Czas: 79.99ms
[2025-12-20 13:26:50] [INFO] REQ: POST /predict - Status: 200 - Czas: 80.16ms
[2025-12-20 13:26:50] [INFO] REQ: POST /predict - Status: 200 - Czas: 80.25ms
[2025-12-20 13:26:50] [INFO] REQ: POST /predict - Status: 200 - Czas: 80.37ms
[2025-12-20 13:26:50] [INFO] REQ: POST /predict - Status: 200 - Czas: 80.52ms
[2025-12-20 13:26:50] [INFO] REQ: POST /predict - Status: 200 - Czas: 80.67ms
[2025-12-20 13:26:50] [INFO] REQ: POST /predict - Status: 200 - Czas: 80.81ms
[2025-12-20 13:26:50] [INFO] REQ: POST /predict - Status: 200 - Czas: 80.96ms
[2025-12-20 13:26:50] [INFO] REQ: POST /predict - Status: 200 - Czas: 84.58ms
[2025-12-20 13:26:50] [INFO] REQ: POST /predict - Status: 200 - Czas: 84.80ms
[2025-12-20 13:26:50] [INFO] REQ: POST /predict - Status: 200 - Czas: 85.06ms
[2025-12-20 13:26:50] [INFO] REQ: POST /predict - Status: 200 - Czas: 85.22ms
[2025-12-20 13:26:50] [INFO] REQ: POST /predict - Status: 200 - Czas: 85.41ms
[2025-12-20 13:26:50] [INFO] REQ: POST /predict - Status: 200 - Czas: 77.08ms
[2025-12-20 13:26:50] [INFO] REQ: POST /predict - Status: 200 - Czas: 77.25ms
[2025-12-20 13:26:50] [INFO] REQ: POST /predict - Status: 200 - Czas: 77.43ms
[2025-12-20 13:26:50] [INFO] REQ: POST /predict - Status: 200 - Czas: 71.28ms
[2025-12-20 13:26:50] [INFO] REQ: POST /predict - Status: 200 - Czas: 48.13ms
[2025-12-20 13:26:50] [INFO] REQ: POST /predict - Status: 200 - Czas: 48.32ms
[2025-12-20 13:26:50] [INFO] REQ: POST /predict - Status: 200 - Czas: 48.45ms
[2025-12-20 13:26:50] [INFO] REQ: POST /predict - Status: 200 - Czas: 48.59ms
[2025-12-20 13:26:50] [INFO] REQ: POST /predict - Status: 200 - Czas: 48.74ms
[2025-12-20 13:26:50] [INFO] REQ: POST /predict - Status: 200 - Czas: 48.90ms
[2025-12-20 13:26:50] [INFO] REQ: POST /predict - Status: 200 - Czas: 49.05ms
[2025-12-20 13:26:50] [INFO] REQ: POST /predict - Status: 200 - Czas: 49.18ms
[2025-12-20 13:26:50] [ERROR] Exception in ASGI application
Traceback (most recent call last):
  File "/usr/local/lib/python3.12/site-packages/starlette/_exception_handler.py", line 42, in wrapped_app
    await app(scope, receive, sender)
  File "/usr/local/lib/python3.12/site-packages/fastapi/routing.py", line 106, in app
    response = await f(request)
               ^^^^^^^^^^^^^^^^
  File "/usr/local/lib/python3.12/site-packages/fastapi/routing.py", line 472, in app
    raise validation_error
fastapi.exceptions.RequestValidationError: 1 validation error:
  {'type': 'string_type', 'loc': ('body', 'text'), 'msg': 'Input should be a valid string', 'input': nan}

  File "/project/app/server_fastapi.py", line 60, in predict_endpoint
    POST /predict

The above exception was the direct cause of the following exception:

Traceback (most recent call last):
  File "/usr/local/lib/python3.12/site-packages/uvicorn/protocols/http/httptools_impl.py", line 409, in run_asgi
    result = await app(  # type: ignore[func-returns-value]
             ^^^^^^^^^^^^^^^^^^^^^^^^^^^^^^^^^^^^^^^^^^^^^^
  File "/usr/local/lib/python3.12/site-packages/uvicorn/middleware/proxy_headers.py", line 60, in __call__
    return await self.app(scope, receive, send)
           ^^^^^^^^^^^^^^^^^^^^^^^^^^^^^^^^^^^^
  File "/usr/local/lib/python3.12/site-packages/fastapi/applications.py", line 1139, in __call__
    await super().__call__(scope, receive, send)
  File "/usr/local/lib/python3.12/site-packages/starlette/applications.py", line 107, in __call__
    await self.middleware_stack(scope, receive, send)
  File "/usr/local/lib/python3.12/site-packages/starlette/middleware/errors.py", line 186, in __call__
    raise exc
  File "/usr/local/lib/python3.12/site-packages/starlette/middleware/errors.py", line 164, in __call__
    await self.app(scope, receive, _send)
  File "/usr/local/lib/python3.12/site-packages/starlette/middleware/base.py", line 191, in __call__
    with recv_stream, send_stream, collapse_excgroups():
                                   ^^^^^^^^^^^^^^^^^^^^
  File "/usr/local/lib/python3.12/contextlib.py", line 158, in __exit__
    self.gen.throw(value)
  File "/usr/local/lib/python3.12/site-packages/starlette/_utils.py", line 85, in collapse_excgroups
    raise exc
  File "/usr/local/lib/python3.12/site-packages/starlette/middleware/base.py", line 193, in __call__
    response = await self.dispatch_func(request, call_next)
               ^^^^^^^^^^^^^^^^^^^^^^^^^^^^^^^^^^^^^^^^^^^^
  File "/project/app/server_fastapi.py", line 41, in log_requests
    response: Response = await call_next(request)
                         ^^^^^^^^^^^^^^^^^^^^^^^^
  File "/usr/local/lib/python3.12/site-packages/starlette/middleware/base.py", line 168, in call_next
    raise app_exc from app_exc.__cause__ or app_exc.__context__
  File "/usr/local/lib/python3.12/site-packages/starlette/middleware/base.py", line 144, in coro
    await self.app(scope, receive_or_disconnect, send_no_error)
  File "/usr/local/lib/python3.12/site-packages/starlette/middleware/exceptions.py", line 63, in __call__
    await wrap_app_handling_exceptions(self.app, conn)(scope, receive, send)
  File "/usr/local/lib/python3.12/site-packages/starlette/_exception_handler.py", line 53, in wrapped_app
    raise exc
  File "/usr/local/lib/python3.12/site-packages/starlette/_exception_handler.py", line 42, in wrapped_app
    await app(scope, receive, sender)
  File "/usr/local/lib/python3.12/site-packages/fastapi/middleware/asyncexitstack.py", line 18, in __call__
    await self.app(scope, receive, send)
  File "/usr/local/lib/python3.12/site-packages/starlette/routing.py", line 716, in __call__
    await self.middleware_stack(scope, receive, send)
  File "/usr/local/lib/python3.12/site-packages/starlette/routing.py", line 736, in app
    await route.handle(scope, receive, send)
  File "/usr/local/lib/python3.12/site-packages/starlette/routing.py", line 290, in handle
    await self.app(scope, receive, send)
  File "/usr/local/lib/python3.12/site-packages/fastapi/routing.py", line 120, in app
    await wrap_app_handling_exceptions(app, request)(scope, receive, send)
  File "/usr/local/lib/python3.12/site-packages/starlette/_exception_handler.py", line 59, in wrapped_app
    response = await handler(conn, exc)
               ^^^^^^^^^^^^^^^^^^^^^^^^
  File "/usr/local/lib/python3.12/site-packages/fastapi/exception_handlers.py", line 23, in request_validation_exception_handler
    return JSONResponse(
           ^^^^^^^^^^^^^
  File "/usr/local/lib/python3.12/site-packages/starlette/responses.py", line 189, in __init__
    super().__init__(content, status_code, headers, media_type, background)
  File "/usr/local/lib/python3.12/site-packages/starlette/responses.py", line 46, in __init__
    self.body = self.render(content)
                ^^^^^^^^^^^^^^^^^^^^
  File "/usr/local/lib/python3.12/site-packages/starlette/responses.py", line 192, in render
    return json.dumps(
           ^^^^^^^^^^^
  File "/usr/local/lib/python3.12/json/__init__.py", line 238, in dumps
    **kw).encode(obj)
          ^^^^^^^^^^^
  File "/usr/local/lib/python3.12/json/encoder.py", line 200, in encode
    chunks = self.iterencode(o, _one_shot=True)
             ^^^^^^^^^^^^^^^^^^^^^^^^^^^^^^^^^^
  File "/usr/local/lib/python3.12/json/encoder.py", line 258, in iterencode
    return _iterencode(o, 0)
           ^^^^^^^^^^^^^^^^^
ValueError: Out of range float values are not JSON compliant: nan
[2025-12-20 13:26:50] [INFO] REQ: POST /predict - Status: 200 - Czas: 50.52ms
[2025-12-20 13:26:50] [INFO] REQ: POST /predict - Status: 200 - Czas: 50.22ms
[2025-12-20 13:26:50] [INFO] REQ: POST /predict - Status: 200 - Czas: 50.34ms
[2025-12-20 13:26:50] [INFO] REQ: POST /predict - Status: 200 - Czas: 50.47ms
[2025-12-20 13:26:50] [INFO] REQ: POST /predict - Status: 200 - Czas: 50.62ms
[2025-12-20 13:26:50] [INFO] REQ: POST /predict - Status: 200 - Czas: 50.77ms
[2025-12-20 13:26:50] [INFO] REQ: POST /predict - Status: 200 - Czas: 50.90ms
[2025-12-20 13:26:50] [INFO] REQ: POST /predict - Status: 200 - Czas: 51.01ms
[2025-12-20 13:26:50] [INFO] REQ: POST /predict - Status: 200 - Czas: 51.10ms
[2025-12-20 13:26:50] [INFO] REQ: POST /predict - Status: 200 - Czas: 51.19ms
[2025-12-20 13:26:50] [INFO] REQ: POST /predict - Status: 200 - Czas: 51.29ms
[2025-12-20 13:26:50] [INFO] REQ: POST /predict - Status: 200 - Czas: 51.35ms
[2025-12-20 13:26:50] [ERROR] Exception in ASGI application
Traceback (most recent call last):
  File "/usr/local/lib/python3.12/site-packages/starlette/_exception_handler.py", line 42, in wrapped_app
    await app(scope, receive, sender)
  File "/usr/local/lib/python3.12/site-packages/fastapi/routing.py", line 106, in app
    response = await f(request)
               ^^^^^^^^^^^^^^^^
  File "/usr/local/lib/python3.12/site-packages/fastapi/routing.py", line 472, in app
    raise validation_error
fastapi.exceptions.RequestValidationError: 1 validation error:
  {'type': 'string_type', 'loc': ('body', 'text'), 'msg': 'Input should be a valid string', 'input': nan}

  File "/project/app/server_fastapi.py", line 60, in predict_endpoint
    POST /predict

The above exception was the direct cause of the following exception:

Traceback (most recent call last):
  File "/usr/local/lib/python3.12/site-packages/uvicorn/protocols/http/httptools_impl.py", line 409, in run_asgi
    result = await app(  # type: ignore[func-returns-value]
             ^^^^^^^^^^^^^^^^^^^^^^^^^^^^^^^^^^^^^^^^^^^^^^
  File "/usr/local/lib/python3.12/site-packages/uvicorn/middleware/proxy_headers.py", line 60, in __call__
    return await self.app(scope, receive, send)
           ^^^^^^^^^^^^^^^^^^^^^^^^^^^^^^^^^^^^
  File "/usr/local/lib/python3.12/site-packages/fastapi/applications.py", line 1139, in __call__
    await super().__call__(scope, receive, send)
  File "/usr/local/lib/python3.12/site-packages/starlette/applications.py", line 107, in __call__
    await self.middleware_stack(scope, receive, send)
  File "/usr/local/lib/python3.12/site-packages/starlette/middleware/errors.py", line 186, in __call__
    raise exc
  File "/usr/local/lib/python3.12/site-packages/starlette/middleware/errors.py", line 164, in __call__
    await self.app(scope, receive, _send)
  File "/usr/local/lib/python3.12/site-packages/starlette/middleware/base.py", line 191, in __call__
    with recv_stream, send_stream, collapse_excgroups():
                                   ^^^^^^^^^^^^^^^^^^^^
  File "/usr/local/lib/python3.12/contextlib.py", line 158, in __exit__
    self.gen.throw(value)
  File "/usr/local/lib/python3.12/site-packages/starlette/_utils.py", line 85, in collapse_excgroups
    raise exc
  File "/usr/local/lib/python3.12/site-packages/starlette/middleware/base.py", line 193, in __call__
    response = await self.dispatch_func(request, call_next)
               ^^^^^^^^^^^^^^^^^^^^^^^^^^^^^^^^^^^^^^^^^^^^
  File "/project/app/server_fastapi.py", line 41, in log_requests
    response: Response = await call_next(request)
                         ^^^^^^^^^^^^^^^^^^^^^^^^
  File "/usr/local/lib/python3.12/site-packages/starlette/middleware/base.py", line 168, in call_next
    raise app_exc from app_exc.__cause__ or app_exc.__context__
  File "/usr/local/lib/python3.12/site-packages/starlette/middleware/base.py", line 144, in coro
    await self.app(scope, receive_or_disconnect, send_no_error)
  File "/usr/local/lib/python3.12/site-packages/starlette/middleware/exceptions.py", line 63, in __call__
    await wrap_app_handling_exceptions(self.app, conn)(scope, receive, send)
  File "/usr/local/lib/python3.12/site-packages/starlette/_exception_handler.py", line 53, in wrapped_app
    raise exc
  File "/usr/local/lib/python3.12/site-packages/starlette/_exception_handler.py", line 42, in wrapped_app
    await app(scope, receive, sender)
  File "/usr/local/lib/python3.12/site-packages/fastapi/middleware/asyncexitstack.py", line 18, in __call__
    await self.app(scope, receive, send)
  File "/usr/local/lib/python3.12/site-packages/starlette/routing.py", line 716, in __call__
    await self.middleware_stack(scope, receive, send)
  File "/usr/local/lib/python3.12/site-packages/starlette/routing.py", line 736, in app
    await route.handle(scope, receive, send)
  File "/usr/local/lib/python3.12/site-packages/starlette/routing.py", line 290, in handle
    await self.app(scope, receive, send)
  File "/usr/local/lib/python3.12/site-packages/fastapi/routing.py", line 120, in app
    await wrap_app_handling_exceptions(app, request)(scope, receive, send)
  File "/usr/local/lib/python3.12/site-packages/starlette/_exception_handler.py", line 59, in wrapped_app
    response = await handler(conn, exc)
               ^^^^^^^^^^^^^^^^^^^^^^^^
  File "/usr/local/lib/python3.12/site-packages/fastapi/exception_handlers.py", line 23, in request_validation_exception_handler
    return JSONResponse(
           ^^^^^^^^^^^^^
  File "/usr/local/lib/python3.12/site-packages/starlette/responses.py", line 189, in __init__
    super().__init__(content, status_code, headers, media_type, background)
  File "/usr/local/lib/python3.12/site-packages/starlette/responses.py", line 46, in __init__
    self.body = self.render(content)
                ^^^^^^^^^^^^^^^^^^^^
  File "/usr/local/lib/python3.12/site-packages/starlette/responses.py", line 192, in render
    return json.dumps(
           ^^^^^^^^^^^
  File "/usr/local/lib/python3.12/json/__init__.py", line 238, in dumps
    **kw).encode(obj)
          ^^^^^^^^^^^
  File "/usr/local/lib/python3.12/json/encoder.py", line 200, in encode
    chunks = self.iterencode(o, _one_shot=True)
             ^^^^^^^^^^^^^^^^^^^^^^^^^^^^^^^^^^
  File "/usr/local/lib/python3.12/json/encoder.py", line 258, in iterencode
    return _iterencode(o, 0)
           ^^^^^^^^^^^^^^^^^
ValueError: Out of range float values are not JSON compliant: nan
[2025-12-20 13:26:50] [INFO] REQ: POST /predict - Status: 200 - Czas: 52.57ms
[2025-12-20 13:26:50] [INFO] REQ: POST /predict - Status: 200 - Czas: 52.70ms
[2025-12-20 13:26:50] [INFO] REQ: POST /predict - Status: 200 - Czas: 66.17ms
[2025-12-20 13:26:50] [INFO] REQ: POST /predict - Status: 200 - Czas: 66.36ms
[2025-12-20 13:26:50] [INFO] REQ: POST /predict - Status: 200 - Czas: 66.59ms
[2025-12-20 13:26:50] [INFO] REQ: POST /predict - Status: 200 - Czas: 66.76ms
[2025-12-20 13:26:50] [INFO] REQ: POST /predict - Status: 200 - Czas: 66.92ms
[2025-12-20 13:26:50] [INFO] REQ: POST /predict - Status: 200 - Czas: 67.05ms
[2025-12-20 13:26:50] [INFO] REQ: POST /predict - Status: 200 - Czas: 67.14ms
[2025-12-20 13:26:50] [INFO] REQ: POST /predict - Status: 200 - Czas: 67.21ms
[2025-12-20 13:26:50] [INFO] REQ: POST /predict - Status: 200 - Czas: 67.37ms
[2025-12-20 13:26:50] [INFO] REQ: POST /predict - Status: 200 - Czas: 67.51ms
[2025-12-20 13:26:50] [INFO] REQ: POST /predict - Status: 200 - Czas: 67.59ms
[2025-12-20 13:26:50] [INFO] REQ: POST /predict - Status: 200 - Czas: 67.76ms
[2025-12-20 13:26:50] [INFO] REQ: POST /predict - Status: 200 - Czas: 67.89ms
[2025-12-20 13:26:50] [INFO] REQ: POST /predict - Status: 200 - Czas: 68.03ms
[2025-12-20 13:26:50] [INFO] REQ: POST /predict - Status: 200 - Czas: 68.17ms
[2025-12-20 13:26:50] [INFO] REQ: POST /predict - Status: 200 - Czas: 68.32ms
[2025-12-20 13:26:50] [INFO] REQ: POST /predict - Status: 200 - Czas: 68.45ms
[2025-12-20 13:26:50] [INFO] REQ: POST /predict - Status: 200 - Czas: 68.60ms
[2025-12-20 13:26:50] [INFO] REQ: POST /predict - Status: 200 - Czas: 68.70ms
[2025-12-20 13:26:50] [INFO] REQ: POST /predict - Status: 200 - Czas: 68.80ms
[2025-12-20 13:26:50] [INFO] REQ: POST /predict - Status: 200 - Czas: 68.84ms
[2025-12-20 13:26:50] [INFO] REQ: POST /predict - Status: 200 - Czas: 73.59ms
[2025-12-20 13:26:50] [INFO] REQ: POST /predict - Status: 200 - Czas: 73.78ms
[2025-12-20 13:26:50] [INFO] REQ: POST /predict - Status: 200 - Czas: 73.89ms
[2025-12-20 13:26:50] [INFO] REQ: POST /predict - Status: 200 - Czas: 74.04ms
[2025-12-20 13:26:50] [INFO] REQ: POST /predict - Status: 200 - Czas: 74.19ms
[2025-12-20 13:26:50] [INFO] REQ: POST /predict - Status: 200 - Czas: 74.34ms
[2025-12-20 13:26:50] [INFO] REQ: POST /predict - Status: 200 - Czas: 74.47ms
[2025-12-20 13:26:50] [INFO] REQ: POST /predict - Status: 200 - Czas: 74.64ms
[2025-12-20 13:26:50] [INFO] REQ: POST /predict - Status: 200 - Czas: 74.82ms
[2025-12-20 13:26:50] [INFO] REQ: POST /predict - Status: 200 - Czas: 74.97ms
[2025-12-20 13:26:50] [INFO] REQ: POST /predict - Status: 200 - Czas: 75.14ms
[2025-12-20 13:26:50] [INFO] REQ: POST /predict - Status: 200 - Czas: 75.30ms
[2025-12-20 13:26:50] [INFO] REQ: POST /predict - Status: 200 - Czas: 74.27ms
[2025-12-20 13:26:50] [INFO] REQ: POST /predict - Status: 200 - Czas: 74.43ms
[2025-12-20 13:26:50] [INFO] REQ: POST /predict - Status: 200 - Czas: 74.59ms
[2025-12-20 13:26:50] [INFO] REQ: POST /predict - Status: 200 - Czas: 74.66ms
[2025-12-20 13:26:50] [INFO] REQ: POST /predict - Status: 200 - Czas: 74.81ms
[2025-12-20 13:26:50] [INFO] REQ: POST /predict - Status: 200 - Czas: 74.94ms
[2025-12-20 13:26:50] [INFO] REQ: POST /predict - Status: 200 - Czas: 75.08ms
[2025-12-20 13:26:50] [INFO] REQ: POST /predict - Status: 200 - Czas: 75.22ms
[2025-12-20 13:26:50] [INFO] REQ: POST /predict - Status: 200 - Czas: 75.34ms
[2025-12-20 13:26:50] [INFO] REQ: POST /predict - Status: 200 - Czas: 75.48ms
[2025-12-20 13:26:50] [INFO] REQ: POST /predict - Status: 200 - Czas: 75.57ms
[2025-12-20 13:26:50] [INFO] REQ: POST /predict - Status: 200 - Czas: 75.73ms
[2025-12-20 13:26:50] [INFO] REQ: POST /predict - Status: 200 - Czas: 75.85ms
[2025-12-20 13:26:50] [INFO] REQ: POST /predict - Status: 200 - Czas: 76.00ms
[2025-12-20 13:26:50] [INFO] REQ: POST /predict - Status: 200 - Czas: 76.14ms
[2025-12-20 13:26:50] [INFO] REQ: POST /predict - Status: 200 - Czas: 76.26ms
[2025-12-20 13:26:50] [INFO] REQ: POST /predict - Status: 200 - Czas: 76.38ms
[2025-12-20 13:26:50] [INFO] REQ: POST /predict - Status: 200 - Czas: 76.50ms
[2025-12-20 13:26:50] [INFO] REQ: POST /predict - Status: 200 - Czas: 79.64ms
[2025-12-20 13:26:50] [INFO] REQ: POST /predict - Status: 200 - Czas: 79.81ms
[2025-12-20 13:26:50] [INFO] REQ: POST /predict - Status: 200 - Czas: 79.98ms
[2025-12-20 13:26:50] [INFO] REQ: POST /predict - Status: 200 - Czas: 80.12ms
[2025-12-20 13:26:50] [INFO] REQ: POST /predict - Status: 200 - Czas: 80.28ms
[2025-12-20 13:26:50] [INFO] REQ: POST /predict - Status: 200 - Czas: 80.40ms
[2025-12-20 13:26:50] [INFO] REQ: POST /predict - Status: 200 - Czas: 80.58ms
[2025-12-20 13:26:50] [ERROR] Exception in ASGI application
Traceback (most recent call last):
  File "/usr/local/lib/python3.12/site-packages/starlette/_exception_handler.py", line 42, in wrapped_app
    await app(scope, receive, sender)
  File "/usr/local/lib/python3.12/site-packages/fastapi/routing.py", line 106, in app
    response = await f(request)
               ^^^^^^^^^^^^^^^^
  File "/usr/local/lib/python3.12/site-packages/fastapi/routing.py", line 472, in app
    raise validation_error
fastapi.exceptions.RequestValidationError: 1 validation error:
  {'type': 'string_type', 'loc': ('body', 'text'), 'msg': 'Input should be a valid string', 'input': nan}

  File "/project/app/server_fastapi.py", line 60, in predict_endpoint
    POST /predict

The above exception was the direct cause of the following exception:

Traceback (most recent call last):
  File "/usr/local/lib/python3.12/site-packages/uvicorn/protocols/http/httptools_impl.py", line 409, in run_asgi
    result = await app(  # type: ignore[func-returns-value]
             ^^^^^^^^^^^^^^^^^^^^^^^^^^^^^^^^^^^^^^^^^^^^^^
  File "/usr/local/lib/python3.12/site-packages/uvicorn/middleware/proxy_headers.py", line 60, in __call__
    return await self.app(scope, receive, send)
           ^^^^^^^^^^^^^^^^^^^^^^^^^^^^^^^^^^^^
  File "/usr/local/lib/python3.12/site-packages/fastapi/applications.py", line 1139, in __call__
    await super().__call__(scope, receive, send)
  File "/usr/local/lib/python3.12/site-packages/starlette/applications.py", line 107, in __call__
    await self.middleware_stack(scope, receive, send)
  File "/usr/local/lib/python3.12/site-packages/starlette/middleware/errors.py", line 186, in __call__
    raise exc
  File "/usr/local/lib/python3.12/site-packages/starlette/middleware/errors.py", line 164, in __call__
    await self.app(scope, receive, _send)
  File "/usr/local/lib/python3.12/site-packages/starlette/middleware/base.py", line 191, in __call__
    with recv_stream, send_stream, collapse_excgroups():
                                   ^^^^^^^^^^^^^^^^^^^^
  File "/usr/local/lib/python3.12/contextlib.py", line 158, in __exit__
    self.gen.throw(value)
  File "/usr/local/lib/python3.12/site-packages/starlette/_utils.py", line 85, in collapse_excgroups
    raise exc
  File "/usr/local/lib/python3.12/site-packages/starlette/middleware/base.py", line 193, in __call__
    response = await self.dispatch_func(request, call_next)
               ^^^^^^^^^^^^^^^^^^^^^^^^^^^^^^^^^^^^^^^^^^^^
  File "/project/app/server_fastapi.py", line 41, in log_requests
    response: Response = await call_next(request)
                         ^^^^^^^^^^^^^^^^^^^^^^^^
  File "/usr/local/lib/python3.12/site-packages/starlette/middleware/base.py", line 168, in call_next
    raise app_exc from app_exc.__cause__ or app_exc.__context__
  File "/usr/local/lib/python3.12/site-packages/starlette/middleware/base.py", line 144, in coro
    await self.app(scope, receive_or_disconnect, send_no_error)
  File "/usr/local/lib/python3.12/site-packages/starlette/middleware/exceptions.py", line 63, in __call__
    await wrap_app_handling_exceptions(self.app, conn)(scope, receive, send)
  File "/usr/local/lib/python3.12/site-packages/starlette/_exception_handler.py", line 53, in wrapped_app
    raise exc
  File "/usr/local/lib/python3.12/site-packages/starlette/_exception_handler.py", line 42, in wrapped_app
    await app(scope, receive, sender)
  File "/usr/local/lib/python3.12/site-packages/fastapi/middleware/asyncexitstack.py", line 18, in __call__
    await self.app(scope, receive, send)
  File "/usr/local/lib/python3.12/site-packages/starlette/routing.py", line 716, in __call__
    await self.middleware_stack(scope, receive, send)
  File "/usr/local/lib/python3.12/site-packages/starlette/routing.py", line 736, in app
    await route.handle(scope, receive, send)
  File "/usr/local/lib/python3.12/site-packages/starlette/routing.py", line 290, in handle
    await self.app(scope, receive, send)
  File "/usr/local/lib/python3.12/site-packages/fastapi/routing.py", line 120, in app
    await wrap_app_handling_exceptions(app, request)(scope, receive, send)
  File "/usr/local/lib/python3.12/site-packages/starlette/_exception_handler.py", line 59, in wrapped_app
    response = await handler(conn, exc)
               ^^^^^^^^^^^^^^^^^^^^^^^^
  File "/usr/local/lib/python3.12/site-packages/fastapi/exception_handlers.py", line 23, in request_validation_exception_handler
    return JSONResponse(
           ^^^^^^^^^^^^^
  File "/usr/local/lib/python3.12/site-packages/starlette/responses.py", line 189, in __init__
    super().__init__(content, status_code, headers, media_type, background)
  File "/usr/local/lib/python3.12/site-packages/starlette/responses.py", line 46, in __init__
    self.body = self.render(content)
                ^^^^^^^^^^^^^^^^^^^^
  File "/usr/local/lib/python3.12/site-packages/starlette/responses.py", line 192, in render
    return json.dumps(
           ^^^^^^^^^^^
  File "/usr/local/lib/python3.12/json/__init__.py", line 238, in dumps
    **kw).encode(obj)
          ^^^^^^^^^^^
  File "/usr/local/lib/python3.12/json/encoder.py", line 200, in encode
    chunks = self.iterencode(o, _one_shot=True)
             ^^^^^^^^^^^^^^^^^^^^^^^^^^^^^^^^^^
  File "/usr/local/lib/python3.12/json/encoder.py", line 258, in iterencode
    return _iterencode(o, 0)
           ^^^^^^^^^^^^^^^^^
ValueError: Out of range float values are not JSON compliant: nan
[2025-12-20 13:26:50] [INFO] REQ: POST /predict - Status: 200 - Czas: 82.17ms
[2025-12-20 13:26:50] [INFO] REQ: POST /predict - Status: 200 - Czas: 82.32ms
[2025-12-20 13:26:50] [INFO] REQ: POST /predict - Status: 200 - Czas: 82.45ms
[2025-12-20 13:26:50] [INFO] REQ: POST /predict - Status: 200 - Czas: 82.64ms
[2025-12-20 13:26:50] [INFO] REQ: POST /predict - Status: 200 - Czas: 82.77ms
[2025-12-20 13:26:50] [INFO] REQ: POST /predict - Status: 200 - Czas: 82.92ms
[2025-12-20 13:26:50] [INFO] REQ: POST /predict - Status: 200 - Czas: 86.09ms
[2025-12-20 13:26:50] [INFO] REQ: POST /predict - Status: 200 - Czas: 86.32ms
[2025-12-20 13:26:50] [INFO] REQ: POST /predict - Status: 200 - Czas: 86.55ms
[2025-12-20 13:26:50] [INFO] REQ: POST /predict - Status: 200 - Czas: 86.71ms
[2025-12-20 13:26:50] [INFO] REQ: POST /predict - Status: 200 - Czas: 86.88ms
[2025-12-20 13:26:50] [INFO] REQ: POST /predict - Status: 200 - Czas: 87.06ms
[2025-12-20 13:26:50] [INFO] REQ: POST /predict - Status: 200 - Czas: 87.18ms
[2025-12-20 13:26:50] [INFO] REQ: POST /predict - Status: 200 - Czas: 78.43ms
[2025-12-20 13:26:50] [INFO] REQ: POST /predict - Status: 200 - Czas: 78.56ms
[2025-12-20 13:26:50] [INFO] REQ: POST /predict - Status: 200 - Czas: 78.70ms
[2025-12-20 13:26:50] [INFO] REQ: POST /predict - Status: 200 - Czas: 107.49ms
[2025-12-20 13:26:50] [INFO] REQ: POST /predict - Status: 200 - Czas: 80.57ms
[2025-12-20 13:26:50] [INFO] REQ: POST /predict - Status: 200 - Czas: 80.72ms
[2025-12-20 13:26:50] [INFO] REQ: POST /predict - Status: 200 - Czas: 80.85ms
[2025-12-20 13:26:50] [INFO] REQ: POST /predict - Status: 200 - Czas: 80.99ms
[2025-12-20 13:26:50] [INFO] REQ: POST /predict - Status: 200 - Czas: 81.14ms
[2025-12-20 13:26:50] [INFO] REQ: POST /predict - Status: 200 - Czas: 81.28ms
[2025-12-20 13:26:50] [INFO] REQ: POST /predict - Status: 200 - Czas: 81.41ms
[2025-12-20 13:26:50] [INFO] REQ: POST /predict - Status: 200 - Czas: 81.57ms
[2025-12-20 13:26:50] [INFO] REQ: POST /predict - Status: 200 - Czas: 81.71ms
[2025-12-20 13:26:50] [INFO] REQ: POST /predict - Status: 200 - Czas: 81.84ms
[2025-12-20 13:26:50] [INFO] REQ: POST /predict - Status: 200 - Czas: 81.56ms
[2025-12-20 13:26:50] [INFO] REQ: POST /predict - Status: 200 - Czas: 81.68ms
[2025-12-20 13:26:50] [INFO] REQ: POST /predict - Status: 200 - Czas: 81.83ms
[2025-12-20 13:26:50] [INFO] REQ: POST /predict - Status: 200 - Czas: 81.96ms
[2025-12-20 13:26:50] [INFO] REQ: POST /predict - Status: 200 - Czas: 82.09ms
[2025-12-20 13:26:50] [INFO] REQ: POST /predict - Status: 200 - Czas: 82.21ms
[2025-12-20 13:26:50] [INFO] REQ: POST /predict - Status: 200 - Czas: 82.33ms
[2025-12-20 13:26:50] [INFO] REQ: POST /predict - Status: 200 - Czas: 82.45ms
[2025-12-20 13:26:50] [INFO] REQ: POST /predict - Status: 200 - Czas: 82.60ms
[2025-12-20 13:26:50] [INFO] REQ: POST /predict - Status: 200 - Czas: 82.75ms
[2025-12-20 13:26:50] [INFO] REQ: POST /predict - Status: 200 - Czas: 82.85ms
[2025-12-20 13:26:50] [INFO] REQ: POST /predict - Status: 200 - Czas: 82.96ms
[2025-12-20 13:26:50] [INFO] REQ: POST /predict - Status: 200 - Czas: 94.16ms
[2025-12-20 13:26:50] [INFO] REQ: POST /predict - Status: 200 - Czas: 94.33ms
[2025-12-20 13:26:50] [INFO] REQ: POST /predict - Status: 200 - Czas: 94.40ms
[2025-12-20 13:26:50] [INFO] REQ: POST /predict - Status: 200 - Czas: 94.55ms
[2025-12-20 13:26:50] [INFO] REQ: POST /predict - Status: 200 - Czas: 94.72ms
[2025-12-20 13:26:50] [INFO] REQ: POST /predict - Status: 200 - Czas: 94.87ms
[2025-12-20 13:26:50] [INFO] REQ: POST /predict - Status: 200 - Czas: 95.04ms
[2025-12-20 13:26:50] [INFO] REQ: POST /predict - Status: 200 - Czas: 95.20ms
[2025-12-20 13:26:50] [INFO] REQ: POST /predict - Status: 200 - Czas: 95.36ms
[2025-12-20 13:26:50] [INFO] REQ: POST /predict - Status: 200 - Czas: 95.52ms
[2025-12-20 13:26:50] [INFO] REQ: POST /predict - Status: 200 - Czas: 95.69ms
[2025-12-20 13:26:50] [INFO] REQ: POST /predict - Status: 200 - Czas: 95.87ms
[2025-12-20 13:26:50] [INFO] REQ: POST /predict - Status: 200 - Czas: 95.95ms
[2025-12-20 13:26:50] [INFO] REQ: POST /predict - Status: 200 - Czas: 96.09ms
[2025-12-20 13:26:50] [INFO] REQ: POST /predict - Status: 200 - Czas: 96.26ms
[2025-12-20 13:26:50] [INFO] REQ: POST /predict - Status: 200 - Czas: 96.39ms
[2025-12-20 13:26:50] [INFO] REQ: POST /predict - Status: 200 - Czas: 96.52ms
[2025-12-20 13:26:50] [INFO] REQ: POST /predict - Status: 200 - Czas: 96.65ms
[2025-12-20 13:26:50] [INFO] REQ: POST /predict - Status: 200 - Czas: 96.77ms
[2025-12-20 13:26:50] [INFO] REQ: POST /predict - Status: 200 - Czas: 96.90ms
[2025-12-20 13:26:50] [INFO] REQ: POST /predict - Status: 200 - Czas: 97.05ms
[2025-12-20 13:26:50] [INFO] REQ: POST /predict - Status: 200 - Czas: 105.45ms
[2025-12-20 13:26:50] [INFO] REQ: POST /predict - Status: 200 - Czas: 105.63ms
[2025-12-20 13:26:50] [INFO] REQ: POST /predict - Status: 200 - Czas: 105.76ms
[2025-12-20 13:26:50] [INFO] REQ: POST /predict - Status: 200 - Czas: 105.93ms
[2025-12-20 13:26:50] [INFO] REQ: POST /predict - Status: 200 - Czas: 106.11ms
[2025-12-20 13:26:50] [INFO] REQ: POST /predict - Status: 200 - Czas: 106.30ms
[2025-12-20 13:26:50] [INFO] REQ: POST /predict - Status: 200 - Czas: 106.44ms
[2025-12-20 13:26:50] [INFO] REQ: POST /predict - Status: 200 - Czas: 106.60ms
[2025-12-20 13:26:50] [INFO] REQ: POST /predict - Status: 200 - Czas: 106.79ms
[2025-12-20 13:26:50] [INFO] REQ: POST /predict - Status: 200 - Czas: 106.96ms
[2025-12-20 13:26:50] [INFO] REQ: POST /predict - Status: 200 - Czas: 107.15ms
[2025-12-20 13:26:50] [INFO] REQ: POST /predict - Status: 200 - Czas: 107.34ms
[2025-12-20 13:26:50] [INFO] REQ: POST /predict - Status: 200 - Czas: 107.43ms
[2025-12-20 13:26:50] [INFO] REQ: POST /predict - Status: 200 - Czas: 107.60ms
[2025-12-20 13:26:50] [INFO] REQ: POST /predict - Status: 200 - Czas: 107.74ms
[2025-12-20 13:26:50] [INFO] REQ: POST /predict - Status: 200 - Czas: 107.90ms
[2025-12-20 13:26:50] [INFO] REQ: POST /predict - Status: 200 - Czas: 108.03ms
[2025-12-20 13:26:50] [INFO] REQ: POST /predict - Status: 200 - Czas: 108.17ms
[2025-12-20 13:26:50] [INFO] REQ: POST /predict - Status: 200 - Czas: 108.31ms
[2025-12-20 13:26:50] [INFO] REQ: POST /predict - Status: 200 - Czas: 108.45ms
[2025-12-20 13:26:50] [INFO] REQ: POST /predict - Status: 200 - Czas: 108.58ms
[2025-12-20 13:26:50] [INFO] REQ: POST /predict - Status: 200 - Czas: 108.73ms
[2025-12-20 13:26:50] [INFO] REQ: POST /predict - Status: 200 - Czas: 107.92ms
[2025-12-20 13:26:50] [INFO] REQ: POST /predict - Status: 200 - Czas: 108.05ms
[2025-12-20 13:26:50] [INFO] REQ: POST /predict - Status: 200 - Czas: 108.16ms
[2025-12-20 13:26:50] [INFO] REQ: POST /predict - Status: 200 - Czas: 108.34ms
[2025-12-20 13:26:50] [INFO] REQ: POST /predict - Status: 200 - Czas: 108.51ms
[2025-12-20 13:26:50] [INFO] REQ: POST /predict - Status: 200 - Czas: 108.61ms
[2025-12-20 13:26:50] [INFO] REQ: POST /predict - Status: 200 - Czas: 108.69ms
[2025-12-20 13:26:50] [INFO] REQ: POST /predict - Status: 200 - Czas: 108.79ms
[2025-12-20 13:26:50] [INFO] REQ: POST /predict - Status: 200 - Czas: 75.43ms
[2025-12-20 13:26:50] [INFO] REQ: POST /predict - Status: 200 - Czas: 75.62ms
[2025-12-20 13:26:50] [INFO] REQ: POST /predict - Status: 200 - Czas: 75.78ms
[2025-12-20 13:26:50] [INFO] REQ: POST /predict - Status: 200 - Czas: 75.93ms
[2025-12-20 13:26:50] [INFO] REQ: POST /predict - Status: 200 - Czas: 76.08ms
[2025-12-20 13:26:50] [INFO] REQ: POST /predict - Status: 200 - Czas: 76.19ms
[2025-12-20 13:26:50] [INFO] REQ: POST /predict - Status: 200 - Czas: 76.31ms
[2025-12-20 13:26:50] [INFO] REQ: POST /predict - Status: 200 - Czas: 76.44ms
[2025-12-20 13:26:50] [INFO] REQ: POST /predict - Status: 200 - Czas: 76.59ms
[2025-12-20 13:26:50] [INFO] REQ: POST /predict - Status: 200 - Czas: 76.75ms
[2025-12-20 13:26:50] [INFO] REQ: POST /predict - Status: 200 - Czas: 76.89ms
[2025-12-20 13:26:50] [INFO] REQ: POST /predict - Status: 200 - Czas: 77.04ms
[2025-12-20 13:26:50] [INFO] REQ: POST /predict - Status: 200 - Czas: 77.19ms
[2025-12-20 13:26:50] [INFO] REQ: POST /predict - Status: 200 - Czas: 77.29ms
[2025-12-20 13:26:50] [INFO] REQ: POST /predict - Status: 200 - Czas: 77.45ms
[2025-12-20 13:26:50] [INFO] REQ: POST /predict - Status: 200 - Czas: 80.11ms
[2025-12-20 13:26:50] [INFO] REQ: POST /predict - Status: 200 - Czas: 80.30ms
[2025-12-20 13:26:50] [INFO] REQ: POST /predict - Status: 200 - Czas: 80.47ms
[2025-12-20 13:26:50] [INFO] REQ: POST /predict - Status: 200 - Czas: 80.62ms
[2025-12-20 13:26:50] [INFO] REQ: POST /predict - Status: 200 - Czas: 80.87ms
[2025-12-20 13:26:50] [INFO] REQ: POST /predict - Status: 200 - Czas: 81.06ms
[2025-12-20 13:26:50] [INFO] REQ: POST /predict - Status: 200 - Czas: 81.21ms
[2025-12-20 13:26:50] [INFO] REQ: POST /predict - Status: 200 - Czas: 74.98ms
[2025-12-20 13:26:50] [INFO] REQ: POST /predict - Status: 200 - Czas: 75.15ms
[2025-12-20 13:26:50] [INFO] REQ: POST /predict - Status: 200 - Czas: 75.31ms
[2025-12-20 13:26:50] [INFO] REQ: POST /predict - Status: 200 - Czas: 69.02ms
[2025-12-20 13:26:50] [INFO] REQ: POST /predict - Status: 200 - Czas: 69.20ms
[2025-12-20 13:26:50] [INFO] REQ: POST /predict - Status: 200 - Czas: 47.07ms
[2025-12-20 13:26:50] [INFO] REQ: POST /predict - Status: 200 - Czas: 47.21ms
[2025-12-20 13:26:50] [INFO] REQ: POST /predict - Status: 200 - Czas: 47.35ms
[2025-12-20 13:26:50] [INFO] REQ: POST /predict - Status: 200 - Czas: 47.49ms
[2025-12-20 13:26:50] [INFO] REQ: POST /predict - Status: 200 - Czas: 47.64ms
[2025-12-20 13:26:50] [INFO] REQ: POST /predict - Status: 200 - Czas: 47.78ms
[2025-12-20 13:26:50] [INFO] REQ: POST /predict - Status: 200 - Czas: 47.91ms
[2025-12-20 13:26:50] [INFO] REQ: POST /predict - Status: 200 - Czas: 48.08ms
[2025-12-20 13:26:50] [INFO] REQ: POST /predict - Status: 200 - Czas: 48.22ms
[2025-12-20 13:26:50] [INFO] REQ: POST /predict - Status: 200 - Czas: 48.35ms
[2025-12-20 13:26:50] [INFO] REQ: POST /predict - Status: 200 - Czas: 48.20ms
[2025-12-20 13:26:50] [INFO] REQ: POST /predict - Status: 200 - Czas: 48.32ms
[2025-12-20 13:26:50] [INFO] REQ: POST /predict - Status: 200 - Czas: 48.45ms
[2025-12-20 13:26:50] [INFO] REQ: POST /predict - Status: 200 - Czas: 48.62ms
[2025-12-20 13:26:50] [INFO] REQ: POST /predict - Status: 200 - Czas: 48.77ms
[2025-12-20 13:26:50] [INFO] REQ: POST /predict - Status: 200 - Czas: 48.90ms
[2025-12-20 13:26:50] [INFO] REQ: POST /predict - Status: 200 - Czas: 49.07ms
[2025-12-20 13:26:50] [INFO] REQ: POST /predict - Status: 200 - Czas: 49.20ms
[2025-12-20 13:26:50] [INFO] REQ: POST /predict - Status: 200 - Czas: 49.32ms
[2025-12-20 13:26:50] [INFO] REQ: POST /predict - Status: 200 - Czas: 49.51ms
[2025-12-20 13:26:50] [INFO] REQ: POST /predict - Status: 200 - Czas: 49.57ms
[2025-12-20 13:26:50] [INFO] REQ: POST /predict - Status: 200 - Czas: 49.67ms
[2025-12-20 13:26:50] [INFO] REQ: POST /predict - Status: 200 - Czas: 59.96ms
[2025-12-20 13:26:50] [INFO] REQ: POST /predict - Status: 200 - Czas: 60.14ms
[2025-12-20 13:26:50] [INFO] REQ: POST /predict - Status: 200 - Czas: 60.22ms
[2025-12-20 13:26:50] [INFO] REQ: POST /predict - Status: 200 - Czas: 60.40ms
[2025-12-20 13:26:50] [INFO] REQ: POST /predict - Status: 200 - Czas: 60.57ms
[2025-12-20 13:26:50] [INFO] REQ: POST /predict - Status: 200 - Czas: 60.73ms
[2025-12-20 13:26:50] [INFO] REQ: POST /predict - Status: 200 - Czas: 60.85ms
[2025-12-20 13:26:50] [INFO] REQ: POST /predict - Status: 200 - Czas: 60.98ms
[2025-12-20 13:26:50] [INFO] REQ: POST /predict - Status: 200 - Czas: 61.15ms
[2025-12-20 13:26:50] [INFO] REQ: POST /predict - Status: 200 - Czas: 61.27ms
[2025-12-20 13:26:50] [INFO] REQ: POST /predict - Status: 200 - Czas: 61.42ms
[2025-12-20 13:26:50] [INFO] REQ: POST /predict - Status: 200 - Czas: 61.60ms
[2025-12-20 13:26:50] [INFO] REQ: POST /predict - Status: 200 - Czas: 61.66ms
[2025-12-20 13:26:50] [INFO] REQ: POST /predict - Status: 200 - Czas: 61.79ms
[2025-12-20 13:26:50] [INFO] REQ: POST /predict - Status: 200 - Czas: 61.95ms
[2025-12-20 13:26:50] [INFO] REQ: POST /predict - Status: 200 - Czas: 62.05ms
[2025-12-20 13:26:50] [ERROR] Exception in ASGI application
Traceback (most recent call last):
  File "/usr/local/lib/python3.12/site-packages/starlette/_exception_handler.py", line 42, in wrapped_app
    await app(scope, receive, sender)
  File "/usr/local/lib/python3.12/site-packages/fastapi/routing.py", line 106, in app
    response = await f(request)
               ^^^^^^^^^^^^^^^^
  File "/usr/local/lib/python3.12/site-packages/fastapi/routing.py", line 472, in app
    raise validation_error
fastapi.exceptions.RequestValidationError: 1 validation error:
  {'type': 'string_type', 'loc': ('body', 'text'), 'msg': 'Input should be a valid string', 'input': nan}

  File "/project/app/server_fastapi.py", line 60, in predict_endpoint
    POST /predict

The above exception was the direct cause of the following exception:

Traceback (most recent call last):
  File "/usr/local/lib/python3.12/site-packages/uvicorn/protocols/http/httptools_impl.py", line 409, in run_asgi
    result = await app(  # type: ignore[func-returns-value]
             ^^^^^^^^^^^^^^^^^^^^^^^^^^^^^^^^^^^^^^^^^^^^^^
  File "/usr/local/lib/python3.12/site-packages/uvicorn/middleware/proxy_headers.py", line 60, in __call__
    return await self.app(scope, receive, send)
           ^^^^^^^^^^^^^^^^^^^^^^^^^^^^^^^^^^^^
  File "/usr/local/lib/python3.12/site-packages/fastapi/applications.py", line 1139, in __call__
    await super().__call__(scope, receive, send)
  File "/usr/local/lib/python3.12/site-packages/starlette/applications.py", line 107, in __call__
    await self.middleware_stack(scope, receive, send)
  File "/usr/local/lib/python3.12/site-packages/starlette/middleware/errors.py", line 186, in __call__
    raise exc
  File "/usr/local/lib/python3.12/site-packages/starlette/middleware/errors.py", line 164, in __call__
    await self.app(scope, receive, _send)
  File "/usr/local/lib/python3.12/site-packages/starlette/middleware/base.py", line 191, in __call__
    with recv_stream, send_stream, collapse_excgroups():
                                   ^^^^^^^^^^^^^^^^^^^^
  File "/usr/local/lib/python3.12/contextlib.py", line 158, in __exit__
    self.gen.throw(value)
  File "/usr/local/lib/python3.12/site-packages/starlette/_utils.py", line 85, in collapse_excgroups
    raise exc
  File "/usr/local/lib/python3.12/site-packages/starlette/middleware/base.py", line 193, in __call__
    response = await self.dispatch_func(request, call_next)
               ^^^^^^^^^^^^^^^^^^^^^^^^^^^^^^^^^^^^^^^^^^^^
  File "/project/app/server_fastapi.py", line 41, in log_requests
    response: Response = await call_next(request)
                         ^^^^^^^^^^^^^^^^^^^^^^^^
  File "/usr/local/lib/python3.12/site-packages/starlette/middleware/base.py", line 168, in call_next
    raise app_exc from app_exc.__cause__ or app_exc.__context__
  File "/usr/local/lib/python3.12/site-packages/starlette/middleware/base.py", line 144, in coro
    await self.app(scope, receive_or_disconnect, send_no_error)
  File "/usr/local/lib/python3.12/site-packages/starlette/middleware/exceptions.py", line 63, in __call__
    await wrap_app_handling_exceptions(self.app, conn)(scope, receive, send)
  File "/usr/local/lib/python3.12/site-packages/starlette/_exception_handler.py", line 53, in wrapped_app
    raise exc
  File "/usr/local/lib/python3.12/site-packages/starlette/_exception_handler.py", line 42, in wrapped_app
    await app(scope, receive, sender)
  File "/usr/local/lib/python3.12/site-packages/fastapi/middleware/asyncexitstack.py", line 18, in __call__
    await self.app(scope, receive, send)
  File "/usr/local/lib/python3.12/site-packages/starlette/routing.py", line 716, in __call__
    await self.middleware_stack(scope, receive, send)
  File "/usr/local/lib/python3.12/site-packages/starlette/routing.py", line 736, in app
    await route.handle(scope, receive, send)
  File "/usr/local/lib/python3.12/site-packages/starlette/routing.py", line 290, in handle
    await self.app(scope, receive, send)
  File "/usr/local/lib/python3.12/site-packages/fastapi/routing.py", line 120, in app
    await wrap_app_handling_exceptions(app, request)(scope, receive, send)
  File "/usr/local/lib/python3.12/site-packages/starlette/_exception_handler.py", line 59, in wrapped_app
    response = await handler(conn, exc)
               ^^^^^^^^^^^^^^^^^^^^^^^^
  File "/usr/local/lib/python3.12/site-packages/fastapi/exception_handlers.py", line 23, in request_validation_exception_handler
    return JSONResponse(
           ^^^^^^^^^^^^^
  File "/usr/local/lib/python3.12/site-packages/starlette/responses.py", line 189, in __init__
    super().__init__(content, status_code, headers, media_type, background)
  File "/usr/local/lib/python3.12/site-packages/starlette/responses.py", line 46, in __init__
    self.body = self.render(content)
                ^^^^^^^^^^^^^^^^^^^^
  File "/usr/local/lib/python3.12/site-packages/starlette/responses.py", line 192, in render
    return json.dumps(
           ^^^^^^^^^^^
  File "/usr/local/lib/python3.12/json/__init__.py", line 238, in dumps
    **kw).encode(obj)
          ^^^^^^^^^^^
  File "/usr/local/lib/python3.12/json/encoder.py", line 200, in encode
    chunks = self.iterencode(o, _one_shot=True)
             ^^^^^^^^^^^^^^^^^^^^^^^^^^^^^^^^^^
  File "/usr/local/lib/python3.12/json/encoder.py", line 258, in iterencode
    return _iterencode(o, 0)
           ^^^^^^^^^^^^^^^^^
ValueError: Out of range float values are not JSON compliant: nan
[2025-12-20 13:26:50] [INFO] REQ: POST /predict - Status: 200 - Czas: 64.03ms
[2025-12-20 13:26:50] [INFO] REQ: POST /predict - Status: 200 - Czas: 64.16ms
[2025-12-20 13:26:50] [INFO] REQ: POST /predict - Status: 200 - Czas: 64.31ms
[2025-12-20 13:26:50] [INFO] REQ: POST /predict - Status: 200 - Czas: 64.43ms
[2025-12-20 13:26:50] [INFO] REQ: POST /predict - Status: 200 - Czas: 71.69ms
[2025-12-20 13:26:50] [INFO] REQ: POST /predict - Status: 200 - Czas: 71.87ms
[2025-12-20 13:26:50] [INFO] REQ: POST /predict - Status: 200 - Czas: 71.99ms
[2025-12-20 13:26:50] [INFO] REQ: POST /predict - Status: 200 - Czas: 72.14ms
[2025-12-20 13:26:50] [INFO] REQ: POST /predict - Status: 200 - Czas: 72.30ms
[2025-12-20 13:26:50] [INFO] REQ: POST /predict - Status: 200 - Czas: 72.50ms
[2025-12-20 13:26:50] [ERROR] Exception in ASGI application
Traceback (most recent call last):
  File "/usr/local/lib/python3.12/site-packages/starlette/_exception_handler.py", line 42, in wrapped_app
    await app(scope, receive, sender)
  File "/usr/local/lib/python3.12/site-packages/fastapi/routing.py", line 106, in app
    response = await f(request)
               ^^^^^^^^^^^^^^^^
  File "/usr/local/lib/python3.12/site-packages/fastapi/routing.py", line 472, in app
    raise validation_error
fastapi.exceptions.RequestValidationError: 1 validation error:
  {'type': 'string_type', 'loc': ('body', 'text'), 'msg': 'Input should be a valid string', 'input': nan}

  File "/project/app/server_fastapi.py", line 60, in predict_endpoint
    POST /predict

The above exception was the direct cause of the following exception:

Traceback (most recent call last):
  File "/usr/local/lib/python3.12/site-packages/uvicorn/protocols/http/httptools_impl.py", line 409, in run_asgi
    result = await app(  # type: ignore[func-returns-value]
             ^^^^^^^^^^^^^^^^^^^^^^^^^^^^^^^^^^^^^^^^^^^^^^
  File "/usr/local/lib/python3.12/site-packages/uvicorn/middleware/proxy_headers.py", line 60, in __call__
    return await self.app(scope, receive, send)
           ^^^^^^^^^^^^^^^^^^^^^^^^^^^^^^^^^^^^
  File "/usr/local/lib/python3.12/site-packages/fastapi/applications.py", line 1139, in __call__
    await super().__call__(scope, receive, send)
  File "/usr/local/lib/python3.12/site-packages/starlette/applications.py", line 107, in __call__
    await self.middleware_stack(scope, receive, send)
  File "/usr/local/lib/python3.12/site-packages/starlette/middleware/errors.py", line 186, in __call__
    raise exc
  File "/usr/local/lib/python3.12/site-packages/starlette/middleware/errors.py", line 164, in __call__
    await self.app(scope, receive, _send)
  File "/usr/local/lib/python3.12/site-packages/starlette/middleware/base.py", line 191, in __call__
    with recv_stream, send_stream, collapse_excgroups():
                                   ^^^^^^^^^^^^^^^^^^^^
  File "/usr/local/lib/python3.12/contextlib.py", line 158, in __exit__
    self.gen.throw(value)
  File "/usr/local/lib/python3.12/site-packages/starlette/_utils.py", line 85, in collapse_excgroups
    raise exc
  File "/usr/local/lib/python3.12/site-packages/starlette/middleware/base.py", line 193, in __call__
    response = await self.dispatch_func(request, call_next)
               ^^^^^^^^^^^^^^^^^^^^^^^^^^^^^^^^^^^^^^^^^^^^
  File "/project/app/server_fastapi.py", line 41, in log_requests
    response: Response = await call_next(request)
                         ^^^^^^^^^^^^^^^^^^^^^^^^
  File "/usr/local/lib/python3.12/site-packages/starlette/middleware/base.py", line 168, in call_next
    raise app_exc from app_exc.__cause__ or app_exc.__context__
  File "/usr/local/lib/python3.12/site-packages/starlette/middleware/base.py", line 144, in coro
    await self.app(scope, receive_or_disconnect, send_no_error)
  File "/usr/local/lib/python3.12/site-packages/starlette/middleware/exceptions.py", line 63, in __call__
    await wrap_app_handling_exceptions(self.app, conn)(scope, receive, send)
  File "/usr/local/lib/python3.12/site-packages/starlette/_exception_handler.py", line 53, in wrapped_app
    raise exc
  File "/usr/local/lib/python3.12/site-packages/starlette/_exception_handler.py", line 42, in wrapped_app
    await app(scope, receive, sender)
  File "/usr/local/lib/python3.12/site-packages/fastapi/middleware/asyncexitstack.py", line 18, in __call__
    await self.app(scope, receive, send)
  File "/usr/local/lib/python3.12/site-packages/starlette/routing.py", line 716, in __call__
    await self.middleware_stack(scope, receive, send)
  File "/usr/local/lib/python3.12/site-packages/starlette/routing.py", line 736, in app
    await route.handle(scope, receive, send)
  File "/usr/local/lib/python3.12/site-packages/starlette/routing.py", line 290, in handle
    await self.app(scope, receive, send)
  File "/usr/local/lib/python3.12/site-packages/fastapi/routing.py", line 120, in app
    await wrap_app_handling_exceptions(app, request)(scope, receive, send)
  File "/usr/local/lib/python3.12/site-packages/starlette/_exception_handler.py", line 59, in wrapped_app
    response = await handler(conn, exc)
               ^^^^^^^^^^^^^^^^^^^^^^^^
  File "/usr/local/lib/python3.12/site-packages/fastapi/exception_handlers.py", line 23, in request_validation_exception_handler
    return JSONResponse(
           ^^^^^^^^^^^^^
  File "/usr/local/lib/python3.12/site-packages/starlette/responses.py", line 189, in __init__
    super().__init__(content, status_code, headers, media_type, background)
  File "/usr/local/lib/python3.12/site-packages/starlette/responses.py", line 46, in __init__
    self.body = self.render(content)
                ^^^^^^^^^^^^^^^^^^^^
  File "/usr/local/lib/python3.12/site-packages/starlette/responses.py", line 192, in render
    return json.dumps(
           ^^^^^^^^^^^
  File "/usr/local/lib/python3.12/json/__init__.py", line 238, in dumps
    **kw).encode(obj)
          ^^^^^^^^^^^
  File "/usr/local/lib/python3.12/json/encoder.py", line 200, in encode
    chunks = self.iterencode(o, _one_shot=True)
             ^^^^^^^^^^^^^^^^^^^^^^^^^^^^^^^^^^
  File "/usr/local/lib/python3.12/json/encoder.py", line 258, in iterencode
    return _iterencode(o, 0)
           ^^^^^^^^^^^^^^^^^
ValueError: Out of range float values are not JSON compliant: nan
[2025-12-20 13:26:50] [INFO] REQ: POST /predict - Status: 200 - Czas: 74.15ms
[2025-12-20 13:26:50] [INFO] REQ: POST /predict - Status: 200 - Czas: 74.29ms
[2025-12-20 13:26:50] [INFO] REQ: POST /predict - Status: 200 - Czas: 74.48ms
[2025-12-20 13:26:50] [INFO] REQ: POST /predict - Status: 200 - Czas: 74.63ms
[2025-12-20 13:26:50] [INFO] REQ: POST /predict - Status: 200 - Czas: 74.78ms
[2025-12-20 13:26:50] [INFO] REQ: POST /predict - Status: 200 - Czas: 74.93ms
[2025-12-20 13:26:50] [INFO] REQ: POST /predict - Status: 200 - Czas: 75.08ms
[2025-12-20 13:26:50] [INFO] REQ: POST /predict - Status: 200 - Czas: 75.28ms
[2025-12-20 13:26:50] [INFO] REQ: POST /predict - Status: 200 - Czas: 75.40ms
[2025-12-20 13:26:50] [INFO] REQ: POST /predict - Status: 200 - Czas: 75.54ms
[2025-12-20 13:26:50] [INFO] REQ: POST /predict - Status: 200 - Czas: 75.71ms
[2025-12-20 13:26:50] [INFO] REQ: POST /predict - Status: 200 - Czas: 75.85ms
[2025-12-20 13:26:50] [INFO] REQ: POST /predict - Status: 200 - Czas: 75.98ms
[2025-12-20 13:26:50] [INFO] REQ: POST /predict - Status: 200 - Czas: 76.15ms
[2025-12-20 13:26:50] [INFO] REQ: POST /predict - Status: 200 - Czas: 76.28ms
[2025-12-20 13:26:50] [INFO] REQ: POST /predict - Status: 200 - Czas: 75.57ms
[2025-12-20 13:26:50] [INFO] REQ: POST /predict - Status: 200 - Czas: 75.73ms
[2025-12-20 13:26:50] [INFO] REQ: POST /predict - Status: 200 - Czas: 75.86ms
[2025-12-20 13:26:50] [INFO] REQ: POST /predict - Status: 200 - Czas: 76.01ms
[2025-12-20 13:26:50] [INFO] REQ: POST /predict - Status: 200 - Czas: 76.17ms
[2025-12-20 13:26:50] [INFO] REQ: POST /predict - Status: 200 - Czas: 76.30ms
[2025-12-20 13:26:50] [INFO] REQ: POST /predict - Status: 200 - Czas: 76.43ms
[2025-12-20 13:26:50] [INFO] REQ: POST /predict - Status: 200 - Czas: 76.59ms
[2025-12-20 13:26:50] [INFO] REQ: POST /predict - Status: 200 - Czas: 79.45ms
[2025-12-20 13:26:50] [INFO] REQ: POST /predict - Status: 200 - Czas: 79.62ms
[2025-12-20 13:26:50] [INFO] REQ: POST /predict - Status: 200 - Czas: 79.76ms
[2025-12-20 13:26:50] [INFO] REQ: POST /predict - Status: 200 - Czas: 79.91ms
[2025-12-20 13:26:50] [INFO] REQ: POST /predict - Status: 200 - Czas: 80.06ms
[2025-12-20 13:26:50] [INFO] REQ: POST /predict - Status: 200 - Czas: 80.21ms
[2025-12-20 13:26:50] [INFO] REQ: POST /predict - Status: 200 - Czas: 80.36ms
[2025-12-20 13:26:50] [INFO] REQ: POST /predict - Status: 200 - Czas: 80.52ms
[2025-12-20 13:26:50] [INFO] REQ: POST /predict - Status: 200 - Czas: 80.68ms
[2025-12-20 13:26:50] [INFO] REQ: POST /predict - Status: 200 - Czas: 80.83ms
[2025-12-20 13:26:50] [INFO] REQ: POST /predict - Status: 200 - Czas: 80.94ms
[2025-12-20 13:26:50] [INFO] REQ: POST /predict - Status: 200 - Czas: 81.10ms
[2025-12-20 13:26:50] [INFO] REQ: POST /predict - Status: 200 - Czas: 81.19ms
[2025-12-20 13:26:50] [INFO] REQ: POST /predict - Status: 200 - Czas: 81.35ms
[2025-12-20 13:26:50] [INFO] REQ: POST /predict - Status: 200 - Czas: 81.52ms
[2025-12-20 13:26:50] [INFO] REQ: POST /predict - Status: 200 - Czas: 85.59ms
[2025-12-20 13:26:50] [INFO] REQ: POST /predict - Status: 200 - Czas: 85.75ms
[2025-12-20 13:26:50] [INFO] REQ: POST /predict - Status: 200 - Czas: 85.92ms
[2025-12-20 13:26:50] [INFO] REQ: POST /predict - Status: 200 - Czas: 86.08ms
[2025-12-20 13:26:50] [INFO] REQ: POST /predict - Status: 200 - Czas: 86.24ms
[2025-12-20 13:26:50] [INFO] REQ: POST /predict - Status: 200 - Czas: 86.41ms
[2025-12-20 13:26:50] [INFO] REQ: POST /predict - Status: 200 - Czas: 86.56ms
[2025-12-20 13:26:50] [INFO] REQ: POST /predict - Status: 200 - Czas: 78.73ms
[2025-12-20 13:26:50] [INFO] REQ: POST /predict - Status: 200 - Czas: 78.88ms
[2025-12-20 13:26:50] [INFO] REQ: POST /predict - Status: 200 - Czas: 79.07ms
[2025-12-20 13:26:50] [INFO] REQ: POST /predict - Status: 200 - Czas: 71.76ms
[2025-12-20 13:26:50] [INFO] REQ: POST /predict - Status: 200 - Czas: 71.91ms
[2025-12-20 13:26:50] [INFO] REQ: POST /predict - Status: 200 - Czas: 46.09ms
[2025-12-20 13:26:50] [INFO] REQ: POST /predict - Status: 200 - Czas: 46.23ms
[2025-12-20 13:26:50] [INFO] REQ: POST /predict - Status: 200 - Czas: 46.37ms
[2025-12-20 13:26:50] [INFO] REQ: POST /predict - Status: 200 - Czas: 46.49ms
[2025-12-20 13:26:50] [INFO] REQ: POST /predict - Status: 200 - Czas: 46.64ms
[2025-12-20 13:26:50] [INFO] REQ: POST /predict - Status: 200 - Czas: 46.78ms
[2025-12-20 13:26:50] [INFO] REQ: POST /predict - Status: 200 - Czas: 46.91ms
[2025-12-20 13:26:50] [INFO] REQ: POST /predict - Status: 200 - Czas: 47.03ms
[2025-12-20 13:26:50] [INFO] REQ: POST /predict - Status: 200 - Czas: 47.16ms
[2025-12-20 13:26:50] [INFO] REQ: POST /predict - Status: 200 - Czas: 47.31ms
[2025-12-20 13:26:50] [INFO] REQ: POST /predict - Status: 200 - Czas: 45.81ms
[2025-12-20 13:26:50] [INFO] REQ: POST /predict - Status: 200 - Czas: 45.93ms
[2025-12-20 13:26:50] [INFO] REQ: POST /predict - Status: 200 - Czas: 46.05ms
[2025-12-20 13:26:50] [INFO] REQ: POST /predict - Status: 200 - Czas: 46.20ms
[2025-12-20 13:26:50] [INFO] REQ: POST /predict - Status: 200 - Czas: 46.35ms
[2025-12-20 13:26:50] [INFO] REQ: POST /predict - Status: 200 - Czas: 46.47ms
[2025-12-20 13:26:50] [INFO] REQ: POST /predict - Status: 200 - Czas: 46.61ms
[2025-12-20 13:26:50] [INFO] REQ: POST /predict - Status: 200 - Czas: 46.79ms
[2025-12-20 13:26:50] [INFO] REQ: POST /predict - Status: 200 - Czas: 46.92ms
[2025-12-20 13:26:50] [INFO] REQ: POST /predict - Status: 200 - Czas: 47.06ms
[2025-12-20 13:26:50] [INFO] REQ: POST /predict - Status: 200 - Czas: 47.13ms
[2025-12-20 13:26:50] [INFO] REQ: POST /predict - Status: 200 - Czas: 47.26ms
[2025-12-20 13:26:50] [INFO] REQ: POST /predict - Status: 200 - Czas: 57.83ms
[2025-12-20 13:26:50] [INFO] REQ: POST /predict - Status: 200 - Czas: 57.99ms
[2025-12-20 13:26:50] [INFO] REQ: POST /predict - Status: 200 - Czas: 58.06ms
[2025-12-20 13:26:50] [INFO] REQ: POST /predict - Status: 200 - Czas: 58.21ms
[2025-12-20 13:26:50] [INFO] REQ: POST /predict - Status: 200 - Czas: 58.35ms
[2025-12-20 13:26:50] [INFO] REQ: POST /predict - Status: 200 - Czas: 58.50ms
[2025-12-20 13:26:50] [INFO] REQ: POST /predict - Status: 200 - Czas: 58.63ms
[2025-12-20 13:26:50] [INFO] REQ: POST /predict - Status: 200 - Czas: 58.78ms
[2025-12-20 13:26:50] [INFO] REQ: POST /predict - Status: 200 - Czas: 58.94ms
[2025-12-20 13:26:50] [INFO] REQ: POST /predict - Status: 200 - Czas: 59.10ms
[2025-12-20 13:26:50] [INFO] REQ: POST /predict - Status: 200 - Czas: 59.27ms
[2025-12-20 13:26:50] [INFO] REQ: POST /predict - Status: 200 - Czas: 59.45ms
[2025-12-20 13:26:50] [INFO] REQ: POST /predict - Status: 200 - Czas: 59.42ms
[2025-12-20 13:26:50] [INFO] REQ: POST /predict - Status: 200 - Czas: 59.54ms
[2025-12-20 13:26:50] [INFO] REQ: POST /predict - Status: 200 - Czas: 59.70ms
[2025-12-20 13:26:50] [INFO] REQ: POST /predict - Status: 200 - Czas: 59.88ms
[2025-12-20 13:26:50] [INFO] REQ: POST /predict - Status: 200 - Czas: 60.01ms
[2025-12-20 13:26:50] [INFO] REQ: POST /predict - Status: 200 - Czas: 60.14ms
[2025-12-20 13:26:50] [INFO] REQ: POST /predict - Status: 200 - Czas: 60.26ms
[2025-12-20 13:26:50] [INFO] REQ: POST /predict - Status: 200 - Czas: 60.37ms
[2025-12-20 13:26:50] [INFO] REQ: POST /predict - Status: 200 - Czas: 66.56ms
[2025-12-20 13:26:50] [INFO] REQ: POST /predict - Status: 200 - Czas: 66.73ms
[2025-12-20 13:26:50] [INFO] REQ: POST /predict - Status: 200 - Czas: 66.90ms
[2025-12-20 13:26:50] [INFO] REQ: POST /predict - Status: 200 - Czas: 66.99ms
[2025-12-20 13:26:50] [INFO] REQ: POST /predict - Status: 200 - Czas: 67.17ms
[2025-12-20 13:26:50] [INFO] REQ: POST /predict - Status: 200 - Czas: 67.36ms
[2025-12-20 13:26:50] [INFO] REQ: POST /predict - Status: 200 - Czas: 67.52ms
[2025-12-20 13:26:50] [INFO] REQ: POST /predict - Status: 200 - Czas: 67.69ms
[2025-12-20 13:26:50] [INFO] REQ: POST /predict - Status: 200 - Czas: 67.85ms
[2025-12-20 13:26:50] [INFO] REQ: POST /predict - Status: 200 - Czas: 68.01ms
[2025-12-20 13:26:50] [INFO] REQ: POST /predict - Status: 200 - Czas: 68.16ms
[2025-12-20 13:26:50] [INFO] REQ: POST /predict - Status: 200 - Czas: 68.32ms
[2025-12-20 13:26:50] [INFO] REQ: POST /predict - Status: 200 - Czas: 68.45ms
[2025-12-20 13:26:50] [INFO] REQ: POST /predict - Status: 200 - Czas: 68.58ms
[2025-12-20 13:26:50] [INFO] REQ: POST /predict - Status: 200 - Czas: 68.73ms
[2025-12-20 13:26:50] [INFO] REQ: POST /predict - Status: 200 - Czas: 68.87ms
[2025-12-20 13:26:50] [INFO] REQ: POST /predict - Status: 200 - Czas: 68.99ms
[2025-12-20 13:26:50] [INFO] REQ: POST /predict - Status: 200 - Czas: 69.14ms
[2025-12-20 13:26:50] [INFO] REQ: POST /predict - Status: 200 - Czas: 69.29ms
[2025-12-20 13:26:50] [INFO] REQ: POST /predict - Status: 200 - Czas: 69.43ms
[2025-12-20 13:26:50] [INFO] REQ: POST /predict - Status: 200 - Czas: 69.57ms
[2025-12-20 13:26:50] [INFO] REQ: POST /predict - Status: 200 - Czas: 69.70ms
[2025-12-20 13:26:50] [INFO] REQ: POST /predict - Status: 200 - Czas: 69.85ms
[2025-12-20 13:26:50] [INFO] REQ: POST /predict - Status: 200 - Czas: 69.93ms
[2025-12-20 13:26:50] [INFO] REQ: POST /predict - Status: 200 - Czas: 70.06ms
[2025-12-20 13:26:50] [INFO] REQ: POST /predict - Status: 200 - Czas: 70.18ms
[2025-12-20 13:26:50] [INFO] REQ: POST /predict - Status: 200 - Czas: 70.29ms
[2025-12-20 13:26:50] [INFO] REQ: POST /predict - Status: 200 - Czas: 70.44ms
[2025-12-20 13:26:50] [INFO] REQ: POST /predict - Status: 200 - Czas: 70.59ms
[2025-12-20 13:26:50] [INFO] REQ: POST /predict - Status: 200 - Czas: 74.59ms
[2025-12-20 13:26:50] [INFO] REQ: POST /predict - Status: 200 - Czas: 74.72ms
[2025-12-20 13:26:50] [INFO] REQ: POST /predict - Status: 200 - Czas: 74.91ms
[2025-12-20 13:26:50] [INFO] REQ: POST /predict - Status: 200 - Czas: 75.08ms
[2025-12-20 13:26:50] [INFO] REQ: POST /predict - Status: 200 - Czas: 75.26ms
[2025-12-20 13:26:50] [INFO] REQ: POST /predict - Status: 200 - Czas: 75.40ms
[2025-12-20 13:26:50] [INFO] REQ: POST /predict - Status: 200 - Czas: 75.57ms
[2025-12-20 13:26:50] [INFO] REQ: POST /predict - Status: 200 - Czas: 75.74ms
[2025-12-20 13:26:50] [INFO] REQ: POST /predict - Status: 200 - Czas: 75.90ms
[2025-12-20 13:26:50] [INFO] REQ: POST /predict - Status: 200 - Czas: 76.08ms
[2025-12-20 13:26:50] [INFO] REQ: POST /predict - Status: 200 - Czas: 76.25ms
[2025-12-20 13:26:50] [INFO] REQ: POST /predict - Status: 200 - Czas: 76.38ms
[2025-12-20 13:26:50] [INFO] REQ: POST /predict - Status: 200 - Czas: 76.54ms
[2025-12-20 13:26:50] [INFO] REQ: POST /predict - Status: 200 - Czas: 76.72ms
[2025-12-20 13:26:50] [INFO] REQ: POST /predict - Status: 200 - Czas: 76.88ms
[2025-12-20 13:26:50] [INFO] REQ: POST /predict - Status: 200 - Czas: 81.40ms
[2025-12-20 13:26:50] [INFO] REQ: POST /predict - Status: 200 - Czas: 81.57ms
[2025-12-20 13:26:50] [INFO] REQ: POST /predict - Status: 200 - Czas: 81.71ms
[2025-12-20 13:26:50] [INFO] REQ: POST /predict - Status: 200 - Czas: 81.85ms
[2025-12-20 13:26:50] [INFO] REQ: POST /predict - Status: 200 - Czas: 81.98ms
[2025-12-20 13:26:50] [INFO] REQ: POST /predict - Status: 200 - Czas: 82.14ms
[2025-12-20 13:26:50] [INFO] REQ: POST /predict - Status: 200 - Czas: 82.30ms
[2025-12-20 13:26:50] [INFO] REQ: POST /predict - Status: 200 - Czas: 82.44ms
[2025-12-20 13:26:50] [INFO] REQ: POST /predict - Status: 200 - Czas: 82.59ms
[2025-12-20 13:26:50] [INFO] REQ: POST /predict - Status: 200 - Czas: 75.46ms
[2025-12-20 13:26:50] [INFO] REQ: POST /predict - Status: 200 - Czas: 75.61ms
[2025-12-20 13:26:50] [INFO] REQ: POST /predict - Status: 200 - Czas: 75.78ms
[2025-12-20 13:26:50] [INFO] REQ: POST /predict - Status: 200 - Czas: 68.67ms
[2025-12-20 13:26:50] [INFO] REQ: POST /predict - Status: 200 - Czas: 68.84ms
[2025-12-20 13:26:50] [INFO] REQ: POST /predict - Status: 200 - Czas: 48.02ms
[2025-12-20 13:26:50] [INFO] REQ: POST /predict - Status: 200 - Czas: 48.17ms
[2025-12-20 13:26:50] [INFO] REQ: POST /predict - Status: 200 - Czas: 48.30ms
[2025-12-20 13:26:50] [INFO] REQ: POST /predict - Status: 200 - Czas: 48.44ms
[2025-12-20 13:26:50] [INFO] REQ: POST /predict - Status: 200 - Czas: 48.60ms
[2025-12-20 13:26:50] [INFO] REQ: POST /predict - Status: 200 - Czas: 48.72ms
[2025-12-20 13:26:50] [INFO] REQ: POST /predict - Status: 200 - Czas: 48.94ms
[2025-12-20 13:26:50] [INFO] REQ: POST /predict - Status: 200 - Czas: 49.09ms
[2025-12-20 13:26:50] [INFO] REQ: POST /predict - Status: 200 - Czas: 49.22ms
[2025-12-20 13:26:50] [INFO] REQ: POST /predict - Status: 200 - Czas: 49.34ms
[2025-12-20 13:26:50] [INFO] REQ: POST /predict - Status: 200 - Czas: 49.12ms
[2025-12-20 13:26:50] [INFO] REQ: POST /predict - Status: 200 - Czas: 49.22ms
[2025-12-20 13:26:50] [INFO] REQ: POST /predict - Status: 200 - Czas: 49.39ms
[2025-12-20 13:26:50] [INFO] REQ: POST /predict - Status: 200 - Czas: 49.53ms
[2025-12-20 13:26:50] [INFO] REQ: POST /predict - Status: 200 - Czas: 49.62ms
[2025-12-20 13:26:50] [INFO] REQ: POST /predict - Status: 200 - Czas: 49.74ms
[2025-12-20 13:26:50] [INFO] REQ: POST /predict - Status: 200 - Czas: 49.91ms
[2025-12-20 13:26:50] [INFO] REQ: POST /predict - Status: 200 - Czas: 50.08ms
[2025-12-20 13:26:50] [INFO] REQ: POST /predict - Status: 200 - Czas: 50.23ms
[2025-12-20 13:26:50] [INFO] REQ: POST /predict - Status: 200 - Czas: 50.36ms
[2025-12-20 13:26:50] [ERROR] Exception in ASGI application
Traceback (most recent call last):
  File "/usr/local/lib/python3.12/site-packages/starlette/_exception_handler.py", line 42, in wrapped_app
    await app(scope, receive, sender)
  File "/usr/local/lib/python3.12/site-packages/fastapi/routing.py", line 106, in app
    response = await f(request)
               ^^^^^^^^^^^^^^^^
  File "/usr/local/lib/python3.12/site-packages/fastapi/routing.py", line 472, in app
    raise validation_error
fastapi.exceptions.RequestValidationError: 1 validation error:
  {'type': 'string_type', 'loc': ('body', 'text'), 'msg': 'Input should be a valid string', 'input': nan}

  File "/project/app/server_fastapi.py", line 60, in predict_endpoint
    POST /predict

The above exception was the direct cause of the following exception:

Traceback (most recent call last):
  File "/usr/local/lib/python3.12/site-packages/uvicorn/protocols/http/httptools_impl.py", line 409, in run_asgi
    result = await app(  # type: ignore[func-returns-value]
             ^^^^^^^^^^^^^^^^^^^^^^^^^^^^^^^^^^^^^^^^^^^^^^
  File "/usr/local/lib/python3.12/site-packages/uvicorn/middleware/proxy_headers.py", line 60, in __call__
    return await self.app(scope, receive, send)
           ^^^^^^^^^^^^^^^^^^^^^^^^^^^^^^^^^^^^
  File "/usr/local/lib/python3.12/site-packages/fastapi/applications.py", line 1139, in __call__
    await super().__call__(scope, receive, send)
  File "/usr/local/lib/python3.12/site-packages/starlette/applications.py", line 107, in __call__
    await self.middleware_stack(scope, receive, send)
  File "/usr/local/lib/python3.12/site-packages/starlette/middleware/errors.py", line 186, in __call__
    raise exc
  File "/usr/local/lib/python3.12/site-packages/starlette/middleware/errors.py", line 164, in __call__
    await self.app(scope, receive, _send)
  File "/usr/local/lib/python3.12/site-packages/starlette/middleware/base.py", line 191, in __call__
    with recv_stream, send_stream, collapse_excgroups():
                                   ^^^^^^^^^^^^^^^^^^^^
  File "/usr/local/lib/python3.12/contextlib.py", line 158, in __exit__
    self.gen.throw(value)
  File "/usr/local/lib/python3.12/site-packages/starlette/_utils.py", line 85, in collapse_excgroups
    raise exc
  File "/usr/local/lib/python3.12/site-packages/starlette/middleware/base.py", line 193, in __call__
    response = await self.dispatch_func(request, call_next)
               ^^^^^^^^^^^^^^^^^^^^^^^^^^^^^^^^^^^^^^^^^^^^
  File "/project/app/server_fastapi.py", line 41, in log_requests
    response: Response = await call_next(request)
                         ^^^^^^^^^^^^^^^^^^^^^^^^
  File "/usr/local/lib/python3.12/site-packages/starlette/middleware/base.py", line 168, in call_next
    raise app_exc from app_exc.__cause__ or app_exc.__context__
  File "/usr/local/lib/python3.12/site-packages/starlette/middleware/base.py", line 144, in coro
    await self.app(scope, receive_or_disconnect, send_no_error)
  File "/usr/local/lib/python3.12/site-packages/starlette/middleware/exceptions.py", line 63, in __call__
    await wrap_app_handling_exceptions(self.app, conn)(scope, receive, send)
  File "/usr/local/lib/python3.12/site-packages/starlette/_exception_handler.py", line 53, in wrapped_app
    raise exc
  File "/usr/local/lib/python3.12/site-packages/starlette/_exception_handler.py", line 42, in wrapped_app
    await app(scope, receive, sender)
  File "/usr/local/lib/python3.12/site-packages/fastapi/middleware/asyncexitstack.py", line 18, in __call__
    await self.app(scope, receive, send)
  File "/usr/local/lib/python3.12/site-packages/starlette/routing.py", line 716, in __call__
    await self.middleware_stack(scope, receive, send)
  File "/usr/local/lib/python3.12/site-packages/starlette/routing.py", line 736, in app
    await route.handle(scope, receive, send)
  File "/usr/local/lib/python3.12/site-packages/starlette/routing.py", line 290, in handle
    await self.app(scope, receive, send)
  File "/usr/local/lib/python3.12/site-packages/fastapi/routing.py", line 120, in app
    await wrap_app_handling_exceptions(app, request)(scope, receive, send)
  File "/usr/local/lib/python3.12/site-packages/starlette/_exception_handler.py", line 59, in wrapped_app
    response = await handler(conn, exc)
               ^^^^^^^^^^^^^^^^^^^^^^^^
  File "/usr/local/lib/python3.12/site-packages/fastapi/exception_handlers.py", line 23, in request_validation_exception_handler
    return JSONResponse(
           ^^^^^^^^^^^^^
  File "/usr/local/lib/python3.12/site-packages/starlette/responses.py", line 189, in __init__
    super().__init__(content, status_code, headers, media_type, background)
  File "/usr/local/lib/python3.12/site-packages/starlette/responses.py", line 46, in __init__
    self.body = self.render(content)
                ^^^^^^^^^^^^^^^^^^^^
  File "/usr/local/lib/python3.12/site-packages/starlette/responses.py", line 192, in render
    return json.dumps(
           ^^^^^^^^^^^
  File "/usr/local/lib/python3.12/json/__init__.py", line 238, in dumps
    **kw).encode(obj)
          ^^^^^^^^^^^
  File "/usr/local/lib/python3.12/json/encoder.py", line 200, in encode
    chunks = self.iterencode(o, _one_shot=True)
             ^^^^^^^^^^^^^^^^^^^^^^^^^^^^^^^^^^
  File "/usr/local/lib/python3.12/json/encoder.py", line 258, in iterencode
    return _iterencode(o, 0)
           ^^^^^^^^^^^^^^^^^
ValueError: Out of range float values are not JSON compliant: nan
[2025-12-20 13:26:50] [INFO] REQ: POST /predict - Status: 200 - Czas: 50.41ms
[2025-12-20 13:26:50] [INFO] REQ: POST /predict - Status: 200 - Czas: 61.11ms
[2025-12-20 13:26:50] [INFO] REQ: POST /predict - Status: 200 - Czas: 61.32ms
[2025-12-20 13:26:50] [INFO] REQ: POST /predict - Status: 200 - Czas: 61.42ms
[2025-12-20 13:26:50] [INFO] REQ: POST /predict - Status: 200 - Czas: 61.57ms
[2025-12-20 13:26:50] [INFO] REQ: POST /predict - Status: 200 - Czas: 61.74ms
[2025-12-20 13:26:50] [INFO] REQ: POST /predict - Status: 200 - Czas: 61.91ms
[2025-12-20 13:26:50] [INFO] REQ: POST /predict - Status: 200 - Czas: 62.07ms
[2025-12-20 13:26:50] [INFO] REQ: POST /predict - Status: 200 - Czas: 62.22ms
[2025-12-20 13:26:50] [INFO] REQ: POST /predict - Status: 200 - Czas: 62.41ms
[2025-12-20 13:26:50] [INFO] REQ: POST /predict - Status: 200 - Czas: 62.57ms
[2025-12-20 13:26:50] [INFO] REQ: POST /predict - Status: 200 - Czas: 62.74ms
[2025-12-20 13:26:50] [INFO] REQ: POST /predict - Status: 200 - Czas: 62.90ms
[2025-12-20 13:26:50] [INFO] REQ: POST /predict - Status: 200 - Czas: 63.03ms
[2025-12-20 13:26:50] [INFO] REQ: POST /predict - Status: 200 - Czas: 63.20ms
[2025-12-20 13:26:50] [INFO] REQ: POST /predict - Status: 200 - Czas: 63.36ms
[2025-12-20 13:26:50] [INFO] REQ: POST /predict - Status: 200 - Czas: 63.54ms
[2025-12-20 13:26:50] [INFO] REQ: POST /predict - Status: 200 - Czas: 63.71ms
[2025-12-20 13:26:50] [INFO] REQ: POST /predict - Status: 200 - Czas: 63.85ms
[2025-12-20 13:26:50] [INFO] REQ: POST /predict - Status: 200 - Czas: 64.00ms
[2025-12-20 13:26:50] [INFO] REQ: POST /predict - Status: 200 - Czas: 64.14ms
[2025-12-20 13:26:50] [INFO] REQ: POST /predict - Status: 200 - Czas: 70.29ms
[2025-12-20 13:26:50] [INFO] REQ: POST /predict - Status: 200 - Czas: 70.47ms
[2025-12-20 13:26:50] [INFO] REQ: POST /predict - Status: 200 - Czas: 70.62ms
[2025-12-20 13:26:50] [INFO] REQ: POST /predict - Status: 200 - Czas: 70.71ms
[2025-12-20 13:26:50] [INFO] REQ: POST /predict - Status: 200 - Czas: 70.85ms
[2025-12-20 13:26:50] [INFO] REQ: POST /predict - Status: 200 - Czas: 71.00ms
[2025-12-20 13:26:50] [INFO] REQ: POST /predict - Status: 200 - Czas: 71.09ms
[2025-12-20 13:26:50] [INFO] REQ: POST /predict - Status: 200 - Czas: 71.23ms
[2025-12-20 13:26:50] [INFO] REQ: POST /predict - Status: 200 - Czas: 71.38ms
[2025-12-20 13:26:50] [INFO] REQ: POST /predict - Status: 200 - Czas: 71.50ms
[2025-12-20 13:26:50] [INFO] REQ: POST /predict - Status: 200 - Czas: 71.66ms
[2025-12-20 13:26:50] [INFO] REQ: POST /predict - Status: 200 - Czas: 71.81ms
[2025-12-20 13:26:50] [INFO] REQ: POST /predict - Status: 200 - Czas: 71.95ms
[2025-12-20 13:26:50] [INFO] REQ: POST /predict - Status: 200 - Czas: 72.04ms
[2025-12-20 13:26:50] [INFO] REQ: POST /predict - Status: 200 - Czas: 72.17ms
[2025-12-20 13:26:50] [INFO] REQ: POST /predict - Status: 200 - Czas: 72.32ms
[2025-12-20 13:26:50] [INFO] REQ: POST /predict - Status: 200 - Czas: 72.45ms
[2025-12-20 13:26:50] [INFO] REQ: POST /predict - Status: 200 - Czas: 72.57ms
[2025-12-20 13:26:50] [INFO] REQ: POST /predict - Status: 200 - Czas: 72.72ms
[2025-12-20 13:26:50] [INFO] REQ: POST /predict - Status: 200 - Czas: 72.86ms
[2025-12-20 13:26:50] [INFO] REQ: POST /predict - Status: 200 - Czas: 73.00ms
[2025-12-20 13:26:50] [INFO] REQ: POST /predict - Status: 200 - Czas: 73.13ms
[2025-12-20 13:26:50] [INFO] REQ: POST /predict - Status: 200 - Czas: 73.28ms
[2025-12-20 13:26:50] [INFO] REQ: POST /predict - Status: 200 - Czas: 73.38ms
[2025-12-20 13:26:50] [INFO] REQ: POST /predict - Status: 200 - Czas: 73.49ms
[2025-12-20 13:26:50] [INFO] REQ: POST /predict - Status: 200 - Czas: 73.61ms
[2025-12-20 13:26:50] [INFO] REQ: POST /predict - Status: 200 - Czas: 73.73ms
[2025-12-20 13:26:50] [INFO] REQ: POST /predict - Status: 200 - Czas: 73.85ms
[2025-12-20 13:26:50] [INFO] REQ: POST /predict - Status: 200 - Czas: 73.98ms
[2025-12-20 13:26:50] [INFO] REQ: POST /predict - Status: 200 - Czas: 77.31ms
[2025-12-20 13:26:50] [INFO] REQ: POST /predict - Status: 200 - Czas: 77.47ms
[2025-12-20 13:26:50] [INFO] REQ: POST /predict - Status: 200 - Czas: 77.64ms
[2025-12-20 13:26:50] [INFO] REQ: POST /predict - Status: 200 - Czas: 77.79ms
[2025-12-20 13:26:50] [INFO] REQ: POST /predict - Status: 200 - Czas: 77.94ms
[2025-12-20 13:26:50] [INFO] REQ: POST /predict - Status: 200 - Czas: 78.14ms
[2025-12-20 13:26:50] [INFO] REQ: POST /predict - Status: 200 - Czas: 78.27ms
[2025-12-20 13:26:50] [INFO] REQ: POST /predict - Status: 200 - Czas: 78.39ms
[2025-12-20 13:26:50] [INFO] REQ: POST /predict - Status: 200 - Czas: 78.53ms
[2025-12-20 13:26:50] [INFO] REQ: POST /predict - Status: 200 - Czas: 78.76ms
[2025-12-20 13:26:50] [INFO] REQ: POST /predict - Status: 200 - Czas: 78.92ms
[2025-12-20 13:26:50] [INFO] REQ: POST /predict - Status: 200 - Czas: 79.02ms
[2025-12-20 13:26:50] [INFO] REQ: POST /predict - Status: 200 - Czas: 79.16ms
[2025-12-20 13:26:50] [INFO] REQ: POST /predict - Status: 200 - Czas: 79.30ms
[2025-12-20 13:26:50] [INFO] REQ: POST /predict - Status: 200 - Czas: 79.49ms
[2025-12-20 13:26:50] [INFO] REQ: POST /predict - Status: 200 - Czas: 82.53ms
[2025-12-20 13:26:50] [INFO] REQ: POST /predict - Status: 200 - Czas: 82.70ms
[2025-12-20 13:26:50] [INFO] REQ: POST /predict - Status: 200 - Czas: 82.87ms
[2025-12-20 13:26:50] [INFO] REQ: POST /predict - Status: 200 - Czas: 83.02ms
[2025-12-20 13:26:50] [INFO] REQ: POST /predict - Status: 200 - Czas: 83.16ms
[2025-12-20 13:26:50] [INFO] REQ: POST /predict - Status: 200 - Czas: 83.33ms
[2025-12-20 13:26:50] [INFO] REQ: POST /predict - Status: 200 - Czas: 83.51ms
[2025-12-20 13:26:50] [INFO] REQ: POST /predict - Status: 200 - Czas: 83.65ms
[2025-12-20 13:26:50] [INFO] REQ: POST /predict - Status: 200 - Czas: 83.73ms
[2025-12-20 13:26:50] [INFO] REQ: POST /predict - Status: 200 - Czas: 77.01ms
[2025-12-20 13:26:50] [INFO] REQ: POST /predict - Status: 200 - Czas: 77.21ms
[2025-12-20 13:26:50] [INFO] REQ: POST /predict - Status: 200 - Czas: 77.35ms
[2025-12-20 13:26:50] [INFO] REQ: POST /predict - Status: 200 - Czas: 69.54ms
[2025-12-20 13:26:50] [INFO] REQ: POST /predict - Status: 200 - Czas: 69.67ms
[2025-12-20 13:26:50] [INFO] REQ: POST /predict - Status: 200 - Czas: 46.55ms
[2025-12-20 13:26:50] [INFO] REQ: POST /predict - Status: 200 - Czas: 46.68ms
[2025-12-20 13:26:50] [INFO] REQ: POST /predict - Status: 200 - Czas: 46.81ms
[2025-12-20 13:26:50] [INFO] REQ: POST /predict - Status: 200 - Czas: 46.95ms
[2025-12-20 13:26:50] [INFO] REQ: POST /predict - Status: 200 - Czas: 47.08ms
[2025-12-20 13:26:50] [INFO] REQ: POST /predict - Status: 200 - Czas: 47.22ms
[2025-12-20 13:26:50] [INFO] REQ: POST /predict - Status: 200 - Czas: 47.35ms
[2025-12-20 13:26:50] [INFO] REQ: POST /predict - Status: 200 - Czas: 47.48ms
[2025-12-20 13:26:50] [INFO] REQ: POST /predict - Status: 200 - Czas: 47.63ms
[2025-12-20 13:26:50] [INFO] REQ: POST /predict - Status: 200 - Czas: 47.76ms
[2025-12-20 13:26:50] [INFO] REQ: POST /predict - Status: 200 - Czas: 47.61ms
[2025-12-20 13:26:50] [INFO] REQ: POST /predict - Status: 200 - Czas: 47.73ms
[2025-12-20 13:26:50] [INFO] REQ: POST /predict - Status: 200 - Czas: 47.82ms
[2025-12-20 13:26:50] [INFO] REQ: POST /predict - Status: 200 - Czas: 47.95ms
[2025-12-20 13:26:50] [INFO] REQ: POST /predict - Status: 200 - Czas: 48.10ms
[2025-12-20 13:26:50] [INFO] REQ: POST /predict - Status: 200 - Czas: 48.21ms
[2025-12-20 13:26:50] [INFO] REQ: POST /predict - Status: 200 - Czas: 48.36ms
[2025-12-20 13:26:50] [INFO] REQ: POST /predict - Status: 200 - Czas: 48.50ms
[2025-12-20 13:26:50] [INFO] REQ: POST /predict - Status: 200 - Czas: 48.62ms
[2025-12-20 13:26:50] [INFO] REQ: POST /predict - Status: 200 - Czas: 48.75ms
[2025-12-20 13:26:50] [INFO] REQ: POST /predict - Status: 200 - Czas: 48.83ms
[2025-12-20 13:26:50] [INFO] REQ: POST /predict - Status: 200 - Czas: 58.47ms
[2025-12-20 13:26:50] [INFO] REQ: POST /predict - Status: 200 - Czas: 58.66ms
[2025-12-20 13:26:50] [INFO] REQ: POST /predict - Status: 200 - Czas: 58.85ms
[2025-12-20 13:26:50] [INFO] REQ: POST /predict - Status: 200 - Czas: 58.90ms
[2025-12-20 13:26:50] [INFO] REQ: POST /predict - Status: 200 - Czas: 59.01ms
[2025-12-20 13:26:50] [INFO] REQ: POST /predict - Status: 200 - Czas: 59.17ms
[2025-12-20 13:26:50] [INFO] REQ: POST /predict - Status: 200 - Czas: 59.31ms
[2025-12-20 13:26:50] [INFO] REQ: POST /predict - Status: 200 - Czas: 59.46ms
[2025-12-20 13:26:50] [INFO] REQ: POST /predict - Status: 200 - Czas: 59.58ms
[2025-12-20 13:26:50] [INFO] REQ: POST /predict - Status: 200 - Czas: 59.69ms
[2025-12-20 13:26:50] [INFO] REQ: POST /predict - Status: 200 - Czas: 59.78ms
[2025-12-20 13:26:50] [INFO] REQ: POST /predict - Status: 200 - Czas: 59.90ms
[2025-12-20 13:26:50] [INFO] REQ: POST /predict - Status: 200 - Czas: 60.03ms
[2025-12-20 13:26:50] [INFO] REQ: POST /predict - Status: 200 - Czas: 60.21ms
[2025-12-20 13:26:50] [INFO] REQ: POST /predict - Status: 200 - Czas: 60.30ms
[2025-12-20 13:26:50] [INFO] REQ: POST /predict - Status: 200 - Czas: 60.46ms
[2025-12-20 13:26:50] [INFO] REQ: POST /predict - Status: 200 - Czas: 60.65ms
[2025-12-20 13:26:50] [INFO] REQ: POST /predict - Status: 200 - Czas: 60.75ms
[2025-12-20 13:26:50] [INFO] REQ: POST /predict - Status: 200 - Czas: 60.95ms
[2025-12-20 13:26:50] [INFO] REQ: POST /predict - Status: 200 - Czas: 61.13ms
[2025-12-20 13:26:50] [INFO] REQ: POST /predict - Status: 200 - Czas: 67.71ms
[2025-12-20 13:26:50] [INFO] REQ: POST /predict - Status: 200 - Czas: 67.91ms
[2025-12-20 13:26:50] [INFO] REQ: POST /predict - Status: 200 - Czas: 68.10ms
[2025-12-20 13:26:50] [INFO] REQ: POST /predict - Status: 200 - Czas: 68.25ms
[2025-12-20 13:26:50] [INFO] REQ: POST /predict - Status: 200 - Czas: 68.44ms
[2025-12-20 13:26:50] [INFO] REQ: POST /predict - Status: 200 - Czas: 68.64ms
[2025-12-20 13:26:50] [INFO] REQ: POST /predict - Status: 200 - Czas: 68.78ms
[2025-12-20 13:26:50] [INFO] REQ: POST /predict - Status: 200 - Czas: 68.97ms
[2025-12-20 13:26:50] [INFO] REQ: POST /predict - Status: 200 - Czas: 69.12ms
[2025-12-20 13:26:50] [INFO] REQ: POST /predict - Status: 200 - Czas: 69.28ms
[2025-12-20 13:26:50] [INFO] REQ: POST /predict - Status: 200 - Czas: 69.44ms
[2025-12-20 13:26:50] [INFO] REQ: POST /predict - Status: 200 - Czas: 69.60ms
[2025-12-20 13:26:50] [INFO] REQ: POST /predict - Status: 200 - Czas: 69.75ms
[2025-12-20 13:26:50] [INFO] REQ: POST /predict - Status: 200 - Czas: 69.87ms
[2025-12-20 13:26:50] [INFO] REQ: POST /predict - Status: 200 - Czas: 70.08ms
[2025-12-20 13:26:50] [INFO] REQ: POST /predict - Status: 200 - Czas: 70.24ms
[2025-12-20 13:26:50] [INFO] REQ: POST /predict - Status: 200 - Czas: 70.36ms
[2025-12-20 13:26:50] [INFO] REQ: POST /predict - Status: 200 - Czas: 70.53ms
[2025-12-20 13:26:50] [INFO] REQ: POST /predict - Status: 200 - Czas: 70.69ms
[2025-12-20 13:26:50] [INFO] REQ: POST /predict - Status: 200 - Czas: 70.82ms
[2025-12-20 13:26:50] [INFO] REQ: POST /predict - Status: 200 - Czas: 70.99ms
[2025-12-20 13:26:50] [INFO] REQ: POST /predict - Status: 200 - Czas: 71.17ms
[2025-12-20 13:26:50] [INFO] REQ: POST /predict - Status: 200 - Czas: 71.29ms
[2025-12-20 13:26:50] [INFO] REQ: POST /predict - Status: 200 - Czas: 71.36ms
[2025-12-20 13:26:50] [INFO] REQ: POST /predict - Status: 200 - Czas: 71.45ms
[2025-12-20 13:26:50] [INFO] REQ: POST /predict - Status: 200 - Czas: 71.53ms
[2025-12-20 13:26:50] [INFO] REQ: POST /predict - Status: 200 - Czas: 71.62ms
[2025-12-20 13:26:50] [INFO] REQ: POST /predict - Status: 200 - Czas: 71.71ms
[2025-12-20 13:26:50] [INFO] REQ: POST /predict - Status: 200 - Czas: 71.82ms
[2025-12-20 13:26:50] [INFO] REQ: POST /predict - Status: 200 - Czas: 74.38ms
[2025-12-20 13:26:50] [INFO] REQ: POST /predict - Status: 200 - Czas: 74.54ms
[2025-12-20 13:26:50] [INFO] REQ: POST /predict - Status: 200 - Czas: 74.62ms
[2025-12-20 13:26:50] [INFO] REQ: POST /predict - Status: 200 - Czas: 74.76ms
[2025-12-20 13:26:50] [INFO] REQ: POST /predict - Status: 200 - Czas: 74.88ms
[2025-12-20 13:26:50] [INFO] REQ: POST /predict - Status: 200 - Czas: 75.01ms
[2025-12-20 13:26:50] [INFO] REQ: POST /predict - Status: 200 - Czas: 75.16ms
[2025-12-20 13:26:50] [INFO] REQ: POST /predict - Status: 200 - Czas: 75.31ms
[2025-12-20 13:26:50] [INFO] REQ: POST /predict - Status: 200 - Czas: 75.47ms
[2025-12-20 13:26:50] [INFO] REQ: POST /predict - Status: 200 - Czas: 75.60ms
[2025-12-20 13:26:50] [INFO] REQ: POST /predict - Status: 200 - Czas: 75.73ms
[2025-12-20 13:26:50] [INFO] REQ: POST /predict - Status: 200 - Czas: 75.87ms
[2025-12-20 13:26:50] [INFO] REQ: POST /predict - Status: 200 - Czas: 76.00ms
[2025-12-20 13:26:50] [INFO] REQ: POST /predict - Status: 200 - Czas: 76.15ms
[2025-12-20 13:26:50] [INFO] REQ: POST /predict - Status: 200 - Czas: 76.30ms
[2025-12-20 13:26:50] [INFO] REQ: POST /predict - Status: 200 - Czas: 76.42ms
[2025-12-20 13:26:50] [INFO] REQ: POST /predict - Status: 200 - Czas: 79.31ms
[2025-12-20 13:26:50] [INFO] REQ: POST /predict - Status: 200 - Czas: 79.50ms
[2025-12-20 13:26:50] [INFO] REQ: POST /predict - Status: 200 - Czas: 79.68ms
[2025-12-20 13:26:50] [INFO] REQ: POST /predict - Status: 200 - Czas: 79.86ms
[2025-12-20 13:26:50] [INFO] REQ: POST /predict - Status: 200 - Czas: 80.03ms
[2025-12-20 13:26:50] [INFO] REQ: POST /predict - Status: 200 - Czas: 80.17ms
[2025-12-20 13:26:50] [INFO] REQ: POST /predict - Status: 200 - Czas: 80.37ms
[2025-12-20 13:26:50] [INFO] REQ: POST /predict - Status: 200 - Czas: 80.48ms
[2025-12-20 13:26:50] [INFO] REQ: POST /predict - Status: 200 - Czas: 80.60ms
[2025-12-20 13:26:50] [INFO] REQ: POST /predict - Status: 200 - Czas: 75.13ms
[2025-12-20 13:26:50] [INFO] REQ: POST /predict - Status: 200 - Czas: 75.31ms
[2025-12-20 13:26:50] [INFO] REQ: POST /predict - Status: 200 - Czas: 75.48ms
[2025-12-20 13:26:50] [INFO] REQ: POST /predict - Status: 200 - Czas: 67.46ms
[2025-12-20 13:26:50] [INFO] REQ: POST /predict - Status: 200 - Czas: 67.61ms
[2025-12-20 13:26:50] [INFO] REQ: POST /predict - Status: 200 - Czas: 44.28ms
[2025-12-20 13:26:50] [INFO] REQ: POST /predict - Status: 200 - Czas: 44.43ms
[2025-12-20 13:26:50] [INFO] REQ: POST /predict - Status: 200 - Czas: 44.57ms
[2025-12-20 13:26:50] [INFO] REQ: POST /predict - Status: 200 - Czas: 44.71ms
[2025-12-20 13:26:50] [INFO] REQ: POST /predict - Status: 200 - Czas: 44.85ms
[2025-12-20 13:26:50] [INFO] REQ: POST /predict - Status: 200 - Czas: 45.01ms
[2025-12-20 13:26:50] [INFO] REQ: POST /predict - Status: 200 - Czas: 45.15ms
[2025-12-20 13:26:50] [INFO] REQ: POST /predict - Status: 200 - Czas: 45.30ms
[2025-12-20 13:26:50] [INFO] REQ: POST /predict - Status: 200 - Czas: 45.45ms
[2025-12-20 13:26:50] [INFO] REQ: POST /predict - Status: 200 - Czas: 45.62ms
[2025-12-20 13:26:50] [INFO] REQ: POST /predict - Status: 200 - Czas: 45.43ms
[2025-12-20 13:26:50] [INFO] REQ: POST /predict - Status: 200 - Czas: 45.56ms
[2025-12-20 13:26:50] [ERROR] Exception in ASGI application
Traceback (most recent call last):
  File "/usr/local/lib/python3.12/site-packages/starlette/_exception_handler.py", line 42, in wrapped_app
    await app(scope, receive, sender)
  File "/usr/local/lib/python3.12/site-packages/fastapi/routing.py", line 106, in app
    response = await f(request)
               ^^^^^^^^^^^^^^^^
  File "/usr/local/lib/python3.12/site-packages/fastapi/routing.py", line 472, in app
    raise validation_error
fastapi.exceptions.RequestValidationError: 1 validation error:
  {'type': 'string_type', 'loc': ('body', 'text'), 'msg': 'Input should be a valid string', 'input': nan}

  File "/project/app/server_fastapi.py", line 60, in predict_endpoint
    POST /predict

The above exception was the direct cause of the following exception:

Traceback (most recent call last):
  File "/usr/local/lib/python3.12/site-packages/uvicorn/protocols/http/httptools_impl.py", line 409, in run_asgi
    result = await app(  # type: ignore[func-returns-value]
             ^^^^^^^^^^^^^^^^^^^^^^^^^^^^^^^^^^^^^^^^^^^^^^
  File "/usr/local/lib/python3.12/site-packages/uvicorn/middleware/proxy_headers.py", line 60, in __call__
    return await self.app(scope, receive, send)
           ^^^^^^^^^^^^^^^^^^^^^^^^^^^^^^^^^^^^
  File "/usr/local/lib/python3.12/site-packages/fastapi/applications.py", line 1139, in __call__
    await super().__call__(scope, receive, send)
  File "/usr/local/lib/python3.12/site-packages/starlette/applications.py", line 107, in __call__
    await self.middleware_stack(scope, receive, send)
  File "/usr/local/lib/python3.12/site-packages/starlette/middleware/errors.py", line 186, in __call__
    raise exc
  File "/usr/local/lib/python3.12/site-packages/starlette/middleware/errors.py", line 164, in __call__
    await self.app(scope, receive, _send)
  File "/usr/local/lib/python3.12/site-packages/starlette/middleware/base.py", line 191, in __call__
    with recv_stream, send_stream, collapse_excgroups():
                                   ^^^^^^^^^^^^^^^^^^^^
  File "/usr/local/lib/python3.12/contextlib.py", line 158, in __exit__
    self.gen.throw(value)
  File "/usr/local/lib/python3.12/site-packages/starlette/_utils.py", line 85, in collapse_excgroups
    raise exc
  File "/usr/local/lib/python3.12/site-packages/starlette/middleware/base.py", line 193, in __call__
    response = await self.dispatch_func(request, call_next)
               ^^^^^^^^^^^^^^^^^^^^^^^^^^^^^^^^^^^^^^^^^^^^
  File "/project/app/server_fastapi.py", line 41, in log_requests
    response: Response = await call_next(request)
                         ^^^^^^^^^^^^^^^^^^^^^^^^
  File "/usr/local/lib/python3.12/site-packages/starlette/middleware/base.py", line 168, in call_next
    raise app_exc from app_exc.__cause__ or app_exc.__context__
  File "/usr/local/lib/python3.12/site-packages/starlette/middleware/base.py", line 144, in coro
    await self.app(scope, receive_or_disconnect, send_no_error)
  File "/usr/local/lib/python3.12/site-packages/starlette/middleware/exceptions.py", line 63, in __call__
    await wrap_app_handling_exceptions(self.app, conn)(scope, receive, send)
  File "/usr/local/lib/python3.12/site-packages/starlette/_exception_handler.py", line 53, in wrapped_app
    raise exc
  File "/usr/local/lib/python3.12/site-packages/starlette/_exception_handler.py", line 42, in wrapped_app
    await app(scope, receive, sender)
  File "/usr/local/lib/python3.12/site-packages/fastapi/middleware/asyncexitstack.py", line 18, in __call__
    await self.app(scope, receive, send)
  File "/usr/local/lib/python3.12/site-packages/starlette/routing.py", line 716, in __call__
    await self.middleware_stack(scope, receive, send)
  File "/usr/local/lib/python3.12/site-packages/starlette/routing.py", line 736, in app
    await route.handle(scope, receive, send)
  File "/usr/local/lib/python3.12/site-packages/starlette/routing.py", line 290, in handle
    await self.app(scope, receive, send)
  File "/usr/local/lib/python3.12/site-packages/fastapi/routing.py", line 120, in app
    await wrap_app_handling_exceptions(app, request)(scope, receive, send)
  File "/usr/local/lib/python3.12/site-packages/starlette/_exception_handler.py", line 59, in wrapped_app
    response = await handler(conn, exc)
               ^^^^^^^^^^^^^^^^^^^^^^^^
  File "/usr/local/lib/python3.12/site-packages/fastapi/exception_handlers.py", line 23, in request_validation_exception_handler
    return JSONResponse(
           ^^^^^^^^^^^^^
  File "/usr/local/lib/python3.12/site-packages/starlette/responses.py", line 189, in __init__
    super().__init__(content, status_code, headers, media_type, background)
  File "/usr/local/lib/python3.12/site-packages/starlette/responses.py", line 46, in __init__
    self.body = self.render(content)
                ^^^^^^^^^^^^^^^^^^^^
  File "/usr/local/lib/python3.12/site-packages/starlette/responses.py", line 192, in render
    return json.dumps(
           ^^^^^^^^^^^
  File "/usr/local/lib/python3.12/json/__init__.py", line 238, in dumps
    **kw).encode(obj)
          ^^^^^^^^^^^
  File "/usr/local/lib/python3.12/json/encoder.py", line 200, in encode
    chunks = self.iterencode(o, _one_shot=True)
             ^^^^^^^^^^^^^^^^^^^^^^^^^^^^^^^^^^
  File "/usr/local/lib/python3.12/json/encoder.py", line 258, in iterencode
    return _iterencode(o, 0)
           ^^^^^^^^^^^^^^^^^
ValueError: Out of range float values are not JSON compliant: nan
[2025-12-20 13:26:50] [INFO] REQ: POST /predict - Status: 200 - Czas: 46.93ms
[2025-12-20 13:26:50] [INFO] REQ: POST /predict - Status: 200 - Czas: 47.04ms
[2025-12-20 13:26:50] [INFO] REQ: POST /predict - Status: 200 - Czas: 47.16ms
[2025-12-20 13:26:50] [INFO] REQ: POST /predict - Status: 200 - Czas: 47.30ms
[2025-12-20 13:26:50] [INFO] REQ: POST /predict - Status: 200 - Czas: 47.43ms
[2025-12-20 13:26:50] [INFO] REQ: POST /predict - Status: 200 - Czas: 47.56ms
[2025-12-20 13:26:50] [INFO] REQ: POST /predict - Status: 200 - Czas: 47.67ms
[2025-12-20 13:26:50] [INFO] REQ: POST /predict - Status: 200 - Czas: 47.75ms
[2025-12-20 13:26:50] [INFO] REQ: POST /predict - Status: 200 - Czas: 56.80ms
[2025-12-20 13:26:50] [INFO] REQ: POST /predict - Status: 200 - Czas: 56.98ms
[2025-12-20 13:26:50] [INFO] REQ: POST /predict - Status: 200 - Czas: 57.15ms
[2025-12-20 13:26:50] [INFO] REQ: POST /predict - Status: 200 - Czas: 57.23ms
[2025-12-20 13:26:50] [INFO] REQ: POST /predict - Status: 200 - Czas: 57.33ms
[2025-12-20 13:26:50] [INFO] REQ: POST /predict - Status: 200 - Czas: 57.45ms
[2025-12-20 13:26:50] [INFO] REQ: POST /predict - Status: 200 - Czas: 57.55ms
[2025-12-20 13:26:50] [INFO] REQ: POST /predict - Status: 200 - Czas: 57.65ms
[2025-12-20 13:26:50] [INFO] REQ: POST /predict - Status: 200 - Czas: 57.76ms
[2025-12-20 13:26:50] [INFO] REQ: POST /predict - Status: 200 - Czas: 57.92ms
[2025-12-20 13:26:50] [INFO] REQ: POST /predict - Status: 200 - Czas: 58.06ms
[2025-12-20 13:26:50] [INFO] REQ: POST /predict - Status: 200 - Czas: 58.20ms
[2025-12-20 13:26:50] [INFO] REQ: POST /predict - Status: 200 - Czas: 58.33ms
[2025-12-20 13:26:50] [INFO] REQ: POST /predict - Status: 200 - Czas: 58.48ms
[2025-12-20 13:26:50] [INFO] REQ: POST /predict - Status: 200 - Czas: 58.56ms
[2025-12-20 13:26:50] [INFO] REQ: POST /predict - Status: 200 - Czas: 58.69ms
[2025-12-20 13:26:50] [INFO] REQ: POST /predict - Status: 200 - Czas: 58.84ms
[2025-12-20 13:26:50] [INFO] REQ: POST /predict - Status: 200 - Czas: 58.97ms
[2025-12-20 13:26:50] [INFO] REQ: POST /predict - Status: 200 - Czas: 59.11ms
[2025-12-20 13:26:50] [INFO] REQ: POST /predict - Status: 200 - Czas: 59.25ms
[2025-12-20 13:26:50] [INFO] REQ: POST /predict - Status: 200 - Czas: 61.70ms
[2025-12-20 13:26:50] [INFO] REQ: POST /predict - Status: 200 - Czas: 61.87ms
[2025-12-20 13:26:50] [INFO] REQ: POST /predict - Status: 200 - Czas: 62.00ms
[2025-12-20 13:26:50] [INFO] REQ: POST /predict - Status: 200 - Czas: 62.08ms
[2025-12-20 13:26:50] [INFO] REQ: POST /predict - Status: 200 - Czas: 62.21ms
[2025-12-20 13:26:50] [INFO] REQ: POST /predict - Status: 200 - Czas: 62.35ms
[2025-12-20 13:26:50] [INFO] REQ: POST /predict - Status: 200 - Czas: 62.49ms
[2025-12-20 13:26:50] [INFO] REQ: POST /predict - Status: 200 - Czas: 62.63ms
[2025-12-20 13:26:50] [INFO] REQ: POST /predict - Status: 200 - Czas: 62.77ms
[2025-12-20 13:26:50] [INFO] REQ: POST /predict - Status: 200 - Czas: 62.90ms
[2025-12-20 13:26:50] [INFO] REQ: POST /predict - Status: 200 - Czas: 63.04ms
[2025-12-20 13:26:50] [INFO] REQ: POST /predict - Status: 200 - Czas: 63.18ms
[2025-12-20 13:26:50] [INFO] REQ: POST /predict - Status: 200 - Czas: 63.30ms
[2025-12-20 13:26:50] [INFO] REQ: POST /predict - Status: 200 - Czas: 63.43ms
[2025-12-20 13:26:50] [INFO] REQ: POST /predict - Status: 200 - Czas: 63.57ms
[2025-12-20 13:26:50] [INFO] REQ: POST /predict - Status: 200 - Czas: 63.72ms
[2025-12-20 13:26:50] [INFO] REQ: POST /predict - Status: 200 - Czas: 63.82ms
[2025-12-20 13:26:50] [INFO] REQ: POST /predict - Status: 200 - Czas: 63.94ms
[2025-12-20 13:26:50] [INFO] REQ: POST /predict - Status: 200 - Czas: 64.09ms
[2025-12-20 13:26:50] [INFO] REQ: POST /predict - Status: 200 - Czas: 64.22ms
[2025-12-20 13:26:50] [INFO] REQ: POST /predict - Status: 200 - Czas: 64.38ms
[2025-12-20 13:26:50] [INFO] REQ: POST /predict - Status: 200 - Czas: 64.51ms
[2025-12-20 13:26:50] [INFO] REQ: POST /predict - Status: 200 - Czas: 64.65ms
[2025-12-20 13:26:50] [INFO] REQ: POST /predict - Status: 200 - Czas: 64.76ms
[2025-12-20 13:26:50] [INFO] REQ: POST /predict - Status: 200 - Czas: 64.87ms
[2025-12-20 13:26:50] [INFO] REQ: POST /predict - Status: 200 - Czas: 64.98ms
[2025-12-20 13:26:50] [INFO] REQ: POST /predict - Status: 200 - Czas: 65.15ms
[2025-12-20 13:26:50] [INFO] REQ: POST /predict - Status: 200 - Czas: 65.27ms
[2025-12-20 13:26:50] [INFO] REQ: POST /predict - Status: 200 - Czas: 65.39ms
[2025-12-20 13:26:50] [INFO] REQ: POST /predict - Status: 200 - Czas: 63.46ms
[2025-12-20 13:26:50] [INFO] REQ: POST /predict - Status: 200 - Czas: 62.78ms
[2025-12-20 13:26:50] [INFO] REQ: POST /predict - Status: 200 - Czas: 62.90ms
[2025-12-20 13:26:50] [INFO] REQ: POST /predict - Status: 200 - Czas: 63.02ms
[2025-12-20 13:26:50] [INFO] REQ: POST /predict - Status: 200 - Czas: 63.17ms
[2025-12-20 13:26:50] [INFO] REQ: POST /predict - Status: 200 - Czas: 63.30ms
[2025-12-20 13:26:50] [INFO] REQ: POST /predict - Status: 200 - Czas: 63.43ms
[2025-12-20 13:26:50] [INFO] REQ: POST /predict - Status: 200 - Czas: 63.55ms
[2025-12-20 13:26:50] [INFO] REQ: POST /predict - Status: 200 - Czas: 63.67ms
[2025-12-20 13:27:11] [INFO] Shutting down
[2025-12-20 13:27:11] [INFO] Waiting for application shutdown.
[2025-12-20 13:27:11] [INFO] [Lifespan] Server is shutting down...
[2025-12-20 13:27:11] [INFO] Application shutdown complete.
[2025-12-20 13:27:11] [INFO] Finished server process [1]
