[2025-12-20 13:24:18] [INFO] ML model and tokenizer loaded successfully.
[2025-12-20 13:24:18] [INFO] Started server process [1]
[2025-12-20 13:24:18] [INFO] Waiting for application startup.
[2025-12-20 13:24:18] [INFO] [Lifespan] Server is starting up...
[2025-12-20 13:24:18] [INFO] Application startup complete.
[2025-12-20 13:24:18] [INFO] Uvicorn running on http://0.0.0.0:8000 (Press CTRL+C to quit)
[2025-12-20 13:24:46] [INFO] REQ: POST /predict - Status: 200 - Czas: 655.69ms
[2025-12-20 13:24:46] [INFO] REQ: POST /predict - Status: 200 - Czas: 655.98ms
[2025-12-20 13:24:46] [INFO] REQ: POST /predict - Status: 200 - Czas: 656.08ms
[2025-12-20 13:24:46] [INFO] REQ: POST /predict - Status: 200 - Czas: 656.22ms
[2025-12-20 13:24:46] [INFO] REQ: POST /predict - Status: 200 - Czas: 656.37ms
[2025-12-20 13:24:46] [INFO] REQ: POST /predict - Status: 200 - Czas: 656.51ms
[2025-12-20 13:24:46] [INFO] REQ: POST /predict - Status: 200 - Czas: 656.64ms
[2025-12-20 13:24:46] [INFO] REQ: POST /predict - Status: 200 - Czas: 656.75ms
[2025-12-20 13:24:46] [INFO] REQ: POST /predict - Status: 200 - Czas: 656.86ms
[2025-12-20 13:24:46] [INFO] REQ: POST /predict - Status: 200 - Czas: 656.97ms
[2025-12-20 13:24:46] [INFO] REQ: POST /predict - Status: 200 - Czas: 657.05ms
[2025-12-20 13:24:46] [INFO] REQ: POST /predict - Status: 200 - Czas: 657.16ms
[2025-12-20 13:24:46] [INFO] REQ: POST /predict - Status: 200 - Czas: 657.26ms
[2025-12-20 13:24:46] [INFO] REQ: POST /predict - Status: 200 - Czas: 657.39ms
[2025-12-20 13:24:46] [INFO] REQ: POST /predict - Status: 200 - Czas: 657.52ms
[2025-12-20 13:24:46] [INFO] REQ: POST /predict - Status: 200 - Czas: 657.66ms
[2025-12-20 13:24:46] [INFO] REQ: POST /predict - Status: 200 - Czas: 657.79ms
[2025-12-20 13:24:46] [INFO] REQ: POST /predict - Status: 200 - Czas: 657.90ms
[2025-12-20 13:24:46] [INFO] REQ: POST /predict - Status: 200 - Czas: 658.01ms
[2025-12-20 13:24:46] [INFO] REQ: POST /predict - Status: 200 - Czas: 658.12ms
[2025-12-20 13:24:46] [INFO] REQ: POST /predict - Status: 200 - Czas: 658.20ms
[2025-12-20 13:24:46] [INFO] REQ: POST /predict - Status: 200 - Czas: 658.30ms
[2025-12-20 13:24:46] [INFO] REQ: POST /predict - Status: 200 - Czas: 658.40ms
[2025-12-20 13:24:46] [INFO] REQ: POST /predict - Status: 200 - Czas: 658.53ms
[2025-12-20 13:24:46] [INFO] REQ: POST /predict - Status: 200 - Czas: 658.64ms
[2025-12-20 13:24:46] [INFO] REQ: POST /predict - Status: 200 - Czas: 658.75ms
[2025-12-20 13:24:46] [INFO] REQ: POST /predict - Status: 200 - Czas: 1344.49ms
[2025-12-20 13:24:46] [INFO] REQ: POST /predict - Status: 200 - Czas: 1344.78ms
[2025-12-20 13:24:46] [INFO] REQ: POST /predict - Status: 200 - Czas: 1344.93ms
[2025-12-20 13:24:46] [INFO] REQ: POST /predict - Status: 200 - Czas: 1345.03ms
[2025-12-20 13:24:46] [INFO] REQ: POST /predict - Status: 200 - Czas: 1345.19ms
[2025-12-20 13:24:46] [INFO] REQ: POST /predict - Status: 200 - Czas: 1345.31ms
[2025-12-20 13:24:46] [INFO] REQ: POST /predict - Status: 200 - Czas: 1345.43ms
[2025-12-20 13:24:46] [INFO] REQ: POST /predict - Status: 200 - Czas: 1345.56ms
[2025-12-20 13:24:46] [INFO] REQ: POST /predict - Status: 200 - Czas: 1345.70ms
[2025-12-20 13:24:46] [INFO] REQ: POST /predict - Status: 200 - Czas: 1345.84ms
[2025-12-20 13:24:46] [INFO] REQ: POST /predict - Status: 200 - Czas: 1345.99ms
[2025-12-20 13:24:46] [INFO] REQ: POST /predict - Status: 200 - Czas: 1346.13ms
[2025-12-20 13:24:46] [INFO] REQ: POST /predict - Status: 200 - Czas: 1345.73ms
[2025-12-20 13:24:46] [INFO] REQ: POST /predict - Status: 200 - Czas: 1345.85ms
[2025-12-20 13:24:46] [INFO] REQ: POST /predict - Status: 200 - Czas: 1345.98ms
[2025-12-20 13:24:46] [INFO] REQ: POST /predict - Status: 200 - Czas: 1346.12ms
[2025-12-20 13:24:46] [INFO] REQ: POST /predict - Status: 200 - Czas: 1346.21ms
[2025-12-20 13:24:46] [INFO] REQ: POST /predict - Status: 200 - Czas: 1346.33ms
[2025-12-20 13:24:46] [INFO] REQ: POST /predict - Status: 200 - Czas: 1346.46ms
[2025-12-20 13:24:46] [INFO] REQ: POST /predict - Status: 200 - Czas: 1346.59ms
[2025-12-20 13:24:46] [INFO] REQ: POST /predict - Status: 200 - Czas: 1346.72ms
[2025-12-20 13:24:47] [INFO] REQ: POST /predict - Status: 200 - Czas: 1362.11ms
[2025-12-20 13:24:47] [INFO] REQ: POST /predict - Status: 200 - Czas: 1362.36ms
[2025-12-20 13:24:47] [INFO] REQ: POST /predict - Status: 200 - Czas: 1362.50ms
[2025-12-20 13:24:47] [INFO] REQ: POST /predict - Status: 200 - Czas: 1362.57ms
[2025-12-20 13:24:47] [INFO] REQ: POST /predict - Status: 200 - Czas: 1362.67ms
[2025-12-20 13:24:47] [INFO] REQ: POST /predict - Status: 200 - Czas: 1362.76ms
[2025-12-20 13:24:47] [INFO] REQ: POST /predict - Status: 200 - Czas: 1362.85ms
[2025-12-20 13:24:47] [INFO] REQ: POST /predict - Status: 200 - Czas: 1362.94ms
[2025-12-20 13:24:47] [INFO] REQ: POST /predict - Status: 200 - Czas: 1363.04ms
[2025-12-20 13:24:47] [INFO] REQ: POST /predict - Status: 200 - Czas: 1363.17ms
[2025-12-20 13:24:47] [INFO] REQ: POST /predict - Status: 200 - Czas: 1363.27ms
[2025-12-20 13:24:47] [INFO] REQ: POST /predict - Status: 200 - Czas: 1363.36ms
[2025-12-20 13:24:47] [INFO] REQ: POST /predict - Status: 200 - Czas: 1363.44ms
[2025-12-20 13:24:47] [INFO] REQ: POST /predict - Status: 200 - Czas: 1363.60ms
[2025-12-20 13:24:47] [INFO] REQ: POST /predict - Status: 200 - Czas: 1363.73ms
[2025-12-20 13:24:47] [INFO] REQ: POST /predict - Status: 200 - Czas: 1363.87ms
[2025-12-20 13:24:47] [INFO] REQ: POST /predict - Status: 200 - Czas: 1363.96ms
[2025-12-20 13:24:47] [INFO] REQ: POST /predict - Status: 200 - Czas: 1364.06ms
[2025-12-20 13:24:47] [INFO] REQ: POST /predict - Status: 200 - Czas: 1364.15ms
[2025-12-20 13:24:47] [INFO] REQ: POST /predict - Status: 200 - Czas: 1364.24ms
[2025-12-20 13:24:47] [INFO] REQ: POST /predict - Status: 200 - Czas: 1364.32ms
[2025-12-20 13:24:47] [INFO] REQ: POST /predict - Status: 200 - Czas: 1364.38ms
[2025-12-20 13:24:47] [INFO] REQ: POST /predict - Status: 200 - Czas: 1364.45ms
[2025-12-20 13:24:47] [INFO] REQ: POST /predict - Status: 200 - Czas: 1364.53ms
[2025-12-20 13:24:47] [INFO] REQ: POST /predict - Status: 200 - Czas: 1364.62ms
[2025-12-20 13:24:47] [INFO] REQ: POST /predict - Status: 200 - Czas: 1364.75ms
[2025-12-20 13:24:47] [INFO] REQ: POST /predict - Status: 200 - Czas: 1364.86ms
[2025-12-20 13:24:47] [INFO] REQ: POST /predict - Status: 200 - Czas: 1364.98ms
[2025-12-20 13:24:47] [INFO] REQ: POST /predict - Status: 200 - Czas: 1365.08ms
[2025-12-20 13:24:47] [INFO] REQ: POST /predict - Status: 200 - Czas: 1365.18ms
[2025-12-20 13:24:47] [INFO] REQ: POST /predict - Status: 200 - Czas: 1365.30ms
[2025-12-20 13:24:47] [INFO] REQ: POST /predict - Status: 200 - Czas: 1365.38ms
[2025-12-20 13:24:47] [INFO] REQ: POST /predict - Status: 200 - Czas: 1365.48ms
[2025-12-20 13:24:47] [INFO] REQ: POST /predict - Status: 200 - Czas: 1365.60ms
[2025-12-20 13:24:47] [INFO] REQ: POST /predict - Status: 200 - Czas: 1365.71ms
[2025-12-20 13:24:47] [INFO] REQ: POST /predict - Status: 200 - Czas: 1365.81ms
[2025-12-20 13:24:47] [INFO] REQ: POST /predict - Status: 200 - Czas: 1365.91ms
[2025-12-20 13:24:47] [INFO] REQ: POST /predict - Status: 200 - Czas: 1366.04ms
[2025-12-20 13:24:47] [INFO] REQ: POST /predict - Status: 200 - Czas: 1366.15ms
[2025-12-20 13:24:47] [INFO] REQ: POST /predict - Status: 200 - Czas: 1366.21ms
[2025-12-20 13:24:47] [INFO] REQ: POST /predict - Status: 200 - Czas: 1366.34ms
[2025-12-20 13:24:47] [INFO] REQ: POST /predict - Status: 200 - Czas: 1366.44ms
[2025-12-20 13:24:47] [INFO] REQ: POST /predict - Status: 200 - Czas: 1366.53ms
[2025-12-20 13:24:47] [INFO] REQ: POST /predict - Status: 200 - Czas: 1366.63ms
[2025-12-20 13:24:47] [INFO] REQ: POST /predict - Status: 200 - Czas: 1366.79ms
[2025-12-20 13:24:47] [INFO] REQ: POST /predict - Status: 200 - Czas: 1366.90ms
[2025-12-20 13:24:47] [INFO] REQ: POST /predict - Status: 200 - Czas: 1367.01ms
[2025-12-20 13:24:47] [INFO] REQ: POST /predict - Status: 200 - Czas: 1367.16ms
[2025-12-20 13:24:47] [INFO] REQ: POST /predict - Status: 200 - Czas: 1367.22ms
[2025-12-20 13:24:47] [INFO] REQ: POST /predict - Status: 200 - Czas: 1367.31ms
[2025-12-20 13:24:47] [INFO] REQ: POST /predict - Status: 200 - Czas: 1367.40ms
[2025-12-20 13:24:47] [INFO] REQ: POST /predict - Status: 200 - Czas: 1367.54ms
[2025-12-20 13:24:47] [INFO] REQ: POST /predict - Status: 200 - Czas: 1366.51ms
[2025-12-20 13:24:47] [INFO] REQ: POST /predict - Status: 200 - Czas: 592.33ms
[2025-12-20 13:24:47] [INFO] REQ: POST /predict - Status: 200 - Czas: 592.56ms
[2025-12-20 13:24:47] [INFO] REQ: POST /predict - Status: 200 - Czas: 592.67ms
[2025-12-20 13:24:47] [INFO] REQ: POST /predict - Status: 200 - Czas: 592.71ms
[2025-12-20 13:24:47] [INFO] REQ: POST /predict - Status: 200 - Czas: 592.83ms
[2025-12-20 13:24:47] [INFO] REQ: POST /predict - Status: 200 - Czas: 592.95ms
[2025-12-20 13:24:47] [INFO] REQ: POST /predict - Status: 200 - Czas: 593.07ms
[2025-12-20 13:24:47] [INFO] REQ: POST /predict - Status: 200 - Czas: 593.16ms
[2025-12-20 13:24:47] [INFO] REQ: POST /predict - Status: 200 - Czas: 593.27ms
[2025-12-20 13:24:47] [INFO] REQ: POST /predict - Status: 200 - Czas: 593.39ms
[2025-12-20 13:24:47] [INFO] REQ: POST /predict - Status: 200 - Czas: 593.09ms
[2025-12-20 13:24:47] [INFO] REQ: POST /predict - Status: 200 - Czas: 593.21ms
[2025-12-20 13:24:47] [INFO] REQ: POST /predict - Status: 200 - Czas: 593.33ms
[2025-12-20 13:24:47] [INFO] REQ: POST /predict - Status: 200 - Czas: 593.45ms
[2025-12-20 13:24:47] [INFO] REQ: POST /predict - Status: 200 - Czas: 593.58ms
[2025-12-20 13:24:47] [INFO] REQ: POST /predict - Status: 200 - Czas: 593.69ms
[2025-12-20 13:24:47] [INFO] REQ: POST /predict - Status: 200 - Czas: 593.80ms
[2025-12-20 13:24:47] [INFO] REQ: POST /predict - Status: 200 - Czas: 593.90ms
[2025-12-20 13:24:47] [INFO] REQ: POST /predict - Status: 200 - Czas: 594.02ms
[2025-12-20 13:24:47] [INFO] REQ: POST /predict - Status: 200 - Czas: 594.13ms
[2025-12-20 13:24:47] [INFO] REQ: POST /predict - Status: 200 - Czas: 593.46ms
[2025-12-20 13:24:47] [INFO] REQ: POST /predict - Status: 200 - Czas: 593.55ms
[2025-12-20 13:24:47] [INFO] REQ: POST /predict - Status: 200 - Czas: 593.62ms
[2025-12-20 13:24:47] [INFO] REQ: POST /predict - Status: 200 - Czas: 593.73ms
[2025-12-20 13:24:47] [INFO] REQ: POST /predict - Status: 200 - Czas: 593.84ms
[2025-12-20 13:24:47] [INFO] REQ: POST /predict - Status: 200 - Czas: 593.96ms
[2025-12-20 13:24:48] [INFO] REQ: POST /predict - Status: 200 - Czas: 1204.21ms
[2025-12-20 13:24:48] [INFO] REQ: POST /predict - Status: 200 - Czas: 1204.47ms
[2025-12-20 13:24:48] [INFO] REQ: POST /predict - Status: 200 - Czas: 1204.55ms
[2025-12-20 13:24:48] [INFO] REQ: POST /predict - Status: 200 - Czas: 1204.69ms
[2025-12-20 13:24:48] [INFO] REQ: POST /predict - Status: 200 - Czas: 1204.84ms
[2025-12-20 13:24:48] [INFO] REQ: POST /predict - Status: 200 - Czas: 1205.00ms
[2025-12-20 13:24:48] [INFO] REQ: POST /predict - Status: 200 - Czas: 1205.14ms
[2025-12-20 13:24:48] [INFO] REQ: POST /predict - Status: 200 - Czas: 1205.29ms
[2025-12-20 13:24:48] [INFO] REQ: POST /predict - Status: 200 - Czas: 1205.39ms
[2025-12-20 13:24:48] [INFO] REQ: POST /predict - Status: 200 - Czas: 1205.52ms
[2025-12-20 13:24:48] [INFO] REQ: POST /predict - Status: 200 - Czas: 1205.65ms
[2025-12-20 13:24:48] [INFO] REQ: POST /predict - Status: 200 - Czas: 1205.78ms
[2025-12-20 13:24:48] [INFO] REQ: POST /predict - Status: 200 - Czas: 1205.93ms
[2025-12-20 13:24:48] [INFO] REQ: POST /predict - Status: 200 - Czas: 1206.09ms
[2025-12-20 13:24:48] [INFO] REQ: POST /predict - Status: 200 - Czas: 1206.22ms
[2025-12-20 13:24:48] [INFO] REQ: POST /predict - Status: 200 - Czas: 1206.34ms
[2025-12-20 13:24:48] [INFO] REQ: POST /predict - Status: 200 - Czas: 1206.48ms
[2025-12-20 13:24:48] [INFO] REQ: POST /predict - Status: 200 - Czas: 1206.58ms
[2025-12-20 13:24:48] [INFO] REQ: POST /predict - Status: 200 - Czas: 1206.65ms
[2025-12-20 13:24:48] [INFO] REQ: POST /predict - Status: 200 - Czas: 1206.79ms
[2025-12-20 13:24:48] [INFO] REQ: POST /predict - Status: 200 - Czas: 1206.91ms
[2025-12-20 13:24:48] [INFO] REQ: POST /predict - Status: 200 - Czas: 1277.29ms
[2025-12-20 13:24:48] [INFO] REQ: POST /predict - Status: 200 - Czas: 1277.50ms
[2025-12-20 13:24:48] [INFO] REQ: POST /predict - Status: 200 - Czas: 1277.65ms
[2025-12-20 13:24:48] [INFO] REQ: POST /predict - Status: 200 - Czas: 1277.80ms
[2025-12-20 13:24:48] [INFO] REQ: POST /predict - Status: 200 - Czas: 1277.96ms
[2025-12-20 13:24:48] [INFO] REQ: POST /predict - Status: 200 - Czas: 1278.10ms
[2025-12-20 13:24:48] [INFO] REQ: POST /predict - Status: 200 - Czas: 1278.26ms
[2025-12-20 13:24:48] [INFO] REQ: POST /predict - Status: 200 - Czas: 1278.42ms
[2025-12-20 13:24:48] [INFO] REQ: POST /predict - Status: 200 - Czas: 1278.57ms
[2025-12-20 13:24:48] [INFO] REQ: POST /predict - Status: 200 - Czas: 1278.75ms
[2025-12-20 13:24:48] [INFO] REQ: POST /predict - Status: 200 - Czas: 1278.82ms
[2025-12-20 13:24:48] [INFO] REQ: POST /predict - Status: 200 - Czas: 1278.95ms
[2025-12-20 13:24:48] [INFO] REQ: POST /predict - Status: 200 - Czas: 1279.16ms
[2025-12-20 13:24:48] [INFO] REQ: POST /predict - Status: 200 - Czas: 1279.30ms
[2025-12-20 13:24:48] [INFO] REQ: POST /predict - Status: 200 - Czas: 1279.43ms
[2025-12-20 13:24:48] [INFO] REQ: POST /predict - Status: 200 - Czas: 1279.55ms
[2025-12-20 13:24:48] [INFO] REQ: POST /predict - Status: 200 - Czas: 1279.66ms
[2025-12-20 13:24:48] [INFO] REQ: POST /predict - Status: 200 - Czas: 1279.76ms
[2025-12-20 13:24:48] [INFO] REQ: POST /predict - Status: 200 - Czas: 1279.87ms
[2025-12-20 13:24:48] [INFO] REQ: POST /predict - Status: 200 - Czas: 1280.05ms
[2025-12-20 13:24:48] [INFO] REQ: POST /predict - Status: 200 - Czas: 1279.44ms
[2025-12-20 13:24:48] [INFO] REQ: POST /predict - Status: 200 - Czas: 1279.55ms
[2025-12-20 13:24:48] [INFO] REQ: POST /predict - Status: 200 - Czas: 1279.64ms
[2025-12-20 13:24:48] [INFO] REQ: POST /predict - Status: 200 - Czas: 1279.73ms
[2025-12-20 13:24:48] [INFO] REQ: POST /predict - Status: 200 - Czas: 1279.83ms
[2025-12-20 13:24:48] [INFO] REQ: POST /predict - Status: 200 - Czas: 1279.94ms
[2025-12-20 13:24:48] [INFO] REQ: POST /predict - Status: 200 - Czas: 1280.04ms
[2025-12-20 13:24:48] [INFO] REQ: POST /predict - Status: 200 - Czas: 1280.17ms
[2025-12-20 13:24:48] [INFO] REQ: POST /predict - Status: 200 - Czas: 1280.27ms
[2025-12-20 13:24:48] [INFO] REQ: POST /predict - Status: 200 - Czas: 1280.33ms
[2025-12-20 13:24:48] [INFO] REQ: POST /predict - Status: 200 - Czas: 1280.37ms
[2025-12-20 13:24:48] [INFO] REQ: POST /predict - Status: 200 - Czas: 1280.48ms
[2025-12-20 13:24:48] [INFO] REQ: POST /predict - Status: 200 - Czas: 1280.59ms
[2025-12-20 13:24:48] [INFO] REQ: POST /predict - Status: 200 - Czas: 1280.69ms
[2025-12-20 13:24:48] [INFO] REQ: POST /predict - Status: 200 - Czas: 1280.81ms
[2025-12-20 13:24:48] [INFO] REQ: POST /predict - Status: 200 - Czas: 1280.93ms
[2025-12-20 13:24:48] [INFO] REQ: POST /predict - Status: 200 - Czas: 1281.02ms
[2025-12-20 13:24:48] [INFO] REQ: POST /predict - Status: 200 - Czas: 1281.11ms
[2025-12-20 13:24:48] [INFO] REQ: POST /predict - Status: 200 - Czas: 1281.19ms
[2025-12-20 13:24:48] [INFO] REQ: POST /predict - Status: 200 - Czas: 1281.24ms
[2025-12-20 13:24:48] [INFO] REQ: POST /predict - Status: 200 - Czas: 1281.33ms
[2025-12-20 13:24:48] [INFO] REQ: POST /predict - Status: 200 - Czas: 1281.41ms
[2025-12-20 13:24:48] [INFO] REQ: POST /predict - Status: 200 - Czas: 1281.50ms
[2025-12-20 13:24:48] [INFO] REQ: POST /predict - Status: 200 - Czas: 1281.61ms
[2025-12-20 13:24:48] [INFO] REQ: POST /predict - Status: 200 - Czas: 1281.74ms
[2025-12-20 13:24:48] [INFO] REQ: POST /predict - Status: 200 - Czas: 1281.84ms
[2025-12-20 13:24:48] [INFO] REQ: POST /predict - Status: 200 - Czas: 1281.92ms
[2025-12-20 13:24:48] [INFO] REQ: POST /predict - Status: 200 - Czas: 1282.01ms
[2025-12-20 13:24:48] [INFO] REQ: POST /predict - Status: 200 - Czas: 1280.23ms
[2025-12-20 13:24:48] [INFO] REQ: POST /predict - Status: 200 - Czas: 1280.37ms
[2025-12-20 13:24:48] [INFO] REQ: POST /predict - Status: 200 - Czas: 1280.48ms
[2025-12-20 13:24:48] [INFO] REQ: POST /predict - Status: 200 - Czas: 1280.59ms
[2025-12-20 13:24:48] [INFO] REQ: POST /predict - Status: 200 - Czas: 1280.69ms
[2025-12-20 13:24:48] [INFO] REQ: POST /predict - Status: 200 - Czas: 650.28ms
[2025-12-20 13:24:48] [INFO] REQ: POST /predict - Status: 200 - Czas: 650.55ms
[2025-12-20 13:24:48] [INFO] REQ: POST /predict - Status: 200 - Czas: 650.67ms
[2025-12-20 13:24:48] [INFO] REQ: POST /predict - Status: 200 - Czas: 650.79ms
[2025-12-20 13:24:48] [INFO] REQ: POST /predict - Status: 200 - Czas: 650.87ms
[2025-12-20 13:24:48] [INFO] REQ: POST /predict - Status: 200 - Czas: 650.99ms
[2025-12-20 13:24:48] [INFO] REQ: POST /predict - Status: 200 - Czas: 651.11ms
[2025-12-20 13:24:48] [INFO] REQ: POST /predict - Status: 200 - Czas: 651.23ms
[2025-12-20 13:24:48] [INFO] REQ: POST /predict - Status: 200 - Czas: 651.35ms
[2025-12-20 13:24:48] [INFO] REQ: POST /predict - Status: 200 - Czas: 651.51ms
[2025-12-20 13:24:48] [INFO] REQ: POST /predict - Status: 200 - Czas: 620.97ms
[2025-12-20 13:24:48] [INFO] REQ: POST /predict - Status: 200 - Czas: 621.11ms
[2025-12-20 13:24:48] [INFO] REQ: POST /predict - Status: 200 - Czas: 621.25ms
[2025-12-20 13:24:48] [INFO] REQ: POST /predict - Status: 200 - Czas: 621.38ms
[2025-12-20 13:24:48] [INFO] REQ: POST /predict - Status: 200 - Czas: 621.49ms
[2025-12-20 13:24:48] [INFO] REQ: POST /predict - Status: 200 - Czas: 621.67ms
[2025-12-20 13:24:48] [INFO] REQ: POST /predict - Status: 200 - Czas: 621.80ms
[2025-12-20 13:24:48] [INFO] REQ: POST /predict - Status: 200 - Czas: 621.89ms
[2025-12-20 13:24:48] [INFO] REQ: POST /predict - Status: 200 - Czas: 621.99ms
[2025-12-20 13:24:48] [INFO] REQ: POST /predict - Status: 200 - Czas: 622.04ms
[2025-12-20 13:24:48] [INFO] REQ: POST /predict - Status: 200 - Czas: 622.14ms
[2025-12-20 13:24:48] [INFO] REQ: POST /predict - Status: 200 - Czas: 622.24ms
[2025-12-20 13:24:48] [INFO] REQ: POST /predict - Status: 200 - Czas: 622.34ms
[2025-12-20 13:24:48] [INFO] REQ: POST /predict - Status: 200 - Czas: 622.43ms
[2025-12-20 13:24:48] [INFO] REQ: POST /predict - Status: 200 - Czas: 622.52ms
[2025-12-20 13:24:48] [INFO] REQ: POST /predict - Status: 200 - Czas: 622.61ms
[2025-12-20 13:24:49] [INFO] REQ: POST /predict - Status: 200 - Czas: 1161.86ms
[2025-12-20 13:24:49] [INFO] REQ: POST /predict - Status: 200 - Czas: 1162.18ms
[2025-12-20 13:24:49] [INFO] REQ: POST /predict - Status: 200 - Czas: 1162.32ms
[2025-12-20 13:24:49] [INFO] REQ: POST /predict - Status: 200 - Czas: 1162.45ms
[2025-12-20 13:24:49] [INFO] REQ: POST /predict - Status: 200 - Czas: 1162.61ms
[2025-12-20 13:24:49] [INFO] REQ: POST /predict - Status: 200 - Czas: 1162.71ms
[2025-12-20 13:24:49] [INFO] REQ: POST /predict - Status: 200 - Czas: 1162.86ms
[2025-12-20 13:24:49] [INFO] REQ: POST /predict - Status: 200 - Czas: 1163.00ms
[2025-12-20 13:24:49] [INFO] REQ: POST /predict - Status: 200 - Czas: 1163.14ms
[2025-12-20 13:24:49] [INFO] REQ: POST /predict - Status: 200 - Czas: 1163.29ms
[2025-12-20 13:24:49] [INFO] REQ: POST /predict - Status: 200 - Czas: 1163.45ms
[2025-12-20 13:24:49] [INFO] REQ: POST /predict - Status: 200 - Czas: 1163.60ms
[2025-12-20 13:24:49] [INFO] REQ: POST /predict - Status: 200 - Czas: 1163.75ms
[2025-12-20 13:24:49] [INFO] REQ: POST /predict - Status: 200 - Czas: 1163.89ms
[2025-12-20 13:24:49] [INFO] REQ: POST /predict - Status: 200 - Czas: 1164.01ms
[2025-12-20 13:24:49] [INFO] REQ: POST /predict - Status: 200 - Czas: 1164.12ms
[2025-12-20 13:24:49] [INFO] REQ: POST /predict - Status: 200 - Czas: 1164.23ms
[2025-12-20 13:24:49] [INFO] REQ: POST /predict - Status: 200 - Czas: 1164.34ms
[2025-12-20 13:24:49] [INFO] REQ: POST /predict - Status: 200 - Czas: 1164.48ms
[2025-12-20 13:24:49] [INFO] REQ: POST /predict - Status: 200 - Czas: 1164.60ms
[2025-12-20 13:24:49] [INFO] REQ: POST /predict - Status: 200 - Czas: 1164.72ms
[2025-12-20 13:24:49] [INFO] REQ: POST /predict - Status: 200 - Czas: 1230.96ms
[2025-12-20 13:24:49] [INFO] REQ: POST /predict - Status: 200 - Czas: 1231.18ms
[2025-12-20 13:24:49] [INFO] REQ: POST /predict - Status: 200 - Czas: 1231.30ms
[2025-12-20 13:24:49] [INFO] REQ: POST /predict - Status: 200 - Czas: 1231.40ms
[2025-12-20 13:24:49] [INFO] REQ: POST /predict - Status: 200 - Czas: 1231.50ms
[2025-12-20 13:24:49] [INFO] REQ: POST /predict - Status: 200 - Czas: 1231.63ms
[2025-12-20 13:24:49] [INFO] REQ: POST /predict - Status: 200 - Czas: 1231.74ms
[2025-12-20 13:24:49] [INFO] REQ: POST /predict - Status: 200 - Czas: 1231.87ms
[2025-12-20 13:24:49] [INFO] REQ: POST /predict - Status: 200 - Czas: 1231.97ms
[2025-12-20 13:24:49] [INFO] REQ: POST /predict - Status: 200 - Czas: 1232.08ms
[2025-12-20 13:24:49] [INFO] REQ: POST /predict - Status: 200 - Czas: 1231.57ms
[2025-12-20 13:24:49] [INFO] REQ: POST /predict - Status: 200 - Czas: 1231.70ms
[2025-12-20 13:24:49] [INFO] REQ: POST /predict - Status: 200 - Czas: 1231.83ms
[2025-12-20 13:24:49] [INFO] REQ: POST /predict - Status: 200 - Czas: 1231.97ms
[2025-12-20 13:24:49] [INFO] REQ: POST /predict - Status: 200 - Czas: 1232.12ms
[2025-12-20 13:24:49] [INFO] REQ: POST /predict - Status: 200 - Czas: 1232.25ms
[2025-12-20 13:24:49] [INFO] REQ: POST /predict - Status: 200 - Czas: 1232.38ms
[2025-12-20 13:24:49] [INFO] REQ: POST /predict - Status: 200 - Czas: 1232.51ms
[2025-12-20 13:24:49] [INFO] REQ: POST /predict - Status: 200 - Czas: 1232.61ms
[2025-12-20 13:24:49] [INFO] REQ: POST /predict - Status: 200 - Czas: 1232.65ms
[2025-12-20 13:24:49] [INFO] REQ: POST /predict - Status: 200 - Czas: 1232.74ms
[2025-12-20 13:24:49] [INFO] REQ: POST /predict - Status: 200 - Czas: 1232.83ms
[2025-12-20 13:24:49] [INFO] REQ: POST /predict - Status: 200 - Czas: 1232.92ms
[2025-12-20 13:24:49] [INFO] REQ: POST /predict - Status: 200 - Czas: 1233.02ms
[2025-12-20 13:24:49] [INFO] REQ: POST /predict - Status: 200 - Czas: 1233.13ms
[2025-12-20 13:24:49] [INFO] REQ: POST /predict - Status: 200 - Czas: 1233.24ms
[2025-12-20 13:24:49] [INFO] REQ: POST /predict - Status: 200 - Czas: 1233.35ms
[2025-12-20 13:24:49] [INFO] REQ: POST /predict - Status: 200 - Czas: 1233.45ms
[2025-12-20 13:24:49] [INFO] REQ: POST /predict - Status: 200 - Czas: 1233.61ms
[2025-12-20 13:24:49] [INFO] REQ: POST /predict - Status: 200 - Czas: 1233.74ms
[2025-12-20 13:24:49] [INFO] REQ: POST /predict - Status: 200 - Czas: 1233.84ms
[2025-12-20 13:24:49] [INFO] REQ: POST /predict - Status: 200 - Czas: 1233.94ms
[2025-12-20 13:24:49] [INFO] REQ: POST /predict - Status: 200 - Czas: 1234.05ms
[2025-12-20 13:24:49] [INFO] REQ: POST /predict - Status: 200 - Czas: 1234.22ms
[2025-12-20 13:24:49] [INFO] REQ: POST /predict - Status: 200 - Czas: 1234.34ms
[2025-12-20 13:24:49] [INFO] REQ: POST /predict - Status: 200 - Czas: 1234.44ms
[2025-12-20 13:24:49] [INFO] REQ: POST /predict - Status: 200 - Czas: 1234.53ms
[2025-12-20 13:24:49] [INFO] REQ: POST /predict - Status: 200 - Czas: 1234.67ms
[2025-12-20 13:24:49] [INFO] REQ: POST /predict - Status: 200 - Czas: 1234.78ms
[2025-12-20 13:24:49] [INFO] REQ: POST /predict - Status: 200 - Czas: 1234.95ms
[2025-12-20 13:24:49] [INFO] REQ: POST /predict - Status: 200 - Czas: 1235.11ms
[2025-12-20 13:24:49] [INFO] REQ: POST /predict - Status: 200 - Czas: 1235.23ms
[2025-12-20 13:24:49] [INFO] REQ: POST /predict - Status: 200 - Czas: 1235.38ms
[2025-12-20 13:24:49] [INFO] REQ: POST /predict - Status: 200 - Czas: 1235.51ms
[2025-12-20 13:24:49] [INFO] REQ: POST /predict - Status: 200 - Czas: 1235.62ms
[2025-12-20 13:24:49] [INFO] REQ: POST /predict - Status: 200 - Czas: 1235.75ms
[2025-12-20 13:24:49] [INFO] REQ: POST /predict - Status: 200 - Czas: 1235.91ms
[2025-12-20 13:24:49] [INFO] REQ: POST /predict - Status: 200 - Czas: 1236.00ms
[2025-12-20 13:24:49] [INFO] REQ: POST /predict - Status: 200 - Czas: 1235.90ms
[2025-12-20 13:24:49] [INFO] REQ: POST /predict - Status: 200 - Czas: 1236.02ms
[2025-12-20 13:24:49] [INFO] REQ: POST /predict - Status: 200 - Czas: 1236.18ms
[2025-12-20 13:24:49] [INFO] REQ: POST /predict - Status: 200 - Czas: 1236.32ms
[2025-12-20 13:24:49] [INFO] REQ: POST /predict - Status: 200 - Czas: 1236.44ms
[2025-12-20 13:24:50] [INFO] REQ: POST /predict - Status: 200 - Czas: 652.07ms
[2025-12-20 13:24:50] [INFO] REQ: POST /predict - Status: 200 - Czas: 652.35ms
[2025-12-20 13:24:50] [INFO] REQ: POST /predict - Status: 200 - Czas: 652.44ms
[2025-12-20 13:24:50] [INFO] REQ: POST /predict - Status: 200 - Czas: 652.54ms
[2025-12-20 13:24:50] [INFO] REQ: POST /predict - Status: 200 - Czas: 652.66ms
[2025-12-20 13:24:50] [INFO] REQ: POST /predict - Status: 200 - Czas: 652.81ms
[2025-12-20 13:24:50] [INFO] REQ: POST /predict - Status: 200 - Czas: 652.93ms
[2025-12-20 13:24:50] [INFO] REQ: POST /predict - Status: 200 - Czas: 653.06ms
[2025-12-20 13:24:50] [INFO] REQ: POST /predict - Status: 200 - Czas: 653.19ms
[2025-12-20 13:24:50] [INFO] REQ: POST /predict - Status: 200 - Czas: 653.31ms
[2025-12-20 13:24:50] [INFO] REQ: POST /predict - Status: 200 - Czas: 652.73ms
[2025-12-20 13:24:50] [INFO] REQ: POST /predict - Status: 200 - Czas: 652.83ms
[2025-12-20 13:24:50] [INFO] REQ: POST /predict - Status: 200 - Czas: 652.93ms
[2025-12-20 13:24:50] [INFO] REQ: POST /predict - Status: 200 - Czas: 653.03ms
[2025-12-20 13:24:50] [INFO] REQ: POST /predict - Status: 200 - Czas: 653.13ms
[2025-12-20 13:24:50] [INFO] REQ: POST /predict - Status: 200 - Czas: 653.23ms
[2025-12-20 13:24:50] [INFO] REQ: POST /predict - Status: 200 - Czas: 653.36ms
[2025-12-20 13:24:50] [INFO] REQ: POST /predict - Status: 200 - Czas: 653.49ms
[2025-12-20 13:24:50] [INFO] REQ: POST /predict - Status: 200 - Czas: 653.59ms
[2025-12-20 13:24:50] [INFO] REQ: POST /predict - Status: 200 - Czas: 653.68ms
[2025-12-20 13:24:50] [INFO] REQ: POST /predict - Status: 200 - Czas: 653.75ms
[2025-12-20 13:24:50] [INFO] REQ: POST /predict - Status: 200 - Czas: 653.79ms
[2025-12-20 13:24:50] [INFO] REQ: POST /predict - Status: 200 - Czas: 653.87ms
[2025-12-20 13:24:50] [INFO] REQ: POST /predict - Status: 200 - Czas: 653.97ms
[2025-12-20 13:24:50] [INFO] REQ: POST /predict - Status: 200 - Czas: 654.13ms
[2025-12-20 13:24:50] [INFO] REQ: POST /predict - Status: 200 - Czas: 654.25ms
[2025-12-20 13:24:50] [INFO] REQ: POST /predict - Status: 200 - Czas: 1104.22ms
[2025-12-20 13:24:50] [INFO] REQ: POST /predict - Status: 200 - Czas: 1104.50ms
[2025-12-20 13:24:50] [INFO] REQ: POST /predict - Status: 200 - Czas: 1104.65ms
[2025-12-20 13:24:50] [INFO] REQ: POST /predict - Status: 200 - Czas: 1104.77ms
[2025-12-20 13:24:50] [INFO] REQ: POST /predict - Status: 200 - Czas: 1104.89ms
[2025-12-20 13:24:50] [INFO] REQ: POST /predict - Status: 200 - Czas: 1105.04ms
[2025-12-20 13:24:50] [INFO] REQ: POST /predict - Status: 200 - Czas: 1105.19ms
[2025-12-20 13:24:50] [INFO] REQ: POST /predict - Status: 200 - Czas: 1105.34ms
[2025-12-20 13:24:50] [INFO] REQ: POST /predict - Status: 200 - Czas: 1105.42ms
[2025-12-20 13:24:50] [INFO] REQ: POST /predict - Status: 200 - Czas: 1105.52ms
[2025-12-20 13:24:50] [INFO] REQ: POST /predict - Status: 200 - Czas: 1105.63ms
[2025-12-20 13:24:50] [INFO] REQ: POST /predict - Status: 200 - Czas: 1105.70ms
[2025-12-20 13:24:50] [INFO] REQ: POST /predict - Status: 200 - Czas: 1105.85ms
[2025-12-20 13:24:50] [INFO] REQ: POST /predict - Status: 200 - Czas: 1106.01ms
[2025-12-20 13:24:50] [INFO] REQ: POST /predict - Status: 200 - Czas: 1106.15ms
[2025-12-20 13:24:50] [INFO] REQ: POST /predict - Status: 200 - Czas: 1106.27ms
[2025-12-20 13:24:50] [INFO] REQ: POST /predict - Status: 200 - Czas: 1106.42ms
[2025-12-20 13:24:50] [INFO] REQ: POST /predict - Status: 200 - Czas: 1106.56ms
[2025-12-20 13:24:50] [INFO] REQ: POST /predict - Status: 200 - Czas: 1106.64ms
[2025-12-20 13:24:50] [INFO] REQ: POST /predict - Status: 200 - Czas: 1106.79ms
[2025-12-20 13:24:50] [INFO] REQ: POST /predict - Status: 200 - Czas: 1106.90ms
[2025-12-20 13:24:50] [INFO] REQ: POST /predict - Status: 200 - Czas: 1295.20ms
[2025-12-20 13:24:50] [INFO] REQ: POST /predict - Status: 200 - Czas: 1294.64ms
[2025-12-20 13:24:50] [INFO] REQ: POST /predict - Status: 200 - Czas: 1294.79ms
[2025-12-20 13:24:50] [INFO] REQ: POST /predict - Status: 200 - Czas: 1294.92ms
[2025-12-20 13:24:50] [INFO] REQ: POST /predict - Status: 200 - Czas: 1295.08ms
[2025-12-20 13:24:50] [INFO] REQ: POST /predict - Status: 200 - Czas: 1295.24ms
[2025-12-20 13:24:50] [INFO] REQ: POST /predict - Status: 200 - Czas: 1295.41ms
[2025-12-20 13:24:50] [INFO] REQ: POST /predict - Status: 200 - Czas: 1295.56ms
[2025-12-20 13:24:50] [INFO] REQ: POST /predict - Status: 200 - Czas: 1295.70ms
[2025-12-20 13:24:50] [INFO] REQ: POST /predict - Status: 200 - Czas: 1295.84ms
[2025-12-20 13:24:50] [INFO] REQ: POST /predict - Status: 200 - Czas: 1295.99ms
[2025-12-20 13:24:50] [INFO] REQ: POST /predict - Status: 200 - Czas: 1296.07ms
[2025-12-20 13:24:50] [INFO] REQ: POST /predict - Status: 200 - Czas: 1296.19ms
[2025-12-20 13:24:50] [INFO] REQ: POST /predict - Status: 200 - Czas: 1296.30ms
[2025-12-20 13:24:50] [INFO] REQ: POST /predict - Status: 200 - Czas: 1296.45ms
[2025-12-20 13:24:50] [INFO] REQ: POST /predict - Status: 200 - Czas: 1296.60ms
[2025-12-20 13:24:50] [INFO] REQ: POST /predict - Status: 200 - Czas: 1296.74ms
[2025-12-20 13:24:50] [INFO] REQ: POST /predict - Status: 200 - Czas: 1296.87ms
[2025-12-20 13:24:50] [INFO] REQ: POST /predict - Status: 200 - Czas: 1296.99ms
[2025-12-20 13:24:50] [INFO] REQ: POST /predict - Status: 200 - Czas: 1297.14ms
[2025-12-20 13:24:50] [INFO] REQ: POST /predict - Status: 200 - Czas: 1297.26ms
[2025-12-20 13:24:50] [INFO] REQ: POST /predict - Status: 200 - Czas: 1297.34ms
[2025-12-20 13:24:50] [INFO] REQ: POST /predict - Status: 200 - Czas: 1297.45ms
[2025-12-20 13:24:50] [INFO] REQ: POST /predict - Status: 200 - Czas: 1297.58ms
[2025-12-20 13:24:50] [INFO] REQ: POST /predict - Status: 200 - Czas: 1297.70ms
[2025-12-20 13:24:50] [INFO] REQ: POST /predict - Status: 200 - Czas: 1297.86ms
[2025-12-20 13:24:50] [INFO] REQ: POST /predict - Status: 200 - Czas: 1298.00ms
[2025-12-20 13:24:50] [INFO] REQ: POST /predict - Status: 200 - Czas: 1298.11ms
[2025-12-20 13:24:50] [INFO] REQ: POST /predict - Status: 200 - Czas: 1298.20ms
[2025-12-20 13:24:50] [INFO] REQ: POST /predict - Status: 200 - Czas: 1298.30ms
[2025-12-20 13:24:50] [INFO] REQ: POST /predict - Status: 200 - Czas: 1298.41ms
[2025-12-20 13:24:50] [INFO] REQ: POST /predict - Status: 200 - Czas: 1298.48ms
[2025-12-20 13:24:50] [INFO] REQ: POST /predict - Status: 200 - Czas: 1298.60ms
[2025-12-20 13:24:50] [INFO] REQ: POST /predict - Status: 200 - Czas: 1298.74ms
[2025-12-20 13:24:50] [INFO] REQ: POST /predict - Status: 200 - Czas: 1298.84ms
[2025-12-20 13:24:50] [INFO] REQ: POST /predict - Status: 200 - Czas: 1298.95ms
[2025-12-20 13:24:50] [INFO] REQ: POST /predict - Status: 200 - Czas: 1299.09ms
[2025-12-20 13:24:50] [INFO] REQ: POST /predict - Status: 200 - Czas: 1299.20ms
[2025-12-20 13:24:50] [INFO] REQ: POST /predict - Status: 200 - Czas: 1298.46ms
[2025-12-20 13:24:50] [INFO] REQ: POST /predict - Status: 200 - Czas: 1298.60ms
[2025-12-20 13:24:50] [INFO] REQ: POST /predict - Status: 200 - Czas: 1298.74ms
[2025-12-20 13:24:50] [INFO] REQ: POST /predict - Status: 200 - Czas: 1298.86ms
[2025-12-20 13:24:50] [INFO] REQ: POST /predict - Status: 200 - Czas: 1298.97ms
[2025-12-20 13:24:50] [INFO] REQ: POST /predict - Status: 200 - Czas: 1299.11ms
[2025-12-20 13:24:50] [INFO] REQ: POST /predict - Status: 200 - Czas: 1299.24ms
[2025-12-20 13:24:50] [INFO] REQ: POST /predict - Status: 200 - Czas: 1299.31ms
[2025-12-20 13:24:50] [INFO] REQ: POST /predict - Status: 200 - Czas: 1299.41ms
[2025-12-20 13:24:50] [INFO] REQ: POST /predict - Status: 200 - Czas: 1299.49ms
[2025-12-20 13:24:50] [INFO] REQ: POST /predict - Status: 200 - Czas: 1299.65ms
[2025-12-20 13:24:50] [INFO] REQ: POST /predict - Status: 200 - Czas: 1299.91ms
[2025-12-20 13:24:50] [INFO] REQ: POST /predict - Status: 200 - Czas: 1300.07ms
[2025-12-20 13:24:50] [INFO] REQ: POST /predict - Status: 200 - Czas: 1300.20ms
[2025-12-20 13:24:50] [INFO] REQ: POST /predict - Status: 200 - Czas: 1300.40ms
[2025-12-20 13:24:51] [INFO] REQ: POST /predict - Status: 200 - Czas: 618.11ms
[2025-12-20 13:24:51] [INFO] REQ: POST /predict - Status: 200 - Czas: 618.34ms
[2025-12-20 13:24:51] [INFO] REQ: POST /predict - Status: 200 - Czas: 618.45ms
[2025-12-20 13:24:51] [INFO] REQ: POST /predict - Status: 200 - Czas: 618.57ms
[2025-12-20 13:24:51] [INFO] REQ: POST /predict - Status: 200 - Czas: 618.70ms
[2025-12-20 13:24:51] [INFO] REQ: POST /predict - Status: 200 - Czas: 632.81ms
[2025-12-20 13:24:51] [INFO] REQ: POST /predict - Status: 200 - Czas: 633.00ms
[2025-12-20 13:24:51] [INFO] REQ: POST /predict - Status: 200 - Czas: 633.19ms
[2025-12-20 13:24:51] [INFO] REQ: POST /predict - Status: 200 - Czas: 633.34ms
[2025-12-20 13:24:51] [ERROR] Exception in ASGI application
Traceback (most recent call last):
  File "/usr/local/lib/python3.12/site-packages/starlette/_exception_handler.py", line 42, in wrapped_app
    await app(scope, receive, sender)
  File "/usr/local/lib/python3.12/site-packages/fastapi/routing.py", line 106, in app
    response = await f(request)
               ^^^^^^^^^^^^^^^^
  File "/usr/local/lib/python3.12/site-packages/fastapi/routing.py", line 472, in app
    raise validation_error
fastapi.exceptions.RequestValidationError: 1 validation error:
  {'type': 'string_type', 'loc': ('body', 'text'), 'msg': 'Input should be a valid string', 'input': nan}

  File "/project/app/server_fastapi.py", line 60, in predict_endpoint
    POST /predict

The above exception was the direct cause of the following exception:

Traceback (most recent call last):
  File "/usr/local/lib/python3.12/site-packages/uvicorn/protocols/http/httptools_impl.py", line 409, in run_asgi
    result = await app(  # type: ignore[func-returns-value]
             ^^^^^^^^^^^^^^^^^^^^^^^^^^^^^^^^^^^^^^^^^^^^^^
  File "/usr/local/lib/python3.12/site-packages/uvicorn/middleware/proxy_headers.py", line 60, in __call__
    return await self.app(scope, receive, send)
           ^^^^^^^^^^^^^^^^^^^^^^^^^^^^^^^^^^^^
  File "/usr/local/lib/python3.12/site-packages/fastapi/applications.py", line 1139, in __call__
    await super().__call__(scope, receive, send)
  File "/usr/local/lib/python3.12/site-packages/starlette/applications.py", line 107, in __call__
    await self.middleware_stack(scope, receive, send)
  File "/usr/local/lib/python3.12/site-packages/starlette/middleware/errors.py", line 186, in __call__
    raise exc
  File "/usr/local/lib/python3.12/site-packages/starlette/middleware/errors.py", line 164, in __call__
    await self.app(scope, receive, _send)
  File "/usr/local/lib/python3.12/site-packages/starlette/middleware/base.py", line 191, in __call__
    with recv_stream, send_stream, collapse_excgroups():
                                   ^^^^^^^^^^^^^^^^^^^^
  File "/usr/local/lib/python3.12/contextlib.py", line 158, in __exit__
    self.gen.throw(value)
  File "/usr/local/lib/python3.12/site-packages/starlette/_utils.py", line 85, in collapse_excgroups
    raise exc
  File "/usr/local/lib/python3.12/site-packages/starlette/middleware/base.py", line 193, in __call__
    response = await self.dispatch_func(request, call_next)
               ^^^^^^^^^^^^^^^^^^^^^^^^^^^^^^^^^^^^^^^^^^^^
  File "/project/app/server_fastapi.py", line 41, in log_requests
    response: Response = await call_next(request)
                         ^^^^^^^^^^^^^^^^^^^^^^^^
  File "/usr/local/lib/python3.12/site-packages/starlette/middleware/base.py", line 168, in call_next
    raise app_exc from app_exc.__cause__ or app_exc.__context__
  File "/usr/local/lib/python3.12/site-packages/starlette/middleware/base.py", line 144, in coro
    await self.app(scope, receive_or_disconnect, send_no_error)
  File "/usr/local/lib/python3.12/site-packages/starlette/middleware/exceptions.py", line 63, in __call__
    await wrap_app_handling_exceptions(self.app, conn)(scope, receive, send)
  File "/usr/local/lib/python3.12/site-packages/starlette/_exception_handler.py", line 53, in wrapped_app
    raise exc
  File "/usr/local/lib/python3.12/site-packages/starlette/_exception_handler.py", line 42, in wrapped_app
    await app(scope, receive, sender)
  File "/usr/local/lib/python3.12/site-packages/fastapi/middleware/asyncexitstack.py", line 18, in __call__
    await self.app(scope, receive, send)
  File "/usr/local/lib/python3.12/site-packages/starlette/routing.py", line 716, in __call__
    await self.middleware_stack(scope, receive, send)
  File "/usr/local/lib/python3.12/site-packages/starlette/routing.py", line 736, in app
    await route.handle(scope, receive, send)
  File "/usr/local/lib/python3.12/site-packages/starlette/routing.py", line 290, in handle
    await self.app(scope, receive, send)
  File "/usr/local/lib/python3.12/site-packages/fastapi/routing.py", line 120, in app
    await wrap_app_handling_exceptions(app, request)(scope, receive, send)
  File "/usr/local/lib/python3.12/site-packages/starlette/_exception_handler.py", line 59, in wrapped_app
    response = await handler(conn, exc)
               ^^^^^^^^^^^^^^^^^^^^^^^^
  File "/usr/local/lib/python3.12/site-packages/fastapi/exception_handlers.py", line 23, in request_validation_exception_handler
    return JSONResponse(
           ^^^^^^^^^^^^^
  File "/usr/local/lib/python3.12/site-packages/starlette/responses.py", line 189, in __init__
    super().__init__(content, status_code, headers, media_type, background)
  File "/usr/local/lib/python3.12/site-packages/starlette/responses.py", line 46, in __init__
    self.body = self.render(content)
                ^^^^^^^^^^^^^^^^^^^^
  File "/usr/local/lib/python3.12/site-packages/starlette/responses.py", line 192, in render
    return json.dumps(
           ^^^^^^^^^^^
  File "/usr/local/lib/python3.12/json/__init__.py", line 238, in dumps
    **kw).encode(obj)
          ^^^^^^^^^^^
  File "/usr/local/lib/python3.12/json/encoder.py", line 200, in encode
    chunks = self.iterencode(o, _one_shot=True)
             ^^^^^^^^^^^^^^^^^^^^^^^^^^^^^^^^^^
  File "/usr/local/lib/python3.12/json/encoder.py", line 258, in iterencode
    return _iterencode(o, 0)
           ^^^^^^^^^^^^^^^^^
ValueError: Out of range float values are not JSON compliant: nan
[2025-12-20 13:24:51] [INFO] REQ: POST /predict - Status: 200 - Czas: 658.76ms
[2025-12-20 13:24:51] [INFO] REQ: POST /predict - Status: 200 - Czas: 658.86ms
[2025-12-20 13:24:51] [INFO] REQ: POST /predict - Status: 200 - Czas: 658.97ms
[2025-12-20 13:24:51] [INFO] REQ: POST /predict - Status: 200 - Czas: 659.09ms
[2025-12-20 13:24:51] [INFO] REQ: POST /predict - Status: 200 - Czas: 659.24ms
[2025-12-20 13:24:51] [INFO] REQ: POST /predict - Status: 200 - Czas: 659.37ms
[2025-12-20 13:24:51] [INFO] REQ: POST /predict - Status: 200 - Czas: 659.50ms
[2025-12-20 13:24:51] [INFO] REQ: POST /predict - Status: 200 - Czas: 659.64ms
[2025-12-20 13:24:51] [INFO] REQ: POST /predict - Status: 200 - Czas: 659.75ms
[2025-12-20 13:24:51] [INFO] REQ: POST /predict - Status: 200 - Czas: 659.88ms
[2025-12-20 13:24:51] [INFO] REQ: POST /predict - Status: 200 - Czas: 659.96ms
[2025-12-20 13:24:51] [INFO] REQ: POST /predict - Status: 200 - Czas: 660.07ms
[2025-12-20 13:24:51] [INFO] REQ: POST /predict - Status: 200 - Czas: 660.18ms
[2025-12-20 13:24:51] [INFO] REQ: POST /predict - Status: 200 - Czas: 660.28ms
[2025-12-20 13:24:51] [INFO] REQ: POST /predict - Status: 200 - Czas: 660.40ms
[2025-12-20 13:24:51] [INFO] REQ: POST /predict - Status: 200 - Czas: 660.51ms
[2025-12-20 13:24:52] [INFO] REQ: POST /predict - Status: 200 - Czas: 1127.81ms
[2025-12-20 13:24:52] [INFO] REQ: POST /predict - Status: 200 - Czas: 1128.09ms
[2025-12-20 13:24:52] [INFO] REQ: POST /predict - Status: 200 - Czas: 1128.27ms
[2025-12-20 13:24:52] [INFO] REQ: POST /predict - Status: 200 - Czas: 1128.45ms
[2025-12-20 13:24:52] [INFO] REQ: POST /predict - Status: 200 - Czas: 1128.61ms
[2025-12-20 13:24:52] [INFO] REQ: POST /predict - Status: 200 - Czas: 1128.79ms
[2025-12-20 13:24:52] [INFO] REQ: POST /predict - Status: 200 - Czas: 1128.94ms
[2025-12-20 13:24:52] [INFO] REQ: POST /predict - Status: 200 - Czas: 1129.12ms
[2025-12-20 13:24:52] [INFO] REQ: POST /predict - Status: 200 - Czas: 1129.23ms
[2025-12-20 13:24:52] [INFO] REQ: POST /predict - Status: 200 - Czas: 1129.37ms
[2025-12-20 13:24:52] [INFO] REQ: POST /predict - Status: 200 - Czas: 1129.53ms
[2025-12-20 13:24:52] [INFO] REQ: POST /predict - Status: 200 - Czas: 1129.69ms
[2025-12-20 13:24:52] [INFO] REQ: POST /predict - Status: 200 - Czas: 1129.84ms
[2025-12-20 13:24:52] [INFO] REQ: POST /predict - Status: 200 - Czas: 1129.98ms
[2025-12-20 13:24:52] [INFO] REQ: POST /predict - Status: 200 - Czas: 1130.11ms
[2025-12-20 13:24:52] [INFO] REQ: POST /predict - Status: 200 - Czas: 1130.26ms
[2025-12-20 13:24:52] [INFO] REQ: POST /predict - Status: 200 - Czas: 1130.43ms
[2025-12-20 13:24:52] [INFO] REQ: POST /predict - Status: 200 - Czas: 1130.57ms
[2025-12-20 13:24:52] [INFO] REQ: POST /predict - Status: 200 - Czas: 1130.68ms
[2025-12-20 13:24:52] [INFO] REQ: POST /predict - Status: 200 - Czas: 1130.83ms
[2025-12-20 13:24:52] [INFO] REQ: POST /predict - Status: 200 - Czas: 1130.96ms
[2025-12-20 13:24:52] [INFO] REQ: POST /predict - Status: 200 - Czas: 1327.64ms
[2025-12-20 13:24:52] [INFO] REQ: POST /predict - Status: 200 - Czas: 1327.81ms
[2025-12-20 13:24:52] [INFO] REQ: POST /predict - Status: 200 - Czas: 1327.98ms
[2025-12-20 13:24:52] [INFO] REQ: POST /predict - Status: 200 - Czas: 1328.13ms
[2025-12-20 13:24:52] [INFO] REQ: POST /predict - Status: 200 - Czas: 1328.30ms
[2025-12-20 13:24:52] [INFO] REQ: POST /predict - Status: 200 - Czas: 1328.44ms
[2025-12-20 13:24:52] [INFO] REQ: POST /predict - Status: 200 - Czas: 1328.59ms
[2025-12-20 13:24:52] [INFO] REQ: POST /predict - Status: 200 - Czas: 1328.75ms
[2025-12-20 13:24:52] [INFO] REQ: POST /predict - Status: 200 - Czas: 1328.90ms
[2025-12-20 13:24:52] [INFO] REQ: POST /predict - Status: 200 - Czas: 1329.04ms
[2025-12-20 13:24:52] [INFO] REQ: POST /predict - Status: 200 - Czas: 1329.17ms
[2025-12-20 13:24:52] [INFO] REQ: POST /predict - Status: 200 - Czas: 1329.33ms
[2025-12-20 13:24:52] [INFO] REQ: POST /predict - Status: 200 - Czas: 1329.41ms
[2025-12-20 13:24:52] [INFO] REQ: POST /predict - Status: 200 - Czas: 1329.57ms
[2025-12-20 13:24:52] [INFO] REQ: POST /predict - Status: 200 - Czas: 1329.70ms
[2025-12-20 13:24:52] [INFO] REQ: POST /predict - Status: 200 - Czas: 1329.82ms
[2025-12-20 13:24:52] [INFO] REQ: POST /predict - Status: 200 - Czas: 1329.95ms
[2025-12-20 13:24:52] [INFO] REQ: POST /predict - Status: 200 - Czas: 1330.07ms
[2025-12-20 13:24:52] [INFO] REQ: POST /predict - Status: 200 - Czas: 1330.20ms
[2025-12-20 13:24:52] [INFO] REQ: POST /predict - Status: 200 - Czas: 1330.30ms
[2025-12-20 13:24:52] [INFO] REQ: POST /predict - Status: 200 - Czas: 1330.45ms
[2025-12-20 13:24:52] [INFO] REQ: POST /predict - Status: 200 - Czas: 1330.58ms
[2025-12-20 13:24:52] [INFO] REQ: POST /predict - Status: 200 - Czas: 1330.61ms
[2025-12-20 13:24:52] [INFO] REQ: POST /predict - Status: 200 - Czas: 1330.72ms
[2025-12-20 13:24:52] [INFO] REQ: POST /predict - Status: 200 - Czas: 1330.83ms
[2025-12-20 13:24:52] [INFO] REQ: POST /predict - Status: 200 - Czas: 1330.96ms
[2025-12-20 13:24:52] [INFO] REQ: POST /predict - Status: 200 - Czas: 1331.10ms
[2025-12-20 13:24:52] [INFO] REQ: POST /predict - Status: 200 - Czas: 1331.21ms
[2025-12-20 13:24:52] [INFO] REQ: POST /predict - Status: 200 - Czas: 1331.32ms
[2025-12-20 13:24:52] [INFO] REQ: POST /predict - Status: 200 - Czas: 1331.43ms
[2025-12-20 13:24:52] [INFO] REQ: POST /predict - Status: 200 - Czas: 1331.57ms
[2025-12-20 13:24:52] [INFO] REQ: POST /predict - Status: 200 - Czas: 1331.71ms
[2025-12-20 13:24:52] [INFO] REQ: POST /predict - Status: 200 - Czas: 1331.80ms
[2025-12-20 13:24:52] [INFO] REQ: POST /predict - Status: 200 - Czas: 1331.93ms
[2025-12-20 13:24:52] [INFO] REQ: POST /predict - Status: 200 - Czas: 1332.04ms
[2025-12-20 13:24:52] [INFO] REQ: POST /predict - Status: 200 - Czas: 1332.15ms
[2025-12-20 13:24:52] [INFO] REQ: POST /predict - Status: 200 - Czas: 1332.24ms
[2025-12-20 13:24:52] [INFO] REQ: POST /predict - Status: 200 - Czas: 1332.37ms
[2025-12-20 13:24:52] [INFO] REQ: POST /predict - Status: 200 - Czas: 1332.22ms
[2025-12-20 13:24:52] [INFO] REQ: POST /predict - Status: 200 - Czas: 1332.38ms
[2025-12-20 13:24:52] [INFO] REQ: POST /predict - Status: 200 - Czas: 1332.52ms
[2025-12-20 13:24:52] [INFO] REQ: POST /predict - Status: 200 - Czas: 1332.67ms
[2025-12-20 13:24:52] [INFO] REQ: POST /predict - Status: 200 - Czas: 1332.81ms
[2025-12-20 13:24:52] [INFO] REQ: POST /predict - Status: 200 - Czas: 1332.96ms
[2025-12-20 13:24:52] [INFO] REQ: POST /predict - Status: 200 - Czas: 1333.13ms
[2025-12-20 13:24:52] [INFO] REQ: POST /predict - Status: 200 - Czas: 1333.26ms
[2025-12-20 13:24:52] [INFO] REQ: POST /predict - Status: 200 - Czas: 1333.39ms
[2025-12-20 13:24:52] [INFO] REQ: POST /predict - Status: 200 - Czas: 1333.53ms
[2025-12-20 13:24:52] [INFO] REQ: POST /predict - Status: 200 - Czas: 1333.69ms
[2025-12-20 13:24:52] [INFO] REQ: POST /predict - Status: 200 - Czas: 1333.84ms
[2025-12-20 13:24:52] [INFO] REQ: POST /predict - Status: 200 - Czas: 1333.99ms
[2025-12-20 13:24:52] [INFO] REQ: POST /predict - Status: 200 - Czas: 1334.12ms
[2025-12-20 13:24:52] [INFO] REQ: POST /predict - Status: 200 - Czas: 1334.28ms
[2025-12-20 13:24:52] [INFO] REQ: POST /predict - Status: 200 - Czas: 634.49ms
[2025-12-20 13:24:52] [INFO] REQ: POST /predict - Status: 200 - Czas: 634.71ms
[2025-12-20 13:24:52] [INFO] REQ: POST /predict - Status: 200 - Czas: 634.81ms
[2025-12-20 13:24:52] [INFO] REQ: POST /predict - Status: 200 - Czas: 634.94ms
[2025-12-20 13:24:52] [INFO] REQ: POST /predict - Status: 200 - Czas: 635.03ms
[2025-12-20 13:24:52] [INFO] REQ: POST /predict - Status: 200 - Czas: 635.13ms
[2025-12-20 13:24:52] [INFO] REQ: POST /predict - Status: 200 - Czas: 635.21ms
[2025-12-20 13:24:52] [INFO] REQ: POST /predict - Status: 200 - Czas: 635.34ms
[2025-12-20 13:24:52] [INFO] REQ: POST /predict - Status: 200 - Czas: 635.42ms
[2025-12-20 13:24:52] [INFO] REQ: POST /predict - Status: 200 - Czas: 635.51ms
[2025-12-20 13:24:52] [INFO] REQ: POST /predict - Status: 200 - Czas: 635.05ms
[2025-12-20 13:24:52] [INFO] REQ: POST /predict - Status: 200 - Czas: 635.13ms
[2025-12-20 13:24:52] [INFO] REQ: POST /predict - Status: 200 - Czas: 635.21ms
[2025-12-20 13:24:52] [INFO] REQ: POST /predict - Status: 200 - Czas: 635.28ms
[2025-12-20 13:24:52] [INFO] REQ: POST /predict - Status: 200 - Czas: 635.40ms
[2025-12-20 13:24:52] [INFO] REQ: POST /predict - Status: 200 - Czas: 635.50ms
[2025-12-20 13:24:52] [INFO] REQ: POST /predict - Status: 200 - Czas: 635.59ms
[2025-12-20 13:24:52] [INFO] REQ: POST /predict - Status: 200 - Czas: 635.70ms
[2025-12-20 13:24:52] [INFO] REQ: POST /predict - Status: 200 - Czas: 635.79ms
[2025-12-20 13:24:52] [INFO] REQ: POST /predict - Status: 200 - Czas: 635.88ms
[2025-12-20 13:24:52] [INFO] REQ: POST /predict - Status: 200 - Czas: 635.89ms
[2025-12-20 13:24:52] [INFO] REQ: POST /predict - Status: 200 - Czas: 635.99ms
[2025-12-20 13:24:52] [INFO] REQ: POST /predict - Status: 200 - Czas: 636.09ms
[2025-12-20 13:24:52] [INFO] REQ: POST /predict - Status: 200 - Czas: 636.18ms
[2025-12-20 13:24:52] [INFO] REQ: POST /predict - Status: 200 - Czas: 636.28ms
[2025-12-20 13:24:53] [INFO] REQ: POST /predict - Status: 200 - Czas: 1118.29ms
[2025-12-20 13:24:53] [INFO] REQ: POST /predict - Status: 200 - Czas: 1118.52ms
[2025-12-20 13:24:53] [INFO] REQ: POST /predict - Status: 200 - Czas: 1118.66ms
[2025-12-20 13:24:53] [INFO] REQ: POST /predict - Status: 200 - Czas: 1118.79ms
[2025-12-20 13:24:53] [INFO] REQ: POST /predict - Status: 200 - Czas: 1118.95ms
[2025-12-20 13:24:53] [INFO] REQ: POST /predict - Status: 200 - Czas: 1119.07ms
[2025-12-20 13:24:53] [INFO] REQ: POST /predict - Status: 200 - Czas: 1119.19ms
[2025-12-20 13:24:53] [INFO] REQ: POST /predict - Status: 200 - Czas: 1119.33ms
[2025-12-20 13:24:53] [INFO] REQ: POST /predict - Status: 200 - Czas: 1119.48ms
[2025-12-20 13:24:53] [INFO] REQ: POST /predict - Status: 200 - Czas: 1119.56ms
[2025-12-20 13:24:53] [INFO] REQ: POST /predict - Status: 200 - Czas: 1119.68ms
[2025-12-20 13:24:53] [INFO] REQ: POST /predict - Status: 200 - Czas: 1119.85ms
[2025-12-20 13:24:53] [INFO] REQ: POST /predict - Status: 200 - Czas: 1120.01ms
[2025-12-20 13:24:53] [INFO] REQ: POST /predict - Status: 200 - Czas: 1120.15ms
[2025-12-20 13:24:53] [INFO] REQ: POST /predict - Status: 200 - Czas: 1120.27ms
[2025-12-20 13:24:53] [INFO] REQ: POST /predict - Status: 200 - Czas: 1120.39ms
[2025-12-20 13:24:53] [INFO] REQ: POST /predict - Status: 200 - Czas: 1120.50ms
[2025-12-20 13:24:53] [INFO] REQ: POST /predict - Status: 200 - Czas: 1120.63ms
[2025-12-20 13:24:53] [INFO] REQ: POST /predict - Status: 200 - Czas: 1120.77ms
[2025-12-20 13:24:53] [INFO] REQ: POST /predict - Status: 200 - Czas: 1120.83ms
[2025-12-20 13:24:53] [INFO] REQ: POST /predict - Status: 200 - Czas: 1120.93ms
[2025-12-20 13:24:53] [INFO] REQ: POST /predict - Status: 200 - Czas: 1319.81ms
[2025-12-20 13:24:53] [INFO] REQ: POST /predict - Status: 200 - Czas: 1320.13ms
[2025-12-20 13:24:53] [INFO] REQ: POST /predict - Status: 200 - Czas: 1320.20ms
[2025-12-20 13:24:53] [INFO] REQ: POST /predict - Status: 200 - Czas: 1320.39ms
[2025-12-20 13:24:53] [INFO] REQ: POST /predict - Status: 200 - Czas: 1320.56ms
[2025-12-20 13:24:53] [INFO] REQ: POST /predict - Status: 200 - Czas: 1320.73ms
[2025-12-20 13:24:53] [INFO] REQ: POST /predict - Status: 200 - Czas: 1320.87ms
[2025-12-20 13:24:53] [INFO] REQ: POST /predict - Status: 200 - Czas: 1321.00ms
[2025-12-20 13:24:53] [INFO] REQ: POST /predict - Status: 200 - Czas: 1321.14ms
[2025-12-20 13:24:53] [INFO] REQ: POST /predict - Status: 200 - Czas: 1321.26ms
[2025-12-20 13:24:53] [INFO] REQ: POST /predict - Status: 200 - Czas: 1321.37ms
[2025-12-20 13:24:53] [INFO] REQ: POST /predict - Status: 200 - Czas: 1321.46ms
[2025-12-20 13:24:53] [INFO] REQ: POST /predict - Status: 200 - Czas: 1321.53ms
[2025-12-20 13:24:53] [INFO] REQ: POST /predict - Status: 200 - Czas: 1321.67ms
[2025-12-20 13:24:53] [INFO] REQ: POST /predict - Status: 200 - Czas: 1321.75ms
[2025-12-20 13:24:53] [INFO] REQ: POST /predict - Status: 200 - Czas: 1321.91ms
[2025-12-20 13:24:53] [INFO] REQ: POST /predict - Status: 200 - Czas: 1322.03ms
[2025-12-20 13:24:53] [INFO] REQ: POST /predict - Status: 200 - Czas: 1322.15ms
[2025-12-20 13:24:53] [INFO] REQ: POST /predict - Status: 200 - Czas: 1322.25ms
[2025-12-20 13:24:53] [INFO] REQ: POST /predict - Status: 200 - Czas: 1322.35ms
[2025-12-20 13:24:53] [INFO] REQ: POST /predict - Status: 200 - Czas: 1322.44ms
[2025-12-20 13:24:53] [INFO] REQ: POST /predict - Status: 200 - Czas: 1322.53ms
[2025-12-20 13:24:53] [INFO] REQ: POST /predict - Status: 200 - Czas: 1322.58ms
[2025-12-20 13:24:53] [INFO] REQ: POST /predict - Status: 200 - Czas: 1322.67ms
[2025-12-20 13:24:53] [INFO] REQ: POST /predict - Status: 200 - Czas: 1322.84ms
[2025-12-20 13:24:53] [INFO] REQ: POST /predict - Status: 200 - Czas: 1322.96ms
[2025-12-20 13:24:53] [INFO] REQ: POST /predict - Status: 200 - Czas: 1323.09ms
[2025-12-20 13:24:53] [INFO] REQ: POST /predict - Status: 200 - Czas: 1323.22ms
[2025-12-20 13:24:53] [INFO] REQ: POST /predict - Status: 200 - Czas: 1323.37ms
[2025-12-20 13:24:53] [INFO] REQ: POST /predict - Status: 200 - Czas: 1323.49ms
[2025-12-20 13:24:53] [INFO] REQ: POST /predict - Status: 200 - Czas: 1323.61ms
[2025-12-20 13:24:53] [INFO] REQ: POST /predict - Status: 200 - Czas: 1323.73ms
[2025-12-20 13:24:53] [INFO] REQ: POST /predict - Status: 200 - Czas: 1323.81ms
[2025-12-20 13:24:53] [INFO] REQ: POST /predict - Status: 200 - Czas: 1324.01ms
[2025-12-20 13:24:53] [INFO] REQ: POST /predict - Status: 200 - Czas: 1324.15ms
[2025-12-20 13:24:53] [INFO] REQ: POST /predict - Status: 200 - Czas: 1324.28ms
[2025-12-20 13:24:53] [INFO] REQ: POST /predict - Status: 200 - Czas: 1324.42ms
[2025-12-20 13:24:53] [INFO] REQ: POST /predict - Status: 200 - Czas: 1324.57ms
[2025-12-20 13:24:53] [INFO] REQ: POST /predict - Status: 200 - Czas: 1324.34ms
[2025-12-20 13:24:53] [INFO] REQ: POST /predict - Status: 200 - Czas: 1324.52ms
[2025-12-20 13:24:53] [INFO] REQ: POST /predict - Status: 200 - Czas: 1324.67ms
[2025-12-20 13:24:53] [INFO] REQ: POST /predict - Status: 200 - Czas: 1324.81ms
[2025-12-20 13:24:53] [INFO] REQ: POST /predict - Status: 200 - Czas: 1324.94ms
[2025-12-20 13:24:53] [INFO] REQ: POST /predict - Status: 200 - Czas: 1325.07ms
[2025-12-20 13:24:53] [INFO] REQ: POST /predict - Status: 200 - Czas: 1325.21ms
[2025-12-20 13:24:53] [INFO] REQ: POST /predict - Status: 200 - Czas: 1325.36ms
[2025-12-20 13:24:53] [INFO] REQ: POST /predict - Status: 200 - Czas: 1325.47ms
[2025-12-20 13:24:53] [INFO] REQ: POST /predict - Status: 200 - Czas: 1325.62ms
[2025-12-20 13:24:53] [INFO] REQ: POST /predict - Status: 200 - Czas: 1325.76ms
[2025-12-20 13:24:53] [INFO] REQ: POST /predict - Status: 200 - Czas: 1325.92ms
[2025-12-20 13:24:53] [INFO] REQ: POST /predict - Status: 200 - Czas: 1326.06ms
[2025-12-20 13:24:53] [INFO] REQ: POST /predict - Status: 200 - Czas: 1326.21ms
[2025-12-20 13:24:53] [INFO] REQ: POST /predict - Status: 200 - Czas: 1326.35ms
[2025-12-20 13:24:53] [INFO] REQ: POST /predict - Status: 200 - Czas: 1326.47ms
[2025-12-20 13:24:54] [INFO] REQ: POST /predict - Status: 200 - Czas: 620.96ms
[2025-12-20 13:24:54] [INFO] REQ: POST /predict - Status: 200 - Czas: 621.31ms
[2025-12-20 13:24:54] [INFO] REQ: POST /predict - Status: 200 - Czas: 621.44ms
[2025-12-20 13:24:54] [INFO] REQ: POST /predict - Status: 200 - Czas: 621.59ms
[2025-12-20 13:24:54] [INFO] REQ: POST /predict - Status: 200 - Czas: 621.70ms
[2025-12-20 13:24:54] [INFO] REQ: POST /predict - Status: 200 - Czas: 621.79ms
[2025-12-20 13:24:54] [INFO] REQ: POST /predict - Status: 200 - Czas: 621.89ms
[2025-12-20 13:24:54] [INFO] REQ: POST /predict - Status: 200 - Czas: 622.02ms
[2025-12-20 13:24:54] [INFO] REQ: POST /predict - Status: 200 - Czas: 622.11ms
[2025-12-20 13:24:54] [INFO] REQ: POST /predict - Status: 200 - Czas: 622.20ms
[2025-12-20 13:24:54] [INFO] REQ: POST /predict - Status: 200 - Czas: 621.97ms
[2025-12-20 13:24:54] [INFO] REQ: POST /predict - Status: 200 - Czas: 622.10ms
[2025-12-20 13:24:54] [INFO] REQ: POST /predict - Status: 200 - Czas: 622.23ms
[2025-12-20 13:24:54] [INFO] REQ: POST /predict - Status: 200 - Czas: 622.36ms
[2025-12-20 13:24:54] [INFO] REQ: POST /predict - Status: 200 - Czas: 622.48ms
[2025-12-20 13:24:54] [INFO] REQ: POST /predict - Status: 200 - Czas: 622.63ms
[2025-12-20 13:24:54] [INFO] REQ: POST /predict - Status: 200 - Czas: 622.74ms
[2025-12-20 13:24:54] [INFO] REQ: POST /predict - Status: 200 - Czas: 622.86ms
[2025-12-20 13:24:54] [INFO] REQ: POST /predict - Status: 200 - Czas: 622.97ms
[2025-12-20 13:24:54] [INFO] REQ: POST /predict - Status: 200 - Czas: 623.09ms
[2025-12-20 13:24:54] [INFO] REQ: POST /predict - Status: 200 - Czas: 623.14ms
[2025-12-20 13:24:54] [INFO] REQ: POST /predict - Status: 200 - Czas: 623.29ms
[2025-12-20 13:24:54] [INFO] REQ: POST /predict - Status: 200 - Czas: 623.42ms
[2025-12-20 13:24:54] [INFO] REQ: POST /predict - Status: 200 - Czas: 623.56ms
[2025-12-20 13:24:54] [INFO] REQ: POST /predict - Status: 200 - Czas: 623.67ms
[2025-12-20 13:24:54] [INFO] REQ: POST /predict - Status: 200 - Czas: 1110.38ms
[2025-12-20 13:24:54] [INFO] REQ: POST /predict - Status: 200 - Czas: 1110.72ms
[2025-12-20 13:24:54] [INFO] REQ: POST /predict - Status: 200 - Czas: 1110.88ms
[2025-12-20 13:24:54] [INFO] REQ: POST /predict - Status: 200 - Czas: 1111.01ms
[2025-12-20 13:24:54] [INFO] REQ: POST /predict - Status: 200 - Czas: 1111.13ms
[2025-12-20 13:24:54] [INFO] REQ: POST /predict - Status: 200 - Czas: 1111.25ms
[2025-12-20 13:24:54] [INFO] REQ: POST /predict - Status: 200 - Czas: 1111.43ms
[2025-12-20 13:24:54] [INFO] REQ: POST /predict - Status: 200 - Czas: 1111.59ms
[2025-12-20 13:24:54] [INFO] REQ: POST /predict - Status: 200 - Czas: 1111.74ms
[2025-12-20 13:24:54] [INFO] REQ: POST /predict - Status: 200 - Czas: 1111.84ms
[2025-12-20 13:24:54] [INFO] REQ: POST /predict - Status: 200 - Czas: 1112.00ms
[2025-12-20 13:24:54] [INFO] REQ: POST /predict - Status: 200 - Czas: 1112.17ms
[2025-12-20 13:24:54] [INFO] REQ: POST /predict - Status: 200 - Czas: 1112.31ms
[2025-12-20 13:24:54] [INFO] REQ: POST /predict - Status: 200 - Czas: 1112.48ms
[2025-12-20 13:24:54] [INFO] REQ: POST /predict - Status: 200 - Czas: 1112.62ms
[2025-12-20 13:24:54] [INFO] REQ: POST /predict - Status: 200 - Czas: 1112.78ms
[2025-12-20 13:24:54] [INFO] REQ: POST /predict - Status: 200 - Czas: 1112.95ms
[2025-12-20 13:24:54] [INFO] REQ: POST /predict - Status: 200 - Czas: 1113.11ms
[2025-12-20 13:24:54] [INFO] REQ: POST /predict - Status: 200 - Czas: 1113.27ms
[2025-12-20 13:24:54] [INFO] REQ: POST /predict - Status: 200 - Czas: 1113.34ms
[2025-12-20 13:24:54] [INFO] REQ: POST /predict - Status: 200 - Czas: 1113.48ms
[2025-12-20 13:24:54] [INFO] REQ: POST /predict - Status: 200 - Czas: 1334.61ms
[2025-12-20 13:24:54] [INFO] REQ: POST /predict - Status: 200 - Czas: 1334.89ms
[2025-12-20 13:24:54] [INFO] REQ: POST /predict - Status: 200 - Czas: 1335.01ms
[2025-12-20 13:24:54] [INFO] REQ: POST /predict - Status: 200 - Czas: 1335.17ms
[2025-12-20 13:24:54] [INFO] REQ: POST /predict - Status: 200 - Czas: 1335.37ms
[2025-12-20 13:24:54] [INFO] REQ: POST /predict - Status: 200 - Czas: 1335.53ms
[2025-12-20 13:24:54] [INFO] REQ: POST /predict - Status: 200 - Czas: 1335.70ms
[2025-12-20 13:24:54] [INFO] REQ: POST /predict - Status: 200 - Czas: 1335.87ms
[2025-12-20 13:24:54] [INFO] REQ: POST /predict - Status: 200 - Czas: 1336.04ms
[2025-12-20 13:24:54] [INFO] REQ: POST /predict - Status: 200 - Czas: 1336.20ms
[2025-12-20 13:24:54] [INFO] REQ: POST /predict - Status: 200 - Czas: 1336.37ms
[2025-12-20 13:24:54] [INFO] REQ: POST /predict - Status: 200 - Czas: 1336.54ms
[2025-12-20 13:24:54] [INFO] REQ: POST /predict - Status: 200 - Czas: 1336.62ms
[2025-12-20 13:24:54] [INFO] REQ: POST /predict - Status: 200 - Czas: 1336.76ms
[2025-12-20 13:24:54] [INFO] REQ: POST /predict - Status: 200 - Czas: 1336.94ms
[2025-12-20 13:24:54] [INFO] REQ: POST /predict - Status: 200 - Czas: 1337.10ms
[2025-12-20 13:24:54] [INFO] REQ: POST /predict - Status: 200 - Czas: 1337.25ms
[2025-12-20 13:24:54] [INFO] REQ: POST /predict - Status: 200 - Czas: 1337.41ms
[2025-12-20 13:24:54] [INFO] REQ: POST /predict - Status: 200 - Czas: 1337.57ms
[2025-12-20 13:24:54] [INFO] REQ: POST /predict - Status: 200 - Czas: 1337.69ms
[2025-12-20 13:24:54] [INFO] REQ: POST /predict - Status: 200 - Czas: 1337.80ms
[2025-12-20 13:24:54] [INFO] REQ: POST /predict - Status: 200 - Czas: 1337.93ms
[2025-12-20 13:24:54] [INFO] REQ: POST /predict - Status: 200 - Czas: 1337.98ms
[2025-12-20 13:24:54] [INFO] REQ: POST /predict - Status: 200 - Czas: 1338.09ms
[2025-12-20 13:24:54] [INFO] REQ: POST /predict - Status: 200 - Czas: 1338.21ms
[2025-12-20 13:24:54] [INFO] REQ: POST /predict - Status: 200 - Czas: 1338.31ms
[2025-12-20 13:24:54] [INFO] REQ: POST /predict - Status: 200 - Czas: 1338.43ms
[2025-12-20 13:24:54] [INFO] REQ: POST /predict - Status: 200 - Czas: 1338.58ms
[2025-12-20 13:24:54] [INFO] REQ: POST /predict - Status: 200 - Czas: 1338.68ms
[2025-12-20 13:24:54] [INFO] REQ: POST /predict - Status: 200 - Czas: 1338.79ms
[2025-12-20 13:24:54] [INFO] REQ: POST /predict - Status: 200 - Czas: 1338.92ms
[2025-12-20 13:24:54] [INFO] REQ: POST /predict - Status: 200 - Czas: 1339.03ms
[2025-12-20 13:24:54] [INFO] REQ: POST /predict - Status: 200 - Czas: 1339.10ms
[2025-12-20 13:24:54] [INFO] REQ: POST /predict - Status: 200 - Czas: 1339.25ms
[2025-12-20 13:24:54] [INFO] REQ: POST /predict - Status: 200 - Czas: 1339.35ms
[2025-12-20 13:24:54] [INFO] REQ: POST /predict - Status: 200 - Czas: 1339.45ms
[2025-12-20 13:24:54] [INFO] REQ: POST /predict - Status: 200 - Czas: 1339.55ms
[2025-12-20 13:24:54] [INFO] REQ: POST /predict - Status: 200 - Czas: 1339.66ms
[2025-12-20 13:24:54] [INFO] REQ: POST /predict - Status: 200 - Czas: 1338.13ms
[2025-12-20 13:24:54] [INFO] REQ: POST /predict - Status: 200 - Czas: 1338.30ms
[2025-12-20 13:24:54] [INFO] REQ: POST /predict - Status: 200 - Czas: 1338.43ms
[2025-12-20 13:24:54] [INFO] REQ: POST /predict - Status: 200 - Czas: 1338.54ms
[2025-12-20 13:24:54] [INFO] REQ: POST /predict - Status: 200 - Czas: 1338.66ms
[2025-12-20 13:24:54] [INFO] REQ: POST /predict - Status: 200 - Czas: 1338.80ms
[2025-12-20 13:24:54] [INFO] REQ: POST /predict - Status: 200 - Czas: 1338.90ms
[2025-12-20 13:24:54] [INFO] REQ: POST /predict - Status: 200 - Czas: 1339.01ms
[2025-12-20 13:24:54] [INFO] REQ: POST /predict - Status: 200 - Czas: 1339.10ms
[2025-12-20 13:24:54] [INFO] REQ: POST /predict - Status: 200 - Czas: 1339.23ms
[2025-12-20 13:24:54] [INFO] REQ: POST /predict - Status: 200 - Czas: 1339.35ms
[2025-12-20 13:24:54] [INFO] REQ: POST /predict - Status: 200 - Czas: 1339.46ms
[2025-12-20 13:24:54] [INFO] REQ: POST /predict - Status: 200 - Czas: 1339.58ms
[2025-12-20 13:24:54] [INFO] REQ: POST /predict - Status: 200 - Czas: 1339.72ms
[2025-12-20 13:24:54] [INFO] REQ: POST /predict - Status: 200 - Czas: 1339.85ms
[2025-12-20 13:24:54] [INFO] REQ: POST /predict - Status: 200 - Czas: 1340.02ms
[2025-12-20 13:24:55] [INFO] REQ: POST /predict - Status: 200 - Czas: 605.19ms
[2025-12-20 13:24:55] [INFO] REQ: POST /predict - Status: 200 - Czas: 605.46ms
[2025-12-20 13:24:55] [INFO] REQ: POST /predict - Status: 200 - Czas: 605.60ms
[2025-12-20 13:24:55] [INFO] REQ: POST /predict - Status: 200 - Czas: 605.71ms
[2025-12-20 13:24:55] [ERROR] Exception in ASGI application
Traceback (most recent call last):
  File "/usr/local/lib/python3.12/site-packages/starlette/_exception_handler.py", line 42, in wrapped_app
    await app(scope, receive, sender)
  File "/usr/local/lib/python3.12/site-packages/fastapi/routing.py", line 106, in app
    response = await f(request)
               ^^^^^^^^^^^^^^^^
  File "/usr/local/lib/python3.12/site-packages/fastapi/routing.py", line 472, in app
    raise validation_error
fastapi.exceptions.RequestValidationError: 1 validation error:
  {'type': 'string_type', 'loc': ('body', 'text'), 'msg': 'Input should be a valid string', 'input': nan}

  File "/project/app/server_fastapi.py", line 60, in predict_endpoint
    POST /predict

The above exception was the direct cause of the following exception:

Traceback (most recent call last):
  File "/usr/local/lib/python3.12/site-packages/uvicorn/protocols/http/httptools_impl.py", line 409, in run_asgi
    result = await app(  # type: ignore[func-returns-value]
             ^^^^^^^^^^^^^^^^^^^^^^^^^^^^^^^^^^^^^^^^^^^^^^
  File "/usr/local/lib/python3.12/site-packages/uvicorn/middleware/proxy_headers.py", line 60, in __call__
    return await self.app(scope, receive, send)
           ^^^^^^^^^^^^^^^^^^^^^^^^^^^^^^^^^^^^
  File "/usr/local/lib/python3.12/site-packages/fastapi/applications.py", line 1139, in __call__
    await super().__call__(scope, receive, send)
  File "/usr/local/lib/python3.12/site-packages/starlette/applications.py", line 107, in __call__
    await self.middleware_stack(scope, receive, send)
  File "/usr/local/lib/python3.12/site-packages/starlette/middleware/errors.py", line 186, in __call__
    raise exc
  File "/usr/local/lib/python3.12/site-packages/starlette/middleware/errors.py", line 164, in __call__
    await self.app(scope, receive, _send)
  File "/usr/local/lib/python3.12/site-packages/starlette/middleware/base.py", line 191, in __call__
    with recv_stream, send_stream, collapse_excgroups():
                                   ^^^^^^^^^^^^^^^^^^^^
  File "/usr/local/lib/python3.12/contextlib.py", line 158, in __exit__
    self.gen.throw(value)
  File "/usr/local/lib/python3.12/site-packages/starlette/_utils.py", line 85, in collapse_excgroups
    raise exc
  File "/usr/local/lib/python3.12/site-packages/starlette/middleware/base.py", line 193, in __call__
    response = await self.dispatch_func(request, call_next)
               ^^^^^^^^^^^^^^^^^^^^^^^^^^^^^^^^^^^^^^^^^^^^
  File "/project/app/server_fastapi.py", line 41, in log_requests
    response: Response = await call_next(request)
                         ^^^^^^^^^^^^^^^^^^^^^^^^
  File "/usr/local/lib/python3.12/site-packages/starlette/middleware/base.py", line 168, in call_next
    raise app_exc from app_exc.__cause__ or app_exc.__context__
  File "/usr/local/lib/python3.12/site-packages/starlette/middleware/base.py", line 144, in coro
    await self.app(scope, receive_or_disconnect, send_no_error)
  File "/usr/local/lib/python3.12/site-packages/starlette/middleware/exceptions.py", line 63, in __call__
    await wrap_app_handling_exceptions(self.app, conn)(scope, receive, send)
  File "/usr/local/lib/python3.12/site-packages/starlette/_exception_handler.py", line 53, in wrapped_app
    raise exc
  File "/usr/local/lib/python3.12/site-packages/starlette/_exception_handler.py", line 42, in wrapped_app
    await app(scope, receive, sender)
  File "/usr/local/lib/python3.12/site-packages/fastapi/middleware/asyncexitstack.py", line 18, in __call__
    await self.app(scope, receive, send)
  File "/usr/local/lib/python3.12/site-packages/starlette/routing.py", line 716, in __call__
    await self.middleware_stack(scope, receive, send)
  File "/usr/local/lib/python3.12/site-packages/starlette/routing.py", line 736, in app
    await route.handle(scope, receive, send)
  File "/usr/local/lib/python3.12/site-packages/starlette/routing.py", line 290, in handle
    await self.app(scope, receive, send)
  File "/usr/local/lib/python3.12/site-packages/fastapi/routing.py", line 120, in app
    await wrap_app_handling_exceptions(app, request)(scope, receive, send)
  File "/usr/local/lib/python3.12/site-packages/starlette/_exception_handler.py", line 59, in wrapped_app
    response = await handler(conn, exc)
               ^^^^^^^^^^^^^^^^^^^^^^^^
  File "/usr/local/lib/python3.12/site-packages/fastapi/exception_handlers.py", line 23, in request_validation_exception_handler
    return JSONResponse(
           ^^^^^^^^^^^^^
  File "/usr/local/lib/python3.12/site-packages/starlette/responses.py", line 189, in __init__
    super().__init__(content, status_code, headers, media_type, background)
  File "/usr/local/lib/python3.12/site-packages/starlette/responses.py", line 46, in __init__
    self.body = self.render(content)
                ^^^^^^^^^^^^^^^^^^^^
  File "/usr/local/lib/python3.12/site-packages/starlette/responses.py", line 192, in render
    return json.dumps(
           ^^^^^^^^^^^
  File "/usr/local/lib/python3.12/json/__init__.py", line 238, in dumps
    **kw).encode(obj)
          ^^^^^^^^^^^
  File "/usr/local/lib/python3.12/json/encoder.py", line 200, in encode
    chunks = self.iterencode(o, _one_shot=True)
             ^^^^^^^^^^^^^^^^^^^^^^^^^^^^^^^^^^
  File "/usr/local/lib/python3.12/json/encoder.py", line 258, in iterencode
    return _iterencode(o, 0)
           ^^^^^^^^^^^^^^^^^
ValueError: Out of range float values are not JSON compliant: nan
[2025-12-20 13:24:55] [INFO] REQ: POST /predict - Status: 200 - Czas: 607.21ms
[2025-12-20 13:24:55] [INFO] REQ: POST /predict - Status: 200 - Czas: 607.32ms
[2025-12-20 13:24:55] [INFO] REQ: POST /predict - Status: 200 - Czas: 607.46ms
[2025-12-20 13:24:55] [INFO] REQ: POST /predict - Status: 200 - Czas: 607.57ms
[2025-12-20 13:24:55] [INFO] REQ: POST /predict - Status: 200 - Czas: 607.69ms
[2025-12-20 13:24:55] [INFO] REQ: POST /predict - Status: 200 - Czas: 607.57ms
[2025-12-20 13:24:55] [INFO] REQ: POST /predict - Status: 200 - Czas: 607.68ms
[2025-12-20 13:24:55] [INFO] REQ: POST /predict - Status: 200 - Czas: 607.80ms
[2025-12-20 13:24:55] [INFO] REQ: POST /predict - Status: 200 - Czas: 607.92ms
[2025-12-20 13:24:55] [INFO] REQ: POST /predict - Status: 200 - Czas: 608.05ms
[2025-12-20 13:24:55] [INFO] REQ: POST /predict - Status: 200 - Czas: 608.15ms
[2025-12-20 13:24:55] [INFO] REQ: POST /predict - Status: 200 - Czas: 608.27ms
[2025-12-20 13:24:55] [INFO] REQ: POST /predict - Status: 200 - Czas: 608.43ms
[2025-12-20 13:24:55] [INFO] REQ: POST /predict - Status: 200 - Czas: 608.54ms
[2025-12-20 13:24:55] [INFO] REQ: POST /predict - Status: 200 - Czas: 608.65ms
[2025-12-20 13:24:55] [INFO] REQ: POST /predict - Status: 200 - Czas: 608.72ms
[2025-12-20 13:24:55] [INFO] REQ: POST /predict - Status: 200 - Czas: 608.84ms
[2025-12-20 13:24:55] [INFO] REQ: POST /predict - Status: 200 - Czas: 608.95ms
[2025-12-20 13:24:55] [INFO] REQ: POST /predict - Status: 200 - Czas: 609.08ms
[2025-12-20 13:24:55] [INFO] REQ: POST /predict - Status: 200 - Czas: 609.22ms
[2025-12-20 13:24:56] [INFO] REQ: POST /predict - Status: 200 - Czas: 1118.11ms
[2025-12-20 13:24:56] [INFO] REQ: POST /predict - Status: 200 - Czas: 1118.50ms
[2025-12-20 13:24:56] [INFO] REQ: POST /predict - Status: 200 - Czas: 1118.69ms
[2025-12-20 13:24:56] [INFO] REQ: POST /predict - Status: 200 - Czas: 1118.84ms
[2025-12-20 13:24:56] [INFO] REQ: POST /predict - Status: 200 - Czas: 1118.99ms
[2025-12-20 13:24:56] [INFO] REQ: POST /predict - Status: 200 - Czas: 1119.14ms
[2025-12-20 13:24:56] [INFO] REQ: POST /predict - Status: 200 - Czas: 1119.30ms
[2025-12-20 13:24:56] [INFO] REQ: POST /predict - Status: 200 - Czas: 1119.43ms
[2025-12-20 13:24:56] [INFO] REQ: POST /predict - Status: 200 - Czas: 1119.59ms
[2025-12-20 13:24:56] [INFO] REQ: POST /predict - Status: 200 - Czas: 1119.67ms
[2025-12-20 13:24:56] [INFO] REQ: POST /predict - Status: 200 - Czas: 1119.83ms
[2025-12-20 13:24:56] [INFO] REQ: POST /predict - Status: 200 - Czas: 1119.96ms
[2025-12-20 13:24:56] [INFO] REQ: POST /predict - Status: 200 - Czas: 1120.10ms
[2025-12-20 13:24:56] [INFO] REQ: POST /predict - Status: 200 - Czas: 1120.26ms
[2025-12-20 13:24:56] [INFO] REQ: POST /predict - Status: 200 - Czas: 1120.42ms
[2025-12-20 13:24:56] [INFO] REQ: POST /predict - Status: 200 - Czas: 1120.58ms
[2025-12-20 13:24:56] [INFO] REQ: POST /predict - Status: 200 - Czas: 1120.74ms
[2025-12-20 13:24:56] [INFO] REQ: POST /predict - Status: 200 - Czas: 1120.87ms
[2025-12-20 13:24:56] [INFO] REQ: POST /predict - Status: 200 - Czas: 1121.02ms
[2025-12-20 13:24:56] [INFO] REQ: POST /predict - Status: 200 - Czas: 1121.11ms
[2025-12-20 13:24:56] [INFO] REQ: POST /predict - Status: 200 - Czas: 1121.28ms
[2025-12-20 13:24:56] [INFO] REQ: POST /predict - Status: 200 - Czas: 1356.43ms
[2025-12-20 13:24:56] [INFO] REQ: POST /predict - Status: 200 - Czas: 1356.80ms
[2025-12-20 13:24:56] [INFO] REQ: POST /predict - Status: 200 - Czas: 1322.36ms
[2025-12-20 13:24:56] [INFO] REQ: POST /predict - Status: 200 - Czas: 1322.53ms
[2025-12-20 13:24:56] [INFO] REQ: POST /predict - Status: 200 - Czas: 1322.67ms
[2025-12-20 13:24:56] [INFO] REQ: POST /predict - Status: 200 - Czas: 1322.84ms
[2025-12-20 13:24:56] [INFO] REQ: POST /predict - Status: 200 - Czas: 1322.97ms
[2025-12-20 13:24:56] [INFO] REQ: POST /predict - Status: 200 - Czas: 1323.10ms
[2025-12-20 13:24:56] [INFO] REQ: POST /predict - Status: 200 - Czas: 1323.26ms
[2025-12-20 13:24:56] [INFO] REQ: POST /predict - Status: 200 - Czas: 1323.42ms
[2025-12-20 13:24:56] [ERROR] Exception in ASGI application
Traceback (most recent call last):
  File "/usr/local/lib/python3.12/site-packages/starlette/_exception_handler.py", line 42, in wrapped_app
    await app(scope, receive, sender)
  File "/usr/local/lib/python3.12/site-packages/fastapi/routing.py", line 106, in app
    response = await f(request)
               ^^^^^^^^^^^^^^^^
  File "/usr/local/lib/python3.12/site-packages/fastapi/routing.py", line 472, in app
    raise validation_error
fastapi.exceptions.RequestValidationError: 1 validation error:
  {'type': 'string_type', 'loc': ('body', 'text'), 'msg': 'Input should be a valid string', 'input': nan}

  File "/project/app/server_fastapi.py", line 60, in predict_endpoint
    POST /predict

The above exception was the direct cause of the following exception:

Traceback (most recent call last):
  File "/usr/local/lib/python3.12/site-packages/uvicorn/protocols/http/httptools_impl.py", line 409, in run_asgi
    result = await app(  # type: ignore[func-returns-value]
             ^^^^^^^^^^^^^^^^^^^^^^^^^^^^^^^^^^^^^^^^^^^^^^
  File "/usr/local/lib/python3.12/site-packages/uvicorn/middleware/proxy_headers.py", line 60, in __call__
    return await self.app(scope, receive, send)
           ^^^^^^^^^^^^^^^^^^^^^^^^^^^^^^^^^^^^
  File "/usr/local/lib/python3.12/site-packages/fastapi/applications.py", line 1139, in __call__
    await super().__call__(scope, receive, send)
  File "/usr/local/lib/python3.12/site-packages/starlette/applications.py", line 107, in __call__
    await self.middleware_stack(scope, receive, send)
  File "/usr/local/lib/python3.12/site-packages/starlette/middleware/errors.py", line 186, in __call__
    raise exc
  File "/usr/local/lib/python3.12/site-packages/starlette/middleware/errors.py", line 164, in __call__
    await self.app(scope, receive, _send)
  File "/usr/local/lib/python3.12/site-packages/starlette/middleware/base.py", line 191, in __call__
    with recv_stream, send_stream, collapse_excgroups():
                                   ^^^^^^^^^^^^^^^^^^^^
  File "/usr/local/lib/python3.12/contextlib.py", line 158, in __exit__
    self.gen.throw(value)
  File "/usr/local/lib/python3.12/site-packages/starlette/_utils.py", line 85, in collapse_excgroups
    raise exc
  File "/usr/local/lib/python3.12/site-packages/starlette/middleware/base.py", line 193, in __call__
    response = await self.dispatch_func(request, call_next)
               ^^^^^^^^^^^^^^^^^^^^^^^^^^^^^^^^^^^^^^^^^^^^
  File "/project/app/server_fastapi.py", line 41, in log_requests
    response: Response = await call_next(request)
                         ^^^^^^^^^^^^^^^^^^^^^^^^
  File "/usr/local/lib/python3.12/site-packages/starlette/middleware/base.py", line 168, in call_next
    raise app_exc from app_exc.__cause__ or app_exc.__context__
  File "/usr/local/lib/python3.12/site-packages/starlette/middleware/base.py", line 144, in coro
    await self.app(scope, receive_or_disconnect, send_no_error)
  File "/usr/local/lib/python3.12/site-packages/starlette/middleware/exceptions.py", line 63, in __call__
    await wrap_app_handling_exceptions(self.app, conn)(scope, receive, send)
  File "/usr/local/lib/python3.12/site-packages/starlette/_exception_handler.py", line 53, in wrapped_app
    raise exc
  File "/usr/local/lib/python3.12/site-packages/starlette/_exception_handler.py", line 42, in wrapped_app
    await app(scope, receive, sender)
  File "/usr/local/lib/python3.12/site-packages/fastapi/middleware/asyncexitstack.py", line 18, in __call__
    await self.app(scope, receive, send)
  File "/usr/local/lib/python3.12/site-packages/starlette/routing.py", line 716, in __call__
    await self.middleware_stack(scope, receive, send)
  File "/usr/local/lib/python3.12/site-packages/starlette/routing.py", line 736, in app
    await route.handle(scope, receive, send)
  File "/usr/local/lib/python3.12/site-packages/starlette/routing.py", line 290, in handle
    await self.app(scope, receive, send)
  File "/usr/local/lib/python3.12/site-packages/fastapi/routing.py", line 120, in app
    await wrap_app_handling_exceptions(app, request)(scope, receive, send)
  File "/usr/local/lib/python3.12/site-packages/starlette/_exception_handler.py", line 59, in wrapped_app
    response = await handler(conn, exc)
               ^^^^^^^^^^^^^^^^^^^^^^^^
  File "/usr/local/lib/python3.12/site-packages/fastapi/exception_handlers.py", line 23, in request_validation_exception_handler
    return JSONResponse(
           ^^^^^^^^^^^^^
  File "/usr/local/lib/python3.12/site-packages/starlette/responses.py", line 189, in __init__
    super().__init__(content, status_code, headers, media_type, background)
  File "/usr/local/lib/python3.12/site-packages/starlette/responses.py", line 46, in __init__
    self.body = self.render(content)
                ^^^^^^^^^^^^^^^^^^^^
  File "/usr/local/lib/python3.12/site-packages/starlette/responses.py", line 192, in render
    return json.dumps(
           ^^^^^^^^^^^
  File "/usr/local/lib/python3.12/json/__init__.py", line 238, in dumps
    **kw).encode(obj)
          ^^^^^^^^^^^
  File "/usr/local/lib/python3.12/json/encoder.py", line 200, in encode
    chunks = self.iterencode(o, _one_shot=True)
             ^^^^^^^^^^^^^^^^^^^^^^^^^^^^^^^^^^
  File "/usr/local/lib/python3.12/json/encoder.py", line 258, in iterencode
    return _iterencode(o, 0)
           ^^^^^^^^^^^^^^^^^
ValueError: Out of range float values are not JSON compliant: nan
[2025-12-20 13:24:56] [INFO] REQ: POST /predict - Status: 200 - Czas: 1325.05ms
[2025-12-20 13:24:56] [INFO] REQ: POST /predict - Status: 200 - Czas: 1325.18ms
[2025-12-20 13:24:56] [INFO] REQ: POST /predict - Status: 200 - Czas: 1325.30ms
[2025-12-20 13:24:56] [INFO] REQ: POST /predict - Status: 200 - Czas: 1325.44ms
[2025-12-20 13:24:56] [INFO] REQ: POST /predict - Status: 200 - Czas: 1325.57ms
[2025-12-20 13:24:56] [INFO] REQ: POST /predict - Status: 200 - Czas: 1325.65ms
[2025-12-20 13:24:56] [INFO] REQ: POST /predict - Status: 200 - Czas: 1325.79ms
[2025-12-20 13:24:56] [INFO] REQ: POST /predict - Status: 200 - Czas: 1325.93ms
[2025-12-20 13:24:56] [INFO] REQ: POST /predict - Status: 200 - Czas: 1326.03ms
[2025-12-20 13:24:56] [INFO] REQ: POST /predict - Status: 200 - Czas: 1326.16ms
[2025-12-20 13:24:56] [INFO] REQ: POST /predict - Status: 200 - Czas: 1326.32ms
[2025-12-20 13:24:56] [INFO] REQ: POST /predict - Status: 200 - Czas: 1326.46ms
[2025-12-20 13:24:56] [INFO] REQ: POST /predict - Status: 200 - Czas: 1326.62ms
[2025-12-20 13:24:56] [INFO] REQ: POST /predict - Status: 200 - Czas: 1326.77ms
[2025-12-20 13:24:56] [INFO] REQ: POST /predict - Status: 200 - Czas: 1326.91ms
[2025-12-20 13:24:56] [INFO] REQ: POST /predict - Status: 200 - Czas: 1327.03ms
[2025-12-20 13:24:56] [INFO] REQ: POST /predict - Status: 200 - Czas: 1327.16ms
[2025-12-20 13:24:56] [INFO] REQ: POST /predict - Status: 200 - Czas: 1327.28ms
[2025-12-20 13:24:56] [INFO] REQ: POST /predict - Status: 200 - Czas: 1327.39ms
[2025-12-20 13:24:56] [INFO] REQ: POST /predict - Status: 200 - Czas: 1327.53ms
[2025-12-20 13:24:56] [INFO] REQ: POST /predict - Status: 200 - Czas: 1327.67ms
[2025-12-20 13:24:56] [INFO] REQ: POST /predict - Status: 200 - Czas: 1327.80ms
[2025-12-20 13:24:56] [INFO] REQ: POST /predict - Status: 200 - Czas: 1327.95ms
[2025-12-20 13:24:56] [INFO] REQ: POST /predict - Status: 200 - Czas: 1328.09ms
[2025-12-20 13:24:56] [INFO] REQ: POST /predict - Status: 200 - Czas: 1328.22ms
[2025-12-20 13:24:56] [INFO] REQ: POST /predict - Status: 200 - Czas: 1328.35ms
[2025-12-20 13:24:56] [INFO] REQ: POST /predict - Status: 200 - Czas: 1328.45ms
[2025-12-20 13:24:56] [INFO] REQ: POST /predict - Status: 200 - Czas: 1328.32ms
[2025-12-20 13:24:56] [INFO] REQ: POST /predict - Status: 200 - Czas: 1328.56ms
[2025-12-20 13:24:56] [INFO] REQ: POST /predict - Status: 200 - Czas: 1328.75ms
[2025-12-20 13:24:56] [INFO] REQ: POST /predict - Status: 200 - Czas: 1328.97ms
[2025-12-20 13:24:56] [INFO] REQ: POST /predict - Status: 200 - Czas: 1329.08ms
[2025-12-20 13:24:56] [INFO] REQ: POST /predict - Status: 200 - Czas: 1329.22ms
[2025-12-20 13:24:56] [INFO] REQ: POST /predict - Status: 200 - Czas: 1329.36ms
[2025-12-20 13:24:56] [INFO] REQ: POST /predict - Status: 200 - Czas: 1329.51ms
[2025-12-20 13:24:56] [INFO] REQ: POST /predict - Status: 200 - Czas: 1329.65ms
[2025-12-20 13:24:56] [INFO] REQ: POST /predict - Status: 200 - Czas: 1329.77ms
[2025-12-20 13:24:56] [INFO] REQ: POST /predict - Status: 200 - Czas: 1329.93ms
[2025-12-20 13:24:56] [INFO] REQ: POST /predict - Status: 200 - Czas: 1330.09ms
[2025-12-20 13:24:56] [INFO] REQ: POST /predict - Status: 200 - Czas: 1330.24ms
[2025-12-20 13:24:56] [INFO] REQ: POST /predict - Status: 200 - Czas: 1330.32ms
[2025-12-20 13:24:56] [INFO] REQ: POST /predict - Status: 200 - Czas: 1330.47ms
[2025-12-20 13:24:56] [INFO] REQ: POST /predict - Status: 200 - Czas: 1330.67ms
[2025-12-20 13:24:56] [INFO] REQ: POST /predict - Status: 200 - Czas: 611.61ms
[2025-12-20 13:24:56] [INFO] REQ: POST /predict - Status: 200 - Czas: 611.79ms
[2025-12-20 13:24:56] [INFO] REQ: POST /predict - Status: 200 - Czas: 611.90ms
[2025-12-20 13:24:56] [INFO] REQ: POST /predict - Status: 200 - Czas: 612.03ms
[2025-12-20 13:24:56] [INFO] REQ: POST /predict - Status: 200 - Czas: 612.15ms
[2025-12-20 13:24:56] [INFO] REQ: POST /predict - Status: 200 - Czas: 612.29ms
[2025-12-20 13:24:56] [INFO] REQ: POST /predict - Status: 200 - Czas: 612.41ms
[2025-12-20 13:24:56] [INFO] REQ: POST /predict - Status: 200 - Czas: 612.54ms
[2025-12-20 13:24:56] [INFO] REQ: POST /predict - Status: 200 - Czas: 612.68ms
[2025-12-20 13:24:56] [INFO] REQ: POST /predict - Status: 200 - Czas: 612.79ms
[2025-12-20 13:24:56] [INFO] REQ: POST /predict - Status: 200 - Czas: 612.31ms
[2025-12-20 13:24:56] [INFO] REQ: POST /predict - Status: 200 - Czas: 612.40ms
[2025-12-20 13:24:56] [INFO] REQ: POST /predict - Status: 200 - Czas: 612.50ms
[2025-12-20 13:24:56] [INFO] REQ: POST /predict - Status: 200 - Czas: 612.60ms
[2025-12-20 13:24:56] [INFO] REQ: POST /predict - Status: 200 - Czas: 612.71ms
[2025-12-20 13:24:56] [INFO] REQ: POST /predict - Status: 200 - Czas: 612.84ms
[2025-12-20 13:24:56] [INFO] REQ: POST /predict - Status: 200 - Czas: 612.96ms
[2025-12-20 13:24:56] [INFO] REQ: POST /predict - Status: 200 - Czas: 613.08ms
[2025-12-20 13:24:56] [INFO] REQ: POST /predict - Status: 200 - Czas: 613.18ms
[2025-12-20 13:24:56] [INFO] REQ: POST /predict - Status: 200 - Czas: 613.28ms
[2025-12-20 13:24:56] [INFO] REQ: POST /predict - Status: 200 - Czas: 613.32ms
[2025-12-20 13:24:56] [INFO] REQ: POST /predict - Status: 200 - Czas: 613.44ms
[2025-12-20 13:24:56] [INFO] REQ: POST /predict - Status: 200 - Czas: 624.54ms
[2025-12-20 13:24:56] [INFO] REQ: POST /predict - Status: 200 - Czas: 624.70ms
[2025-12-20 13:24:57] [INFO] REQ: POST /predict - Status: 200 - Czas: 1064.05ms
[2025-12-20 13:24:57] [INFO] REQ: POST /predict - Status: 200 - Czas: 1064.26ms
[2025-12-20 13:24:57] [INFO] REQ: POST /predict - Status: 200 - Czas: 1064.43ms
[2025-12-20 13:24:57] [INFO] REQ: POST /predict - Status: 200 - Czas: 1064.60ms
[2025-12-20 13:24:57] [INFO] REQ: POST /predict - Status: 200 - Czas: 1064.74ms
[2025-12-20 13:24:57] [INFO] REQ: POST /predict - Status: 200 - Czas: 1064.89ms
[2025-12-20 13:24:57] [INFO] REQ: POST /predict - Status: 200 - Czas: 1065.04ms
[2025-12-20 13:24:57] [INFO] REQ: POST /predict - Status: 200 - Czas: 1065.19ms
[2025-12-20 13:24:57] [INFO] REQ: POST /predict - Status: 200 - Czas: 1065.36ms
[2025-12-20 13:24:57] [INFO] REQ: POST /predict - Status: 200 - Czas: 1065.48ms
[2025-12-20 13:24:57] [INFO] REQ: POST /predict - Status: 200 - Czas: 1065.54ms
[2025-12-20 13:24:57] [INFO] REQ: POST /predict - Status: 200 - Czas: 1065.64ms
[2025-12-20 13:24:57] [INFO] REQ: POST /predict - Status: 200 - Czas: 1065.76ms
[2025-12-20 13:24:57] [INFO] REQ: POST /predict - Status: 200 - Czas: 1065.88ms
[2025-12-20 13:24:57] [INFO] REQ: POST /predict - Status: 200 - Czas: 1065.93ms
[2025-12-20 13:24:57] [INFO] REQ: POST /predict - Status: 200 - Czas: 1066.01ms
[2025-12-20 13:24:57] [INFO] REQ: POST /predict - Status: 200 - Czas: 1066.11ms
[2025-12-20 13:24:57] [INFO] REQ: POST /predict - Status: 200 - Czas: 1066.20ms
[2025-12-20 13:24:57] [INFO] REQ: POST /predict - Status: 200 - Czas: 1066.29ms
[2025-12-20 13:24:57] [INFO] REQ: POST /predict - Status: 200 - Czas: 1066.38ms
[2025-12-20 13:24:57] [INFO] REQ: POST /predict - Status: 200 - Czas: 1066.46ms
[2025-12-20 13:24:57] [INFO] REQ: POST /predict - Status: 200 - Czas: 1282.38ms
[2025-12-20 13:24:57] [INFO] REQ: POST /predict - Status: 200 - Czas: 1282.66ms
[2025-12-20 13:24:57] [INFO] REQ: POST /predict - Status: 200 - Czas: 1281.81ms
[2025-12-20 13:24:57] [ERROR] Exception in ASGI application
Traceback (most recent call last):
  File "/usr/local/lib/python3.12/site-packages/starlette/_exception_handler.py", line 42, in wrapped_app
    await app(scope, receive, sender)
  File "/usr/local/lib/python3.12/site-packages/fastapi/routing.py", line 106, in app
    response = await f(request)
               ^^^^^^^^^^^^^^^^
  File "/usr/local/lib/python3.12/site-packages/fastapi/routing.py", line 472, in app
    raise validation_error
fastapi.exceptions.RequestValidationError: 1 validation error:
  {'type': 'string_type', 'loc': ('body', 'text'), 'msg': 'Input should be a valid string', 'input': nan}

  File "/project/app/server_fastapi.py", line 60, in predict_endpoint
    POST /predict

The above exception was the direct cause of the following exception:

Traceback (most recent call last):
  File "/usr/local/lib/python3.12/site-packages/uvicorn/protocols/http/httptools_impl.py", line 409, in run_asgi
    result = await app(  # type: ignore[func-returns-value]
             ^^^^^^^^^^^^^^^^^^^^^^^^^^^^^^^^^^^^^^^^^^^^^^
  File "/usr/local/lib/python3.12/site-packages/uvicorn/middleware/proxy_headers.py", line 60, in __call__
    return await self.app(scope, receive, send)
           ^^^^^^^^^^^^^^^^^^^^^^^^^^^^^^^^^^^^
  File "/usr/local/lib/python3.12/site-packages/fastapi/applications.py", line 1139, in __call__
    await super().__call__(scope, receive, send)
  File "/usr/local/lib/python3.12/site-packages/starlette/applications.py", line 107, in __call__
    await self.middleware_stack(scope, receive, send)
  File "/usr/local/lib/python3.12/site-packages/starlette/middleware/errors.py", line 186, in __call__
    raise exc
  File "/usr/local/lib/python3.12/site-packages/starlette/middleware/errors.py", line 164, in __call__
    await self.app(scope, receive, _send)
  File "/usr/local/lib/python3.12/site-packages/starlette/middleware/base.py", line 191, in __call__
    with recv_stream, send_stream, collapse_excgroups():
                                   ^^^^^^^^^^^^^^^^^^^^
  File "/usr/local/lib/python3.12/contextlib.py", line 158, in __exit__
    self.gen.throw(value)
  File "/usr/local/lib/python3.12/site-packages/starlette/_utils.py", line 85, in collapse_excgroups
    raise exc
  File "/usr/local/lib/python3.12/site-packages/starlette/middleware/base.py", line 193, in __call__
    response = await self.dispatch_func(request, call_next)
               ^^^^^^^^^^^^^^^^^^^^^^^^^^^^^^^^^^^^^^^^^^^^
  File "/project/app/server_fastapi.py", line 41, in log_requests
    response: Response = await call_next(request)
                         ^^^^^^^^^^^^^^^^^^^^^^^^
  File "/usr/local/lib/python3.12/site-packages/starlette/middleware/base.py", line 168, in call_next
    raise app_exc from app_exc.__cause__ or app_exc.__context__
  File "/usr/local/lib/python3.12/site-packages/starlette/middleware/base.py", line 144, in coro
    await self.app(scope, receive_or_disconnect, send_no_error)
  File "/usr/local/lib/python3.12/site-packages/starlette/middleware/exceptions.py", line 63, in __call__
    await wrap_app_handling_exceptions(self.app, conn)(scope, receive, send)
  File "/usr/local/lib/python3.12/site-packages/starlette/_exception_handler.py", line 53, in wrapped_app
    raise exc
  File "/usr/local/lib/python3.12/site-packages/starlette/_exception_handler.py", line 42, in wrapped_app
    await app(scope, receive, sender)
  File "/usr/local/lib/python3.12/site-packages/fastapi/middleware/asyncexitstack.py", line 18, in __call__
    await self.app(scope, receive, send)
  File "/usr/local/lib/python3.12/site-packages/starlette/routing.py", line 716, in __call__
    await self.middleware_stack(scope, receive, send)
  File "/usr/local/lib/python3.12/site-packages/starlette/routing.py", line 736, in app
    await route.handle(scope, receive, send)
  File "/usr/local/lib/python3.12/site-packages/starlette/routing.py", line 290, in handle
    await self.app(scope, receive, send)
  File "/usr/local/lib/python3.12/site-packages/fastapi/routing.py", line 120, in app
    await wrap_app_handling_exceptions(app, request)(scope, receive, send)
  File "/usr/local/lib/python3.12/site-packages/starlette/_exception_handler.py", line 59, in wrapped_app
    response = await handler(conn, exc)
               ^^^^^^^^^^^^^^^^^^^^^^^^
  File "/usr/local/lib/python3.12/site-packages/fastapi/exception_handlers.py", line 23, in request_validation_exception_handler
    return JSONResponse(
           ^^^^^^^^^^^^^
  File "/usr/local/lib/python3.12/site-packages/starlette/responses.py", line 189, in __init__
    super().__init__(content, status_code, headers, media_type, background)
  File "/usr/local/lib/python3.12/site-packages/starlette/responses.py", line 46, in __init__
    self.body = self.render(content)
                ^^^^^^^^^^^^^^^^^^^^
  File "/usr/local/lib/python3.12/site-packages/starlette/responses.py", line 192, in render
    return json.dumps(
           ^^^^^^^^^^^
  File "/usr/local/lib/python3.12/json/__init__.py", line 238, in dumps
    **kw).encode(obj)
          ^^^^^^^^^^^
  File "/usr/local/lib/python3.12/json/encoder.py", line 200, in encode
    chunks = self.iterencode(o, _one_shot=True)
             ^^^^^^^^^^^^^^^^^^^^^^^^^^^^^^^^^^
  File "/usr/local/lib/python3.12/json/encoder.py", line 258, in iterencode
    return _iterencode(o, 0)
           ^^^^^^^^^^^^^^^^^
ValueError: Out of range float values are not JSON compliant: nan
[2025-12-20 13:24:57] [INFO] REQ: POST /predict - Status: 200 - Czas: 1283.96ms
[2025-12-20 13:24:57] [INFO] REQ: POST /predict - Status: 200 - Czas: 1284.07ms
[2025-12-20 13:24:57] [INFO] REQ: POST /predict - Status: 200 - Czas: 1284.22ms
[2025-12-20 13:24:57] [INFO] REQ: POST /predict - Status: 200 - Czas: 1284.33ms
[2025-12-20 13:24:57] [INFO] REQ: POST /predict - Status: 200 - Czas: 1284.46ms
[2025-12-20 13:24:57] [INFO] REQ: POST /predict - Status: 200 - Czas: 1284.62ms
[2025-12-20 13:24:57] [INFO] REQ: POST /predict - Status: 200 - Czas: 1284.76ms
[2025-12-20 13:24:57] [INFO] REQ: POST /predict - Status: 200 - Czas: 1284.87ms
[2025-12-20 13:24:57] [INFO] REQ: POST /predict - Status: 200 - Czas: 1284.97ms
[2025-12-20 13:24:57] [INFO] REQ: POST /predict - Status: 200 - Czas: 1285.08ms
[2025-12-20 13:24:57] [INFO] REQ: POST /predict - Status: 200 - Czas: 1285.19ms
[2025-12-20 13:24:57] [INFO] REQ: POST /predict - Status: 200 - Czas: 1285.32ms
[2025-12-20 13:24:57] [INFO] REQ: POST /predict - Status: 200 - Czas: 1285.45ms
[2025-12-20 13:24:57] [INFO] REQ: POST /predict - Status: 200 - Czas: 1285.57ms
[2025-12-20 13:24:57] [INFO] REQ: POST /predict - Status: 200 - Czas: 1285.70ms
[2025-12-20 13:24:57] [INFO] REQ: POST /predict - Status: 200 - Czas: 1285.83ms
[2025-12-20 13:24:57] [INFO] REQ: POST /predict - Status: 200 - Czas: 1285.96ms
[2025-12-20 13:24:57] [INFO] REQ: POST /predict - Status: 200 - Czas: 1286.07ms
[2025-12-20 13:24:57] [INFO] REQ: POST /predict - Status: 200 - Czas: 1286.14ms
[2025-12-20 13:24:57] [INFO] REQ: POST /predict - Status: 200 - Czas: 1286.28ms
[2025-12-20 13:24:57] [INFO] REQ: POST /predict - Status: 200 - Czas: 1286.37ms
[2025-12-20 13:24:57] [INFO] REQ: POST /predict - Status: 200 - Czas: 1286.50ms
[2025-12-20 13:24:57] [INFO] REQ: POST /predict - Status: 200 - Czas: 1286.66ms
[2025-12-20 13:24:57] [INFO] REQ: POST /predict - Status: 200 - Czas: 1286.82ms
[2025-12-20 13:24:57] [INFO] REQ: POST /predict - Status: 200 - Czas: 1286.94ms
[2025-12-20 13:24:57] [INFO] REQ: POST /predict - Status: 200 - Czas: 1287.10ms
[2025-12-20 13:24:57] [INFO] REQ: POST /predict - Status: 200 - Czas: 1287.24ms
[2025-12-20 13:24:57] [INFO] REQ: POST /predict - Status: 200 - Czas: 1287.34ms
[2025-12-20 13:24:57] [INFO] REQ: POST /predict - Status: 200 - Czas: 1287.43ms
[2025-12-20 13:24:57] [INFO] REQ: POST /predict - Status: 200 - Czas: 1287.54ms
[2025-12-20 13:24:57] [INFO] REQ: POST /predict - Status: 200 - Czas: 1287.62ms
[2025-12-20 13:24:57] [INFO] REQ: POST /predict - Status: 200 - Czas: 1287.78ms
[2025-12-20 13:24:57] [INFO] REQ: POST /predict - Status: 200 - Czas: 1287.88ms
[2025-12-20 13:24:57] [INFO] REQ: POST /predict - Status: 200 - Czas: 1287.40ms
[2025-12-20 13:24:57] [INFO] REQ: POST /predict - Status: 200 - Czas: 1287.56ms
[2025-12-20 13:24:57] [INFO] REQ: POST /predict - Status: 200 - Czas: 1287.68ms
[2025-12-20 13:24:57] [INFO] REQ: POST /predict - Status: 200 - Czas: 1287.81ms
[2025-12-20 13:24:57] [INFO] REQ: POST /predict - Status: 200 - Czas: 1287.93ms
[2025-12-20 13:24:57] [INFO] REQ: POST /predict - Status: 200 - Czas: 1288.03ms
[2025-12-20 13:24:57] [INFO] REQ: POST /predict - Status: 200 - Czas: 1288.17ms
[2025-12-20 13:24:57] [INFO] REQ: POST /predict - Status: 200 - Czas: 1288.30ms
[2025-12-20 13:24:57] [INFO] REQ: POST /predict - Status: 200 - Czas: 1288.42ms
[2025-12-20 13:24:57] [INFO] REQ: POST /predict - Status: 200 - Czas: 1288.50ms
[2025-12-20 13:24:57] [INFO] REQ: POST /predict - Status: 200 - Czas: 1288.61ms
[2025-12-20 13:24:57] [INFO] REQ: POST /predict - Status: 200 - Czas: 1288.73ms
[2025-12-20 13:24:57] [INFO] REQ: POST /predict - Status: 200 - Czas: 1288.88ms
[2025-12-20 13:24:57] [INFO] REQ: POST /predict - Status: 200 - Czas: 1289.01ms
[2025-12-20 13:24:57] [INFO] REQ: POST /predict - Status: 200 - Czas: 1289.16ms
[2025-12-20 13:24:57] [INFO] REQ: POST /predict - Status: 200 - Czas: 1289.30ms
[2025-12-20 13:24:57] [INFO] REQ: POST /predict - Status: 200 - Czas: 1289.42ms
[2025-12-20 13:24:57] [INFO] REQ: POST /predict - Status: 200 - Czas: 973.15ms
[2025-12-20 13:24:58] [INFO] REQ: POST /predict - Status: 200 - Czas: 588.00ms
[2025-12-20 13:24:58] [INFO] REQ: POST /predict - Status: 200 - Czas: 588.18ms
[2025-12-20 13:24:58] [INFO] REQ: POST /predict - Status: 200 - Czas: 588.33ms
[2025-12-20 13:24:58] [INFO] REQ: POST /predict - Status: 200 - Czas: 588.44ms
[2025-12-20 13:24:58] [INFO] REQ: POST /predict - Status: 200 - Czas: 588.57ms
[2025-12-20 13:24:58] [INFO] REQ: POST /predict - Status: 200 - Czas: 588.71ms
[2025-12-20 13:24:58] [INFO] REQ: POST /predict - Status: 200 - Czas: 588.84ms
[2025-12-20 13:24:58] [INFO] REQ: POST /predict - Status: 200 - Czas: 588.98ms
[2025-12-20 13:24:58] [INFO] REQ: POST /predict - Status: 200 - Czas: 589.01ms
[2025-12-20 13:24:58] [INFO] REQ: POST /predict - Status: 200 - Czas: 589.10ms
[2025-12-20 13:24:58] [INFO] REQ: POST /predict - Status: 200 - Czas: 588.36ms
[2025-12-20 13:24:58] [INFO] REQ: POST /predict - Status: 200 - Czas: 588.51ms
[2025-12-20 13:24:58] [INFO] REQ: POST /predict - Status: 200 - Czas: 588.62ms
[2025-12-20 13:24:58] [INFO] REQ: POST /predict - Status: 200 - Czas: 588.74ms
[2025-12-20 13:24:58] [INFO] REQ: POST /predict - Status: 200 - Czas: 588.85ms
[2025-12-20 13:24:58] [INFO] REQ: POST /predict - Status: 200 - Czas: 588.97ms
[2025-12-20 13:24:58] [INFO] REQ: POST /predict - Status: 200 - Czas: 589.08ms
[2025-12-20 13:24:58] [INFO] REQ: POST /predict - Status: 200 - Czas: 589.22ms
[2025-12-20 13:24:58] [INFO] REQ: POST /predict - Status: 200 - Czas: 589.36ms
[2025-12-20 13:24:58] [INFO] REQ: POST /predict - Status: 200 - Czas: 589.51ms
[2025-12-20 13:24:58] [INFO] REQ: POST /predict - Status: 200 - Czas: 589.57ms
[2025-12-20 13:24:58] [INFO] REQ: POST /predict - Status: 200 - Czas: 589.66ms
[2025-12-20 13:24:58] [INFO] REQ: POST /predict - Status: 200 - Czas: 589.80ms
[2025-12-20 13:24:58] [INFO] REQ: POST /predict - Status: 200 - Czas: 589.94ms
[2025-12-20 13:24:58] [INFO] REQ: POST /predict - Status: 200 - Czas: 1029.96ms
[2025-12-20 13:24:58] [INFO] REQ: POST /predict - Status: 200 - Czas: 1030.22ms
[2025-12-20 13:24:58] [INFO] REQ: POST /predict - Status: 200 - Czas: 1030.42ms
[2025-12-20 13:24:58] [INFO] REQ: POST /predict - Status: 200 - Czas: 1030.59ms
[2025-12-20 13:24:58] [INFO] REQ: POST /predict - Status: 200 - Czas: 1030.74ms
[2025-12-20 13:24:58] [INFO] REQ: POST /predict - Status: 200 - Czas: 1030.91ms
[2025-12-20 13:24:58] [INFO] REQ: POST /predict - Status: 200 - Czas: 1031.06ms
[2025-12-20 13:24:58] [INFO] REQ: POST /predict - Status: 200 - Czas: 1031.23ms
[2025-12-20 13:24:58] [INFO] REQ: POST /predict - Status: 200 - Czas: 1031.36ms
[2025-12-20 13:24:58] [INFO] REQ: POST /predict - Status: 200 - Czas: 1031.52ms
[2025-12-20 13:24:58] [INFO] REQ: POST /predict - Status: 200 - Czas: 1031.55ms
[2025-12-20 13:24:58] [INFO] REQ: POST /predict - Status: 200 - Czas: 1031.70ms
[2025-12-20 13:24:58] [INFO] REQ: POST /predict - Status: 200 - Czas: 1031.87ms
[2025-12-20 13:24:58] [INFO] REQ: POST /predict - Status: 200 - Czas: 1032.04ms
[2025-12-20 13:24:58] [INFO] REQ: POST /predict - Status: 200 - Czas: 1032.21ms
[2025-12-20 13:24:58] [INFO] REQ: POST /predict - Status: 200 - Czas: 1032.33ms
[2025-12-20 13:24:58] [INFO] REQ: POST /predict - Status: 200 - Czas: 1032.49ms
[2025-12-20 13:24:58] [INFO] REQ: POST /predict - Status: 200 - Czas: 1032.61ms
[2025-12-20 13:24:58] [INFO] REQ: POST /predict - Status: 200 - Czas: 1032.80ms
[2025-12-20 13:24:58] [INFO] REQ: POST /predict - Status: 200 - Czas: 1032.92ms
[2025-12-20 13:24:58] [INFO] REQ: POST /predict - Status: 200 - Czas: 1032.99ms
[2025-12-20 13:24:58] [INFO] REQ: POST /predict - Status: 200 - Czas: 1224.91ms
[2025-12-20 13:24:58] [INFO] REQ: POST /predict - Status: 200 - Czas: 1225.14ms
[2025-12-20 13:24:58] [INFO] REQ: POST /predict - Status: 200 - Czas: 1225.30ms
[2025-12-20 13:24:58] [INFO] REQ: POST /predict - Status: 200 - Czas: 1225.48ms
[2025-12-20 13:24:58] [INFO] REQ: POST /predict - Status: 200 - Czas: 1225.70ms
[2025-12-20 13:24:58] [INFO] REQ: POST /predict - Status: 200 - Czas: 1225.86ms
[2025-12-20 13:24:58] [INFO] REQ: POST /predict - Status: 200 - Czas: 1226.09ms
[2025-12-20 13:24:58] [INFO] REQ: POST /predict - Status: 200 - Czas: 1226.31ms
[2025-12-20 13:24:58] [INFO] REQ: POST /predict - Status: 200 - Czas: 1226.46ms
[2025-12-20 13:24:58] [INFO] REQ: POST /predict - Status: 200 - Czas: 1226.58ms
[2025-12-20 13:24:58] [INFO] REQ: POST /predict - Status: 200 - Czas: 1226.74ms
[2025-12-20 13:24:58] [INFO] REQ: POST /predict - Status: 200 - Czas: 1226.92ms
[2025-12-20 13:24:58] [INFO] REQ: POST /predict - Status: 200 - Czas: 1227.02ms
[2025-12-20 13:24:58] [INFO] REQ: POST /predict - Status: 200 - Czas: 1227.18ms
[2025-12-20 13:24:58] [INFO] REQ: POST /predict - Status: 200 - Czas: 1227.34ms
[2025-12-20 13:24:58] [INFO] REQ: POST /predict - Status: 200 - Czas: 1227.51ms
[2025-12-20 13:24:58] [INFO] REQ: POST /predict - Status: 200 - Czas: 1227.68ms
[2025-12-20 13:24:58] [INFO] REQ: POST /predict - Status: 200 - Czas: 1227.80ms
[2025-12-20 13:24:58] [INFO] REQ: POST /predict - Status: 200 - Czas: 1227.93ms
[2025-12-20 13:24:58] [INFO] REQ: POST /predict - Status: 200 - Czas: 1228.05ms
[2025-12-20 13:24:58] [INFO] REQ: POST /predict - Status: 200 - Czas: 1228.16ms
[2025-12-20 13:24:58] [INFO] REQ: POST /predict - Status: 200 - Czas: 1228.29ms
[2025-12-20 13:24:58] [INFO] REQ: POST /predict - Status: 200 - Czas: 1227.44ms
[2025-12-20 13:24:58] [INFO] REQ: POST /predict - Status: 200 - Czas: 1227.49ms
[2025-12-20 13:24:58] [INFO] REQ: POST /predict - Status: 200 - Czas: 1227.63ms
[2025-12-20 13:24:58] [INFO] REQ: POST /predict - Status: 200 - Czas: 1227.77ms
[2025-12-20 13:24:58] [INFO] REQ: POST /predict - Status: 200 - Czas: 1227.88ms
[2025-12-20 13:24:58] [ERROR] Exception in ASGI application
Traceback (most recent call last):
  File "/usr/local/lib/python3.12/site-packages/starlette/_exception_handler.py", line 42, in wrapped_app
    await app(scope, receive, sender)
  File "/usr/local/lib/python3.12/site-packages/fastapi/routing.py", line 106, in app
    response = await f(request)
               ^^^^^^^^^^^^^^^^
  File "/usr/local/lib/python3.12/site-packages/fastapi/routing.py", line 472, in app
    raise validation_error
fastapi.exceptions.RequestValidationError: 1 validation error:
  {'type': 'string_type', 'loc': ('body', 'text'), 'msg': 'Input should be a valid string', 'input': nan}

  File "/project/app/server_fastapi.py", line 60, in predict_endpoint
    POST /predict

The above exception was the direct cause of the following exception:

Traceback (most recent call last):
  File "/usr/local/lib/python3.12/site-packages/uvicorn/protocols/http/httptools_impl.py", line 409, in run_asgi
    result = await app(  # type: ignore[func-returns-value]
             ^^^^^^^^^^^^^^^^^^^^^^^^^^^^^^^^^^^^^^^^^^^^^^
  File "/usr/local/lib/python3.12/site-packages/uvicorn/middleware/proxy_headers.py", line 60, in __call__
    return await self.app(scope, receive, send)
           ^^^^^^^^^^^^^^^^^^^^^^^^^^^^^^^^^^^^
  File "/usr/local/lib/python3.12/site-packages/fastapi/applications.py", line 1139, in __call__
    await super().__call__(scope, receive, send)
  File "/usr/local/lib/python3.12/site-packages/starlette/applications.py", line 107, in __call__
    await self.middleware_stack(scope, receive, send)
  File "/usr/local/lib/python3.12/site-packages/starlette/middleware/errors.py", line 186, in __call__
    raise exc
  File "/usr/local/lib/python3.12/site-packages/starlette/middleware/errors.py", line 164, in __call__
    await self.app(scope, receive, _send)
  File "/usr/local/lib/python3.12/site-packages/starlette/middleware/base.py", line 191, in __call__
    with recv_stream, send_stream, collapse_excgroups():
                                   ^^^^^^^^^^^^^^^^^^^^
  File "/usr/local/lib/python3.12/contextlib.py", line 158, in __exit__
    self.gen.throw(value)
  File "/usr/local/lib/python3.12/site-packages/starlette/_utils.py", line 85, in collapse_excgroups
    raise exc
  File "/usr/local/lib/python3.12/site-packages/starlette/middleware/base.py", line 193, in __call__
    response = await self.dispatch_func(request, call_next)
               ^^^^^^^^^^^^^^^^^^^^^^^^^^^^^^^^^^^^^^^^^^^^
  File "/project/app/server_fastapi.py", line 41, in log_requests
    response: Response = await call_next(request)
                         ^^^^^^^^^^^^^^^^^^^^^^^^
  File "/usr/local/lib/python3.12/site-packages/starlette/middleware/base.py", line 168, in call_next
    raise app_exc from app_exc.__cause__ or app_exc.__context__
  File "/usr/local/lib/python3.12/site-packages/starlette/middleware/base.py", line 144, in coro
    await self.app(scope, receive_or_disconnect, send_no_error)
  File "/usr/local/lib/python3.12/site-packages/starlette/middleware/exceptions.py", line 63, in __call__
    await wrap_app_handling_exceptions(self.app, conn)(scope, receive, send)
  File "/usr/local/lib/python3.12/site-packages/starlette/_exception_handler.py", line 53, in wrapped_app
    raise exc
  File "/usr/local/lib/python3.12/site-packages/starlette/_exception_handler.py", line 42, in wrapped_app
    await app(scope, receive, sender)
  File "/usr/local/lib/python3.12/site-packages/fastapi/middleware/asyncexitstack.py", line 18, in __call__
    await self.app(scope, receive, send)
  File "/usr/local/lib/python3.12/site-packages/starlette/routing.py", line 716, in __call__
    await self.middleware_stack(scope, receive, send)
  File "/usr/local/lib/python3.12/site-packages/starlette/routing.py", line 736, in app
    await route.handle(scope, receive, send)
  File "/usr/local/lib/python3.12/site-packages/starlette/routing.py", line 290, in handle
    await self.app(scope, receive, send)
  File "/usr/local/lib/python3.12/site-packages/fastapi/routing.py", line 120, in app
    await wrap_app_handling_exceptions(app, request)(scope, receive, send)
  File "/usr/local/lib/python3.12/site-packages/starlette/_exception_handler.py", line 59, in wrapped_app
    response = await handler(conn, exc)
               ^^^^^^^^^^^^^^^^^^^^^^^^
  File "/usr/local/lib/python3.12/site-packages/fastapi/exception_handlers.py", line 23, in request_validation_exception_handler
    return JSONResponse(
           ^^^^^^^^^^^^^
  File "/usr/local/lib/python3.12/site-packages/starlette/responses.py", line 189, in __init__
    super().__init__(content, status_code, headers, media_type, background)
  File "/usr/local/lib/python3.12/site-packages/starlette/responses.py", line 46, in __init__
    self.body = self.render(content)
                ^^^^^^^^^^^^^^^^^^^^
  File "/usr/local/lib/python3.12/site-packages/starlette/responses.py", line 192, in render
    return json.dumps(
           ^^^^^^^^^^^
  File "/usr/local/lib/python3.12/json/__init__.py", line 238, in dumps
    **kw).encode(obj)
          ^^^^^^^^^^^
  File "/usr/local/lib/python3.12/json/encoder.py", line 200, in encode
    chunks = self.iterencode(o, _one_shot=True)
             ^^^^^^^^^^^^^^^^^^^^^^^^^^^^^^^^^^
  File "/usr/local/lib/python3.12/json/encoder.py", line 258, in iterencode
    return _iterencode(o, 0)
           ^^^^^^^^^^^^^^^^^
ValueError: Out of range float values are not JSON compliant: nan
[2025-12-20 13:24:58] [INFO] REQ: POST /predict - Status: 200 - Czas: 1229.25ms
[2025-12-20 13:24:58] [INFO] REQ: POST /predict - Status: 200 - Czas: 1229.35ms
[2025-12-20 13:24:58] [INFO] REQ: POST /predict - Status: 200 - Czas: 1229.46ms
[2025-12-20 13:24:58] [INFO] REQ: POST /predict - Status: 200 - Czas: 1229.52ms
[2025-12-20 13:24:58] [INFO] REQ: POST /predict - Status: 200 - Czas: 1229.63ms
[2025-12-20 13:24:58] [INFO] REQ: POST /predict - Status: 200 - Czas: 1229.74ms
[2025-12-20 13:24:58] [INFO] REQ: POST /predict - Status: 200 - Czas: 1229.89ms
[2025-12-20 13:24:58] [INFO] REQ: POST /predict - Status: 200 - Czas: 1230.00ms
[2025-12-20 13:24:58] [INFO] REQ: POST /predict - Status: 200 - Czas: 1229.30ms
[2025-12-20 13:24:58] [INFO] REQ: POST /predict - Status: 200 - Czas: 1229.40ms
[2025-12-20 13:24:58] [INFO] REQ: POST /predict - Status: 200 - Czas: 1229.54ms
[2025-12-20 13:24:58] [INFO] REQ: POST /predict - Status: 200 - Czas: 1229.67ms
[2025-12-20 13:24:58] [INFO] REQ: POST /predict - Status: 200 - Czas: 1229.82ms
[2025-12-20 13:24:58] [INFO] REQ: POST /predict - Status: 200 - Czas: 1229.97ms
[2025-12-20 13:24:58] [INFO] REQ: POST /predict - Status: 200 - Czas: 1230.10ms
[2025-12-20 13:24:58] [INFO] REQ: POST /predict - Status: 200 - Czas: 1230.24ms
[2025-12-20 13:24:58] [INFO] REQ: POST /predict - Status: 200 - Czas: 1230.38ms
[2025-12-20 13:24:58] [INFO] REQ: POST /predict - Status: 200 - Czas: 1230.48ms
[2025-12-20 13:24:58] [INFO] REQ: POST /predict - Status: 200 - Czas: 1230.57ms
[2025-12-20 13:24:58] [INFO] REQ: POST /predict - Status: 200 - Czas: 1230.70ms
[2025-12-20 13:24:58] [INFO] REQ: POST /predict - Status: 200 - Czas: 1230.82ms
[2025-12-20 13:24:58] [INFO] REQ: POST /predict - Status: 200 - Czas: 1230.96ms
[2025-12-20 13:24:58] [INFO] REQ: POST /predict - Status: 200 - Czas: 1231.10ms
[2025-12-20 13:24:58] [INFO] REQ: POST /predict - Status: 200 - Czas: 1231.25ms
[2025-12-20 13:24:58] [INFO] REQ: POST /predict - Status: 200 - Czas: 1231.38ms
[2025-12-20 13:24:58] [INFO] REQ: POST /predict - Status: 200 - Czas: 968.28ms
[2025-12-20 13:24:58] [INFO] REQ: POST /predict - Status: 200 - Czas: 968.11ms
[2025-12-20 13:24:59] [INFO] REQ: POST /predict - Status: 200 - Czas: 594.90ms
[2025-12-20 13:24:59] [INFO] REQ: POST /predict - Status: 200 - Czas: 595.10ms
[2025-12-20 13:24:59] [INFO] REQ: POST /predict - Status: 200 - Czas: 595.26ms
[2025-12-20 13:24:59] [INFO] REQ: POST /predict - Status: 200 - Czas: 595.40ms
[2025-12-20 13:24:59] [INFO] REQ: POST /predict - Status: 200 - Czas: 595.51ms
[2025-12-20 13:24:59] [INFO] REQ: POST /predict - Status: 200 - Czas: 595.64ms
[2025-12-20 13:24:59] [INFO] REQ: POST /predict - Status: 200 - Czas: 595.76ms
[2025-12-20 13:24:59] [INFO] REQ: POST /predict - Status: 200 - Czas: 595.90ms
[2025-12-20 13:24:59] [INFO] REQ: POST /predict - Status: 200 - Czas: 596.04ms
[2025-12-20 13:24:59] [INFO] REQ: POST /predict - Status: 200 - Czas: 596.16ms
[2025-12-20 13:24:59] [INFO] REQ: POST /predict - Status: 200 - Czas: 594.09ms
[2025-12-20 13:24:59] [INFO] REQ: POST /predict - Status: 200 - Czas: 594.20ms
[2025-12-20 13:24:59] [INFO] REQ: POST /predict - Status: 200 - Czas: 594.33ms
[2025-12-20 13:24:59] [INFO] REQ: POST /predict - Status: 200 - Czas: 594.46ms
[2025-12-20 13:24:59] [INFO] REQ: POST /predict - Status: 200 - Czas: 594.53ms
[2025-12-20 13:24:59] [INFO] REQ: POST /predict - Status: 200 - Czas: 594.65ms
[2025-12-20 13:24:59] [INFO] REQ: POST /predict - Status: 200 - Czas: 594.76ms
[2025-12-20 13:24:59] [INFO] REQ: POST /predict - Status: 200 - Czas: 594.87ms
[2025-12-20 13:24:59] [INFO] REQ: POST /predict - Status: 200 - Czas: 595.00ms
[2025-12-20 13:24:59] [INFO] REQ: POST /predict - Status: 200 - Czas: 595.10ms
[2025-12-20 13:24:59] [INFO] REQ: POST /predict - Status: 200 - Czas: 595.15ms
[2025-12-20 13:24:59] [INFO] REQ: POST /predict - Status: 200 - Czas: 595.30ms
[2025-12-20 13:24:59] [INFO] REQ: POST /predict - Status: 200 - Czas: 595.44ms
[2025-12-20 13:24:59] [INFO] REQ: POST /predict - Status: 200 - Czas: 595.54ms
[2025-12-20 13:25:00] [INFO] REQ: POST /predict - Status: 200 - Czas: 1056.15ms
[2025-12-20 13:25:00] [INFO] REQ: POST /predict - Status: 200 - Czas: 1056.40ms
[2025-12-20 13:25:00] [INFO] REQ: POST /predict - Status: 200 - Czas: 1056.58ms
[2025-12-20 13:25:00] [INFO] REQ: POST /predict - Status: 200 - Czas: 1056.77ms
[2025-12-20 13:25:00] [INFO] REQ: POST /predict - Status: 200 - Czas: 1056.92ms
[2025-12-20 13:25:00] [INFO] REQ: POST /predict - Status: 200 - Czas: 1057.06ms
[2025-12-20 13:25:00] [INFO] REQ: POST /predict - Status: 200 - Czas: 1057.20ms
[2025-12-20 13:25:00] [INFO] REQ: POST /predict - Status: 200 - Czas: 1057.33ms
[2025-12-20 13:25:00] [INFO] REQ: POST /predict - Status: 200 - Czas: 1057.46ms
[2025-12-20 13:25:00] [INFO] REQ: POST /predict - Status: 200 - Czas: 1057.60ms
[2025-12-20 13:25:00] [INFO] REQ: POST /predict - Status: 200 - Czas: 1057.70ms
[2025-12-20 13:25:00] [INFO] REQ: POST /predict - Status: 200 - Czas: 1057.86ms
[2025-12-20 13:25:00] [INFO] REQ: POST /predict - Status: 200 - Czas: 1057.99ms
[2025-12-20 13:25:00] [INFO] REQ: POST /predict - Status: 200 - Czas: 1058.12ms
[2025-12-20 13:25:00] [INFO] REQ: POST /predict - Status: 200 - Czas: 1058.26ms
[2025-12-20 13:25:00] [INFO] REQ: POST /predict - Status: 200 - Czas: 1058.43ms
[2025-12-20 13:25:00] [INFO] REQ: POST /predict - Status: 200 - Czas: 1058.57ms
[2025-12-20 13:25:00] [INFO] REQ: POST /predict - Status: 200 - Czas: 1058.67ms
[2025-12-20 13:25:00] [INFO] REQ: POST /predict - Status: 200 - Czas: 1058.79ms
[2025-12-20 13:25:00] [INFO] REQ: POST /predict - Status: 200 - Czas: 1058.94ms
[2025-12-20 13:25:00] [INFO] REQ: POST /predict - Status: 200 - Czas: 1058.99ms
[2025-12-20 13:25:00] [INFO] REQ: POST /predict - Status: 200 - Czas: 1234.87ms
[2025-12-20 13:25:00] [INFO] REQ: POST /predict - Status: 200 - Czas: 1235.18ms
[2025-12-20 13:25:00] [INFO] REQ: POST /predict - Status: 200 - Czas: 1235.36ms
[2025-12-20 13:25:00] [INFO] REQ: POST /predict - Status: 200 - Czas: 1235.50ms
[2025-12-20 13:25:00] [INFO] REQ: POST /predict - Status: 200 - Czas: 1235.66ms
[2025-12-20 13:25:00] [INFO] REQ: POST /predict - Status: 200 - Czas: 1235.82ms
[2025-12-20 13:25:00] [INFO] REQ: POST /predict - Status: 200 - Czas: 1235.97ms
[2025-12-20 13:25:00] [INFO] REQ: POST /predict - Status: 200 - Czas: 1236.12ms
[2025-12-20 13:25:00] [INFO] REQ: POST /predict - Status: 200 - Czas: 1236.27ms
[2025-12-20 13:25:00] [INFO] REQ: POST /predict - Status: 200 - Czas: 1236.42ms
[2025-12-20 13:25:00] [INFO] REQ: POST /predict - Status: 200 - Czas: 1236.59ms
[2025-12-20 13:25:00] [INFO] REQ: POST /predict - Status: 200 - Czas: 1236.75ms
[2025-12-20 13:25:00] [INFO] REQ: POST /predict - Status: 200 - Czas: 1236.84ms
[2025-12-20 13:25:00] [INFO] REQ: POST /predict - Status: 200 - Czas: 1236.97ms
[2025-12-20 13:25:00] [INFO] REQ: POST /predict - Status: 200 - Czas: 1237.09ms
[2025-12-20 13:25:00] [INFO] REQ: POST /predict - Status: 200 - Czas: 1237.22ms
[2025-12-20 13:25:00] [INFO] REQ: POST /predict - Status: 200 - Czas: 1237.35ms
[2025-12-20 13:25:00] [INFO] REQ: POST /predict - Status: 200 - Czas: 1237.51ms
[2025-12-20 13:25:00] [INFO] REQ: POST /predict - Status: 200 - Czas: 1237.66ms
[2025-12-20 13:25:00] [INFO] REQ: POST /predict - Status: 200 - Czas: 1237.81ms
[2025-12-20 13:25:00] [INFO] REQ: POST /predict - Status: 200 - Czas: 1237.91ms
[2025-12-20 13:25:00] [INFO] REQ: POST /predict - Status: 200 - Czas: 1238.05ms
[2025-12-20 13:25:00] [INFO] REQ: POST /predict - Status: 200 - Czas: 1238.12ms
[2025-12-20 13:25:00] [INFO] REQ: POST /predict - Status: 200 - Czas: 1238.25ms
[2025-12-20 13:25:00] [INFO] REQ: POST /predict - Status: 200 - Czas: 1238.40ms
[2025-12-20 13:25:00] [INFO] REQ: POST /predict - Status: 200 - Czas: 1238.52ms
[2025-12-20 13:25:00] [INFO] REQ: POST /predict - Status: 200 - Czas: 1238.65ms
[2025-12-20 13:25:00] [INFO] REQ: POST /predict - Status: 200 - Czas: 1238.78ms
[2025-12-20 13:25:00] [INFO] REQ: POST /predict - Status: 200 - Czas: 1238.89ms
[2025-12-20 13:25:00] [INFO] REQ: POST /predict - Status: 200 - Czas: 1239.03ms
[2025-12-20 13:25:00] [INFO] REQ: POST /predict - Status: 200 - Czas: 1239.16ms
[2025-12-20 13:25:00] [INFO] REQ: POST /predict - Status: 200 - Czas: 1238.50ms
[2025-12-20 13:25:00] [INFO] REQ: POST /predict - Status: 200 - Czas: 1238.62ms
[2025-12-20 13:25:00] [INFO] REQ: POST /predict - Status: 200 - Czas: 1238.75ms
[2025-12-20 13:25:00] [INFO] REQ: POST /predict - Status: 200 - Czas: 1238.88ms
[2025-12-20 13:25:00] [INFO] REQ: POST /predict - Status: 200 - Czas: 1238.57ms
[2025-12-20 13:25:00] [INFO] REQ: POST /predict - Status: 200 - Czas: 1238.72ms
[2025-12-20 13:25:00] [INFO] REQ: POST /predict - Status: 200 - Czas: 1238.88ms
[2025-12-20 13:25:00] [INFO] REQ: POST /predict - Status: 200 - Czas: 1238.94ms
[2025-12-20 13:25:00] [INFO] REQ: POST /predict - Status: 200 - Czas: 1239.08ms
[2025-12-20 13:25:00] [INFO] REQ: POST /predict - Status: 200 - Czas: 1239.19ms
[2025-12-20 13:25:00] [INFO] REQ: POST /predict - Status: 200 - Czas: 1239.28ms
[2025-12-20 13:25:00] [INFO] REQ: POST /predict - Status: 200 - Czas: 1239.40ms
[2025-12-20 13:25:00] [INFO] REQ: POST /predict - Status: 200 - Czas: 1239.56ms
[2025-12-20 13:25:00] [INFO] REQ: POST /predict - Status: 200 - Czas: 1239.68ms
[2025-12-20 13:25:00] [INFO] REQ: POST /predict - Status: 200 - Czas: 1239.82ms
[2025-12-20 13:25:00] [ERROR] Exception in ASGI application
Traceback (most recent call last):
  File "/usr/local/lib/python3.12/site-packages/starlette/_exception_handler.py", line 42, in wrapped_app
    await app(scope, receive, sender)
  File "/usr/local/lib/python3.12/site-packages/fastapi/routing.py", line 106, in app
    response = await f(request)
               ^^^^^^^^^^^^^^^^
  File "/usr/local/lib/python3.12/site-packages/fastapi/routing.py", line 472, in app
    raise validation_error
fastapi.exceptions.RequestValidationError: 1 validation error:
  {'type': 'string_type', 'loc': ('body', 'text'), 'msg': 'Input should be a valid string', 'input': nan}

  File "/project/app/server_fastapi.py", line 60, in predict_endpoint
    POST /predict

The above exception was the direct cause of the following exception:

Traceback (most recent call last):
  File "/usr/local/lib/python3.12/site-packages/uvicorn/protocols/http/httptools_impl.py", line 409, in run_asgi
    result = await app(  # type: ignore[func-returns-value]
             ^^^^^^^^^^^^^^^^^^^^^^^^^^^^^^^^^^^^^^^^^^^^^^
  File "/usr/local/lib/python3.12/site-packages/uvicorn/middleware/proxy_headers.py", line 60, in __call__
    return await self.app(scope, receive, send)
           ^^^^^^^^^^^^^^^^^^^^^^^^^^^^^^^^^^^^
  File "/usr/local/lib/python3.12/site-packages/fastapi/applications.py", line 1139, in __call__
    await super().__call__(scope, receive, send)
  File "/usr/local/lib/python3.12/site-packages/starlette/applications.py", line 107, in __call__
    await self.middleware_stack(scope, receive, send)
  File "/usr/local/lib/python3.12/site-packages/starlette/middleware/errors.py", line 186, in __call__
    raise exc
  File "/usr/local/lib/python3.12/site-packages/starlette/middleware/errors.py", line 164, in __call__
    await self.app(scope, receive, _send)
  File "/usr/local/lib/python3.12/site-packages/starlette/middleware/base.py", line 191, in __call__
    with recv_stream, send_stream, collapse_excgroups():
                                   ^^^^^^^^^^^^^^^^^^^^
  File "/usr/local/lib/python3.12/contextlib.py", line 158, in __exit__
    self.gen.throw(value)
  File "/usr/local/lib/python3.12/site-packages/starlette/_utils.py", line 85, in collapse_excgroups
    raise exc
  File "/usr/local/lib/python3.12/site-packages/starlette/middleware/base.py", line 193, in __call__
    response = await self.dispatch_func(request, call_next)
               ^^^^^^^^^^^^^^^^^^^^^^^^^^^^^^^^^^^^^^^^^^^^
  File "/project/app/server_fastapi.py", line 41, in log_requests
    response: Response = await call_next(request)
                         ^^^^^^^^^^^^^^^^^^^^^^^^
  File "/usr/local/lib/python3.12/site-packages/starlette/middleware/base.py", line 168, in call_next
    raise app_exc from app_exc.__cause__ or app_exc.__context__
  File "/usr/local/lib/python3.12/site-packages/starlette/middleware/base.py", line 144, in coro
    await self.app(scope, receive_or_disconnect, send_no_error)
  File "/usr/local/lib/python3.12/site-packages/starlette/middleware/exceptions.py", line 63, in __call__
    await wrap_app_handling_exceptions(self.app, conn)(scope, receive, send)
  File "/usr/local/lib/python3.12/site-packages/starlette/_exception_handler.py", line 53, in wrapped_app
    raise exc
  File "/usr/local/lib/python3.12/site-packages/starlette/_exception_handler.py", line 42, in wrapped_app
    await app(scope, receive, sender)
  File "/usr/local/lib/python3.12/site-packages/fastapi/middleware/asyncexitstack.py", line 18, in __call__
    await self.app(scope, receive, send)
  File "/usr/local/lib/python3.12/site-packages/starlette/routing.py", line 716, in __call__
    await self.middleware_stack(scope, receive, send)
  File "/usr/local/lib/python3.12/site-packages/starlette/routing.py", line 736, in app
    await route.handle(scope, receive, send)
  File "/usr/local/lib/python3.12/site-packages/starlette/routing.py", line 290, in handle
    await self.app(scope, receive, send)
  File "/usr/local/lib/python3.12/site-packages/fastapi/routing.py", line 120, in app
    await wrap_app_handling_exceptions(app, request)(scope, receive, send)
  File "/usr/local/lib/python3.12/site-packages/starlette/_exception_handler.py", line 59, in wrapped_app
    response = await handler(conn, exc)
               ^^^^^^^^^^^^^^^^^^^^^^^^
  File "/usr/local/lib/python3.12/site-packages/fastapi/exception_handlers.py", line 23, in request_validation_exception_handler
    return JSONResponse(
           ^^^^^^^^^^^^^
  File "/usr/local/lib/python3.12/site-packages/starlette/responses.py", line 189, in __init__
    super().__init__(content, status_code, headers, media_type, background)
  File "/usr/local/lib/python3.12/site-packages/starlette/responses.py", line 46, in __init__
    self.body = self.render(content)
                ^^^^^^^^^^^^^^^^^^^^
  File "/usr/local/lib/python3.12/site-packages/starlette/responses.py", line 192, in render
    return json.dumps(
           ^^^^^^^^^^^
  File "/usr/local/lib/python3.12/json/__init__.py", line 238, in dumps
    **kw).encode(obj)
          ^^^^^^^^^^^
  File "/usr/local/lib/python3.12/json/encoder.py", line 200, in encode
    chunks = self.iterencode(o, _one_shot=True)
             ^^^^^^^^^^^^^^^^^^^^^^^^^^^^^^^^^^
  File "/usr/local/lib/python3.12/json/encoder.py", line 258, in iterencode
    return _iterencode(o, 0)
           ^^^^^^^^^^^^^^^^^
ValueError: Out of range float values are not JSON compliant: nan
[2025-12-20 13:25:00] [INFO] REQ: POST /predict - Status: 200 - Czas: 1241.24ms
[2025-12-20 13:25:00] [INFO] REQ: POST /predict - Status: 200 - Czas: 1241.36ms
[2025-12-20 13:25:00] [INFO] REQ: POST /predict - Status: 200 - Czas: 1241.49ms
[2025-12-20 13:25:00] [INFO] REQ: POST /predict - Status: 200 - Czas: 1241.61ms
[2025-12-20 13:25:00] [INFO] REQ: POST /predict - Status: 200 - Czas: 1241.72ms
[2025-12-20 13:25:00] [INFO] REQ: POST /predict - Status: 200 - Czas: 964.19ms
[2025-12-20 13:25:00] [INFO] REQ: POST /predict - Status: 200 - Czas: 964.37ms
[2025-12-20 13:25:00] [INFO] REQ: POST /predict - Status: 200 - Czas: 964.17ms
[2025-12-20 13:25:00] [INFO] REQ: POST /predict - Status: 200 - Czas: 588.44ms
[2025-12-20 13:25:00] [INFO] REQ: POST /predict - Status: 200 - Czas: 588.61ms
[2025-12-20 13:25:00] [INFO] REQ: POST /predict - Status: 200 - Czas: 588.73ms
[2025-12-20 13:25:00] [INFO] REQ: POST /predict - Status: 200 - Czas: 588.87ms
[2025-12-20 13:25:00] [INFO] REQ: POST /predict - Status: 200 - Czas: 589.00ms
[2025-12-20 13:25:00] [INFO] REQ: POST /predict - Status: 200 - Czas: 589.14ms
[2025-12-20 13:25:00] [INFO] REQ: POST /predict - Status: 200 - Czas: 589.24ms
[2025-12-20 13:25:00] [INFO] REQ: POST /predict - Status: 200 - Czas: 589.30ms
[2025-12-20 13:25:00] [INFO] REQ: POST /predict - Status: 200 - Czas: 589.44ms
[2025-12-20 13:25:00] [INFO] REQ: POST /predict - Status: 200 - Czas: 589.56ms
[2025-12-20 13:25:00] [INFO] REQ: POST /predict - Status: 200 - Czas: 589.10ms
[2025-12-20 13:25:00] [INFO] REQ: POST /predict - Status: 200 - Czas: 589.21ms
[2025-12-20 13:25:00] [INFO] REQ: POST /predict - Status: 200 - Czas: 589.33ms
[2025-12-20 13:25:00] [INFO] REQ: POST /predict - Status: 200 - Czas: 589.44ms
[2025-12-20 13:25:00] [INFO] REQ: POST /predict - Status: 200 - Czas: 589.53ms
[2025-12-20 13:25:00] [INFO] REQ: POST /predict - Status: 200 - Czas: 589.65ms
[2025-12-20 13:25:00] [INFO] REQ: POST /predict - Status: 200 - Czas: 589.77ms
[2025-12-20 13:25:00] [INFO] REQ: POST /predict - Status: 200 - Czas: 589.90ms
[2025-12-20 13:25:00] [INFO] REQ: POST /predict - Status: 200 - Czas: 590.01ms
[2025-12-20 13:25:00] [INFO] REQ: POST /predict - Status: 200 - Czas: 590.13ms
[2025-12-20 13:25:00] [INFO] REQ: POST /predict - Status: 200 - Czas: 588.55ms
[2025-12-20 13:25:00] [INFO] REQ: POST /predict - Status: 200 - Czas: 588.67ms
[2025-12-20 13:25:00] [INFO] REQ: POST /predict - Status: 200 - Czas: 588.81ms
[2025-12-20 13:25:00] [INFO] REQ: POST /predict - Status: 200 - Czas: 588.91ms
[2025-12-20 13:25:01] [ERROR] Exception in ASGI application
Traceback (most recent call last):
  File "/usr/local/lib/python3.12/site-packages/starlette/_exception_handler.py", line 42, in wrapped_app
    await app(scope, receive, sender)
  File "/usr/local/lib/python3.12/site-packages/fastapi/routing.py", line 106, in app
    response = await f(request)
               ^^^^^^^^^^^^^^^^
  File "/usr/local/lib/python3.12/site-packages/fastapi/routing.py", line 472, in app
    raise validation_error
fastapi.exceptions.RequestValidationError: 1 validation error:
  {'type': 'string_type', 'loc': ('body', 'text'), 'msg': 'Input should be a valid string', 'input': nan}

  File "/project/app/server_fastapi.py", line 60, in predict_endpoint
    POST /predict

The above exception was the direct cause of the following exception:

Traceback (most recent call last):
  File "/usr/local/lib/python3.12/site-packages/uvicorn/protocols/http/httptools_impl.py", line 409, in run_asgi
    result = await app(  # type: ignore[func-returns-value]
             ^^^^^^^^^^^^^^^^^^^^^^^^^^^^^^^^^^^^^^^^^^^^^^
  File "/usr/local/lib/python3.12/site-packages/uvicorn/middleware/proxy_headers.py", line 60, in __call__
    return await self.app(scope, receive, send)
           ^^^^^^^^^^^^^^^^^^^^^^^^^^^^^^^^^^^^
  File "/usr/local/lib/python3.12/site-packages/fastapi/applications.py", line 1139, in __call__
    await super().__call__(scope, receive, send)
  File "/usr/local/lib/python3.12/site-packages/starlette/applications.py", line 107, in __call__
    await self.middleware_stack(scope, receive, send)
  File "/usr/local/lib/python3.12/site-packages/starlette/middleware/errors.py", line 186, in __call__
    raise exc
  File "/usr/local/lib/python3.12/site-packages/starlette/middleware/errors.py", line 164, in __call__
    await self.app(scope, receive, _send)
  File "/usr/local/lib/python3.12/site-packages/starlette/middleware/base.py", line 191, in __call__
    with recv_stream, send_stream, collapse_excgroups():
                                   ^^^^^^^^^^^^^^^^^^^^
  File "/usr/local/lib/python3.12/contextlib.py", line 158, in __exit__
    self.gen.throw(value)
  File "/usr/local/lib/python3.12/site-packages/starlette/_utils.py", line 85, in collapse_excgroups
    raise exc
  File "/usr/local/lib/python3.12/site-packages/starlette/middleware/base.py", line 193, in __call__
    response = await self.dispatch_func(request, call_next)
               ^^^^^^^^^^^^^^^^^^^^^^^^^^^^^^^^^^^^^^^^^^^^
  File "/project/app/server_fastapi.py", line 41, in log_requests
    response: Response = await call_next(request)
                         ^^^^^^^^^^^^^^^^^^^^^^^^
  File "/usr/local/lib/python3.12/site-packages/starlette/middleware/base.py", line 168, in call_next
    raise app_exc from app_exc.__cause__ or app_exc.__context__
  File "/usr/local/lib/python3.12/site-packages/starlette/middleware/base.py", line 144, in coro
    await self.app(scope, receive_or_disconnect, send_no_error)
  File "/usr/local/lib/python3.12/site-packages/starlette/middleware/exceptions.py", line 63, in __call__
    await wrap_app_handling_exceptions(self.app, conn)(scope, receive, send)
  File "/usr/local/lib/python3.12/site-packages/starlette/_exception_handler.py", line 53, in wrapped_app
    raise exc
  File "/usr/local/lib/python3.12/site-packages/starlette/_exception_handler.py", line 42, in wrapped_app
    await app(scope, receive, sender)
  File "/usr/local/lib/python3.12/site-packages/fastapi/middleware/asyncexitstack.py", line 18, in __call__
    await self.app(scope, receive, send)
  File "/usr/local/lib/python3.12/site-packages/starlette/routing.py", line 716, in __call__
    await self.middleware_stack(scope, receive, send)
  File "/usr/local/lib/python3.12/site-packages/starlette/routing.py", line 736, in app
    await route.handle(scope, receive, send)
  File "/usr/local/lib/python3.12/site-packages/starlette/routing.py", line 290, in handle
    await self.app(scope, receive, send)
  File "/usr/local/lib/python3.12/site-packages/fastapi/routing.py", line 120, in app
    await wrap_app_handling_exceptions(app, request)(scope, receive, send)
  File "/usr/local/lib/python3.12/site-packages/starlette/_exception_handler.py", line 59, in wrapped_app
    response = await handler(conn, exc)
               ^^^^^^^^^^^^^^^^^^^^^^^^
  File "/usr/local/lib/python3.12/site-packages/fastapi/exception_handlers.py", line 23, in request_validation_exception_handler
    return JSONResponse(
           ^^^^^^^^^^^^^
  File "/usr/local/lib/python3.12/site-packages/starlette/responses.py", line 189, in __init__
    super().__init__(content, status_code, headers, media_type, background)
  File "/usr/local/lib/python3.12/site-packages/starlette/responses.py", line 46, in __init__
    self.body = self.render(content)
                ^^^^^^^^^^^^^^^^^^^^
  File "/usr/local/lib/python3.12/site-packages/starlette/responses.py", line 192, in render
    return json.dumps(
           ^^^^^^^^^^^
  File "/usr/local/lib/python3.12/json/__init__.py", line 238, in dumps
    **kw).encode(obj)
          ^^^^^^^^^^^
  File "/usr/local/lib/python3.12/json/encoder.py", line 200, in encode
    chunks = self.iterencode(o, _one_shot=True)
             ^^^^^^^^^^^^^^^^^^^^^^^^^^^^^^^^^^
  File "/usr/local/lib/python3.12/json/encoder.py", line 258, in iterencode
    return _iterencode(o, 0)
           ^^^^^^^^^^^^^^^^^
ValueError: Out of range float values are not JSON compliant: nan
[2025-12-20 13:25:01] [INFO] REQ: POST /predict - Status: 200 - Czas: 1002.14ms
[2025-12-20 13:25:01] [INFO] REQ: POST /predict - Status: 200 - Czas: 1002.28ms
[2025-12-20 13:25:01] [INFO] REQ: POST /predict - Status: 200 - Czas: 1002.39ms
[2025-12-20 13:25:01] [INFO] REQ: POST /predict - Status: 200 - Czas: 1002.49ms
[2025-12-20 13:25:01] [INFO] REQ: POST /predict - Status: 200 - Czas: 1002.61ms
[2025-12-20 13:25:01] [INFO] REQ: POST /predict - Status: 200 - Czas: 1002.74ms
[2025-12-20 13:25:01] [INFO] REQ: POST /predict - Status: 200 - Czas: 1002.86ms
[2025-12-20 13:25:01] [INFO] REQ: POST /predict - Status: 200 - Czas: 1002.99ms
[2025-12-20 13:25:01] [INFO] REQ: POST /predict - Status: 200 - Czas: 1003.12ms
[2025-12-20 13:25:01] [INFO] REQ: POST /predict - Status: 200 - Czas: 1003.20ms
[2025-12-20 13:25:01] [INFO] REQ: POST /predict - Status: 200 - Czas: 1003.35ms
[2025-12-20 13:25:01] [INFO] REQ: POST /predict - Status: 200 - Czas: 1003.47ms
[2025-12-20 13:25:01] [INFO] REQ: POST /predict - Status: 200 - Czas: 1003.59ms
[2025-12-20 13:25:01] [INFO] REQ: POST /predict - Status: 200 - Czas: 1003.70ms
[2025-12-20 13:25:01] [INFO] REQ: POST /predict - Status: 200 - Czas: 1003.82ms
[2025-12-20 13:25:01] [INFO] REQ: POST /predict - Status: 200 - Czas: 1003.91ms
[2025-12-20 13:25:01] [INFO] REQ: POST /predict - Status: 200 - Czas: 1004.00ms
[2025-12-20 13:25:01] [INFO] REQ: POST /predict - Status: 200 - Czas: 1004.13ms
[2025-12-20 13:25:01] [INFO] REQ: POST /predict - Status: 200 - Czas: 1004.24ms
[2025-12-20 13:25:01] [INFO] REQ: POST /predict - Status: 200 - Czas: 1004.31ms
[2025-12-20 13:25:01] [INFO] REQ: POST /predict - Status: 200 - Czas: 1228.88ms
[2025-12-20 13:25:01] [INFO] REQ: POST /predict - Status: 200 - Czas: 1229.13ms
[2025-12-20 13:25:01] [INFO] REQ: POST /predict - Status: 200 - Czas: 1229.24ms
[2025-12-20 13:25:01] [INFO] REQ: POST /predict - Status: 200 - Czas: 1229.34ms
[2025-12-20 13:25:01] [INFO] REQ: POST /predict - Status: 200 - Czas: 1229.52ms
[2025-12-20 13:25:01] [INFO] REQ: POST /predict - Status: 200 - Czas: 1229.67ms
[2025-12-20 13:25:01] [INFO] REQ: POST /predict - Status: 200 - Czas: 1229.83ms
[2025-12-20 13:25:01] [INFO] REQ: POST /predict - Status: 200 - Czas: 1229.96ms
[2025-12-20 13:25:01] [INFO] REQ: POST /predict - Status: 200 - Czas: 1230.08ms
[2025-12-20 13:25:01] [INFO] REQ: POST /predict - Status: 200 - Czas: 1230.26ms
[2025-12-20 13:25:01] [INFO] REQ: POST /predict - Status: 200 - Czas: 1230.42ms
[2025-12-20 13:25:01] [INFO] REQ: POST /predict - Status: 200 - Czas: 1230.58ms
[2025-12-20 13:25:01] [INFO] REQ: POST /predict - Status: 200 - Czas: 1230.70ms
[2025-12-20 13:25:01] [INFO] REQ: POST /predict - Status: 200 - Czas: 1230.83ms
[2025-12-20 13:25:01] [INFO] REQ: POST /predict - Status: 200 - Czas: 1230.99ms
[2025-12-20 13:25:01] [INFO] REQ: POST /predict - Status: 200 - Czas: 1231.15ms
[2025-12-20 13:25:01] [INFO] REQ: POST /predict - Status: 200 - Czas: 1231.30ms
[2025-12-20 13:25:01] [INFO] REQ: POST /predict - Status: 200 - Czas: 1231.56ms
[2025-12-20 13:25:01] [INFO] REQ: POST /predict - Status: 200 - Czas: 1231.74ms
[2025-12-20 13:25:01] [INFO] REQ: POST /predict - Status: 200 - Czas: 1231.87ms
[2025-12-20 13:25:01] [INFO] REQ: POST /predict - Status: 200 - Czas: 1232.00ms
[2025-12-20 13:25:01] [INFO] REQ: POST /predict - Status: 200 - Czas: 1232.10ms
[2025-12-20 13:25:01] [INFO] REQ: POST /predict - Status: 200 - Czas: 1232.15ms
[2025-12-20 13:25:01] [INFO] REQ: POST /predict - Status: 200 - Czas: 1232.27ms
[2025-12-20 13:25:01] [ERROR] Exception in ASGI application
Traceback (most recent call last):
  File "/usr/local/lib/python3.12/site-packages/starlette/_exception_handler.py", line 42, in wrapped_app
    await app(scope, receive, sender)
  File "/usr/local/lib/python3.12/site-packages/fastapi/routing.py", line 106, in app
    response = await f(request)
               ^^^^^^^^^^^^^^^^
  File "/usr/local/lib/python3.12/site-packages/fastapi/routing.py", line 472, in app
    raise validation_error
fastapi.exceptions.RequestValidationError: 1 validation error:
  {'type': 'string_type', 'loc': ('body', 'text'), 'msg': 'Input should be a valid string', 'input': nan}

  File "/project/app/server_fastapi.py", line 60, in predict_endpoint
    POST /predict

The above exception was the direct cause of the following exception:

Traceback (most recent call last):
  File "/usr/local/lib/python3.12/site-packages/uvicorn/protocols/http/httptools_impl.py", line 409, in run_asgi
    result = await app(  # type: ignore[func-returns-value]
             ^^^^^^^^^^^^^^^^^^^^^^^^^^^^^^^^^^^^^^^^^^^^^^
  File "/usr/local/lib/python3.12/site-packages/uvicorn/middleware/proxy_headers.py", line 60, in __call__
    return await self.app(scope, receive, send)
           ^^^^^^^^^^^^^^^^^^^^^^^^^^^^^^^^^^^^
  File "/usr/local/lib/python3.12/site-packages/fastapi/applications.py", line 1139, in __call__
    await super().__call__(scope, receive, send)
  File "/usr/local/lib/python3.12/site-packages/starlette/applications.py", line 107, in __call__
    await self.middleware_stack(scope, receive, send)
  File "/usr/local/lib/python3.12/site-packages/starlette/middleware/errors.py", line 186, in __call__
    raise exc
  File "/usr/local/lib/python3.12/site-packages/starlette/middleware/errors.py", line 164, in __call__
    await self.app(scope, receive, _send)
  File "/usr/local/lib/python3.12/site-packages/starlette/middleware/base.py", line 191, in __call__
    with recv_stream, send_stream, collapse_excgroups():
                                   ^^^^^^^^^^^^^^^^^^^^
  File "/usr/local/lib/python3.12/contextlib.py", line 158, in __exit__
    self.gen.throw(value)
  File "/usr/local/lib/python3.12/site-packages/starlette/_utils.py", line 85, in collapse_excgroups
    raise exc
  File "/usr/local/lib/python3.12/site-packages/starlette/middleware/base.py", line 193, in __call__
    response = await self.dispatch_func(request, call_next)
               ^^^^^^^^^^^^^^^^^^^^^^^^^^^^^^^^^^^^^^^^^^^^
  File "/project/app/server_fastapi.py", line 41, in log_requests
    response: Response = await call_next(request)
                         ^^^^^^^^^^^^^^^^^^^^^^^^
  File "/usr/local/lib/python3.12/site-packages/starlette/middleware/base.py", line 168, in call_next
    raise app_exc from app_exc.__cause__ or app_exc.__context__
  File "/usr/local/lib/python3.12/site-packages/starlette/middleware/base.py", line 144, in coro
    await self.app(scope, receive_or_disconnect, send_no_error)
  File "/usr/local/lib/python3.12/site-packages/starlette/middleware/exceptions.py", line 63, in __call__
    await wrap_app_handling_exceptions(self.app, conn)(scope, receive, send)
  File "/usr/local/lib/python3.12/site-packages/starlette/_exception_handler.py", line 53, in wrapped_app
    raise exc
  File "/usr/local/lib/python3.12/site-packages/starlette/_exception_handler.py", line 42, in wrapped_app
    await app(scope, receive, sender)
  File "/usr/local/lib/python3.12/site-packages/fastapi/middleware/asyncexitstack.py", line 18, in __call__
    await self.app(scope, receive, send)
  File "/usr/local/lib/python3.12/site-packages/starlette/routing.py", line 716, in __call__
    await self.middleware_stack(scope, receive, send)
  File "/usr/local/lib/python3.12/site-packages/starlette/routing.py", line 736, in app
    await route.handle(scope, receive, send)
  File "/usr/local/lib/python3.12/site-packages/starlette/routing.py", line 290, in handle
    await self.app(scope, receive, send)
  File "/usr/local/lib/python3.12/site-packages/fastapi/routing.py", line 120, in app
    await wrap_app_handling_exceptions(app, request)(scope, receive, send)
  File "/usr/local/lib/python3.12/site-packages/starlette/_exception_handler.py", line 59, in wrapped_app
    response = await handler(conn, exc)
               ^^^^^^^^^^^^^^^^^^^^^^^^
  File "/usr/local/lib/python3.12/site-packages/fastapi/exception_handlers.py", line 23, in request_validation_exception_handler
    return JSONResponse(
           ^^^^^^^^^^^^^
  File "/usr/local/lib/python3.12/site-packages/starlette/responses.py", line 189, in __init__
    super().__init__(content, status_code, headers, media_type, background)
  File "/usr/local/lib/python3.12/site-packages/starlette/responses.py", line 46, in __init__
    self.body = self.render(content)
                ^^^^^^^^^^^^^^^^^^^^
  File "/usr/local/lib/python3.12/site-packages/starlette/responses.py", line 192, in render
    return json.dumps(
           ^^^^^^^^^^^
  File "/usr/local/lib/python3.12/json/__init__.py", line 238, in dumps
    **kw).encode(obj)
          ^^^^^^^^^^^
  File "/usr/local/lib/python3.12/json/encoder.py", line 200, in encode
    chunks = self.iterencode(o, _one_shot=True)
             ^^^^^^^^^^^^^^^^^^^^^^^^^^^^^^^^^^
  File "/usr/local/lib/python3.12/json/encoder.py", line 258, in iterencode
    return _iterencode(o, 0)
           ^^^^^^^^^^^^^^^^^
ValueError: Out of range float values are not JSON compliant: nan
[2025-12-20 13:25:01] [INFO] REQ: POST /predict - Status: 200 - Czas: 1233.70ms
[2025-12-20 13:25:01] [INFO] REQ: POST /predict - Status: 200 - Czas: 1233.82ms
[2025-12-20 13:25:01] [INFO] REQ: POST /predict - Status: 200 - Czas: 1233.92ms
[2025-12-20 13:25:01] [INFO] REQ: POST /predict - Status: 200 - Czas: 1234.02ms
[2025-12-20 13:25:01] [INFO] REQ: POST /predict - Status: 200 - Czas: 1234.11ms
[2025-12-20 13:25:01] [INFO] REQ: POST /predict - Status: 200 - Czas: 1234.25ms
[2025-12-20 13:25:01] [INFO] REQ: POST /predict - Status: 200 - Czas: 1234.37ms
[2025-12-20 13:25:01] [INFO] REQ: POST /predict - Status: 200 - Czas: 1234.45ms
[2025-12-20 13:25:01] [INFO] REQ: POST /predict - Status: 200 - Czas: 1234.56ms
[2025-12-20 13:25:01] [INFO] REQ: POST /predict - Status: 200 - Czas: 1234.70ms
[2025-12-20 13:25:01] [INFO] REQ: POST /predict - Status: 200 - Czas: 1233.06ms
[2025-12-20 13:25:01] [INFO] REQ: POST /predict - Status: 200 - Czas: 1233.23ms
[2025-12-20 13:25:01] [INFO] REQ: POST /predict - Status: 200 - Czas: 1233.33ms
[2025-12-20 13:25:01] [INFO] REQ: POST /predict - Status: 200 - Czas: 1233.46ms
[2025-12-20 13:25:01] [INFO] REQ: POST /predict - Status: 200 - Czas: 1233.60ms
[2025-12-20 13:25:01] [INFO] REQ: POST /predict - Status: 200 - Czas: 1233.74ms
[2025-12-20 13:25:01] [INFO] REQ: POST /predict - Status: 200 - Czas: 1233.87ms
[2025-12-20 13:25:01] [INFO] REQ: POST /predict - Status: 200 - Czas: 1234.02ms
[2025-12-20 13:25:01] [INFO] REQ: POST /predict - Status: 200 - Czas: 1234.17ms
[2025-12-20 13:25:01] [INFO] REQ: POST /predict - Status: 200 - Czas: 1234.30ms
[2025-12-20 13:25:01] [INFO] REQ: POST /predict - Status: 200 - Czas: 1234.44ms
[2025-12-20 13:25:01] [INFO] REQ: POST /predict - Status: 200 - Czas: 1234.60ms
[2025-12-20 13:25:01] [INFO] REQ: POST /predict - Status: 200 - Czas: 1234.69ms
[2025-12-20 13:25:01] [INFO] REQ: POST /predict - Status: 200 - Czas: 1234.80ms
[2025-12-20 13:25:01] [INFO] REQ: POST /predict - Status: 200 - Czas: 1234.92ms
[2025-12-20 13:25:01] [INFO] REQ: POST /predict - Status: 200 - Czas: 1235.05ms
[2025-12-20 13:25:01] [INFO] REQ: POST /predict - Status: 200 - Czas: 968.67ms
[2025-12-20 13:25:01] [INFO] REQ: POST /predict - Status: 200 - Czas: 968.81ms
[2025-12-20 13:25:01] [INFO] REQ: POST /predict - Status: 200 - Czas: 968.90ms
[2025-12-20 13:25:01] [INFO] REQ: POST /predict - Status: 200 - Czas: 730.14ms
[2025-12-20 13:25:02] [INFO] REQ: POST /predict - Status: 200 - Czas: 611.86ms
[2025-12-20 13:25:02] [INFO] REQ: POST /predict - Status: 200 - Czas: 612.05ms
[2025-12-20 13:25:02] [INFO] REQ: POST /predict - Status: 200 - Czas: 612.18ms
[2025-12-20 13:25:02] [INFO] REQ: POST /predict - Status: 200 - Czas: 612.30ms
[2025-12-20 13:25:02] [INFO] REQ: POST /predict - Status: 200 - Czas: 612.42ms
[2025-12-20 13:25:02] [INFO] REQ: POST /predict - Status: 200 - Czas: 612.52ms
[2025-12-20 13:25:02] [INFO] REQ: POST /predict - Status: 200 - Czas: 612.63ms
[2025-12-20 13:25:02] [INFO] REQ: POST /predict - Status: 200 - Czas: 612.76ms
[2025-12-20 13:25:02] [INFO] REQ: POST /predict - Status: 200 - Czas: 612.89ms
[2025-12-20 13:25:02] [INFO] REQ: POST /predict - Status: 200 - Czas: 613.03ms
[2025-12-20 13:25:02] [INFO] REQ: POST /predict - Status: 200 - Czas: 612.49ms
[2025-12-20 13:25:02] [INFO] REQ: POST /predict - Status: 200 - Czas: 612.48ms
[2025-12-20 13:25:02] [INFO] REQ: POST /predict - Status: 200 - Czas: 612.58ms
[2025-12-20 13:25:02] [INFO] REQ: POST /predict - Status: 200 - Czas: 624.61ms
[2025-12-20 13:25:02] [INFO] REQ: POST /predict - Status: 200 - Czas: 624.77ms
[2025-12-20 13:25:02] [INFO] REQ: POST /predict - Status: 200 - Czas: 624.88ms
[2025-12-20 13:25:02] [INFO] REQ: POST /predict - Status: 200 - Czas: 624.99ms
[2025-12-20 13:25:02] [INFO] REQ: POST /predict - Status: 200 - Czas: 625.13ms
[2025-12-20 13:25:02] [INFO] REQ: POST /predict - Status: 200 - Czas: 625.24ms
[2025-12-20 13:25:02] [INFO] REQ: POST /predict - Status: 200 - Czas: 625.35ms
[2025-12-20 13:25:02] [INFO] REQ: POST /predict - Status: 200 - Czas: 625.38ms
[2025-12-20 13:25:02] [INFO] REQ: POST /predict - Status: 200 - Czas: 625.50ms
[2025-12-20 13:25:02] [INFO] REQ: POST /predict - Status: 200 - Czas: 625.62ms
[2025-12-20 13:25:02] [INFO] REQ: POST /predict - Status: 200 - Czas: 625.72ms
[2025-12-20 13:25:02] [INFO] REQ: POST /predict - Status: 200 - Czas: 1062.73ms
[2025-12-20 13:25:02] [INFO] REQ: POST /predict - Status: 200 - Czas: 1062.93ms
[2025-12-20 13:25:02] [INFO] REQ: POST /predict - Status: 200 - Czas: 1063.05ms
[2025-12-20 13:25:02] [INFO] REQ: POST /predict - Status: 200 - Czas: 1063.25ms
[2025-12-20 13:25:02] [INFO] REQ: POST /predict - Status: 200 - Czas: 1063.39ms
[2025-12-20 13:25:02] [INFO] REQ: POST /predict - Status: 200 - Czas: 1063.52ms
[2025-12-20 13:25:02] [INFO] REQ: POST /predict - Status: 200 - Czas: 1063.68ms
[2025-12-20 13:25:02] [INFO] REQ: POST /predict - Status: 200 - Czas: 1063.81ms
[2025-12-20 13:25:02] [INFO] REQ: POST /predict - Status: 200 - Czas: 1063.99ms
[2025-12-20 13:25:02] [INFO] REQ: POST /predict - Status: 200 - Czas: 1064.13ms
[2025-12-20 13:25:02] [INFO] REQ: POST /predict - Status: 200 - Czas: 1064.19ms
[2025-12-20 13:25:02] [INFO] REQ: POST /predict - Status: 200 - Czas: 1064.30ms
[2025-12-20 13:25:02] [INFO] REQ: POST /predict - Status: 200 - Czas: 1064.40ms
[2025-12-20 13:25:02] [INFO] REQ: POST /predict - Status: 200 - Czas: 1064.49ms
[2025-12-20 13:25:02] [INFO] REQ: POST /predict - Status: 200 - Czas: 1064.58ms
[2025-12-20 13:25:02] [INFO] REQ: POST /predict - Status: 200 - Czas: 1064.67ms
[2025-12-20 13:25:02] [INFO] REQ: POST /predict - Status: 200 - Czas: 1064.77ms
[2025-12-20 13:25:02] [INFO] REQ: POST /predict - Status: 200 - Czas: 1064.86ms
[2025-12-20 13:25:02] [ERROR] Exception in ASGI application
Traceback (most recent call last):
  File "/usr/local/lib/python3.12/site-packages/starlette/_exception_handler.py", line 42, in wrapped_app
    await app(scope, receive, sender)
  File "/usr/local/lib/python3.12/site-packages/fastapi/routing.py", line 106, in app
    response = await f(request)
               ^^^^^^^^^^^^^^^^
  File "/usr/local/lib/python3.12/site-packages/fastapi/routing.py", line 472, in app
    raise validation_error
fastapi.exceptions.RequestValidationError: 1 validation error:
  {'type': 'string_type', 'loc': ('body', 'text'), 'msg': 'Input should be a valid string', 'input': nan}

  File "/project/app/server_fastapi.py", line 60, in predict_endpoint
    POST /predict

The above exception was the direct cause of the following exception:

Traceback (most recent call last):
  File "/usr/local/lib/python3.12/site-packages/uvicorn/protocols/http/httptools_impl.py", line 409, in run_asgi
    result = await app(  # type: ignore[func-returns-value]
             ^^^^^^^^^^^^^^^^^^^^^^^^^^^^^^^^^^^^^^^^^^^^^^
  File "/usr/local/lib/python3.12/site-packages/uvicorn/middleware/proxy_headers.py", line 60, in __call__
    return await self.app(scope, receive, send)
           ^^^^^^^^^^^^^^^^^^^^^^^^^^^^^^^^^^^^
  File "/usr/local/lib/python3.12/site-packages/fastapi/applications.py", line 1139, in __call__
    await super().__call__(scope, receive, send)
  File "/usr/local/lib/python3.12/site-packages/starlette/applications.py", line 107, in __call__
    await self.middleware_stack(scope, receive, send)
  File "/usr/local/lib/python3.12/site-packages/starlette/middleware/errors.py", line 186, in __call__
    raise exc
  File "/usr/local/lib/python3.12/site-packages/starlette/middleware/errors.py", line 164, in __call__
    await self.app(scope, receive, _send)
  File "/usr/local/lib/python3.12/site-packages/starlette/middleware/base.py", line 191, in __call__
    with recv_stream, send_stream, collapse_excgroups():
                                   ^^^^^^^^^^^^^^^^^^^^
  File "/usr/local/lib/python3.12/contextlib.py", line 158, in __exit__
    self.gen.throw(value)
  File "/usr/local/lib/python3.12/site-packages/starlette/_utils.py", line 85, in collapse_excgroups
    raise exc
  File "/usr/local/lib/python3.12/site-packages/starlette/middleware/base.py", line 193, in __call__
    response = await self.dispatch_func(request, call_next)
               ^^^^^^^^^^^^^^^^^^^^^^^^^^^^^^^^^^^^^^^^^^^^
  File "/project/app/server_fastapi.py", line 41, in log_requests
    response: Response = await call_next(request)
                         ^^^^^^^^^^^^^^^^^^^^^^^^
  File "/usr/local/lib/python3.12/site-packages/starlette/middleware/base.py", line 168, in call_next
    raise app_exc from app_exc.__cause__ or app_exc.__context__
  File "/usr/local/lib/python3.12/site-packages/starlette/middleware/base.py", line 144, in coro
    await self.app(scope, receive_or_disconnect, send_no_error)
  File "/usr/local/lib/python3.12/site-packages/starlette/middleware/exceptions.py", line 63, in __call__
    await wrap_app_handling_exceptions(self.app, conn)(scope, receive, send)
  File "/usr/local/lib/python3.12/site-packages/starlette/_exception_handler.py", line 53, in wrapped_app
    raise exc
  File "/usr/local/lib/python3.12/site-packages/starlette/_exception_handler.py", line 42, in wrapped_app
    await app(scope, receive, sender)
  File "/usr/local/lib/python3.12/site-packages/fastapi/middleware/asyncexitstack.py", line 18, in __call__
    await self.app(scope, receive, send)
  File "/usr/local/lib/python3.12/site-packages/starlette/routing.py", line 716, in __call__
    await self.middleware_stack(scope, receive, send)
  File "/usr/local/lib/python3.12/site-packages/starlette/routing.py", line 736, in app
    await route.handle(scope, receive, send)
  File "/usr/local/lib/python3.12/site-packages/starlette/routing.py", line 290, in handle
    await self.app(scope, receive, send)
  File "/usr/local/lib/python3.12/site-packages/fastapi/routing.py", line 120, in app
    await wrap_app_handling_exceptions(app, request)(scope, receive, send)
  File "/usr/local/lib/python3.12/site-packages/starlette/_exception_handler.py", line 59, in wrapped_app
    response = await handler(conn, exc)
               ^^^^^^^^^^^^^^^^^^^^^^^^
  File "/usr/local/lib/python3.12/site-packages/fastapi/exception_handlers.py", line 23, in request_validation_exception_handler
    return JSONResponse(
           ^^^^^^^^^^^^^
  File "/usr/local/lib/python3.12/site-packages/starlette/responses.py", line 189, in __init__
    super().__init__(content, status_code, headers, media_type, background)
  File "/usr/local/lib/python3.12/site-packages/starlette/responses.py", line 46, in __init__
    self.body = self.render(content)
                ^^^^^^^^^^^^^^^^^^^^
  File "/usr/local/lib/python3.12/site-packages/starlette/responses.py", line 192, in render
    return json.dumps(
           ^^^^^^^^^^^
  File "/usr/local/lib/python3.12/json/__init__.py", line 238, in dumps
    **kw).encode(obj)
          ^^^^^^^^^^^
  File "/usr/local/lib/python3.12/json/encoder.py", line 200, in encode
    chunks = self.iterencode(o, _one_shot=True)
             ^^^^^^^^^^^^^^^^^^^^^^^^^^^^^^^^^^
  File "/usr/local/lib/python3.12/json/encoder.py", line 258, in iterencode
    return _iterencode(o, 0)
           ^^^^^^^^^^^^^^^^^
ValueError: Out of range float values are not JSON compliant: nan
[2025-12-20 13:25:02] [INFO] REQ: POST /predict - Status: 200 - Czas: 1066.24ms
[2025-12-20 13:25:02] [INFO] REQ: POST /predict - Status: 200 - Czas: 1303.40ms
[2025-12-20 13:25:02] [INFO] REQ: POST /predict - Status: 200 - Czas: 1303.68ms
[2025-12-20 13:25:02] [INFO] REQ: POST /predict - Status: 200 - Czas: 1303.83ms
[2025-12-20 13:25:02] [INFO] REQ: POST /predict - Status: 200 - Czas: 1303.92ms
[2025-12-20 13:25:02] [INFO] REQ: POST /predict - Status: 200 - Czas: 1304.07ms
[2025-12-20 13:25:02] [INFO] REQ: POST /predict - Status: 200 - Czas: 1304.25ms
[2025-12-20 13:25:02] [INFO] REQ: POST /predict - Status: 200 - Czas: 1304.40ms
[2025-12-20 13:25:02] [INFO] REQ: POST /predict - Status: 200 - Czas: 1304.57ms
[2025-12-20 13:25:02] [INFO] REQ: POST /predict - Status: 200 - Czas: 1304.75ms
[2025-12-20 13:25:02] [INFO] REQ: POST /predict - Status: 200 - Czas: 1304.92ms
[2025-12-20 13:25:02] [INFO] REQ: POST /predict - Status: 200 - Czas: 1305.08ms
[2025-12-20 13:25:02] [INFO] REQ: POST /predict - Status: 200 - Czas: 1305.24ms
[2025-12-20 13:25:02] [INFO] REQ: POST /predict - Status: 200 - Czas: 1305.35ms
[2025-12-20 13:25:02] [INFO] REQ: POST /predict - Status: 200 - Czas: 1305.41ms
[2025-12-20 13:25:02] [INFO] REQ: POST /predict - Status: 200 - Czas: 1305.57ms
[2025-12-20 13:25:02] [INFO] REQ: POST /predict - Status: 200 - Czas: 1305.70ms
[2025-12-20 13:25:02] [INFO] REQ: POST /predict - Status: 200 - Czas: 1305.84ms
[2025-12-20 13:25:02] [INFO] REQ: POST /predict - Status: 200 - Czas: 1306.02ms
[2025-12-20 13:25:02] [INFO] REQ: POST /predict - Status: 200 - Czas: 1306.19ms
[2025-12-20 13:25:02] [INFO] REQ: POST /predict - Status: 200 - Czas: 1306.34ms
[2025-12-20 13:25:02] [INFO] REQ: POST /predict - Status: 200 - Czas: 1306.52ms
[2025-12-20 13:25:02] [INFO] REQ: POST /predict - Status: 200 - Czas: 1306.65ms
[2025-12-20 13:25:02] [INFO] REQ: POST /predict - Status: 200 - Czas: 1306.75ms
[2025-12-20 13:25:02] [INFO] REQ: POST /predict - Status: 200 - Czas: 1306.81ms
[2025-12-20 13:25:02] [INFO] REQ: POST /predict - Status: 200 - Czas: 1306.92ms
[2025-12-20 13:25:02] [INFO] REQ: POST /predict - Status: 200 - Czas: 1307.01ms
[2025-12-20 13:25:02] [INFO] REQ: POST /predict - Status: 200 - Czas: 1307.11ms
[2025-12-20 13:25:02] [INFO] REQ: POST /predict - Status: 200 - Czas: 1307.20ms
[2025-12-20 13:25:02] [INFO] REQ: POST /predict - Status: 200 - Czas: 1307.30ms
[2025-12-20 13:25:02] [INFO] REQ: POST /predict - Status: 200 - Czas: 1307.39ms
[2025-12-20 13:25:02] [INFO] REQ: POST /predict - Status: 200 - Czas: 1307.48ms
[2025-12-20 13:25:02] [INFO] REQ: POST /predict - Status: 200 - Czas: 1307.57ms
[2025-12-20 13:25:02] [INFO] REQ: POST /predict - Status: 200 - Czas: 1307.67ms
[2025-12-20 13:25:02] [INFO] REQ: POST /predict - Status: 200 - Czas: 1307.73ms
[2025-12-20 13:25:02] [INFO] REQ: POST /predict - Status: 200 - Czas: 1337.20ms
[2025-12-20 13:25:02] [INFO] REQ: POST /predict - Status: 200 - Czas: 1337.47ms
[2025-12-20 13:25:02] [INFO] REQ: POST /predict - Status: 200 - Czas: 1337.65ms
[2025-12-20 13:25:02] [INFO] REQ: POST /predict - Status: 200 - Czas: 1337.81ms
[2025-12-20 13:25:02] [INFO] REQ: POST /predict - Status: 200 - Czas: 1337.91ms
[2025-12-20 13:25:02] [INFO] REQ: POST /predict - Status: 200 - Czas: 1338.08ms
[2025-12-20 13:25:02] [INFO] REQ: POST /predict - Status: 200 - Czas: 1338.26ms
[2025-12-20 13:25:02] [INFO] REQ: POST /predict - Status: 200 - Czas: 1338.43ms
[2025-12-20 13:25:02] [INFO] REQ: POST /predict - Status: 200 - Czas: 1338.58ms
[2025-12-20 13:25:02] [INFO] REQ: POST /predict - Status: 200 - Czas: 1338.74ms
[2025-12-20 13:25:02] [INFO] REQ: POST /predict - Status: 200 - Czas: 1338.90ms
[2025-12-20 13:25:02] [INFO] REQ: POST /predict - Status: 200 - Czas: 1339.06ms
[2025-12-20 13:25:02] [INFO] REQ: POST /predict - Status: 200 - Czas: 1339.24ms
[2025-12-20 13:25:02] [INFO] REQ: POST /predict - Status: 200 - Czas: 1339.36ms
[2025-12-20 13:25:02] [INFO] REQ: POST /predict - Status: 200 - Czas: 1339.52ms
[2025-12-20 13:25:02] [INFO] REQ: POST /predict - Status: 200 - Czas: 1339.69ms
[2025-12-20 13:25:02] [INFO] REQ: POST /predict - Status: 200 - Czas: 1379.45ms
[2025-12-20 13:25:02] [INFO] REQ: POST /predict - Status: 200 - Czas: 1379.69ms
[2025-12-20 13:25:03] [INFO] REQ: POST /predict - Status: 200 - Czas: 1119.58ms
[2025-12-20 13:25:03] [INFO] REQ: POST /predict - Status: 200 - Czas: 1119.77ms
[2025-12-20 13:25:03] [INFO] REQ: POST /predict - Status: 200 - Czas: 1119.91ms
[2025-12-20 13:25:03] [INFO] REQ: POST /predict - Status: 200 - Czas: 861.71ms
[2025-12-20 13:25:03] [INFO] REQ: POST /predict - Status: 200 - Czas: 602.48ms
[2025-12-20 13:25:03] [INFO] REQ: POST /predict - Status: 200 - Czas: 602.66ms
[2025-12-20 13:25:03] [INFO] REQ: POST /predict - Status: 200 - Czas: 602.80ms
[2025-12-20 13:25:03] [INFO] REQ: POST /predict - Status: 200 - Czas: 602.93ms
[2025-12-20 13:25:03] [INFO] REQ: POST /predict - Status: 200 - Czas: 603.08ms
[2025-12-20 13:25:03] [INFO] REQ: POST /predict - Status: 200 - Czas: 603.24ms
[2025-12-20 13:25:03] [INFO] REQ: POST /predict - Status: 200 - Czas: 603.36ms
[2025-12-20 13:25:03] [INFO] REQ: POST /predict - Status: 200 - Czas: 603.50ms
[2025-12-20 13:25:03] [INFO] REQ: POST /predict - Status: 200 - Czas: 603.54ms
[2025-12-20 13:25:03] [INFO] REQ: POST /predict - Status: 200 - Czas: 603.64ms
[2025-12-20 13:25:03] [INFO] REQ: POST /predict - Status: 200 - Czas: 603.04ms
[2025-12-20 13:25:03] [INFO] REQ: POST /predict - Status: 200 - Czas: 603.16ms
[2025-12-20 13:25:03] [INFO] REQ: POST /predict - Status: 200 - Czas: 603.26ms
[2025-12-20 13:25:03] [INFO] REQ: POST /predict - Status: 200 - Czas: 603.31ms
[2025-12-20 13:25:03] [INFO] REQ: POST /predict - Status: 200 - Czas: 603.41ms
[2025-12-20 13:25:03] [INFO] REQ: POST /predict - Status: 200 - Czas: 603.50ms
[2025-12-20 13:25:03] [INFO] REQ: POST /predict - Status: 200 - Czas: 603.58ms
[2025-12-20 13:25:03] [INFO] REQ: POST /predict - Status: 200 - Czas: 603.68ms
[2025-12-20 13:25:03] [INFO] REQ: POST /predict - Status: 200 - Czas: 603.79ms
[2025-12-20 13:25:03] [INFO] REQ: POST /predict - Status: 200 - Czas: 603.89ms
[2025-12-20 13:25:03] [INFO] REQ: POST /predict - Status: 200 - Czas: 603.96ms
[2025-12-20 13:25:03] [INFO] REQ: POST /predict - Status: 200 - Czas: 604.08ms
[2025-12-20 13:25:03] [INFO] REQ: POST /predict - Status: 200 - Czas: 604.14ms
[2025-12-20 13:25:03] [INFO] REQ: POST /predict - Status: 200 - Czas: 604.21ms
[2025-12-20 13:25:04] [INFO] REQ: POST /predict - Status: 200 - Czas: 995.50ms
[2025-12-20 13:25:04] [INFO] REQ: POST /predict - Status: 200 - Czas: 995.71ms
[2025-12-20 13:25:04] [INFO] REQ: POST /predict - Status: 200 - Czas: 995.91ms
[2025-12-20 13:25:04] [INFO] REQ: POST /predict - Status: 200 - Czas: 996.05ms
[2025-12-20 13:25:04] [INFO] REQ: POST /predict - Status: 200 - Czas: 996.18ms
[2025-12-20 13:25:04] [INFO] REQ: POST /predict - Status: 200 - Czas: 996.33ms
[2025-12-20 13:25:04] [INFO] REQ: POST /predict - Status: 200 - Czas: 996.47ms
[2025-12-20 13:25:04] [INFO] REQ: POST /predict - Status: 200 - Czas: 996.63ms
[2025-12-20 13:25:04] [INFO] REQ: POST /predict - Status: 200 - Czas: 996.71ms
[2025-12-20 13:25:04] [INFO] REQ: POST /predict - Status: 200 - Czas: 996.86ms
[2025-12-20 13:25:04] [INFO] REQ: POST /predict - Status: 200 - Czas: 997.00ms
[2025-12-20 13:25:04] [INFO] REQ: POST /predict - Status: 200 - Czas: 997.12ms
[2025-12-20 13:25:04] [INFO] REQ: POST /predict - Status: 200 - Czas: 997.26ms
[2025-12-20 13:25:04] [INFO] REQ: POST /predict - Status: 200 - Czas: 997.39ms
[2025-12-20 13:25:04] [INFO] REQ: POST /predict - Status: 200 - Czas: 997.51ms
[2025-12-20 13:25:04] [INFO] REQ: POST /predict - Status: 200 - Czas: 997.64ms
[2025-12-20 13:25:04] [INFO] REQ: POST /predict - Status: 200 - Czas: 997.77ms
[2025-12-20 13:25:04] [INFO] REQ: POST /predict - Status: 200 - Czas: 997.80ms
[2025-12-20 13:25:04] [INFO] REQ: POST /predict - Status: 200 - Czas: 997.92ms
[2025-12-20 13:25:04] [INFO] REQ: POST /predict - Status: 200 - Czas: 1212.61ms
[2025-12-20 13:25:04] [INFO] REQ: POST /predict - Status: 200 - Czas: 1212.83ms
[2025-12-20 13:25:04] [INFO] REQ: POST /predict - Status: 200 - Czas: 1213.05ms
[2025-12-20 13:25:04] [INFO] REQ: POST /predict - Status: 200 - Czas: 1213.13ms
[2025-12-20 13:25:04] [INFO] REQ: POST /predict - Status: 200 - Czas: 1213.26ms
[2025-12-20 13:25:04] [INFO] REQ: POST /predict - Status: 200 - Czas: 1213.42ms
[2025-12-20 13:25:04] [INFO] REQ: POST /predict - Status: 200 - Czas: 1213.54ms
[2025-12-20 13:25:04] [INFO] REQ: POST /predict - Status: 200 - Czas: 1213.66ms
[2025-12-20 13:25:04] [INFO] REQ: POST /predict - Status: 200 - Czas: 1213.76ms
[2025-12-20 13:25:04] [INFO] REQ: POST /predict - Status: 200 - Czas: 1213.86ms
[2025-12-20 13:25:04] [INFO] REQ: POST /predict - Status: 200 - Czas: 1213.97ms
[2025-12-20 13:25:04] [INFO] REQ: POST /predict - Status: 200 - Czas: 1214.11ms
[2025-12-20 13:25:04] [INFO] REQ: POST /predict - Status: 200 - Czas: 1214.26ms
[2025-12-20 13:25:04] [INFO] REQ: POST /predict - Status: 200 - Czas: 1214.34ms
[2025-12-20 13:25:04] [INFO] REQ: POST /predict - Status: 200 - Czas: 1214.43ms
[2025-12-20 13:25:04] [INFO] REQ: POST /predict - Status: 200 - Czas: 1214.55ms
[2025-12-20 13:25:04] [INFO] REQ: POST /predict - Status: 200 - Czas: 1214.66ms
[2025-12-20 13:25:04] [INFO] REQ: POST /predict - Status: 200 - Czas: 1214.75ms
[2025-12-20 13:25:04] [INFO] REQ: POST /predict - Status: 200 - Czas: 1214.85ms
[2025-12-20 13:25:04] [INFO] REQ: POST /predict - Status: 200 - Czas: 1214.94ms
[2025-12-20 13:25:04] [INFO] REQ: POST /predict - Status: 200 - Czas: 1215.03ms
[2025-12-20 13:25:04] [INFO] REQ: POST /predict - Status: 200 - Czas: 1215.13ms
[2025-12-20 13:25:04] [INFO] REQ: POST /predict - Status: 200 - Czas: 1215.22ms
[2025-12-20 13:25:04] [INFO] REQ: POST /predict - Status: 200 - Czas: 1215.27ms
[2025-12-20 13:25:04] [INFO] REQ: POST /predict - Status: 200 - Czas: 1215.36ms
[2025-12-20 13:25:04] [INFO] REQ: POST /predict - Status: 200 - Czas: 1215.45ms
[2025-12-20 13:25:04] [INFO] REQ: POST /predict - Status: 200 - Czas: 1215.55ms
[2025-12-20 13:25:04] [INFO] REQ: POST /predict - Status: 200 - Czas: 1215.64ms
[2025-12-20 13:25:04] [INFO] REQ: POST /predict - Status: 200 - Czas: 1215.73ms
[2025-12-20 13:25:04] [INFO] REQ: POST /predict - Status: 200 - Czas: 1215.82ms
[2025-12-20 13:25:04] [INFO] REQ: POST /predict - Status: 200 - Czas: 1215.92ms
[2025-12-20 13:25:04] [INFO] REQ: POST /predict - Status: 200 - Czas: 1216.01ms
[2025-12-20 13:25:04] [INFO] REQ: POST /predict - Status: 200 - Czas: 1216.03ms
[2025-12-20 13:25:04] [INFO] REQ: POST /predict - Status: 200 - Czas: 1216.12ms
[2025-12-20 13:25:04] [INFO] REQ: POST /predict - Status: 200 - Czas: 1248.34ms
[2025-12-20 13:25:04] [INFO] REQ: POST /predict - Status: 200 - Czas: 1248.60ms
[2025-12-20 13:25:04] [INFO] REQ: POST /predict - Status: 200 - Czas: 1248.74ms
[2025-12-20 13:25:04] [INFO] REQ: POST /predict - Status: 200 - Czas: 1248.87ms
[2025-12-20 13:25:04] [INFO] REQ: POST /predict - Status: 200 - Czas: 1249.04ms
[2025-12-20 13:25:04] [INFO] REQ: POST /predict - Status: 200 - Czas: 1249.15ms
[2025-12-20 13:25:04] [INFO] REQ: POST /predict - Status: 200 - Czas: 1249.30ms
[2025-12-20 13:25:04] [INFO] REQ: POST /predict - Status: 200 - Czas: 1249.47ms
[2025-12-20 13:25:04] [INFO] REQ: POST /predict - Status: 200 - Czas: 1249.61ms
[2025-12-20 13:25:04] [INFO] REQ: POST /predict - Status: 200 - Czas: 1249.77ms
[2025-12-20 13:25:04] [INFO] REQ: POST /predict - Status: 200 - Czas: 1249.89ms
[2025-12-20 13:25:04] [INFO] REQ: POST /predict - Status: 200 - Czas: 1250.01ms
[2025-12-20 13:25:04] [INFO] REQ: POST /predict - Status: 200 - Czas: 1250.14ms
[2025-12-20 13:25:04] [INFO] REQ: POST /predict - Status: 200 - Czas: 1250.30ms
[2025-12-20 13:25:04] [INFO] REQ: POST /predict - Status: 200 - Czas: 1250.44ms
[2025-12-20 13:25:04] [INFO] REQ: POST /predict - Status: 200 - Czas: 1250.58ms
[2025-12-20 13:25:04] [INFO] REQ: POST /predict - Status: 200 - Czas: 1289.80ms
[2025-12-20 13:25:04] [INFO] REQ: POST /predict - Status: 200 - Czas: 1290.00ms
[2025-12-20 13:25:04] [INFO] REQ: POST /predict - Status: 200 - Czas: 1290.16ms
[2025-12-20 13:25:04] [INFO] REQ: POST /predict - Status: 200 - Czas: 1004.26ms
[2025-12-20 13:25:04] [INFO] REQ: POST /predict - Status: 200 - Czas: 1004.46ms
[2025-12-20 13:25:04] [INFO] REQ: POST /predict - Status: 200 - Czas: 1004.60ms
[2025-12-20 13:25:04] [INFO] REQ: POST /predict - Status: 200 - Czas: 777.05ms
[2025-12-20 13:25:04] [INFO] REQ: POST /predict - Status: 200 - Czas: 631.15ms
[2025-12-20 13:25:04] [INFO] REQ: POST /predict - Status: 200 - Czas: 631.41ms
[2025-12-20 13:25:04] [INFO] REQ: POST /predict - Status: 200 - Czas: 631.60ms
[2025-12-20 13:25:04] [INFO] REQ: POST /predict - Status: 200 - Czas: 631.77ms
[2025-12-20 13:25:04] [INFO] REQ: POST /predict - Status: 200 - Czas: 631.91ms
[2025-12-20 13:25:04] [INFO] REQ: POST /predict - Status: 200 - Czas: 632.04ms
[2025-12-20 13:25:04] [INFO] REQ: POST /predict - Status: 200 - Czas: 632.18ms
[2025-12-20 13:25:04] [INFO] REQ: POST /predict - Status: 200 - Czas: 632.24ms
[2025-12-20 13:25:04] [INFO] REQ: POST /predict - Status: 200 - Czas: 632.36ms
[2025-12-20 13:25:04] [INFO] REQ: POST /predict - Status: 200 - Czas: 632.48ms
[2025-12-20 13:25:04] [INFO] REQ: POST /predict - Status: 200 - Czas: 631.83ms
[2025-12-20 13:25:04] [INFO] REQ: POST /predict - Status: 200 - Czas: 631.97ms
[2025-12-20 13:25:04] [INFO] REQ: POST /predict - Status: 200 - Czas: 632.09ms
[2025-12-20 13:25:04] [ERROR] Exception in ASGI application
Traceback (most recent call last):
  File "/usr/local/lib/python3.12/site-packages/starlette/_exception_handler.py", line 42, in wrapped_app
    await app(scope, receive, sender)
  File "/usr/local/lib/python3.12/site-packages/fastapi/routing.py", line 106, in app
    response = await f(request)
               ^^^^^^^^^^^^^^^^
  File "/usr/local/lib/python3.12/site-packages/fastapi/routing.py", line 472, in app
    raise validation_error
fastapi.exceptions.RequestValidationError: 1 validation error:
  {'type': 'string_type', 'loc': ('body', 'text'), 'msg': 'Input should be a valid string', 'input': nan}

  File "/project/app/server_fastapi.py", line 60, in predict_endpoint
    POST /predict

The above exception was the direct cause of the following exception:

Traceback (most recent call last):
  File "/usr/local/lib/python3.12/site-packages/uvicorn/protocols/http/httptools_impl.py", line 409, in run_asgi
    result = await app(  # type: ignore[func-returns-value]
             ^^^^^^^^^^^^^^^^^^^^^^^^^^^^^^^^^^^^^^^^^^^^^^
  File "/usr/local/lib/python3.12/site-packages/uvicorn/middleware/proxy_headers.py", line 60, in __call__
    return await self.app(scope, receive, send)
           ^^^^^^^^^^^^^^^^^^^^^^^^^^^^^^^^^^^^
  File "/usr/local/lib/python3.12/site-packages/fastapi/applications.py", line 1139, in __call__
    await super().__call__(scope, receive, send)
  File "/usr/local/lib/python3.12/site-packages/starlette/applications.py", line 107, in __call__
    await self.middleware_stack(scope, receive, send)
  File "/usr/local/lib/python3.12/site-packages/starlette/middleware/errors.py", line 186, in __call__
    raise exc
  File "/usr/local/lib/python3.12/site-packages/starlette/middleware/errors.py", line 164, in __call__
    await self.app(scope, receive, _send)
  File "/usr/local/lib/python3.12/site-packages/starlette/middleware/base.py", line 191, in __call__
    with recv_stream, send_stream, collapse_excgroups():
                                   ^^^^^^^^^^^^^^^^^^^^
  File "/usr/local/lib/python3.12/contextlib.py", line 158, in __exit__
    self.gen.throw(value)
  File "/usr/local/lib/python3.12/site-packages/starlette/_utils.py", line 85, in collapse_excgroups
    raise exc
  File "/usr/local/lib/python3.12/site-packages/starlette/middleware/base.py", line 193, in __call__
    response = await self.dispatch_func(request, call_next)
               ^^^^^^^^^^^^^^^^^^^^^^^^^^^^^^^^^^^^^^^^^^^^
  File "/project/app/server_fastapi.py", line 41, in log_requests
    response: Response = await call_next(request)
                         ^^^^^^^^^^^^^^^^^^^^^^^^
  File "/usr/local/lib/python3.12/site-packages/starlette/middleware/base.py", line 168, in call_next
    raise app_exc from app_exc.__cause__ or app_exc.__context__
  File "/usr/local/lib/python3.12/site-packages/starlette/middleware/base.py", line 144, in coro
    await self.app(scope, receive_or_disconnect, send_no_error)
  File "/usr/local/lib/python3.12/site-packages/starlette/middleware/exceptions.py", line 63, in __call__
    await wrap_app_handling_exceptions(self.app, conn)(scope, receive, send)
  File "/usr/local/lib/python3.12/site-packages/starlette/_exception_handler.py", line 53, in wrapped_app
    raise exc
  File "/usr/local/lib/python3.12/site-packages/starlette/_exception_handler.py", line 42, in wrapped_app
    await app(scope, receive, sender)
  File "/usr/local/lib/python3.12/site-packages/fastapi/middleware/asyncexitstack.py", line 18, in __call__
    await self.app(scope, receive, send)
  File "/usr/local/lib/python3.12/site-packages/starlette/routing.py", line 716, in __call__
    await self.middleware_stack(scope, receive, send)
  File "/usr/local/lib/python3.12/site-packages/starlette/routing.py", line 736, in app
    await route.handle(scope, receive, send)
  File "/usr/local/lib/python3.12/site-packages/starlette/routing.py", line 290, in handle
    await self.app(scope, receive, send)
  File "/usr/local/lib/python3.12/site-packages/fastapi/routing.py", line 120, in app
    await wrap_app_handling_exceptions(app, request)(scope, receive, send)
  File "/usr/local/lib/python3.12/site-packages/starlette/_exception_handler.py", line 59, in wrapped_app
    response = await handler(conn, exc)
               ^^^^^^^^^^^^^^^^^^^^^^^^
  File "/usr/local/lib/python3.12/site-packages/fastapi/exception_handlers.py", line 23, in request_validation_exception_handler
    return JSONResponse(
           ^^^^^^^^^^^^^
  File "/usr/local/lib/python3.12/site-packages/starlette/responses.py", line 189, in __init__
    super().__init__(content, status_code, headers, media_type, background)
  File "/usr/local/lib/python3.12/site-packages/starlette/responses.py", line 46, in __init__
    self.body = self.render(content)
                ^^^^^^^^^^^^^^^^^^^^
  File "/usr/local/lib/python3.12/site-packages/starlette/responses.py", line 192, in render
    return json.dumps(
           ^^^^^^^^^^^
  File "/usr/local/lib/python3.12/json/__init__.py", line 238, in dumps
    **kw).encode(obj)
          ^^^^^^^^^^^
  File "/usr/local/lib/python3.12/json/encoder.py", line 200, in encode
    chunks = self.iterencode(o, _one_shot=True)
             ^^^^^^^^^^^^^^^^^^^^^^^^^^^^^^^^^^
  File "/usr/local/lib/python3.12/json/encoder.py", line 258, in iterencode
    return _iterencode(o, 0)
           ^^^^^^^^^^^^^^^^^
ValueError: Out of range float values are not JSON compliant: nan
[2025-12-20 13:25:04] [INFO] REQ: POST /predict - Status: 200 - Czas: 633.53ms
[2025-12-20 13:25:04] [INFO] REQ: POST /predict - Status: 200 - Czas: 633.64ms
[2025-12-20 13:25:04] [INFO] REQ: POST /predict - Status: 200 - Czas: 633.81ms
[2025-12-20 13:25:04] [INFO] REQ: POST /predict - Status: 200 - Czas: 633.97ms
[2025-12-20 13:25:04] [INFO] REQ: POST /predict - Status: 200 - Czas: 634.09ms
[2025-12-20 13:25:04] [INFO] REQ: POST /predict - Status: 200 - Czas: 634.25ms
[2025-12-20 13:25:04] [INFO] REQ: POST /predict - Status: 200 - Czas: 634.35ms
[2025-12-20 13:25:04] [INFO] REQ: POST /predict - Status: 200 - Czas: 634.47ms
[2025-12-20 13:25:04] [INFO] REQ: POST /predict - Status: 200 - Czas: 634.61ms
[2025-12-20 13:25:04] [INFO] REQ: POST /predict - Status: 200 - Czas: 634.75ms
[2025-12-20 13:25:05] [INFO] REQ: POST /predict - Status: 200 - Czas: 1038.46ms
[2025-12-20 13:25:05] [INFO] REQ: POST /predict - Status: 200 - Czas: 1038.73ms
[2025-12-20 13:25:05] [INFO] REQ: POST /predict - Status: 200 - Czas: 1038.98ms
[2025-12-20 13:25:05] [INFO] REQ: POST /predict - Status: 200 - Czas: 1039.15ms
[2025-12-20 13:25:05] [INFO] REQ: POST /predict - Status: 200 - Czas: 1039.34ms
[2025-12-20 13:25:05] [INFO] REQ: POST /predict - Status: 200 - Czas: 1039.49ms
[2025-12-20 13:25:05] [INFO] REQ: POST /predict - Status: 200 - Czas: 1039.74ms
[2025-12-20 13:25:05] [INFO] REQ: POST /predict - Status: 200 - Czas: 1039.91ms
[2025-12-20 13:25:05] [INFO] REQ: POST /predict - Status: 200 - Czas: 1040.09ms
[2025-12-20 13:25:05] [INFO] REQ: POST /predict - Status: 200 - Czas: 1040.16ms
[2025-12-20 13:25:05] [INFO] REQ: POST /predict - Status: 200 - Czas: 1040.18ms
[2025-12-20 13:25:05] [INFO] REQ: POST /predict - Status: 200 - Czas: 1040.30ms
[2025-12-20 13:25:05] [INFO] REQ: POST /predict - Status: 200 - Czas: 1040.43ms
[2025-12-20 13:25:05] [INFO] REQ: POST /predict - Status: 200 - Czas: 1040.59ms
[2025-12-20 13:25:05] [INFO] REQ: POST /predict - Status: 200 - Czas: 1040.74ms
[2025-12-20 13:25:05] [INFO] REQ: POST /predict - Status: 200 - Czas: 1040.88ms
[2025-12-20 13:25:05] [INFO] REQ: POST /predict - Status: 200 - Czas: 1041.03ms
[2025-12-20 13:25:05] [INFO] REQ: POST /predict - Status: 200 - Czas: 1041.21ms
[2025-12-20 13:25:05] [INFO] REQ: POST /predict - Status: 200 - Czas: 1041.35ms
[2025-12-20 13:25:05] [INFO] REQ: POST /predict - Status: 200 - Czas: 1242.90ms
[2025-12-20 13:25:05] [INFO] REQ: POST /predict - Status: 200 - Czas: 1243.20ms
[2025-12-20 13:25:05] [INFO] REQ: POST /predict - Status: 200 - Czas: 1243.34ms
[2025-12-20 13:25:05] [INFO] REQ: POST /predict - Status: 200 - Czas: 1243.54ms
[2025-12-20 13:25:05] [INFO] REQ: POST /predict - Status: 200 - Czas: 1243.62ms
[2025-12-20 13:25:05] [INFO] REQ: POST /predict - Status: 200 - Czas: 1243.78ms
[2025-12-20 13:25:05] [INFO] REQ: POST /predict - Status: 200 - Czas: 1243.96ms
[2025-12-20 13:25:05] [INFO] REQ: POST /predict - Status: 200 - Czas: 1244.12ms
[2025-12-20 13:25:05] [INFO] REQ: POST /predict - Status: 200 - Czas: 1244.27ms
[2025-12-20 13:25:05] [INFO] REQ: POST /predict - Status: 200 - Czas: 1244.44ms
[2025-12-20 13:25:05] [INFO] REQ: POST /predict - Status: 200 - Czas: 1244.59ms
[2025-12-20 13:25:05] [INFO] REQ: POST /predict - Status: 200 - Czas: 1244.75ms
[2025-12-20 13:25:05] [INFO] REQ: POST /predict - Status: 200 - Czas: 1244.93ms
[2025-12-20 13:25:05] [INFO] REQ: POST /predict - Status: 200 - Czas: 1245.07ms
[2025-12-20 13:25:05] [INFO] REQ: POST /predict - Status: 200 - Czas: 1245.15ms
[2025-12-20 13:25:05] [INFO] REQ: POST /predict - Status: 200 - Czas: 1245.30ms
[2025-12-20 13:25:05] [INFO] REQ: POST /predict - Status: 200 - Czas: 1245.44ms
[2025-12-20 13:25:05] [INFO] REQ: POST /predict - Status: 200 - Czas: 1245.58ms
[2025-12-20 13:25:05] [INFO] REQ: POST /predict - Status: 200 - Czas: 1245.71ms
[2025-12-20 13:25:05] [INFO] REQ: POST /predict - Status: 200 - Czas: 1245.83ms
[2025-12-20 13:25:05] [INFO] REQ: POST /predict - Status: 200 - Czas: 1245.95ms
[2025-12-20 13:25:05] [INFO] REQ: POST /predict - Status: 200 - Czas: 1246.10ms
[2025-12-20 13:25:05] [INFO] REQ: POST /predict - Status: 200 - Czas: 1246.21ms
[2025-12-20 13:25:05] [INFO] REQ: POST /predict - Status: 200 - Czas: 1246.32ms
[2025-12-20 13:25:05] [INFO] REQ: POST /predict - Status: 200 - Czas: 1246.40ms
[2025-12-20 13:25:05] [INFO] REQ: POST /predict - Status: 200 - Czas: 1246.54ms
[2025-12-20 13:25:05] [INFO] REQ: POST /predict - Status: 200 - Czas: 1246.64ms
[2025-12-20 13:25:05] [INFO] REQ: POST /predict - Status: 200 - Czas: 1246.77ms
[2025-12-20 13:25:05] [INFO] REQ: POST /predict - Status: 200 - Czas: 1246.89ms
[2025-12-20 13:25:05] [INFO] REQ: POST /predict - Status: 200 - Czas: 1246.99ms
[2025-12-20 13:25:05] [INFO] REQ: POST /predict - Status: 200 - Czas: 1247.11ms
[2025-12-20 13:25:05] [INFO] REQ: POST /predict - Status: 200 - Czas: 1247.23ms
[2025-12-20 13:25:05] [INFO] REQ: POST /predict - Status: 200 - Czas: 1247.38ms
[2025-12-20 13:25:05] [INFO] REQ: POST /predict - Status: 200 - Czas: 1247.50ms
[2025-12-20 13:25:05] [INFO] REQ: POST /predict - Status: 200 - Czas: 1293.29ms
[2025-12-20 13:25:05] [INFO] REQ: POST /predict - Status: 200 - Czas: 1293.56ms
[2025-12-20 13:25:05] [INFO] REQ: POST /predict - Status: 200 - Czas: 1293.69ms
[2025-12-20 13:25:05] [INFO] REQ: POST /predict - Status: 200 - Czas: 1293.82ms
[2025-12-20 13:25:05] [INFO] REQ: POST /predict - Status: 200 - Czas: 1293.90ms
[2025-12-20 13:25:05] [INFO] REQ: POST /predict - Status: 200 - Czas: 1294.04ms
[2025-12-20 13:25:05] [INFO] REQ: POST /predict - Status: 200 - Czas: 1294.23ms
[2025-12-20 13:25:05] [INFO] REQ: POST /predict - Status: 200 - Czas: 1294.38ms
[2025-12-20 13:25:05] [INFO] REQ: POST /predict - Status: 200 - Czas: 1294.52ms
[2025-12-20 13:25:05] [INFO] REQ: POST /predict - Status: 200 - Czas: 1294.70ms
[2025-12-20 13:25:05] [INFO] REQ: POST /predict - Status: 200 - Czas: 1294.82ms
[2025-12-20 13:25:05] [INFO] REQ: POST /predict - Status: 200 - Czas: 1294.98ms
[2025-12-20 13:25:05] [INFO] REQ: POST /predict - Status: 200 - Czas: 1295.15ms
[2025-12-20 13:25:05] [INFO] REQ: POST /predict - Status: 200 - Czas: 1295.27ms
[2025-12-20 13:25:05] [INFO] REQ: POST /predict - Status: 200 - Czas: 1295.33ms
[2025-12-20 13:25:05] [INFO] REQ: POST /predict - Status: 200 - Czas: 1295.48ms
[2025-12-20 13:25:05] [INFO] REQ: POST /predict - Status: 200 - Czas: 1342.33ms
[2025-12-20 13:25:05] [INFO] REQ: POST /predict - Status: 200 - Czas: 1342.54ms
[2025-12-20 13:25:05] [INFO] REQ: POST /predict - Status: 200 - Czas: 1342.70ms
[2025-12-20 13:25:05] [INFO] REQ: POST /predict - Status: 200 - Czas: 1017.38ms
[2025-12-20 13:25:05] [INFO] REQ: POST /predict - Status: 200 - Czas: 1017.56ms
[2025-12-20 13:25:05] [INFO] REQ: POST /predict - Status: 200 - Czas: 1017.70ms
[2025-12-20 13:25:05] [INFO] REQ: POST /predict - Status: 200 - Czas: 765.96ms
[2025-12-20 13:25:06] [INFO] REQ: POST /predict - Status: 200 - Czas: 548.60ms
[2025-12-20 13:25:06] [INFO] REQ: POST /predict - Status: 200 - Czas: 548.78ms
[2025-12-20 13:25:06] [INFO] REQ: POST /predict - Status: 200 - Czas: 548.89ms
[2025-12-20 13:25:06] [INFO] REQ: POST /predict - Status: 200 - Czas: 549.03ms
[2025-12-20 13:25:06] [INFO] REQ: POST /predict - Status: 200 - Czas: 549.16ms
[2025-12-20 13:25:06] [INFO] REQ: POST /predict - Status: 200 - Czas: 549.29ms
[2025-12-20 13:25:06] [INFO] REQ: POST /predict - Status: 200 - Czas: 549.41ms
[2025-12-20 13:25:06] [INFO] REQ: POST /predict - Status: 200 - Czas: 549.59ms
[2025-12-20 13:25:06] [INFO] REQ: POST /predict - Status: 200 - Czas: 549.74ms
[2025-12-20 13:25:06] [INFO] REQ: POST /predict - Status: 200 - Czas: 549.87ms
[2025-12-20 13:25:06] [INFO] REQ: POST /predict - Status: 200 - Czas: 549.09ms
[2025-12-20 13:25:06] [INFO] REQ: POST /predict - Status: 200 - Czas: 549.20ms
[2025-12-20 13:25:06] [INFO] REQ: POST /predict - Status: 200 - Czas: 549.32ms
[2025-12-20 13:25:06] [INFO] REQ: POST /predict - Status: 200 - Czas: 549.43ms
[2025-12-20 13:25:06] [INFO] REQ: POST /predict - Status: 200 - Czas: 549.56ms
[2025-12-20 13:25:06] [INFO] REQ: POST /predict - Status: 200 - Czas: 549.70ms
[2025-12-20 13:25:06] [INFO] REQ: POST /predict - Status: 200 - Czas: 549.84ms
[2025-12-20 13:25:06] [INFO] REQ: POST /predict - Status: 200 - Czas: 549.99ms
[2025-12-20 13:25:06] [INFO] REQ: POST /predict - Status: 200 - Czas: 550.14ms
[2025-12-20 13:25:06] [INFO] REQ: POST /predict - Status: 200 - Czas: 550.27ms
[2025-12-20 13:25:06] [INFO] REQ: POST /predict - Status: 200 - Czas: 550.37ms
[2025-12-20 13:25:06] [INFO] REQ: POST /predict - Status: 200 - Czas: 550.52ms
[2025-12-20 13:25:06] [INFO] REQ: POST /predict - Status: 200 - Czas: 550.64ms
[2025-12-20 13:25:06] [INFO] REQ: POST /predict - Status: 200 - Czas: 966.97ms
[2025-12-20 13:25:06] [INFO] REQ: POST /predict - Status: 200 - Czas: 967.15ms
[2025-12-20 13:25:06] [INFO] REQ: POST /predict - Status: 200 - Czas: 967.34ms
[2025-12-20 13:25:06] [INFO] REQ: POST /predict - Status: 200 - Czas: 967.49ms
[2025-12-20 13:25:06] [INFO] REQ: POST /predict - Status: 200 - Czas: 967.63ms
[2025-12-20 13:25:06] [INFO] REQ: POST /predict - Status: 200 - Czas: 967.79ms
[2025-12-20 13:25:06] [INFO] REQ: POST /predict - Status: 200 - Czas: 967.94ms
[2025-12-20 13:25:06] [INFO] REQ: POST /predict - Status: 200 - Czas: 968.10ms
[2025-12-20 13:25:06] [INFO] REQ: POST /predict - Status: 200 - Czas: 968.24ms
[2025-12-20 13:25:06] [INFO] REQ: POST /predict - Status: 200 - Czas: 968.36ms
[2025-12-20 13:25:06] [INFO] REQ: POST /predict - Status: 200 - Czas: 968.49ms
[2025-12-20 13:25:06] [INFO] REQ: POST /predict - Status: 200 - Czas: 967.07ms
[2025-12-20 13:25:06] [INFO] REQ: POST /predict - Status: 200 - Czas: 967.18ms
[2025-12-20 13:25:06] [INFO] REQ: POST /predict - Status: 200 - Czas: 967.30ms
[2025-12-20 13:25:06] [INFO] REQ: POST /predict - Status: 200 - Czas: 967.45ms
[2025-12-20 13:25:06] [INFO] REQ: POST /predict - Status: 200 - Czas: 967.57ms
[2025-12-20 13:25:06] [INFO] REQ: POST /predict - Status: 200 - Czas: 967.69ms
[2025-12-20 13:25:06] [INFO] REQ: POST /predict - Status: 200 - Czas: 967.84ms
[2025-12-20 13:25:06] [INFO] REQ: POST /predict - Status: 200 - Czas: 967.96ms
[2025-12-20 13:25:06] [INFO] REQ: POST /predict - Status: 200 - Czas: 1189.66ms
[2025-12-20 13:25:06] [INFO] REQ: POST /predict - Status: 200 - Czas: 1189.87ms
[2025-12-20 13:25:06] [INFO] REQ: POST /predict - Status: 200 - Czas: 1190.03ms
[2025-12-20 13:25:06] [INFO] REQ: POST /predict - Status: 200 - Czas: 1190.19ms
[2025-12-20 13:25:06] [INFO] REQ: POST /predict - Status: 200 - Czas: 1190.29ms
[2025-12-20 13:25:06] [INFO] REQ: POST /predict - Status: 200 - Czas: 1190.46ms
[2025-12-20 13:25:06] [INFO] REQ: POST /predict - Status: 200 - Czas: 1190.63ms
[2025-12-20 13:25:06] [INFO] REQ: POST /predict - Status: 200 - Czas: 1190.77ms
[2025-12-20 13:25:06] [INFO] REQ: POST /predict - Status: 200 - Czas: 1190.92ms
[2025-12-20 13:25:06] [INFO] REQ: POST /predict - Status: 200 - Czas: 1191.08ms
[2025-12-20 13:25:06] [INFO] REQ: POST /predict - Status: 200 - Czas: 1191.24ms
[2025-12-20 13:25:06] [INFO] REQ: POST /predict - Status: 200 - Czas: 1191.39ms
[2025-12-20 13:25:06] [INFO] REQ: POST /predict - Status: 200 - Czas: 1191.55ms
[2025-12-20 13:25:06] [INFO] REQ: POST /predict - Status: 200 - Czas: 1191.69ms
[2025-12-20 13:25:06] [INFO] REQ: POST /predict - Status: 200 - Czas: 1191.79ms
[2025-12-20 13:25:06] [INFO] REQ: POST /predict - Status: 200 - Czas: 1191.92ms
[2025-12-20 13:25:06] [INFO] REQ: POST /predict - Status: 200 - Czas: 1192.05ms
[2025-12-20 13:25:06] [INFO] REQ: POST /predict - Status: 200 - Czas: 1192.20ms
[2025-12-20 13:25:06] [INFO] REQ: POST /predict - Status: 200 - Czas: 1192.33ms
[2025-12-20 13:25:06] [INFO] REQ: POST /predict - Status: 200 - Czas: 1192.48ms
[2025-12-20 13:25:06] [INFO] REQ: POST /predict - Status: 200 - Czas: 1192.62ms
[2025-12-20 13:25:06] [INFO] REQ: POST /predict - Status: 200 - Czas: 1192.74ms
[2025-12-20 13:25:06] [INFO] REQ: POST /predict - Status: 200 - Czas: 1192.85ms
[2025-12-20 13:25:06] [INFO] REQ: POST /predict - Status: 200 - Czas: 1192.98ms
[2025-12-20 13:25:06] [INFO] REQ: POST /predict - Status: 200 - Czas: 1193.11ms
[2025-12-20 13:25:06] [INFO] REQ: POST /predict - Status: 200 - Czas: 1193.20ms
[2025-12-20 13:25:06] [INFO] REQ: POST /predict - Status: 200 - Czas: 1193.32ms
[2025-12-20 13:25:06] [INFO] REQ: POST /predict - Status: 200 - Czas: 1193.46ms
[2025-12-20 13:25:06] [INFO] REQ: POST /predict - Status: 200 - Czas: 1193.60ms
[2025-12-20 13:25:06] [INFO] REQ: POST /predict - Status: 200 - Czas: 1193.72ms
[2025-12-20 13:25:06] [INFO] REQ: POST /predict - Status: 200 - Czas: 1193.86ms
[2025-12-20 13:25:06] [INFO] REQ: POST /predict - Status: 200 - Czas: 1193.96ms
[2025-12-20 13:25:06] [INFO] REQ: POST /predict - Status: 200 - Czas: 1194.09ms
[2025-12-20 13:25:06] [INFO] REQ: POST /predict - Status: 200 - Czas: 1194.21ms
[2025-12-20 13:25:06] [INFO] REQ: POST /predict - Status: 200 - Czas: 1232.30ms
[2025-12-20 13:25:06] [INFO] REQ: POST /predict - Status: 200 - Czas: 1232.51ms
[2025-12-20 13:25:06] [INFO] REQ: POST /predict - Status: 200 - Czas: 1232.63ms
[2025-12-20 13:25:06] [INFO] REQ: POST /predict - Status: 200 - Czas: 1232.73ms
[2025-12-20 13:25:06] [INFO] REQ: POST /predict - Status: 200 - Czas: 1231.95ms
[2025-12-20 13:25:06] [INFO] REQ: POST /predict - Status: 200 - Czas: 1232.09ms
[2025-12-20 13:25:06] [INFO] REQ: POST /predict - Status: 200 - Czas: 1232.24ms
[2025-12-20 13:25:06] [INFO] REQ: POST /predict - Status: 200 - Czas: 1232.39ms
[2025-12-20 13:25:06] [INFO] REQ: POST /predict - Status: 200 - Czas: 1232.53ms
[2025-12-20 13:25:06] [INFO] REQ: POST /predict - Status: 200 - Czas: 1232.68ms
[2025-12-20 13:25:06] [INFO] REQ: POST /predict - Status: 200 - Czas: 1232.82ms
[2025-12-20 13:25:06] [INFO] REQ: POST /predict - Status: 200 - Czas: 1232.97ms
[2025-12-20 13:25:06] [INFO] REQ: POST /predict - Status: 200 - Czas: 1233.12ms
[2025-12-20 13:25:06] [INFO] REQ: POST /predict - Status: 200 - Czas: 1233.26ms
[2025-12-20 13:25:06] [INFO] REQ: POST /predict - Status: 200 - Czas: 1233.36ms
[2025-12-20 13:25:06] [INFO] REQ: POST /predict - Status: 200 - Czas: 1233.48ms
[2025-12-20 13:25:06] [INFO] REQ: POST /predict - Status: 200 - Czas: 1233.63ms
[2025-12-20 13:25:06] [INFO] REQ: POST /predict - Status: 200 - Czas: 1266.42ms
[2025-12-20 13:25:06] [INFO] REQ: POST /predict - Status: 200 - Czas: 1266.63ms
[2025-12-20 13:25:06] [INFO] REQ: POST /predict - Status: 200 - Czas: 1266.79ms
[2025-12-20 13:25:06] [INFO] REQ: POST /predict - Status: 200 - Czas: 1027.00ms
[2025-12-20 13:25:06] [INFO] REQ: POST /predict - Status: 200 - Czas: 1027.21ms
[2025-12-20 13:25:06] [INFO] REQ: POST /predict - Status: 200 - Czas: 1027.34ms
[2025-12-20 13:25:07] [INFO] REQ: POST /predict - Status: 200 - Czas: 778.78ms
[2025-12-20 13:25:07] [INFO] REQ: POST /predict - Status: 200 - Czas: 565.52ms
[2025-12-20 13:25:07] [INFO] REQ: POST /predict - Status: 200 - Czas: 565.74ms
[2025-12-20 13:25:07] [INFO] REQ: POST /predict - Status: 200 - Czas: 565.89ms
[2025-12-20 13:25:07] [INFO] REQ: POST /predict - Status: 200 - Czas: 566.05ms
[2025-12-20 13:25:07] [INFO] REQ: POST /predict - Status: 200 - Czas: 566.19ms
[2025-12-20 13:25:07] [INFO] REQ: POST /predict - Status: 200 - Czas: 566.30ms
[2025-12-20 13:25:07] [INFO] REQ: POST /predict - Status: 200 - Czas: 566.40ms
[2025-12-20 13:25:07] [INFO] REQ: POST /predict - Status: 200 - Czas: 566.49ms
[2025-12-20 13:25:07] [INFO] REQ: POST /predict - Status: 200 - Czas: 566.63ms
[2025-12-20 13:25:07] [INFO] REQ: POST /predict - Status: 200 - Czas: 566.68ms
[2025-12-20 13:25:07] [INFO] REQ: POST /predict - Status: 200 - Czas: 565.99ms
[2025-12-20 13:25:07] [INFO] REQ: POST /predict - Status: 200 - Czas: 566.12ms
[2025-12-20 13:25:07] [INFO] REQ: POST /predict - Status: 200 - Czas: 566.22ms
[2025-12-20 13:25:07] [INFO] REQ: POST /predict - Status: 200 - Czas: 566.32ms
[2025-12-20 13:25:07] [INFO] REQ: POST /predict - Status: 200 - Czas: 566.45ms
[2025-12-20 13:25:07] [INFO] REQ: POST /predict - Status: 200 - Czas: 566.56ms
[2025-12-20 13:25:07] [INFO] REQ: POST /predict - Status: 200 - Czas: 566.69ms
[2025-12-20 13:25:07] [INFO] REQ: POST /predict - Status: 200 - Czas: 566.81ms
[2025-12-20 13:25:07] [INFO] REQ: POST /predict - Status: 200 - Czas: 566.93ms
[2025-12-20 13:25:07] [INFO] REQ: POST /predict - Status: 200 - Czas: 567.05ms
[2025-12-20 13:25:07] [INFO] REQ: POST /predict - Status: 200 - Czas: 567.10ms
[2025-12-20 13:25:07] [INFO] REQ: POST /predict - Status: 200 - Czas: 567.22ms
[2025-12-20 13:25:07] [INFO] REQ: POST /predict - Status: 200 - Czas: 567.33ms
[2025-12-20 13:25:08] [INFO] REQ: POST /predict - Status: 200 - Czas: 1016.71ms
[2025-12-20 13:25:08] [INFO] REQ: POST /predict - Status: 200 - Czas: 1016.93ms
[2025-12-20 13:25:08] [INFO] REQ: POST /predict - Status: 200 - Czas: 1017.13ms
[2025-12-20 13:25:08] [INFO] REQ: POST /predict - Status: 200 - Czas: 1017.28ms
[2025-12-20 13:25:08] [INFO] REQ: POST /predict - Status: 200 - Czas: 1017.45ms
[2025-12-20 13:25:08] [INFO] REQ: POST /predict - Status: 200 - Czas: 1017.62ms
[2025-12-20 13:25:08] [INFO] REQ: POST /predict - Status: 200 - Czas: 1017.76ms
[2025-12-20 13:25:08] [INFO] REQ: POST /predict - Status: 200 - Czas: 1017.92ms
[2025-12-20 13:25:08] [INFO] REQ: POST /predict - Status: 200 - Czas: 1018.06ms
[2025-12-20 13:25:08] [INFO] REQ: POST /predict - Status: 200 - Czas: 1018.21ms
[2025-12-20 13:25:08] [INFO] REQ: POST /predict - Status: 200 - Czas: 1018.36ms
[2025-12-20 13:25:08] [INFO] REQ: POST /predict - Status: 200 - Czas: 1018.45ms
[2025-12-20 13:25:08] [INFO] REQ: POST /predict - Status: 200 - Czas: 1018.57ms
[2025-12-20 13:25:08] [INFO] REQ: POST /predict - Status: 200 - Czas: 1018.74ms
[2025-12-20 13:25:08] [INFO] REQ: POST /predict - Status: 200 - Czas: 1018.88ms
[2025-12-20 13:25:08] [INFO] REQ: POST /predict - Status: 200 - Czas: 1019.02ms
[2025-12-20 13:25:08] [INFO] REQ: POST /predict - Status: 200 - Czas: 1019.19ms
[2025-12-20 13:25:08] [INFO] REQ: POST /predict - Status: 200 - Czas: 1019.34ms
[2025-12-20 13:25:08] [INFO] REQ: POST /predict - Status: 200 - Czas: 1019.47ms
[2025-12-20 13:25:08] [INFO] REQ: POST /predict - Status: 200 - Czas: 1237.59ms
[2025-12-20 13:25:08] [INFO] REQ: POST /predict - Status: 200 - Czas: 1237.89ms
[2025-12-20 13:25:08] [INFO] REQ: POST /predict - Status: 200 - Czas: 1238.06ms
[2025-12-20 13:25:08] [INFO] REQ: POST /predict - Status: 200 - Czas: 1238.26ms
[2025-12-20 13:25:08] [INFO] REQ: POST /predict - Status: 200 - Czas: 1238.39ms
[2025-12-20 13:25:08] [INFO] REQ: POST /predict - Status: 200 - Czas: 1238.53ms
[2025-12-20 13:25:08] [INFO] REQ: POST /predict - Status: 200 - Czas: 1238.68ms
[2025-12-20 13:25:08] [INFO] REQ: POST /predict - Status: 200 - Czas: 1238.84ms
[2025-12-20 13:25:08] [INFO] REQ: POST /predict - Status: 200 - Czas: 1238.98ms
[2025-12-20 13:25:08] [INFO] REQ: POST /predict - Status: 200 - Czas: 1239.12ms
[2025-12-20 13:25:08] [INFO] REQ: POST /predict - Status: 200 - Czas: 1239.26ms
[2025-12-20 13:25:08] [INFO] REQ: POST /predict - Status: 200 - Czas: 1239.44ms
[2025-12-20 13:25:08] [INFO] REQ: POST /predict - Status: 200 - Czas: 1239.54ms
[2025-12-20 13:25:08] [INFO] REQ: POST /predict - Status: 200 - Czas: 1239.68ms
[2025-12-20 13:25:08] [INFO] REQ: POST /predict - Status: 200 - Czas: 1239.77ms
[2025-12-20 13:25:08] [INFO] REQ: POST /predict - Status: 200 - Czas: 1239.89ms
[2025-12-20 13:25:08] [INFO] REQ: POST /predict - Status: 200 - Czas: 1240.01ms
[2025-12-20 13:25:08] [INFO] REQ: POST /predict - Status: 200 - Czas: 1240.14ms
[2025-12-20 13:25:08] [INFO] REQ: POST /predict - Status: 200 - Czas: 1240.29ms
[2025-12-20 13:25:08] [INFO] REQ: POST /predict - Status: 200 - Czas: 1240.43ms
[2025-12-20 13:25:08] [INFO] REQ: POST /predict - Status: 200 - Czas: 1240.53ms
[2025-12-20 13:25:08] [INFO] REQ: POST /predict - Status: 200 - Czas: 1240.66ms
[2025-12-20 13:25:08] [INFO] REQ: POST /predict - Status: 200 - Czas: 1240.77ms
[2025-12-20 13:25:08] [INFO] REQ: POST /predict - Status: 200 - Czas: 1240.90ms
[2025-12-20 13:25:08] [INFO] REQ: POST /predict - Status: 200 - Czas: 1241.01ms
[2025-12-20 13:25:08] [INFO] REQ: POST /predict - Status: 200 - Czas: 1241.12ms
[2025-12-20 13:25:08] [INFO] REQ: POST /predict - Status: 200 - Czas: 1241.25ms
[2025-12-20 13:25:08] [INFO] REQ: POST /predict - Status: 200 - Czas: 1241.41ms
[2025-12-20 13:25:08] [INFO] REQ: POST /predict - Status: 200 - Czas: 1241.54ms
[2025-12-20 13:25:08] [INFO] REQ: POST /predict - Status: 200 - Czas: 1241.67ms
[2025-12-20 13:25:08] [INFO] REQ: POST /predict - Status: 200 - Czas: 1241.79ms
[2025-12-20 13:25:08] [INFO] REQ: POST /predict - Status: 200 - Czas: 1241.91ms
[2025-12-20 13:25:08] [INFO] REQ: POST /predict - Status: 200 - Czas: 1242.00ms
[2025-12-20 13:25:08] [INFO] REQ: POST /predict - Status: 200 - Czas: 1242.12ms
[2025-12-20 13:25:08] [INFO] REQ: POST /predict - Status: 200 - Czas: 1286.59ms
[2025-12-20 13:25:08] [INFO] REQ: POST /predict - Status: 200 - Czas: 1286.81ms
[2025-12-20 13:25:08] [INFO] REQ: POST /predict - Status: 200 - Czas: 1286.95ms
[2025-12-20 13:25:08] [INFO] REQ: POST /predict - Status: 200 - Czas: 1287.12ms
[2025-12-20 13:25:08] [INFO] REQ: POST /predict - Status: 200 - Czas: 1287.21ms
[2025-12-20 13:25:08] [INFO] REQ: POST /predict - Status: 200 - Czas: 1287.34ms
[2025-12-20 13:25:08] [INFO] REQ: POST /predict - Status: 200 - Czas: 1287.50ms
[2025-12-20 13:25:08] [INFO] REQ: POST /predict - Status: 200 - Czas: 1287.66ms
[2025-12-20 13:25:08] [INFO] REQ: POST /predict - Status: 200 - Czas: 1287.76ms
[2025-12-20 13:25:08] [INFO] REQ: POST /predict - Status: 200 - Czas: 1287.90ms
[2025-12-20 13:25:08] [INFO] REQ: POST /predict - Status: 200 - Czas: 1288.03ms
[2025-12-20 13:25:08] [INFO] REQ: POST /predict - Status: 200 - Czas: 1288.15ms
[2025-12-20 13:25:08] [INFO] REQ: POST /predict - Status: 200 - Czas: 1288.29ms
[2025-12-20 13:25:08] [INFO] REQ: POST /predict - Status: 200 - Czas: 1288.42ms
[2025-12-20 13:25:08] [INFO] REQ: POST /predict - Status: 200 - Czas: 1287.73ms
[2025-12-20 13:25:08] [INFO] REQ: POST /predict - Status: 200 - Czas: 1287.86ms
[2025-12-20 13:25:08] [INFO] REQ: POST /predict - Status: 200 - Czas: 1287.99ms
[2025-12-20 13:25:08] [INFO] REQ: POST /predict - Status: 200 - Czas: 1329.55ms
[2025-12-20 13:25:08] [INFO] REQ: POST /predict - Status: 200 - Czas: 1329.79ms
[2025-12-20 13:25:08] [INFO] REQ: POST /predict - Status: 200 - Czas: 1329.91ms
[2025-12-20 13:25:08] [INFO] REQ: POST /predict - Status: 200 - Czas: 1059.05ms
[2025-12-20 13:25:08] [INFO] REQ: POST /predict - Status: 200 - Czas: 1059.24ms
[2025-12-20 13:25:08] [INFO] REQ: POST /predict - Status: 200 - Czas: 1059.39ms
[2025-12-20 13:25:08] [INFO] REQ: POST /predict - Status: 200 - Czas: 824.30ms
[2025-12-20 13:25:08] [INFO] REQ: POST /predict - Status: 200 - Czas: 565.27ms
[2025-12-20 13:25:08] [INFO] REQ: POST /predict - Status: 200 - Czas: 565.44ms
[2025-12-20 13:25:08] [INFO] REQ: POST /predict - Status: 200 - Czas: 565.54ms
[2025-12-20 13:25:08] [INFO] REQ: POST /predict - Status: 200 - Czas: 565.68ms
[2025-12-20 13:25:08] [INFO] REQ: POST /predict - Status: 200 - Czas: 565.79ms
[2025-12-20 13:25:08] [INFO] REQ: POST /predict - Status: 200 - Czas: 565.92ms
[2025-12-20 13:25:08] [INFO] REQ: POST /predict - Status: 200 - Czas: 566.02ms
[2025-12-20 13:25:08] [INFO] REQ: POST /predict - Status: 200 - Czas: 566.14ms
[2025-12-20 13:25:08] [INFO] REQ: POST /predict - Status: 200 - Czas: 566.26ms
[2025-12-20 13:25:08] [INFO] REQ: POST /predict - Status: 200 - Czas: 566.29ms
[2025-12-20 13:25:08] [INFO] REQ: POST /predict - Status: 200 - Czas: 565.66ms
[2025-12-20 13:25:08] [INFO] REQ: POST /predict - Status: 200 - Czas: 565.77ms
[2025-12-20 13:25:08] [INFO] REQ: POST /predict - Status: 200 - Czas: 565.90ms
[2025-12-20 13:25:08] [INFO] REQ: POST /predict - Status: 200 - Czas: 566.06ms
[2025-12-20 13:25:08] [INFO] REQ: POST /predict - Status: 200 - Czas: 566.18ms
[2025-12-20 13:25:08] [INFO] REQ: POST /predict - Status: 200 - Czas: 566.29ms
[2025-12-20 13:25:08] [INFO] REQ: POST /predict - Status: 200 - Czas: 566.41ms
[2025-12-20 13:25:08] [INFO] REQ: POST /predict - Status: 200 - Czas: 566.50ms
[2025-12-20 13:25:08] [INFO] REQ: POST /predict - Status: 200 - Czas: 566.61ms
[2025-12-20 13:25:08] [INFO] REQ: POST /predict - Status: 200 - Czas: 566.75ms
[2025-12-20 13:25:08] [INFO] REQ: POST /predict - Status: 200 - Czas: 566.80ms
[2025-12-20 13:25:08] [INFO] REQ: POST /predict - Status: 200 - Czas: 566.91ms
[2025-12-20 13:25:08] [INFO] REQ: POST /predict - Status: 200 - Czas: 567.05ms
[2025-12-20 13:25:09] [INFO] REQ: POST /predict - Status: 200 - Czas: 991.34ms
[2025-12-20 13:25:09] [INFO] REQ: POST /predict - Status: 200 - Czas: 991.41ms
[2025-12-20 13:25:09] [INFO] REQ: POST /predict - Status: 200 - Czas: 991.58ms
[2025-12-20 13:25:09] [INFO] REQ: POST /predict - Status: 200 - Czas: 991.75ms
[2025-12-20 13:25:09] [INFO] REQ: POST /predict - Status: 200 - Czas: 991.89ms
[2025-12-20 13:25:09] [INFO] REQ: POST /predict - Status: 200 - Czas: 992.02ms
[2025-12-20 13:25:09] [INFO] REQ: POST /predict - Status: 200 - Czas: 992.16ms
[2025-12-20 13:25:09] [INFO] REQ: POST /predict - Status: 200 - Czas: 992.28ms
[2025-12-20 13:25:09] [INFO] REQ: POST /predict - Status: 200 - Czas: 992.42ms
[2025-12-20 13:25:09] [INFO] REQ: POST /predict - Status: 200 - Czas: 992.58ms
[2025-12-20 13:25:09] [INFO] REQ: POST /predict - Status: 200 - Czas: 992.73ms
[2025-12-20 13:25:09] [INFO] REQ: POST /predict - Status: 200 - Czas: 992.81ms
[2025-12-20 13:25:09] [INFO] REQ: POST /predict - Status: 200 - Czas: 992.94ms
[2025-12-20 13:25:09] [INFO] REQ: POST /predict - Status: 200 - Czas: 993.07ms
[2025-12-20 13:25:09] [INFO] REQ: POST /predict - Status: 200 - Czas: 993.19ms
[2025-12-20 13:25:09] [INFO] REQ: POST /predict - Status: 200 - Czas: 993.30ms
[2025-12-20 13:25:09] [INFO] REQ: POST /predict - Status: 200 - Czas: 993.41ms
[2025-12-20 13:25:09] [INFO] REQ: POST /predict - Status: 200 - Czas: 993.51ms
[2025-12-20 13:25:09] [INFO] REQ: POST /predict - Status: 200 - Czas: 993.63ms
[2025-12-20 13:25:09] [ERROR] Exception in ASGI application
Traceback (most recent call last):
  File "/usr/local/lib/python3.12/site-packages/starlette/_exception_handler.py", line 42, in wrapped_app
    await app(scope, receive, sender)
  File "/usr/local/lib/python3.12/site-packages/fastapi/routing.py", line 106, in app
    response = await f(request)
               ^^^^^^^^^^^^^^^^
  File "/usr/local/lib/python3.12/site-packages/fastapi/routing.py", line 472, in app
    raise validation_error
fastapi.exceptions.RequestValidationError: 1 validation error:
  {'type': 'string_type', 'loc': ('body', 'text'), 'msg': 'Input should be a valid string', 'input': nan}

  File "/project/app/server_fastapi.py", line 60, in predict_endpoint
    POST /predict

The above exception was the direct cause of the following exception:

Traceback (most recent call last):
  File "/usr/local/lib/python3.12/site-packages/uvicorn/protocols/http/httptools_impl.py", line 409, in run_asgi
    result = await app(  # type: ignore[func-returns-value]
             ^^^^^^^^^^^^^^^^^^^^^^^^^^^^^^^^^^^^^^^^^^^^^^
  File "/usr/local/lib/python3.12/site-packages/uvicorn/middleware/proxy_headers.py", line 60, in __call__
    return await self.app(scope, receive, send)
           ^^^^^^^^^^^^^^^^^^^^^^^^^^^^^^^^^^^^
  File "/usr/local/lib/python3.12/site-packages/fastapi/applications.py", line 1139, in __call__
    await super().__call__(scope, receive, send)
  File "/usr/local/lib/python3.12/site-packages/starlette/applications.py", line 107, in __call__
    await self.middleware_stack(scope, receive, send)
  File "/usr/local/lib/python3.12/site-packages/starlette/middleware/errors.py", line 186, in __call__
    raise exc
  File "/usr/local/lib/python3.12/site-packages/starlette/middleware/errors.py", line 164, in __call__
    await self.app(scope, receive, _send)
  File "/usr/local/lib/python3.12/site-packages/starlette/middleware/base.py", line 191, in __call__
    with recv_stream, send_stream, collapse_excgroups():
                                   ^^^^^^^^^^^^^^^^^^^^
  File "/usr/local/lib/python3.12/contextlib.py", line 158, in __exit__
    self.gen.throw(value)
  File "/usr/local/lib/python3.12/site-packages/starlette/_utils.py", line 85, in collapse_excgroups
    raise exc
  File "/usr/local/lib/python3.12/site-packages/starlette/middleware/base.py", line 193, in __call__
    response = await self.dispatch_func(request, call_next)
               ^^^^^^^^^^^^^^^^^^^^^^^^^^^^^^^^^^^^^^^^^^^^
  File "/project/app/server_fastapi.py", line 41, in log_requests
    response: Response = await call_next(request)
                         ^^^^^^^^^^^^^^^^^^^^^^^^
  File "/usr/local/lib/python3.12/site-packages/starlette/middleware/base.py", line 168, in call_next
    raise app_exc from app_exc.__cause__ or app_exc.__context__
  File "/usr/local/lib/python3.12/site-packages/starlette/middleware/base.py", line 144, in coro
    await self.app(scope, receive_or_disconnect, send_no_error)
  File "/usr/local/lib/python3.12/site-packages/starlette/middleware/exceptions.py", line 63, in __call__
    await wrap_app_handling_exceptions(self.app, conn)(scope, receive, send)
  File "/usr/local/lib/python3.12/site-packages/starlette/_exception_handler.py", line 53, in wrapped_app
    raise exc
  File "/usr/local/lib/python3.12/site-packages/starlette/_exception_handler.py", line 42, in wrapped_app
    await app(scope, receive, sender)
  File "/usr/local/lib/python3.12/site-packages/fastapi/middleware/asyncexitstack.py", line 18, in __call__
    await self.app(scope, receive, send)
  File "/usr/local/lib/python3.12/site-packages/starlette/routing.py", line 716, in __call__
    await self.middleware_stack(scope, receive, send)
  File "/usr/local/lib/python3.12/site-packages/starlette/routing.py", line 736, in app
    await route.handle(scope, receive, send)
  File "/usr/local/lib/python3.12/site-packages/starlette/routing.py", line 290, in handle
    await self.app(scope, receive, send)
  File "/usr/local/lib/python3.12/site-packages/fastapi/routing.py", line 120, in app
    await wrap_app_handling_exceptions(app, request)(scope, receive, send)
  File "/usr/local/lib/python3.12/site-packages/starlette/_exception_handler.py", line 59, in wrapped_app
    response = await handler(conn, exc)
               ^^^^^^^^^^^^^^^^^^^^^^^^
  File "/usr/local/lib/python3.12/site-packages/fastapi/exception_handlers.py", line 23, in request_validation_exception_handler
    return JSONResponse(
           ^^^^^^^^^^^^^
  File "/usr/local/lib/python3.12/site-packages/starlette/responses.py", line 189, in __init__
    super().__init__(content, status_code, headers, media_type, background)
  File "/usr/local/lib/python3.12/site-packages/starlette/responses.py", line 46, in __init__
    self.body = self.render(content)
                ^^^^^^^^^^^^^^^^^^^^
  File "/usr/local/lib/python3.12/site-packages/starlette/responses.py", line 192, in render
    return json.dumps(
           ^^^^^^^^^^^
  File "/usr/local/lib/python3.12/json/__init__.py", line 238, in dumps
    **kw).encode(obj)
          ^^^^^^^^^^^
  File "/usr/local/lib/python3.12/json/encoder.py", line 200, in encode
    chunks = self.iterencode(o, _one_shot=True)
             ^^^^^^^^^^^^^^^^^^^^^^^^^^^^^^^^^^
  File "/usr/local/lib/python3.12/json/encoder.py", line 258, in iterencode
    return _iterencode(o, 0)
           ^^^^^^^^^^^^^^^^^
ValueError: Out of range float values are not JSON compliant: nan
[2025-12-20 13:25:09] [INFO] REQ: POST /predict - Status: 200 - Czas: 1209.77ms
[2025-12-20 13:25:09] [INFO] REQ: POST /predict - Status: 200 - Czas: 1209.95ms
[2025-12-20 13:25:09] [INFO] REQ: POST /predict - Status: 200 - Czas: 1210.11ms
[2025-12-20 13:25:09] [INFO] REQ: POST /predict - Status: 200 - Czas: 1210.17ms
[2025-12-20 13:25:09] [INFO] REQ: POST /predict - Status: 200 - Czas: 1210.29ms
[2025-12-20 13:25:09] [INFO] REQ: POST /predict - Status: 200 - Czas: 1210.39ms
[2025-12-20 13:25:09] [INFO] REQ: POST /predict - Status: 200 - Czas: 1210.51ms
[2025-12-20 13:25:09] [INFO] REQ: POST /predict - Status: 200 - Czas: 1210.65ms
[2025-12-20 13:25:09] [INFO] REQ: POST /predict - Status: 200 - Czas: 1210.75ms
[2025-12-20 13:25:09] [INFO] REQ: POST /predict - Status: 200 - Czas: 1210.85ms
[2025-12-20 13:25:09] [INFO] REQ: POST /predict - Status: 200 - Czas: 1211.03ms
[2025-12-20 13:25:09] [INFO] REQ: POST /predict - Status: 200 - Czas: 1211.15ms
[2025-12-20 13:25:09] [INFO] REQ: POST /predict - Status: 200 - Czas: 1211.28ms
[2025-12-20 13:25:09] [INFO] REQ: POST /predict - Status: 200 - Czas: 1211.37ms
[2025-12-20 13:25:09] [INFO] REQ: POST /predict - Status: 200 - Czas: 1211.49ms
[2025-12-20 13:25:09] [INFO] REQ: POST /predict - Status: 200 - Czas: 1211.60ms
[2025-12-20 13:25:09] [INFO] REQ: POST /predict - Status: 200 - Czas: 1211.71ms
[2025-12-20 13:25:09] [INFO] REQ: POST /predict - Status: 200 - Czas: 1211.82ms
[2025-12-20 13:25:09] [INFO] REQ: POST /predict - Status: 200 - Czas: 1211.97ms
[2025-12-20 13:25:09] [INFO] REQ: POST /predict - Status: 200 - Czas: 1212.08ms
[2025-12-20 13:25:09] [INFO] REQ: POST /predict - Status: 200 - Czas: 1212.19ms
[2025-12-20 13:25:09] [INFO] REQ: POST /predict - Status: 200 - Czas: 1212.32ms
[2025-12-20 13:25:09] [INFO] REQ: POST /predict - Status: 200 - Czas: 1212.48ms
[2025-12-20 13:25:09] [INFO] REQ: POST /predict - Status: 200 - Czas: 1212.56ms
[2025-12-20 13:25:09] [INFO] REQ: POST /predict - Status: 200 - Czas: 1212.68ms
[2025-12-20 13:25:09] [INFO] REQ: POST /predict - Status: 200 - Czas: 1212.82ms
[2025-12-20 13:25:09] [INFO] REQ: POST /predict - Status: 200 - Czas: 1212.92ms
[2025-12-20 13:25:09] [INFO] REQ: POST /predict - Status: 200 - Czas: 1213.06ms
[2025-12-20 13:25:09] [INFO] REQ: POST /predict - Status: 200 - Czas: 1213.18ms
[2025-12-20 13:25:09] [INFO] REQ: POST /predict - Status: 200 - Czas: 1213.28ms
[2025-12-20 13:25:09] [INFO] REQ: POST /predict - Status: 200 - Czas: 1213.40ms
[2025-12-20 13:25:09] [INFO] REQ: POST /predict - Status: 200 - Czas: 1213.52ms
[2025-12-20 13:25:09] [INFO] REQ: POST /predict - Status: 200 - Czas: 1213.62ms
[2025-12-20 13:25:09] [INFO] REQ: POST /predict - Status: 200 - Czas: 1266.00ms
[2025-12-20 13:25:09] [INFO] REQ: POST /predict - Status: 200 - Czas: 1266.24ms
[2025-12-20 13:25:09] [INFO] REQ: POST /predict - Status: 200 - Czas: 1266.39ms
[2025-12-20 13:25:09] [INFO] REQ: POST /predict - Status: 200 - Czas: 1266.56ms
[2025-12-20 13:25:09] [INFO] REQ: POST /predict - Status: 200 - Czas: 1266.69ms
[2025-12-20 13:25:09] [INFO] REQ: POST /predict - Status: 200 - Czas: 1266.82ms
[2025-12-20 13:25:09] [INFO] REQ: POST /predict - Status: 200 - Czas: 1266.97ms
[2025-12-20 13:25:09] [INFO] REQ: POST /predict - Status: 200 - Czas: 1267.12ms
[2025-12-20 13:25:09] [INFO] REQ: POST /predict - Status: 200 - Czas: 1267.29ms
[2025-12-20 13:25:09] [INFO] REQ: POST /predict - Status: 200 - Czas: 1267.44ms
[2025-12-20 13:25:09] [INFO] REQ: POST /predict - Status: 200 - Czas: 1267.61ms
[2025-12-20 13:25:09] [INFO] REQ: POST /predict - Status: 200 - Czas: 1267.78ms
[2025-12-20 13:25:09] [INFO] REQ: POST /predict - Status: 200 - Czas: 1267.91ms
[2025-12-20 13:25:09] [INFO] REQ: POST /predict - Status: 200 - Czas: 1268.10ms
[2025-12-20 13:25:09] [INFO] REQ: POST /predict - Status: 200 - Czas: 1268.22ms
[2025-12-20 13:25:09] [INFO] REQ: POST /predict - Status: 200 - Czas: 1268.38ms
[2025-12-20 13:25:09] [INFO] REQ: POST /predict - Status: 200 - Czas: 1268.54ms
[2025-12-20 13:25:09] [INFO] REQ: POST /predict - Status: 200 - Czas: 1305.56ms
[2025-12-20 13:25:09] [INFO] REQ: POST /predict - Status: 200 - Czas: 1305.77ms
[2025-12-20 13:25:09] [INFO] REQ: POST /predict - Status: 200 - Czas: 1305.90ms
[2025-12-20 13:25:09] [INFO] REQ: POST /predict - Status: 200 - Czas: 1040.65ms
[2025-12-20 13:25:09] [INFO] REQ: POST /predict - Status: 200 - Czas: 1040.83ms
[2025-12-20 13:25:09] [INFO] REQ: POST /predict - Status: 200 - Czas: 1040.96ms
[2025-12-20 13:25:09] [INFO] REQ: POST /predict - Status: 200 - Czas: 795.27ms
[2025-12-20 13:25:10] [INFO] REQ: POST /predict - Status: 200 - Czas: 620.35ms
[2025-12-20 13:25:10] [INFO] REQ: POST /predict - Status: 200 - Czas: 620.53ms
[2025-12-20 13:25:10] [INFO] REQ: POST /predict - Status: 200 - Czas: 620.66ms
[2025-12-20 13:25:10] [INFO] REQ: POST /predict - Status: 200 - Czas: 620.78ms
[2025-12-20 13:25:10] [INFO] REQ: POST /predict - Status: 200 - Czas: 620.91ms
[2025-12-20 13:25:10] [INFO] REQ: POST /predict - Status: 200 - Czas: 621.02ms
[2025-12-20 13:25:10] [INFO] REQ: POST /predict - Status: 200 - Czas: 621.12ms
[2025-12-20 13:25:10] [INFO] REQ: POST /predict - Status: 200 - Czas: 621.25ms
[2025-12-20 13:25:10] [INFO] REQ: POST /predict - Status: 200 - Czas: 621.37ms
[2025-12-20 13:25:10] [INFO] REQ: POST /predict - Status: 200 - Czas: 621.49ms
[2025-12-20 13:25:10] [INFO] REQ: POST /predict - Status: 200 - Czas: 620.93ms
[2025-12-20 13:25:10] [INFO] REQ: POST /predict - Status: 200 - Czas: 620.99ms
[2025-12-20 13:25:10] [INFO] REQ: POST /predict - Status: 200 - Czas: 621.10ms
[2025-12-20 13:25:10] [INFO] REQ: POST /predict - Status: 200 - Czas: 621.17ms
[2025-12-20 13:25:10] [INFO] REQ: POST /predict - Status: 200 - Czas: 621.29ms
[2025-12-20 13:25:10] [INFO] REQ: POST /predict - Status: 200 - Czas: 621.40ms
[2025-12-20 13:25:10] [INFO] REQ: POST /predict - Status: 200 - Czas: 621.46ms
[2025-12-20 13:25:10] [INFO] REQ: POST /predict - Status: 200 - Czas: 621.54ms
[2025-12-20 13:25:10] [INFO] REQ: POST /predict - Status: 200 - Czas: 621.68ms
[2025-12-20 13:25:10] [INFO] REQ: POST /predict - Status: 200 - Czas: 621.78ms
[2025-12-20 13:25:10] [INFO] REQ: POST /predict - Status: 200 - Czas: 621.89ms
[2025-12-20 13:25:10] [INFO] REQ: POST /predict - Status: 200 - Czas: 622.06ms
[2025-12-20 13:25:10] [INFO] REQ: POST /predict - Status: 200 - Czas: 622.18ms
[2025-12-20 13:25:10] [INFO] REQ: POST /predict - Status: 200 - Czas: 1005.85ms
[2025-12-20 13:25:10] [INFO] REQ: POST /predict - Status: 200 - Czas: 1005.98ms
[2025-12-20 13:25:10] [INFO] REQ: POST /predict - Status: 200 - Czas: 1006.11ms
[2025-12-20 13:25:10] [INFO] REQ: POST /predict - Status: 200 - Czas: 1006.24ms
[2025-12-20 13:25:10] [INFO] REQ: POST /predict - Status: 200 - Czas: 1006.39ms
[2025-12-20 13:25:10] [INFO] REQ: POST /predict - Status: 200 - Czas: 1006.54ms
[2025-12-20 13:25:10] [INFO] REQ: POST /predict - Status: 200 - Czas: 1006.67ms
[2025-12-20 13:25:10] [INFO] REQ: POST /predict - Status: 200 - Czas: 1006.81ms
[2025-12-20 13:25:10] [INFO] REQ: POST /predict - Status: 200 - Czas: 1006.93ms
[2025-12-20 13:25:10] [INFO] REQ: POST /predict - Status: 200 - Czas: 1007.06ms
[2025-12-20 13:25:10] [INFO] REQ: POST /predict - Status: 200 - Czas: 1007.22ms
[2025-12-20 13:25:10] [INFO] REQ: POST /predict - Status: 200 - Czas: 1007.34ms
[2025-12-20 13:25:10] [INFO] REQ: POST /predict - Status: 200 - Czas: 1007.47ms
[2025-12-20 13:25:10] [INFO] REQ: POST /predict - Status: 200 - Czas: 1007.60ms
[2025-12-20 13:25:10] [INFO] REQ: POST /predict - Status: 200 - Czas: 1007.73ms
[2025-12-20 13:25:10] [INFO] REQ: POST /predict - Status: 200 - Czas: 1007.91ms
[2025-12-20 13:25:10] [INFO] REQ: POST /predict - Status: 200 - Czas: 1008.08ms
[2025-12-20 13:25:10] [INFO] REQ: POST /predict - Status: 200 - Czas: 1008.24ms
[2025-12-20 13:25:10] [INFO] REQ: POST /predict - Status: 200 - Czas: 1008.38ms
[2025-12-20 13:25:10] [INFO] REQ: POST /predict - Status: 200 - Czas: 1217.43ms
[2025-12-20 13:25:10] [INFO] REQ: POST /predict - Status: 200 - Czas: 1217.71ms
[2025-12-20 13:25:10] [INFO] REQ: POST /predict - Status: 200 - Czas: 1217.89ms
[2025-12-20 13:25:10] [INFO] REQ: POST /predict - Status: 200 - Czas: 1218.07ms
[2025-12-20 13:25:10] [INFO] REQ: POST /predict - Status: 200 - Czas: 1218.19ms
[2025-12-20 13:25:10] [INFO] REQ: POST /predict - Status: 200 - Czas: 1218.36ms
[2025-12-20 13:25:10] [INFO] REQ: POST /predict - Status: 200 - Czas: 1218.53ms
[2025-12-20 13:25:10] [INFO] REQ: POST /predict - Status: 200 - Czas: 1218.76ms
[2025-12-20 13:25:10] [INFO] REQ: POST /predict - Status: 200 - Czas: 1218.88ms
[2025-12-20 13:25:10] [INFO] REQ: POST /predict - Status: 200 - Czas: 1219.00ms
[2025-12-20 13:25:10] [INFO] REQ: POST /predict - Status: 200 - Czas: 1219.14ms
[2025-12-20 13:25:10] [INFO] REQ: POST /predict - Status: 200 - Czas: 1219.26ms
[2025-12-20 13:25:10] [INFO] REQ: POST /predict - Status: 200 - Czas: 1219.46ms
[2025-12-20 13:25:10] [INFO] REQ: POST /predict - Status: 200 - Czas: 1219.60ms
[2025-12-20 13:25:10] [INFO] REQ: POST /predict - Status: 200 - Czas: 1219.68ms
[2025-12-20 13:25:10] [INFO] REQ: POST /predict - Status: 200 - Czas: 1219.78ms
[2025-12-20 13:25:10] [INFO] REQ: POST /predict - Status: 200 - Czas: 1219.87ms
[2025-12-20 13:25:10] [INFO] REQ: POST /predict - Status: 200 - Czas: 1219.98ms
[2025-12-20 13:25:10] [INFO] REQ: POST /predict - Status: 200 - Czas: 1220.10ms
[2025-12-20 13:25:10] [INFO] REQ: POST /predict - Status: 200 - Czas: 1220.21ms
[2025-12-20 13:25:10] [INFO] REQ: POST /predict - Status: 200 - Czas: 1220.33ms
[2025-12-20 13:25:10] [INFO] REQ: POST /predict - Status: 200 - Czas: 1220.45ms
[2025-12-20 13:25:10] [INFO] REQ: POST /predict - Status: 200 - Czas: 1220.60ms
[2025-12-20 13:25:10] [INFO] REQ: POST /predict - Status: 200 - Czas: 1220.72ms
[2025-12-20 13:25:10] [INFO] REQ: POST /predict - Status: 200 - Czas: 1220.78ms
[2025-12-20 13:25:10] [INFO] REQ: POST /predict - Status: 200 - Czas: 1220.90ms
[2025-12-20 13:25:10] [INFO] REQ: POST /predict - Status: 200 - Czas: 1221.02ms
[2025-12-20 13:25:10] [INFO] REQ: POST /predict - Status: 200 - Czas: 1221.13ms
[2025-12-20 13:25:10] [INFO] REQ: POST /predict - Status: 200 - Czas: 1221.24ms
[2025-12-20 13:25:10] [INFO] REQ: POST /predict - Status: 200 - Czas: 1221.37ms
[2025-12-20 13:25:10] [INFO] REQ: POST /predict - Status: 200 - Czas: 1221.47ms
[2025-12-20 13:25:10] [INFO] REQ: POST /predict - Status: 200 - Czas: 1221.59ms
[2025-12-20 13:25:10] [INFO] REQ: POST /predict - Status: 200 - Czas: 1221.69ms
[2025-12-20 13:25:10] [INFO] REQ: POST /predict - Status: 200 - Czas: 1267.05ms
[2025-12-20 13:25:10] [INFO] REQ: POST /predict - Status: 200 - Czas: 1267.22ms
[2025-12-20 13:25:10] [INFO] REQ: POST /predict - Status: 200 - Czas: 1267.32ms
[2025-12-20 13:25:10] [INFO] REQ: POST /predict - Status: 200 - Czas: 1267.42ms
[2025-12-20 13:25:10] [INFO] REQ: POST /predict - Status: 200 - Czas: 1267.55ms
[2025-12-20 13:25:10] [INFO] REQ: POST /predict - Status: 200 - Czas: 1267.61ms
[2025-12-20 13:25:10] [INFO] REQ: POST /predict - Status: 200 - Czas: 1267.71ms
[2025-12-20 13:25:10] [INFO] REQ: POST /predict - Status: 200 - Czas: 1267.81ms
[2025-12-20 13:25:10] [INFO] REQ: POST /predict - Status: 200 - Czas: 1267.96ms
[2025-12-20 13:25:10] [INFO] REQ: POST /predict - Status: 200 - Czas: 1268.10ms
[2025-12-20 13:25:10] [INFO] REQ: POST /predict - Status: 200 - Czas: 1268.20ms
[2025-12-20 13:25:10] [INFO] REQ: POST /predict - Status: 200 - Czas: 1268.34ms
[2025-12-20 13:25:10] [INFO] REQ: POST /predict - Status: 200 - Czas: 1268.52ms
[2025-12-20 13:25:10] [INFO] REQ: POST /predict - Status: 200 - Czas: 1268.71ms
[2025-12-20 13:25:10] [INFO] REQ: POST /predict - Status: 200 - Czas: 1268.85ms
[2025-12-20 13:25:10] [INFO] REQ: POST /predict - Status: 200 - Czas: 1268.95ms
[2025-12-20 13:25:10] [INFO] REQ: POST /predict - Status: 200 - Czas: 1269.11ms
[2025-12-20 13:25:11] [INFO] REQ: POST /predict - Status: 200 - Czas: 1325.59ms
[2025-12-20 13:25:11] [INFO] REQ: POST /predict - Status: 200 - Czas: 1325.79ms
[2025-12-20 13:25:11] [INFO] REQ: POST /predict - Status: 200 - Czas: 1325.94ms
[2025-12-20 13:25:11] [INFO] REQ: POST /predict - Status: 200 - Czas: 978.31ms
[2025-12-20 13:25:11] [INFO] REQ: POST /predict - Status: 200 - Czas: 978.45ms
[2025-12-20 13:25:11] [INFO] REQ: POST /predict - Status: 200 - Czas: 978.58ms
[2025-12-20 13:25:11] [INFO] REQ: POST /predict - Status: 200 - Czas: 978.70ms
[2025-12-20 13:25:11] [INFO] REQ: POST /predict - Status: 200 - Czas: 760.44ms
[2025-12-20 13:25:11] [INFO] REQ: POST /predict - Status: 200 - Czas: 603.41ms
[2025-12-20 13:25:11] [INFO] REQ: POST /predict - Status: 200 - Czas: 603.59ms
[2025-12-20 13:25:11] [INFO] REQ: POST /predict - Status: 200 - Czas: 603.73ms
[2025-12-20 13:25:11] [INFO] REQ: POST /predict - Status: 200 - Czas: 603.86ms
[2025-12-20 13:25:11] [INFO] REQ: POST /predict - Status: 200 - Czas: 604.00ms
[2025-12-20 13:25:11] [INFO] REQ: POST /predict - Status: 200 - Czas: 604.16ms
[2025-12-20 13:25:11] [INFO] REQ: POST /predict - Status: 200 - Czas: 604.30ms
[2025-12-20 13:25:11] [INFO] REQ: POST /predict - Status: 200 - Czas: 604.41ms
[2025-12-20 13:25:11] [INFO] REQ: POST /predict - Status: 200 - Czas: 604.51ms
[2025-12-20 13:25:11] [INFO] REQ: POST /predict - Status: 200 - Czas: 603.89ms
[2025-12-20 13:25:11] [INFO] REQ: POST /predict - Status: 200 - Czas: 604.00ms
[2025-12-20 13:25:11] [INFO] REQ: POST /predict - Status: 200 - Czas: 604.12ms
[2025-12-20 13:25:11] [INFO] REQ: POST /predict - Status: 200 - Czas: 604.18ms
[2025-12-20 13:25:11] [INFO] REQ: POST /predict - Status: 200 - Czas: 604.28ms
[2025-12-20 13:25:11] [INFO] REQ: POST /predict - Status: 200 - Czas: 604.37ms
[2025-12-20 13:25:11] [INFO] REQ: POST /predict - Status: 200 - Czas: 604.47ms
[2025-12-20 13:25:11] [INFO] REQ: POST /predict - Status: 200 - Czas: 604.63ms
[2025-12-20 13:25:11] [INFO] REQ: POST /predict - Status: 200 - Czas: 604.76ms
[2025-12-20 13:25:11] [INFO] REQ: POST /predict - Status: 200 - Czas: 604.90ms
[2025-12-20 13:25:11] [INFO] REQ: POST /predict - Status: 200 - Czas: 604.99ms
[2025-12-20 13:25:11] [INFO] REQ: POST /predict - Status: 200 - Czas: 605.10ms
[2025-12-20 13:25:11] [INFO] REQ: POST /predict - Status: 200 - Czas: 605.21ms
[2025-12-20 13:25:11] [INFO] REQ: POST /predict - Status: 200 - Czas: 605.35ms
[2025-12-20 13:25:12] [INFO] REQ: POST /predict - Status: 200 - Czas: 980.72ms
[2025-12-20 13:25:12] [INFO] REQ: POST /predict - Status: 200 - Czas: 980.93ms
[2025-12-20 13:25:12] [INFO] REQ: POST /predict - Status: 200 - Czas: 981.14ms
[2025-12-20 13:25:12] [INFO] REQ: POST /predict - Status: 200 - Czas: 981.34ms
[2025-12-20 13:25:12] [INFO] REQ: POST /predict - Status: 200 - Czas: 981.52ms
[2025-12-20 13:25:12] [INFO] REQ: POST /predict - Status: 200 - Czas: 981.69ms
[2025-12-20 13:25:12] [INFO] REQ: POST /predict - Status: 200 - Czas: 981.86ms
[2025-12-20 13:25:12] [INFO] REQ: POST /predict - Status: 200 - Czas: 982.02ms
[2025-12-20 13:25:12] [INFO] REQ: POST /predict - Status: 200 - Czas: 982.21ms
[2025-12-20 13:25:12] [INFO] REQ: POST /predict - Status: 200 - Czas: 982.33ms
[2025-12-20 13:25:12] [INFO] REQ: POST /predict - Status: 200 - Czas: 982.55ms
[2025-12-20 13:25:12] [INFO] REQ: POST /predict - Status: 200 - Czas: 982.70ms
[2025-12-20 13:25:12] [INFO] REQ: POST /predict - Status: 200 - Czas: 983.00ms
[2025-12-20 13:25:12] [INFO] REQ: POST /predict - Status: 200 - Czas: 983.19ms
[2025-12-20 13:25:12] [INFO] REQ: POST /predict - Status: 200 - Czas: 983.34ms
[2025-12-20 13:25:12] [INFO] REQ: POST /predict - Status: 200 - Czas: 983.49ms
[2025-12-20 13:25:12] [INFO] REQ: POST /predict - Status: 200 - Czas: 983.64ms
[2025-12-20 13:25:12] [INFO] REQ: POST /predict - Status: 200 - Czas: 983.79ms
[2025-12-20 13:25:12] [INFO] REQ: POST /predict - Status: 200 - Czas: 983.94ms
[2025-12-20 13:25:12] [INFO] REQ: POST /predict - Status: 200 - Czas: 1194.77ms
[2025-12-20 13:25:12] [INFO] REQ: POST /predict - Status: 200 - Czas: 1195.04ms
[2025-12-20 13:25:12] [INFO] REQ: POST /predict - Status: 200 - Czas: 1195.22ms
[2025-12-20 13:25:12] [INFO] REQ: POST /predict - Status: 200 - Czas: 1195.39ms
[2025-12-20 13:25:12] [INFO] REQ: POST /predict - Status: 200 - Czas: 1195.48ms
[2025-12-20 13:25:12] [INFO] REQ: POST /predict - Status: 200 - Czas: 1195.65ms
[2025-12-20 13:25:12] [INFO] REQ: POST /predict - Status: 200 - Czas: 1195.82ms
[2025-12-20 13:25:12] [INFO] REQ: POST /predict - Status: 200 - Czas: 1195.99ms
[2025-12-20 13:25:12] [INFO] REQ: POST /predict - Status: 200 - Czas: 1196.16ms
[2025-12-20 13:25:12] [INFO] REQ: POST /predict - Status: 200 - Czas: 1196.32ms
[2025-12-20 13:25:12] [INFO] REQ: POST /predict - Status: 200 - Czas: 1196.49ms
[2025-12-20 13:25:12] [INFO] REQ: POST /predict - Status: 200 - Czas: 1196.66ms
[2025-12-20 13:25:12] [INFO] REQ: POST /predict - Status: 200 - Czas: 1196.83ms
[2025-12-20 13:25:12] [INFO] REQ: POST /predict - Status: 200 - Czas: 1197.00ms
[2025-12-20 13:25:12] [INFO] REQ: POST /predict - Status: 200 - Czas: 1196.13ms
[2025-12-20 13:25:12] [INFO] REQ: POST /predict - Status: 200 - Czas: 1196.27ms
[2025-12-20 13:25:12] [INFO] REQ: POST /predict - Status: 200 - Czas: 1196.42ms
[2025-12-20 13:25:12] [INFO] REQ: POST /predict - Status: 200 - Czas: 1196.59ms
[2025-12-20 13:25:12] [INFO] REQ: POST /predict - Status: 200 - Czas: 1196.78ms
[2025-12-20 13:25:12] [INFO] REQ: POST /predict - Status: 200 - Czas: 1196.90ms
[2025-12-20 13:25:12] [INFO] REQ: POST /predict - Status: 200 - Czas: 1197.02ms
[2025-12-20 13:25:12] [INFO] REQ: POST /predict - Status: 200 - Czas: 1197.13ms
[2025-12-20 13:25:12] [INFO] REQ: POST /predict - Status: 200 - Czas: 1197.27ms
[2025-12-20 13:25:12] [INFO] REQ: POST /predict - Status: 200 - Czas: 1197.41ms
[2025-12-20 13:25:12] [INFO] REQ: POST /predict - Status: 200 - Czas: 1197.49ms
[2025-12-20 13:25:12] [INFO] REQ: POST /predict - Status: 200 - Czas: 1197.61ms
[2025-12-20 13:25:12] [INFO] REQ: POST /predict - Status: 200 - Czas: 1197.74ms
[2025-12-20 13:25:12] [INFO] REQ: POST /predict - Status: 200 - Czas: 1197.86ms
[2025-12-20 13:25:12] [INFO] REQ: POST /predict - Status: 200 - Czas: 1197.98ms
[2025-12-20 13:25:12] [INFO] REQ: POST /predict - Status: 200 - Czas: 1198.10ms
[2025-12-20 13:25:12] [INFO] REQ: POST /predict - Status: 200 - Czas: 1198.20ms
[2025-12-20 13:25:12] [INFO] REQ: POST /predict - Status: 200 - Czas: 1198.32ms
[2025-12-20 13:25:12] [INFO] REQ: POST /predict - Status: 200 - Czas: 1198.42ms
[2025-12-20 13:25:12] [INFO] REQ: POST /predict - Status: 200 - Czas: 1227.67ms
[2025-12-20 13:25:12] [INFO] REQ: POST /predict - Status: 200 - Czas: 1227.88ms
[2025-12-20 13:25:12] [INFO] REQ: POST /predict - Status: 200 - Czas: 1228.05ms
[2025-12-20 13:25:12] [INFO] REQ: POST /predict - Status: 200 - Czas: 1228.17ms
[2025-12-20 13:25:12] [INFO] REQ: POST /predict - Status: 200 - Czas: 1228.25ms
[2025-12-20 13:25:12] [INFO] REQ: POST /predict - Status: 200 - Czas: 1228.39ms
[2025-12-20 13:25:12] [INFO] REQ: POST /predict - Status: 200 - Czas: 1228.53ms
[2025-12-20 13:25:12] [INFO] REQ: POST /predict - Status: 200 - Czas: 1228.70ms
[2025-12-20 13:25:12] [INFO] REQ: POST /predict - Status: 200 - Czas: 1228.86ms
[2025-12-20 13:25:12] [INFO] REQ: POST /predict - Status: 200 - Czas: 1228.99ms
[2025-12-20 13:25:12] [INFO] REQ: POST /predict - Status: 200 - Czas: 1229.13ms
[2025-12-20 13:25:12] [INFO] REQ: POST /predict - Status: 200 - Czas: 1229.27ms
[2025-12-20 13:25:12] [INFO] REQ: POST /predict - Status: 200 - Czas: 1229.40ms
[2025-12-20 13:25:12] [INFO] REQ: POST /predict - Status: 200 - Czas: 1229.45ms
[2025-12-20 13:25:12] [INFO] REQ: POST /predict - Status: 200 - Czas: 1229.57ms
[2025-12-20 13:25:12] [INFO] REQ: POST /predict - Status: 200 - Czas: 1229.71ms
[2025-12-20 13:25:12] [INFO] REQ: POST /predict - Status: 200 - Czas: 1229.85ms
[2025-12-20 13:25:12] [INFO] REQ: POST /predict - Status: 200 - Czas: 1301.63ms
[2025-12-20 13:25:12] [INFO] REQ: POST /predict - Status: 200 - Czas: 1301.88ms
[2025-12-20 13:25:12] [INFO] REQ: POST /predict - Status: 200 - Czas: 1302.04ms
[2025-12-20 13:25:12] [INFO] REQ: POST /predict - Status: 200 - Czas: 1015.31ms
[2025-12-20 13:25:12] [INFO] REQ: POST /predict - Status: 200 - Czas: 1015.51ms
[2025-12-20 13:25:12] [INFO] REQ: POST /predict - Status: 200 - Czas: 1015.65ms
[2025-12-20 13:25:12] [INFO] REQ: POST /predict - Status: 200 - Czas: 1015.79ms
[2025-12-20 13:25:12] [INFO] REQ: POST /predict - Status: 200 - Czas: 750.65ms
[2025-12-20 13:25:12] [INFO] REQ: POST /predict - Status: 200 - Czas: 531.91ms
[2025-12-20 13:25:12] [INFO] REQ: POST /predict - Status: 200 - Czas: 532.08ms
[2025-12-20 13:25:12] [INFO] REQ: POST /predict - Status: 200 - Czas: 532.19ms
[2025-12-20 13:25:12] [INFO] REQ: POST /predict - Status: 200 - Czas: 532.33ms
[2025-12-20 13:25:12] [INFO] REQ: POST /predict - Status: 200 - Czas: 532.44ms
[2025-12-20 13:25:12] [INFO] REQ: POST /predict - Status: 200 - Czas: 532.57ms
[2025-12-20 13:25:12] [INFO] REQ: POST /predict - Status: 200 - Czas: 532.70ms
[2025-12-20 13:25:12] [INFO] REQ: POST /predict - Status: 200 - Czas: 532.82ms
[2025-12-20 13:25:12] [INFO] REQ: POST /predict - Status: 200 - Czas: 532.96ms
[2025-12-20 13:25:12] [INFO] REQ: POST /predict - Status: 200 - Czas: 532.01ms
[2025-12-20 13:25:12] [INFO] REQ: POST /predict - Status: 200 - Czas: 532.10ms
[2025-12-20 13:25:12] [INFO] REQ: POST /predict - Status: 200 - Czas: 532.22ms
[2025-12-20 13:25:12] [INFO] REQ: POST /predict - Status: 200 - Czas: 532.33ms
[2025-12-20 13:25:12] [INFO] REQ: POST /predict - Status: 200 - Czas: 532.47ms
[2025-12-20 13:25:12] [INFO] REQ: POST /predict - Status: 200 - Czas: 532.58ms
[2025-12-20 13:25:12] [INFO] REQ: POST /predict - Status: 200 - Czas: 532.70ms
[2025-12-20 13:25:12] [INFO] REQ: POST /predict - Status: 200 - Czas: 532.80ms
[2025-12-20 13:25:12] [INFO] REQ: POST /predict - Status: 200 - Czas: 532.91ms
[2025-12-20 13:25:12] [INFO] REQ: POST /predict - Status: 200 - Czas: 533.03ms
[2025-12-20 13:25:12] [INFO] REQ: POST /predict - Status: 200 - Czas: 533.16ms
[2025-12-20 13:25:12] [INFO] REQ: POST /predict - Status: 200 - Czas: 533.22ms
[2025-12-20 13:25:12] [INFO] REQ: POST /predict - Status: 200 - Czas: 533.33ms
[2025-12-20 13:25:12] [INFO] REQ: POST /predict - Status: 200 - Czas: 533.42ms
[2025-12-20 13:25:13] [INFO] REQ: POST /predict - Status: 200 - Czas: 917.34ms
[2025-12-20 13:25:13] [INFO] REQ: POST /predict - Status: 200 - Czas: 917.48ms
[2025-12-20 13:25:13] [INFO] REQ: POST /predict - Status: 200 - Czas: 917.64ms
[2025-12-20 13:25:13] [INFO] REQ: POST /predict - Status: 200 - Czas: 917.80ms
[2025-12-20 13:25:13] [INFO] REQ: POST /predict - Status: 200 - Czas: 917.94ms
[2025-12-20 13:25:13] [INFO] REQ: POST /predict - Status: 200 - Czas: 918.09ms
[2025-12-20 13:25:13] [INFO] REQ: POST /predict - Status: 200 - Czas: 918.25ms
[2025-12-20 13:25:13] [INFO] REQ: POST /predict - Status: 200 - Czas: 918.38ms
[2025-12-20 13:25:13] [INFO] REQ: POST /predict - Status: 200 - Czas: 918.52ms
[2025-12-20 13:25:13] [INFO] REQ: POST /predict - Status: 200 - Czas: 918.67ms
[2025-12-20 13:25:13] [ERROR] Exception in ASGI application
Traceback (most recent call last):
  File "/usr/local/lib/python3.12/site-packages/starlette/_exception_handler.py", line 42, in wrapped_app
    await app(scope, receive, sender)
  File "/usr/local/lib/python3.12/site-packages/fastapi/routing.py", line 106, in app
    response = await f(request)
               ^^^^^^^^^^^^^^^^
  File "/usr/local/lib/python3.12/site-packages/fastapi/routing.py", line 472, in app
    raise validation_error
fastapi.exceptions.RequestValidationError: 1 validation error:
  {'type': 'string_type', 'loc': ('body', 'text'), 'msg': 'Input should be a valid string', 'input': nan}

  File "/project/app/server_fastapi.py", line 60, in predict_endpoint
    POST /predict

The above exception was the direct cause of the following exception:

Traceback (most recent call last):
  File "/usr/local/lib/python3.12/site-packages/uvicorn/protocols/http/httptools_impl.py", line 409, in run_asgi
    result = await app(  # type: ignore[func-returns-value]
             ^^^^^^^^^^^^^^^^^^^^^^^^^^^^^^^^^^^^^^^^^^^^^^
  File "/usr/local/lib/python3.12/site-packages/uvicorn/middleware/proxy_headers.py", line 60, in __call__
    return await self.app(scope, receive, send)
           ^^^^^^^^^^^^^^^^^^^^^^^^^^^^^^^^^^^^
  File "/usr/local/lib/python3.12/site-packages/fastapi/applications.py", line 1139, in __call__
    await super().__call__(scope, receive, send)
  File "/usr/local/lib/python3.12/site-packages/starlette/applications.py", line 107, in __call__
    await self.middleware_stack(scope, receive, send)
  File "/usr/local/lib/python3.12/site-packages/starlette/middleware/errors.py", line 186, in __call__
    raise exc
  File "/usr/local/lib/python3.12/site-packages/starlette/middleware/errors.py", line 164, in __call__
    await self.app(scope, receive, _send)
  File "/usr/local/lib/python3.12/site-packages/starlette/middleware/base.py", line 191, in __call__
    with recv_stream, send_stream, collapse_excgroups():
                                   ^^^^^^^^^^^^^^^^^^^^
  File "/usr/local/lib/python3.12/contextlib.py", line 158, in __exit__
    self.gen.throw(value)
  File "/usr/local/lib/python3.12/site-packages/starlette/_utils.py", line 85, in collapse_excgroups
    raise exc
  File "/usr/local/lib/python3.12/site-packages/starlette/middleware/base.py", line 193, in __call__
    response = await self.dispatch_func(request, call_next)
               ^^^^^^^^^^^^^^^^^^^^^^^^^^^^^^^^^^^^^^^^^^^^
  File "/project/app/server_fastapi.py", line 41, in log_requests
    response: Response = await call_next(request)
                         ^^^^^^^^^^^^^^^^^^^^^^^^
  File "/usr/local/lib/python3.12/site-packages/starlette/middleware/base.py", line 168, in call_next
    raise app_exc from app_exc.__cause__ or app_exc.__context__
  File "/usr/local/lib/python3.12/site-packages/starlette/middleware/base.py", line 144, in coro
    await self.app(scope, receive_or_disconnect, send_no_error)
  File "/usr/local/lib/python3.12/site-packages/starlette/middleware/exceptions.py", line 63, in __call__
    await wrap_app_handling_exceptions(self.app, conn)(scope, receive, send)
  File "/usr/local/lib/python3.12/site-packages/starlette/_exception_handler.py", line 53, in wrapped_app
    raise exc
  File "/usr/local/lib/python3.12/site-packages/starlette/_exception_handler.py", line 42, in wrapped_app
    await app(scope, receive, sender)
  File "/usr/local/lib/python3.12/site-packages/fastapi/middleware/asyncexitstack.py", line 18, in __call__
    await self.app(scope, receive, send)
  File "/usr/local/lib/python3.12/site-packages/starlette/routing.py", line 716, in __call__
    await self.middleware_stack(scope, receive, send)
  File "/usr/local/lib/python3.12/site-packages/starlette/routing.py", line 736, in app
    await route.handle(scope, receive, send)
  File "/usr/local/lib/python3.12/site-packages/starlette/routing.py", line 290, in handle
    await self.app(scope, receive, send)
  File "/usr/local/lib/python3.12/site-packages/fastapi/routing.py", line 120, in app
    await wrap_app_handling_exceptions(app, request)(scope, receive, send)
  File "/usr/local/lib/python3.12/site-packages/starlette/_exception_handler.py", line 59, in wrapped_app
    response = await handler(conn, exc)
               ^^^^^^^^^^^^^^^^^^^^^^^^
  File "/usr/local/lib/python3.12/site-packages/fastapi/exception_handlers.py", line 23, in request_validation_exception_handler
    return JSONResponse(
           ^^^^^^^^^^^^^
  File "/usr/local/lib/python3.12/site-packages/starlette/responses.py", line 189, in __init__
    super().__init__(content, status_code, headers, media_type, background)
  File "/usr/local/lib/python3.12/site-packages/starlette/responses.py", line 46, in __init__
    self.body = self.render(content)
                ^^^^^^^^^^^^^^^^^^^^
  File "/usr/local/lib/python3.12/site-packages/starlette/responses.py", line 192, in render
    return json.dumps(
           ^^^^^^^^^^^
  File "/usr/local/lib/python3.12/json/__init__.py", line 238, in dumps
    **kw).encode(obj)
          ^^^^^^^^^^^
  File "/usr/local/lib/python3.12/json/encoder.py", line 200, in encode
    chunks = self.iterencode(o, _one_shot=True)
             ^^^^^^^^^^^^^^^^^^^^^^^^^^^^^^^^^^
  File "/usr/local/lib/python3.12/json/encoder.py", line 258, in iterencode
    return _iterencode(o, 0)
           ^^^^^^^^^^^^^^^^^
ValueError: Out of range float values are not JSON compliant: nan
[2025-12-20 13:25:13] [INFO] REQ: POST /predict - Status: 200 - Czas: 920.20ms
[2025-12-20 13:25:13] [INFO] REQ: POST /predict - Status: 200 - Czas: 920.31ms
[2025-12-20 13:25:13] [INFO] REQ: POST /predict - Status: 200 - Czas: 920.43ms
[2025-12-20 13:25:13] [INFO] REQ: POST /predict - Status: 200 - Czas: 920.54ms
[2025-12-20 13:25:13] [INFO] REQ: POST /predict - Status: 200 - Czas: 920.66ms
[2025-12-20 13:25:13] [INFO] REQ: POST /predict - Status: 200 - Czas: 920.80ms
[2025-12-20 13:25:13] [INFO] REQ: POST /predict - Status: 200 - Czas: 920.91ms
[2025-12-20 13:25:13] [INFO] REQ: POST /predict - Status: 200 - Czas: 921.03ms
[2025-12-20 13:25:13] [INFO] REQ: POST /predict - Status: 200 - Czas: 1106.05ms
[2025-12-20 13:25:13] [INFO] REQ: POST /predict - Status: 200 - Czas: 1106.31ms
[2025-12-20 13:25:13] [INFO] REQ: POST /predict - Status: 200 - Czas: 1106.52ms
[2025-12-20 13:25:13] [INFO] REQ: POST /predict - Status: 200 - Czas: 1106.69ms
[2025-12-20 13:25:13] [INFO] REQ: POST /predict - Status: 200 - Czas: 1106.79ms
[2025-12-20 13:25:13] [INFO] REQ: POST /predict - Status: 200 - Czas: 1106.99ms
[2025-12-20 13:25:13] [INFO] REQ: POST /predict - Status: 200 - Czas: 1107.17ms
[2025-12-20 13:25:13] [INFO] REQ: POST /predict - Status: 200 - Czas: 1107.31ms
[2025-12-20 13:25:13] [INFO] REQ: POST /predict - Status: 200 - Czas: 1107.46ms
[2025-12-20 13:25:13] [INFO] REQ: POST /predict - Status: 200 - Czas: 1107.61ms
[2025-12-20 13:25:13] [INFO] REQ: POST /predict - Status: 200 - Czas: 1107.77ms
[2025-12-20 13:25:13] [INFO] REQ: POST /predict - Status: 200 - Czas: 1107.91ms
[2025-12-20 13:25:13] [INFO] REQ: POST /predict - Status: 200 - Czas: 1108.07ms
[2025-12-20 13:25:13] [INFO] REQ: POST /predict - Status: 200 - Czas: 1108.23ms
[2025-12-20 13:25:13] [INFO] REQ: POST /predict - Status: 200 - Czas: 1108.30ms
[2025-12-20 13:25:13] [INFO] REQ: POST /predict - Status: 200 - Czas: 1108.43ms
[2025-12-20 13:25:13] [INFO] REQ: POST /predict - Status: 200 - Czas: 1108.62ms
[2025-12-20 13:25:13] [INFO] REQ: POST /predict - Status: 200 - Czas: 1108.76ms
[2025-12-20 13:25:13] [INFO] REQ: POST /predict - Status: 200 - Czas: 1108.91ms
[2025-12-20 13:25:13] [ERROR] Exception in ASGI application
Traceback (most recent call last):
  File "/usr/local/lib/python3.12/site-packages/starlette/_exception_handler.py", line 42, in wrapped_app
    await app(scope, receive, sender)
  File "/usr/local/lib/python3.12/site-packages/fastapi/routing.py", line 106, in app
    response = await f(request)
               ^^^^^^^^^^^^^^^^
  File "/usr/local/lib/python3.12/site-packages/fastapi/routing.py", line 472, in app
    raise validation_error
fastapi.exceptions.RequestValidationError: 1 validation error:
  {'type': 'string_type', 'loc': ('body', 'text'), 'msg': 'Input should be a valid string', 'input': nan}

  File "/project/app/server_fastapi.py", line 60, in predict_endpoint
    POST /predict

The above exception was the direct cause of the following exception:

Traceback (most recent call last):
  File "/usr/local/lib/python3.12/site-packages/uvicorn/protocols/http/httptools_impl.py", line 409, in run_asgi
    result = await app(  # type: ignore[func-returns-value]
             ^^^^^^^^^^^^^^^^^^^^^^^^^^^^^^^^^^^^^^^^^^^^^^
  File "/usr/local/lib/python3.12/site-packages/uvicorn/middleware/proxy_headers.py", line 60, in __call__
    return await self.app(scope, receive, send)
           ^^^^^^^^^^^^^^^^^^^^^^^^^^^^^^^^^^^^
  File "/usr/local/lib/python3.12/site-packages/fastapi/applications.py", line 1139, in __call__
    await super().__call__(scope, receive, send)
  File "/usr/local/lib/python3.12/site-packages/starlette/applications.py", line 107, in __call__
    await self.middleware_stack(scope, receive, send)
  File "/usr/local/lib/python3.12/site-packages/starlette/middleware/errors.py", line 186, in __call__
    raise exc
  File "/usr/local/lib/python3.12/site-packages/starlette/middleware/errors.py", line 164, in __call__
    await self.app(scope, receive, _send)
  File "/usr/local/lib/python3.12/site-packages/starlette/middleware/base.py", line 191, in __call__
    with recv_stream, send_stream, collapse_excgroups():
                                   ^^^^^^^^^^^^^^^^^^^^
  File "/usr/local/lib/python3.12/contextlib.py", line 158, in __exit__
    self.gen.throw(value)
  File "/usr/local/lib/python3.12/site-packages/starlette/_utils.py", line 85, in collapse_excgroups
    raise exc
  File "/usr/local/lib/python3.12/site-packages/starlette/middleware/base.py", line 193, in __call__
    response = await self.dispatch_func(request, call_next)
               ^^^^^^^^^^^^^^^^^^^^^^^^^^^^^^^^^^^^^^^^^^^^
  File "/project/app/server_fastapi.py", line 41, in log_requests
    response: Response = await call_next(request)
                         ^^^^^^^^^^^^^^^^^^^^^^^^
  File "/usr/local/lib/python3.12/site-packages/starlette/middleware/base.py", line 168, in call_next
    raise app_exc from app_exc.__cause__ or app_exc.__context__
  File "/usr/local/lib/python3.12/site-packages/starlette/middleware/base.py", line 144, in coro
    await self.app(scope, receive_or_disconnect, send_no_error)
  File "/usr/local/lib/python3.12/site-packages/starlette/middleware/exceptions.py", line 63, in __call__
    await wrap_app_handling_exceptions(self.app, conn)(scope, receive, send)
  File "/usr/local/lib/python3.12/site-packages/starlette/_exception_handler.py", line 53, in wrapped_app
    raise exc
  File "/usr/local/lib/python3.12/site-packages/starlette/_exception_handler.py", line 42, in wrapped_app
    await app(scope, receive, sender)
  File "/usr/local/lib/python3.12/site-packages/fastapi/middleware/asyncexitstack.py", line 18, in __call__
    await self.app(scope, receive, send)
  File "/usr/local/lib/python3.12/site-packages/starlette/routing.py", line 716, in __call__
    await self.middleware_stack(scope, receive, send)
  File "/usr/local/lib/python3.12/site-packages/starlette/routing.py", line 736, in app
    await route.handle(scope, receive, send)
  File "/usr/local/lib/python3.12/site-packages/starlette/routing.py", line 290, in handle
    await self.app(scope, receive, send)
  File "/usr/local/lib/python3.12/site-packages/fastapi/routing.py", line 120, in app
    await wrap_app_handling_exceptions(app, request)(scope, receive, send)
  File "/usr/local/lib/python3.12/site-packages/starlette/_exception_handler.py", line 59, in wrapped_app
    response = await handler(conn, exc)
               ^^^^^^^^^^^^^^^^^^^^^^^^
  File "/usr/local/lib/python3.12/site-packages/fastapi/exception_handlers.py", line 23, in request_validation_exception_handler
    return JSONResponse(
           ^^^^^^^^^^^^^
  File "/usr/local/lib/python3.12/site-packages/starlette/responses.py", line 189, in __init__
    super().__init__(content, status_code, headers, media_type, background)
  File "/usr/local/lib/python3.12/site-packages/starlette/responses.py", line 46, in __init__
    self.body = self.render(content)
                ^^^^^^^^^^^^^^^^^^^^
  File "/usr/local/lib/python3.12/site-packages/starlette/responses.py", line 192, in render
    return json.dumps(
           ^^^^^^^^^^^
  File "/usr/local/lib/python3.12/json/__init__.py", line 238, in dumps
    **kw).encode(obj)
          ^^^^^^^^^^^
  File "/usr/local/lib/python3.12/json/encoder.py", line 200, in encode
    chunks = self.iterencode(o, _one_shot=True)
             ^^^^^^^^^^^^^^^^^^^^^^^^^^^^^^^^^^
  File "/usr/local/lib/python3.12/json/encoder.py", line 258, in iterencode
    return _iterencode(o, 0)
           ^^^^^^^^^^^^^^^^^
ValueError: Out of range float values are not JSON compliant: nan
[2025-12-20 13:25:13] [INFO] REQ: POST /predict - Status: 200 - Czas: 1110.54ms
[2025-12-20 13:25:13] [INFO] REQ: POST /predict - Status: 200 - Czas: 1110.68ms
[2025-12-20 13:25:13] [INFO] REQ: POST /predict - Status: 200 - Czas: 1110.83ms
[2025-12-20 13:25:13] [INFO] REQ: POST /predict - Status: 200 - Czas: 1110.96ms
[2025-12-20 13:25:13] [INFO] REQ: POST /predict - Status: 200 - Czas: 1110.10ms
[2025-12-20 13:25:13] [INFO] REQ: POST /predict - Status: 200 - Czas: 1110.22ms
[2025-12-20 13:25:13] [INFO] REQ: POST /predict - Status: 200 - Czas: 1110.38ms
[2025-12-20 13:25:13] [INFO] REQ: POST /predict - Status: 200 - Czas: 1110.49ms
[2025-12-20 13:25:13] [INFO] REQ: POST /predict - Status: 200 - Czas: 1110.60ms
[2025-12-20 13:25:13] [INFO] REQ: POST /predict - Status: 200 - Czas: 1110.71ms
[2025-12-20 13:25:13] [INFO] REQ: POST /predict - Status: 200 - Czas: 1110.83ms
[2025-12-20 13:25:13] [INFO] REQ: POST /predict - Status: 200 - Czas: 1110.93ms
[2025-12-20 13:25:13] [INFO] REQ: POST /predict - Status: 200 - Czas: 1111.05ms
[2025-12-20 13:25:13] [INFO] REQ: POST /predict - Status: 200 - Czas: 1146.11ms
[2025-12-20 13:25:13] [INFO] REQ: POST /predict - Status: 200 - Czas: 1146.36ms
[2025-12-20 13:25:13] [INFO] REQ: POST /predict - Status: 200 - Czas: 1146.53ms
[2025-12-20 13:25:13] [INFO] REQ: POST /predict - Status: 200 - Czas: 1146.69ms
[2025-12-20 13:25:13] [INFO] REQ: POST /predict - Status: 200 - Czas: 1146.80ms
[2025-12-20 13:25:13] [INFO] REQ: POST /predict - Status: 200 - Czas: 1146.88ms
[2025-12-20 13:25:13] [INFO] REQ: POST /predict - Status: 200 - Czas: 1147.01ms
[2025-12-20 13:25:13] [INFO] REQ: POST /predict - Status: 200 - Czas: 1147.14ms
[2025-12-20 13:25:13] [INFO] REQ: POST /predict - Status: 200 - Czas: 1147.32ms
[2025-12-20 13:25:13] [INFO] REQ: POST /predict - Status: 200 - Czas: 1147.49ms
[2025-12-20 13:25:13] [INFO] REQ: POST /predict - Status: 200 - Czas: 1147.63ms
[2025-12-20 13:25:13] [INFO] REQ: POST /predict - Status: 200 - Czas: 1147.77ms
[2025-12-20 13:25:13] [INFO] REQ: POST /predict - Status: 200 - Czas: 1147.90ms
[2025-12-20 13:25:13] [INFO] REQ: POST /predict - Status: 200 - Czas: 1148.04ms
[2025-12-20 13:25:13] [INFO] REQ: POST /predict - Status: 200 - Czas: 1148.19ms
[2025-12-20 13:25:13] [INFO] REQ: POST /predict - Status: 200 - Czas: 1148.29ms
[2025-12-20 13:25:13] [INFO] REQ: POST /predict - Status: 200 - Czas: 1148.44ms
[2025-12-20 13:25:13] [INFO] REQ: POST /predict - Status: 200 - Czas: 1202.34ms
[2025-12-20 13:25:13] [INFO] REQ: POST /predict - Status: 200 - Czas: 1202.57ms
[2025-12-20 13:25:13] [INFO] REQ: POST /predict - Status: 200 - Czas: 1202.70ms
[2025-12-20 13:25:13] [INFO] REQ: POST /predict - Status: 200 - Czas: 951.80ms
[2025-12-20 13:25:13] [INFO] REQ: POST /predict - Status: 200 - Czas: 952.00ms
[2025-12-20 13:25:13] [INFO] REQ: POST /predict - Status: 200 - Czas: 952.16ms
[2025-12-20 13:25:13] [INFO] REQ: POST /predict - Status: 200 - Czas: 952.30ms
[2025-12-20 13:25:13] [INFO] REQ: POST /predict - Status: 200 - Czas: 727.44ms
[2025-12-20 13:25:14] [INFO] REQ: POST /predict - Status: 200 - Czas: 600.14ms
[2025-12-20 13:25:14] [INFO] REQ: POST /predict - Status: 200 - Czas: 600.32ms
[2025-12-20 13:25:14] [INFO] REQ: POST /predict - Status: 200 - Czas: 600.43ms
[2025-12-20 13:25:14] [INFO] REQ: POST /predict - Status: 200 - Czas: 600.56ms
[2025-12-20 13:25:14] [INFO] REQ: POST /predict - Status: 200 - Czas: 600.72ms
[2025-12-20 13:25:14] [INFO] REQ: POST /predict - Status: 200 - Czas: 600.86ms
[2025-12-20 13:25:14] [INFO] REQ: POST /predict - Status: 200 - Czas: 600.98ms
[2025-12-20 13:25:14] [INFO] REQ: POST /predict - Status: 200 - Czas: 601.06ms
[2025-12-20 13:25:14] [INFO] REQ: POST /predict - Status: 200 - Czas: 601.16ms
[2025-12-20 13:25:14] [INFO] REQ: POST /predict - Status: 200 - Czas: 598.78ms
[2025-12-20 13:25:14] [INFO] REQ: POST /predict - Status: 200 - Czas: 598.79ms
[2025-12-20 13:25:14] [INFO] REQ: POST /predict - Status: 200 - Czas: 598.95ms
[2025-12-20 13:25:14] [INFO] REQ: POST /predict - Status: 200 - Czas: 599.10ms
[2025-12-20 13:25:14] [INFO] REQ: POST /predict - Status: 200 - Czas: 599.24ms
[2025-12-20 13:25:14] [INFO] REQ: POST /predict - Status: 200 - Czas: 599.42ms
[2025-12-20 13:25:14] [INFO] REQ: POST /predict - Status: 200 - Czas: 599.55ms
[2025-12-20 13:25:14] [INFO] REQ: POST /predict - Status: 200 - Czas: 599.71ms
[2025-12-20 13:25:14] [INFO] REQ: POST /predict - Status: 200 - Czas: 599.83ms
[2025-12-20 13:25:14] [INFO] REQ: POST /predict - Status: 200 - Czas: 599.98ms
[2025-12-20 13:25:14] [INFO] REQ: POST /predict - Status: 200 - Czas: 600.11ms
[2025-12-20 13:25:14] [INFO] REQ: POST /predict - Status: 200 - Czas: 600.21ms
[2025-12-20 13:25:14] [INFO] REQ: POST /predict - Status: 200 - Czas: 600.36ms
[2025-12-20 13:25:14] [INFO] REQ: POST /predict - Status: 200 - Czas: 600.50ms
[2025-12-20 13:25:14] [INFO] REQ: POST /predict - Status: 200 - Czas: 1017.75ms
[2025-12-20 13:25:14] [INFO] REQ: POST /predict - Status: 200 - Czas: 1017.87ms
[2025-12-20 13:25:14] [INFO] REQ: POST /predict - Status: 200 - Czas: 1018.04ms
[2025-12-20 13:25:14] [INFO] REQ: POST /predict - Status: 200 - Czas: 1018.21ms
[2025-12-20 13:25:14] [INFO] REQ: POST /predict - Status: 200 - Czas: 1018.35ms
[2025-12-20 13:25:14] [INFO] REQ: POST /predict - Status: 200 - Czas: 1018.47ms
[2025-12-20 13:25:14] [INFO] REQ: POST /predict - Status: 200 - Czas: 1018.63ms
[2025-12-20 13:25:14] [INFO] REQ: POST /predict - Status: 200 - Czas: 1018.77ms
[2025-12-20 13:25:14] [INFO] REQ: POST /predict - Status: 200 - Czas: 1018.90ms
[2025-12-20 13:25:14] [INFO] REQ: POST /predict - Status: 200 - Czas: 1019.03ms
[2025-12-20 13:25:14] [INFO] REQ: POST /predict - Status: 200 - Czas: 1019.18ms
[2025-12-20 13:25:14] [INFO] REQ: POST /predict - Status: 200 - Czas: 1019.25ms
[2025-12-20 13:25:14] [INFO] REQ: POST /predict - Status: 200 - Czas: 1019.39ms
[2025-12-20 13:25:14] [INFO] REQ: POST /predict - Status: 200 - Czas: 1019.54ms
[2025-12-20 13:25:14] [INFO] REQ: POST /predict - Status: 200 - Czas: 1019.67ms
[2025-12-20 13:25:14] [INFO] REQ: POST /predict - Status: 200 - Czas: 1019.83ms
[2025-12-20 13:25:14] [INFO] REQ: POST /predict - Status: 200 - Czas: 1019.98ms
[2025-12-20 13:25:14] [INFO] REQ: POST /predict - Status: 200 - Czas: 1020.09ms
[2025-12-20 13:25:14] [INFO] REQ: POST /predict - Status: 200 - Czas: 1216.73ms
[2025-12-20 13:25:14] [INFO] REQ: POST /predict - Status: 200 - Czas: 1216.98ms
[2025-12-20 13:25:14] [INFO] REQ: POST /predict - Status: 200 - Czas: 1217.18ms
[2025-12-20 13:25:14] [INFO] REQ: POST /predict - Status: 200 - Czas: 1217.38ms
[2025-12-20 13:25:14] [INFO] REQ: POST /predict - Status: 200 - Czas: 1217.56ms
[2025-12-20 13:25:14] [INFO] REQ: POST /predict - Status: 200 - Czas: 1217.67ms
[2025-12-20 13:25:14] [INFO] REQ: POST /predict - Status: 200 - Czas: 1217.84ms
[2025-12-20 13:25:14] [INFO] REQ: POST /predict - Status: 200 - Czas: 1218.02ms
[2025-12-20 13:25:14] [INFO] REQ: POST /predict - Status: 200 - Czas: 1218.19ms
[2025-12-20 13:25:14] [INFO] REQ: POST /predict - Status: 200 - Czas: 1218.36ms
[2025-12-20 13:25:14] [INFO] REQ: POST /predict - Status: 200 - Czas: 1218.52ms
[2025-12-20 13:25:14] [INFO] REQ: POST /predict - Status: 200 - Czas: 1218.70ms
[2025-12-20 13:25:14] [INFO] REQ: POST /predict - Status: 200 - Czas: 1218.87ms
[2025-12-20 13:25:14] [INFO] REQ: POST /predict - Status: 200 - Czas: 1219.04ms
[2025-12-20 13:25:14] [INFO] REQ: POST /predict - Status: 200 - Czas: 1219.21ms
[2025-12-20 13:25:14] [INFO] REQ: POST /predict - Status: 200 - Czas: 1219.36ms
[2025-12-20 13:25:14] [INFO] REQ: POST /predict - Status: 200 - Czas: 1219.48ms
[2025-12-20 13:25:14] [INFO] REQ: POST /predict - Status: 200 - Czas: 1219.64ms
[2025-12-20 13:25:14] [INFO] REQ: POST /predict - Status: 200 - Czas: 1219.80ms
[2025-12-20 13:25:14] [INFO] REQ: POST /predict - Status: 200 - Czas: 1219.95ms
[2025-12-20 13:25:14] [INFO] REQ: POST /predict - Status: 200 - Czas: 1220.07ms
[2025-12-20 13:25:14] [INFO] REQ: POST /predict - Status: 200 - Czas: 1220.23ms
[2025-12-20 13:25:14] [INFO] REQ: POST /predict - Status: 200 - Czas: 1220.35ms
[2025-12-20 13:25:14] [INFO] REQ: POST /predict - Status: 200 - Czas: 1220.49ms
[2025-12-20 13:25:14] [INFO] REQ: POST /predict - Status: 200 - Czas: 1220.63ms
[2025-12-20 13:25:14] [INFO] REQ: POST /predict - Status: 200 - Czas: 1220.77ms
[2025-12-20 13:25:14] [INFO] REQ: POST /predict - Status: 200 - Czas: 1220.85ms
[2025-12-20 13:25:14] [INFO] REQ: POST /predict - Status: 200 - Czas: 1221.00ms
[2025-12-20 13:25:14] [INFO] REQ: POST /predict - Status: 200 - Czas: 1221.13ms
[2025-12-20 13:25:14] [INFO] REQ: POST /predict - Status: 200 - Czas: 1221.24ms
[2025-12-20 13:25:14] [INFO] REQ: POST /predict - Status: 200 - Czas: 1221.37ms
[2025-12-20 13:25:14] [INFO] REQ: POST /predict - Status: 200 - Czas: 1221.48ms
[2025-12-20 13:25:14] [INFO] REQ: POST /predict - Status: 200 - Czas: 1292.84ms
[2025-12-20 13:25:14] [INFO] REQ: POST /predict - Status: 200 - Czas: 1293.07ms
[2025-12-20 13:25:14] [INFO] REQ: POST /predict - Status: 200 - Czas: 1293.22ms
[2025-12-20 13:25:14] [INFO] REQ: POST /predict - Status: 200 - Czas: 1293.36ms
[2025-12-20 13:25:14] [INFO] REQ: POST /predict - Status: 200 - Czas: 1293.57ms
[2025-12-20 13:25:14] [INFO] REQ: POST /predict - Status: 200 - Czas: 1293.70ms
[2025-12-20 13:25:14] [INFO] REQ: POST /predict - Status: 200 - Czas: 1293.88ms
[2025-12-20 13:25:14] [INFO] REQ: POST /predict - Status: 200 - Czas: 1293.94ms
[2025-12-20 13:25:14] [INFO] REQ: POST /predict - Status: 200 - Czas: 1294.04ms
[2025-12-20 13:25:14] [INFO] REQ: POST /predict - Status: 200 - Czas: 1294.17ms
[2025-12-20 13:25:14] [INFO] REQ: POST /predict - Status: 200 - Czas: 1294.31ms
[2025-12-20 13:25:14] [INFO] REQ: POST /predict - Status: 200 - Czas: 1294.46ms
[2025-12-20 13:25:14] [INFO] REQ: POST /predict - Status: 200 - Czas: 1294.61ms
[2025-12-20 13:25:14] [INFO] REQ: POST /predict - Status: 200 - Czas: 1294.77ms
[2025-12-20 13:25:14] [INFO] REQ: POST /predict - Status: 200 - Czas: 1294.91ms
[2025-12-20 13:25:14] [INFO] REQ: POST /predict - Status: 200 - Czas: 1295.02ms
[2025-12-20 13:25:14] [INFO] REQ: POST /predict - Status: 200 - Czas: 1295.11ms
[2025-12-20 13:25:14] [INFO] REQ: POST /predict - Status: 200 - Czas: 1340.55ms
[2025-12-20 13:25:14] [INFO] REQ: POST /predict - Status: 200 - Czas: 1340.78ms
[2025-12-20 13:25:14] [INFO] REQ: POST /predict - Status: 200 - Czas: 1340.92ms
[2025-12-20 13:25:14] [INFO] REQ: POST /predict - Status: 200 - Czas: 1341.06ms
[2025-12-20 13:25:14] [INFO] REQ: POST /predict - Status: 200 - Czas: 1341.22ms
[2025-12-20 13:25:14] [INFO] REQ: POST /predict - Status: 200 - Czas: 1044.64ms
[2025-12-20 13:25:14] [INFO] REQ: POST /predict - Status: 200 - Czas: 1044.82ms
[2025-12-20 13:25:14] [INFO] REQ: POST /predict - Status: 200 - Czas: 1044.96ms
[2025-12-20 13:25:14] [INFO] REQ: POST /predict - Status: 200 - Czas: 1045.13ms
[2025-12-20 13:25:14] [INFO] REQ: POST /predict - Status: 200 - Czas: 808.06ms
[2025-12-20 13:25:15] [INFO] REQ: POST /predict - Status: 200 - Czas: 569.71ms
[2025-12-20 13:25:15] [INFO] REQ: POST /predict - Status: 200 - Czas: 569.88ms
[2025-12-20 13:25:15] [INFO] REQ: POST /predict - Status: 200 - Czas: 570.00ms
[2025-12-20 13:25:15] [INFO] REQ: POST /predict - Status: 200 - Czas: 570.13ms
[2025-12-20 13:25:15] [INFO] REQ: POST /predict - Status: 200 - Czas: 570.23ms
[2025-12-20 13:25:15] [INFO] REQ: POST /predict - Status: 200 - Czas: 570.35ms
[2025-12-20 13:25:15] [INFO] REQ: POST /predict - Status: 200 - Czas: 570.48ms
[2025-12-20 13:25:15] [INFO] REQ: POST /predict - Status: 200 - Czas: 570.57ms
[2025-12-20 13:25:15] [INFO] REQ: POST /predict - Status: 200 - Czas: 570.65ms
[2025-12-20 13:25:15] [INFO] REQ: POST /predict - Status: 200 - Czas: 568.36ms
[2025-12-20 13:25:15] [INFO] REQ: POST /predict - Status: 200 - Czas: 568.50ms
[2025-12-20 13:25:15] [INFO] REQ: POST /predict - Status: 200 - Czas: 568.62ms
[2025-12-20 13:25:15] [INFO] REQ: POST /predict - Status: 200 - Czas: 568.73ms
[2025-12-20 13:25:15] [INFO] REQ: POST /predict - Status: 200 - Czas: 568.85ms
[2025-12-20 13:25:15] [INFO] REQ: POST /predict - Status: 200 - Czas: 568.98ms
[2025-12-20 13:25:15] [INFO] REQ: POST /predict - Status: 200 - Czas: 569.11ms
[2025-12-20 13:25:15] [INFO] REQ: POST /predict - Status: 200 - Czas: 569.23ms
[2025-12-20 13:25:15] [INFO] REQ: POST /predict - Status: 200 - Czas: 569.33ms
[2025-12-20 13:25:15] [INFO] REQ: POST /predict - Status: 200 - Czas: 569.46ms
[2025-12-20 13:25:15] [INFO] REQ: POST /predict - Status: 200 - Czas: 569.57ms
[2025-12-20 13:25:15] [INFO] REQ: POST /predict - Status: 200 - Czas: 569.62ms
[2025-12-20 13:25:15] [INFO] REQ: POST /predict - Status: 200 - Czas: 569.71ms
[2025-12-20 13:25:15] [INFO] REQ: POST /predict - Status: 200 - Czas: 569.83ms
[2025-12-20 13:25:15] [INFO] REQ: POST /predict - Status: 200 - Czas: 963.68ms
[2025-12-20 13:25:15] [INFO] REQ: POST /predict - Status: 200 - Czas: 963.82ms
[2025-12-20 13:25:15] [INFO] REQ: POST /predict - Status: 200 - Czas: 963.99ms
[2025-12-20 13:25:15] [INFO] REQ: POST /predict - Status: 200 - Czas: 964.15ms
[2025-12-20 13:25:15] [INFO] REQ: POST /predict - Status: 200 - Czas: 964.32ms
[2025-12-20 13:25:15] [INFO] REQ: POST /predict - Status: 200 - Czas: 964.49ms
[2025-12-20 13:25:15] [INFO] REQ: POST /predict - Status: 200 - Czas: 964.67ms
[2025-12-20 13:25:15] [INFO] REQ: POST /predict - Status: 200 - Czas: 964.84ms
[2025-12-20 13:25:15] [INFO] REQ: POST /predict - Status: 200 - Czas: 965.00ms
[2025-12-20 13:25:15] [INFO] REQ: POST /predict - Status: 200 - Czas: 965.16ms
[2025-12-20 13:25:15] [INFO] REQ: POST /predict - Status: 200 - Czas: 965.31ms
[2025-12-20 13:25:15] [INFO] REQ: POST /predict - Status: 200 - Czas: 965.42ms
[2025-12-20 13:25:15] [INFO] REQ: POST /predict - Status: 200 - Czas: 965.58ms
[2025-12-20 13:25:15] [INFO] REQ: POST /predict - Status: 200 - Czas: 965.75ms
[2025-12-20 13:25:15] [INFO] REQ: POST /predict - Status: 200 - Czas: 965.91ms
[2025-12-20 13:25:15] [INFO] REQ: POST /predict - Status: 200 - Czas: 966.08ms
[2025-12-20 13:25:15] [INFO] REQ: POST /predict - Status: 200 - Czas: 966.25ms
[2025-12-20 13:25:15] [ERROR] Exception in ASGI application
Traceback (most recent call last):
  File "/usr/local/lib/python3.12/site-packages/starlette/_exception_handler.py", line 42, in wrapped_app
    await app(scope, receive, sender)
  File "/usr/local/lib/python3.12/site-packages/fastapi/routing.py", line 106, in app
    response = await f(request)
               ^^^^^^^^^^^^^^^^
  File "/usr/local/lib/python3.12/site-packages/fastapi/routing.py", line 472, in app
    raise validation_error
fastapi.exceptions.RequestValidationError: 1 validation error:
  {'type': 'string_type', 'loc': ('body', 'text'), 'msg': 'Input should be a valid string', 'input': nan}

  File "/project/app/server_fastapi.py", line 60, in predict_endpoint
    POST /predict

The above exception was the direct cause of the following exception:

Traceback (most recent call last):
  File "/usr/local/lib/python3.12/site-packages/uvicorn/protocols/http/httptools_impl.py", line 409, in run_asgi
    result = await app(  # type: ignore[func-returns-value]
             ^^^^^^^^^^^^^^^^^^^^^^^^^^^^^^^^^^^^^^^^^^^^^^
  File "/usr/local/lib/python3.12/site-packages/uvicorn/middleware/proxy_headers.py", line 60, in __call__
    return await self.app(scope, receive, send)
           ^^^^^^^^^^^^^^^^^^^^^^^^^^^^^^^^^^^^
  File "/usr/local/lib/python3.12/site-packages/fastapi/applications.py", line 1139, in __call__
    await super().__call__(scope, receive, send)
  File "/usr/local/lib/python3.12/site-packages/starlette/applications.py", line 107, in __call__
    await self.middleware_stack(scope, receive, send)
  File "/usr/local/lib/python3.12/site-packages/starlette/middleware/errors.py", line 186, in __call__
    raise exc
  File "/usr/local/lib/python3.12/site-packages/starlette/middleware/errors.py", line 164, in __call__
    await self.app(scope, receive, _send)
  File "/usr/local/lib/python3.12/site-packages/starlette/middleware/base.py", line 191, in __call__
    with recv_stream, send_stream, collapse_excgroups():
                                   ^^^^^^^^^^^^^^^^^^^^
  File "/usr/local/lib/python3.12/contextlib.py", line 158, in __exit__
    self.gen.throw(value)
  File "/usr/local/lib/python3.12/site-packages/starlette/_utils.py", line 85, in collapse_excgroups
    raise exc
  File "/usr/local/lib/python3.12/site-packages/starlette/middleware/base.py", line 193, in __call__
    response = await self.dispatch_func(request, call_next)
               ^^^^^^^^^^^^^^^^^^^^^^^^^^^^^^^^^^^^^^^^^^^^
  File "/project/app/server_fastapi.py", line 41, in log_requests
    response: Response = await call_next(request)
                         ^^^^^^^^^^^^^^^^^^^^^^^^
  File "/usr/local/lib/python3.12/site-packages/starlette/middleware/base.py", line 168, in call_next
    raise app_exc from app_exc.__cause__ or app_exc.__context__
  File "/usr/local/lib/python3.12/site-packages/starlette/middleware/base.py", line 144, in coro
    await self.app(scope, receive_or_disconnect, send_no_error)
  File "/usr/local/lib/python3.12/site-packages/starlette/middleware/exceptions.py", line 63, in __call__
    await wrap_app_handling_exceptions(self.app, conn)(scope, receive, send)
  File "/usr/local/lib/python3.12/site-packages/starlette/_exception_handler.py", line 53, in wrapped_app
    raise exc
  File "/usr/local/lib/python3.12/site-packages/starlette/_exception_handler.py", line 42, in wrapped_app
    await app(scope, receive, sender)
  File "/usr/local/lib/python3.12/site-packages/fastapi/middleware/asyncexitstack.py", line 18, in __call__
    await self.app(scope, receive, send)
  File "/usr/local/lib/python3.12/site-packages/starlette/routing.py", line 716, in __call__
    await self.middleware_stack(scope, receive, send)
  File "/usr/local/lib/python3.12/site-packages/starlette/routing.py", line 736, in app
    await route.handle(scope, receive, send)
  File "/usr/local/lib/python3.12/site-packages/starlette/routing.py", line 290, in handle
    await self.app(scope, receive, send)
  File "/usr/local/lib/python3.12/site-packages/fastapi/routing.py", line 120, in app
    await wrap_app_handling_exceptions(app, request)(scope, receive, send)
  File "/usr/local/lib/python3.12/site-packages/starlette/_exception_handler.py", line 59, in wrapped_app
    response = await handler(conn, exc)
               ^^^^^^^^^^^^^^^^^^^^^^^^
  File "/usr/local/lib/python3.12/site-packages/fastapi/exception_handlers.py", line 23, in request_validation_exception_handler
    return JSONResponse(
           ^^^^^^^^^^^^^
  File "/usr/local/lib/python3.12/site-packages/starlette/responses.py", line 189, in __init__
    super().__init__(content, status_code, headers, media_type, background)
  File "/usr/local/lib/python3.12/site-packages/starlette/responses.py", line 46, in __init__
    self.body = self.render(content)
                ^^^^^^^^^^^^^^^^^^^^
  File "/usr/local/lib/python3.12/site-packages/starlette/responses.py", line 192, in render
    return json.dumps(
           ^^^^^^^^^^^
  File "/usr/local/lib/python3.12/json/__init__.py", line 238, in dumps
    **kw).encode(obj)
          ^^^^^^^^^^^
  File "/usr/local/lib/python3.12/json/encoder.py", line 200, in encode
    chunks = self.iterencode(o, _one_shot=True)
             ^^^^^^^^^^^^^^^^^^^^^^^^^^^^^^^^^^
  File "/usr/local/lib/python3.12/json/encoder.py", line 258, in iterencode
    return _iterencode(o, 0)
           ^^^^^^^^^^^^^^^^^
ValueError: Out of range float values are not JSON compliant: nan
[2025-12-20 13:25:16] [INFO] REQ: POST /predict - Status: 200 - Czas: 1178.56ms
[2025-12-20 13:25:16] [INFO] REQ: POST /predict - Status: 200 - Czas: 1178.80ms
[2025-12-20 13:25:16] [INFO] REQ: POST /predict - Status: 200 - Czas: 1178.98ms
[2025-12-20 13:25:16] [INFO] REQ: POST /predict - Status: 200 - Czas: 1179.14ms
[2025-12-20 13:25:16] [INFO] REQ: POST /predict - Status: 200 - Czas: 1179.30ms
[2025-12-20 13:25:16] [INFO] REQ: POST /predict - Status: 200 - Czas: 1179.39ms
[2025-12-20 13:25:16] [INFO] REQ: POST /predict - Status: 200 - Czas: 1179.53ms
[2025-12-20 13:25:16] [INFO] REQ: POST /predict - Status: 200 - Czas: 1179.68ms
[2025-12-20 13:25:16] [INFO] REQ: POST /predict - Status: 200 - Czas: 1179.80ms
[2025-12-20 13:25:16] [INFO] REQ: POST /predict - Status: 200 - Czas: 1179.94ms
[2025-12-20 13:25:16] [INFO] REQ: POST /predict - Status: 200 - Czas: 1180.05ms
[2025-12-20 13:25:16] [INFO] REQ: POST /predict - Status: 200 - Czas: 1180.19ms
[2025-12-20 13:25:16] [INFO] REQ: POST /predict - Status: 200 - Czas: 1180.36ms
[2025-12-20 13:25:16] [INFO] REQ: POST /predict - Status: 200 - Czas: 1180.54ms
[2025-12-20 13:25:16] [INFO] REQ: POST /predict - Status: 200 - Czas: 1180.65ms
[2025-12-20 13:25:16] [INFO] REQ: POST /predict - Status: 200 - Czas: 1180.79ms
[2025-12-20 13:25:16] [INFO] REQ: POST /predict - Status: 200 - Czas: 1180.88ms
[2025-12-20 13:25:16] [INFO] REQ: POST /predict - Status: 200 - Czas: 1181.01ms
[2025-12-20 13:25:16] [INFO] REQ: POST /predict - Status: 200 - Czas: 1181.13ms
[2025-12-20 13:25:16] [INFO] REQ: POST /predict - Status: 200 - Czas: 1181.27ms
[2025-12-20 13:25:16] [INFO] REQ: POST /predict - Status: 200 - Czas: 1181.43ms
[2025-12-20 13:25:16] [INFO] REQ: POST /predict - Status: 200 - Czas: 1181.57ms
[2025-12-20 13:25:16] [INFO] REQ: POST /predict - Status: 200 - Czas: 1181.73ms
[2025-12-20 13:25:16] [INFO] REQ: POST /predict - Status: 200 - Czas: 1181.87ms
[2025-12-20 13:25:16] [INFO] REQ: POST /predict - Status: 200 - Czas: 1181.98ms
[2025-12-20 13:25:16] [INFO] REQ: POST /predict - Status: 200 - Czas: 1182.10ms
[2025-12-20 13:25:16] [INFO] REQ: POST /predict - Status: 200 - Czas: 1182.18ms
[2025-12-20 13:25:16] [INFO] REQ: POST /predict - Status: 200 - Czas: 1182.29ms
[2025-12-20 13:25:16] [INFO] REQ: POST /predict - Status: 200 - Czas: 1182.38ms
[2025-12-20 13:25:16] [INFO] REQ: POST /predict - Status: 200 - Czas: 1182.48ms
[2025-12-20 13:25:16] [INFO] REQ: POST /predict - Status: 200 - Czas: 1182.60ms
[2025-12-20 13:25:16] [INFO] REQ: POST /predict - Status: 200 - Czas: 1182.73ms
[2025-12-20 13:25:16] [INFO] REQ: POST /predict - Status: 200 - Czas: 1246.25ms
[2025-12-20 13:25:16] [INFO] REQ: POST /predict - Status: 200 - Czas: 1246.51ms
[2025-12-20 13:25:16] [INFO] REQ: POST /predict - Status: 200 - Czas: 1246.68ms
[2025-12-20 13:25:16] [ERROR] Exception in ASGI application
Traceback (most recent call last):
  File "/usr/local/lib/python3.12/site-packages/starlette/_exception_handler.py", line 42, in wrapped_app
    await app(scope, receive, sender)
  File "/usr/local/lib/python3.12/site-packages/fastapi/routing.py", line 106, in app
    response = await f(request)
               ^^^^^^^^^^^^^^^^
  File "/usr/local/lib/python3.12/site-packages/fastapi/routing.py", line 472, in app
    raise validation_error
fastapi.exceptions.RequestValidationError: 1 validation error:
  {'type': 'string_type', 'loc': ('body', 'text'), 'msg': 'Input should be a valid string', 'input': nan}

  File "/project/app/server_fastapi.py", line 60, in predict_endpoint
    POST /predict

The above exception was the direct cause of the following exception:

Traceback (most recent call last):
  File "/usr/local/lib/python3.12/site-packages/uvicorn/protocols/http/httptools_impl.py", line 409, in run_asgi
    result = await app(  # type: ignore[func-returns-value]
             ^^^^^^^^^^^^^^^^^^^^^^^^^^^^^^^^^^^^^^^^^^^^^^
  File "/usr/local/lib/python3.12/site-packages/uvicorn/middleware/proxy_headers.py", line 60, in __call__
    return await self.app(scope, receive, send)
           ^^^^^^^^^^^^^^^^^^^^^^^^^^^^^^^^^^^^
  File "/usr/local/lib/python3.12/site-packages/fastapi/applications.py", line 1139, in __call__
    await super().__call__(scope, receive, send)
  File "/usr/local/lib/python3.12/site-packages/starlette/applications.py", line 107, in __call__
    await self.middleware_stack(scope, receive, send)
  File "/usr/local/lib/python3.12/site-packages/starlette/middleware/errors.py", line 186, in __call__
    raise exc
  File "/usr/local/lib/python3.12/site-packages/starlette/middleware/errors.py", line 164, in __call__
    await self.app(scope, receive, _send)
  File "/usr/local/lib/python3.12/site-packages/starlette/middleware/base.py", line 191, in __call__
    with recv_stream, send_stream, collapse_excgroups():
                                   ^^^^^^^^^^^^^^^^^^^^
  File "/usr/local/lib/python3.12/contextlib.py", line 158, in __exit__
    self.gen.throw(value)
  File "/usr/local/lib/python3.12/site-packages/starlette/_utils.py", line 85, in collapse_excgroups
    raise exc
  File "/usr/local/lib/python3.12/site-packages/starlette/middleware/base.py", line 193, in __call__
    response = await self.dispatch_func(request, call_next)
               ^^^^^^^^^^^^^^^^^^^^^^^^^^^^^^^^^^^^^^^^^^^^
  File "/project/app/server_fastapi.py", line 41, in log_requests
    response: Response = await call_next(request)
                         ^^^^^^^^^^^^^^^^^^^^^^^^
  File "/usr/local/lib/python3.12/site-packages/starlette/middleware/base.py", line 168, in call_next
    raise app_exc from app_exc.__cause__ or app_exc.__context__
  File "/usr/local/lib/python3.12/site-packages/starlette/middleware/base.py", line 144, in coro
    await self.app(scope, receive_or_disconnect, send_no_error)
  File "/usr/local/lib/python3.12/site-packages/starlette/middleware/exceptions.py", line 63, in __call__
    await wrap_app_handling_exceptions(self.app, conn)(scope, receive, send)
  File "/usr/local/lib/python3.12/site-packages/starlette/_exception_handler.py", line 53, in wrapped_app
    raise exc
  File "/usr/local/lib/python3.12/site-packages/starlette/_exception_handler.py", line 42, in wrapped_app
    await app(scope, receive, sender)
  File "/usr/local/lib/python3.12/site-packages/fastapi/middleware/asyncexitstack.py", line 18, in __call__
    await self.app(scope, receive, send)
  File "/usr/local/lib/python3.12/site-packages/starlette/routing.py", line 716, in __call__
    await self.middleware_stack(scope, receive, send)
  File "/usr/local/lib/python3.12/site-packages/starlette/routing.py", line 736, in app
    await route.handle(scope, receive, send)
  File "/usr/local/lib/python3.12/site-packages/starlette/routing.py", line 290, in handle
    await self.app(scope, receive, send)
  File "/usr/local/lib/python3.12/site-packages/fastapi/routing.py", line 120, in app
    await wrap_app_handling_exceptions(app, request)(scope, receive, send)
  File "/usr/local/lib/python3.12/site-packages/starlette/_exception_handler.py", line 59, in wrapped_app
    response = await handler(conn, exc)
               ^^^^^^^^^^^^^^^^^^^^^^^^
  File "/usr/local/lib/python3.12/site-packages/fastapi/exception_handlers.py", line 23, in request_validation_exception_handler
    return JSONResponse(
           ^^^^^^^^^^^^^
  File "/usr/local/lib/python3.12/site-packages/starlette/responses.py", line 189, in __init__
    super().__init__(content, status_code, headers, media_type, background)
  File "/usr/local/lib/python3.12/site-packages/starlette/responses.py", line 46, in __init__
    self.body = self.render(content)
                ^^^^^^^^^^^^^^^^^^^^
  File "/usr/local/lib/python3.12/site-packages/starlette/responses.py", line 192, in render
    return json.dumps(
           ^^^^^^^^^^^
  File "/usr/local/lib/python3.12/json/__init__.py", line 238, in dumps
    **kw).encode(obj)
          ^^^^^^^^^^^
  File "/usr/local/lib/python3.12/json/encoder.py", line 200, in encode
    chunks = self.iterencode(o, _one_shot=True)
             ^^^^^^^^^^^^^^^^^^^^^^^^^^^^^^^^^^
  File "/usr/local/lib/python3.12/json/encoder.py", line 258, in iterencode
    return _iterencode(o, 0)
           ^^^^^^^^^^^^^^^^^
ValueError: Out of range float values are not JSON compliant: nan
[2025-12-20 13:25:16] [INFO] REQ: POST /predict - Status: 200 - Czas: 1248.25ms
[2025-12-20 13:25:16] [INFO] REQ: POST /predict - Status: 200 - Czas: 1248.42ms
[2025-12-20 13:25:16] [INFO] REQ: POST /predict - Status: 200 - Czas: 1248.58ms
[2025-12-20 13:25:16] [INFO] REQ: POST /predict - Status: 200 - Czas: 1248.68ms
[2025-12-20 13:25:16] [INFO] REQ: POST /predict - Status: 200 - Czas: 1248.83ms
[2025-12-20 13:25:16] [INFO] REQ: POST /predict - Status: 200 - Czas: 1248.96ms
[2025-12-20 13:25:16] [INFO] REQ: POST /predict - Status: 200 - Czas: 1249.09ms
[2025-12-20 13:25:16] [INFO] REQ: POST /predict - Status: 200 - Czas: 1249.20ms
[2025-12-20 13:25:16] [INFO] REQ: POST /predict - Status: 200 - Czas: 1249.32ms
[2025-12-20 13:25:16] [INFO] REQ: POST /predict - Status: 200 - Czas: 1249.44ms
[2025-12-20 13:25:16] [INFO] REQ: POST /predict - Status: 200 - Czas: 1249.52ms
[2025-12-20 13:25:16] [INFO] REQ: POST /predict - Status: 200 - Czas: 1249.62ms
[2025-12-20 13:25:16] [INFO] REQ: POST /predict - Status: 200 - Czas: 1249.72ms
[2025-12-20 13:25:16] [INFO] REQ: POST /predict - Status: 200 - Czas: 1300.10ms
[2025-12-20 13:25:16] [INFO] REQ: POST /predict - Status: 200 - Czas: 1300.34ms
[2025-12-20 13:25:16] [INFO] REQ: POST /predict - Status: 200 - Czas: 1300.49ms
[2025-12-20 13:25:16] [INFO] REQ: POST /predict - Status: 200 - Czas: 1300.65ms
[2025-12-20 13:25:16] [INFO] REQ: POST /predict - Status: 200 - Czas: 1300.79ms
[2025-12-20 13:25:16] [INFO] REQ: POST /predict - Status: 200 - Czas: 1013.80ms
[2025-12-20 13:25:16] [INFO] REQ: POST /predict - Status: 200 - Czas: 1014.02ms
[2025-12-20 13:25:16] [INFO] REQ: POST /predict - Status: 200 - Czas: 1014.15ms
[2025-12-20 13:25:16] [INFO] REQ: POST /predict - Status: 200 - Czas: 1014.29ms
[2025-12-20 13:25:16] [INFO] REQ: POST /predict - Status: 200 - Czas: 798.10ms
[2025-12-20 13:25:16] [INFO] REQ: POST /predict - Status: 200 - Czas: 509.76ms
[2025-12-20 13:25:16] [INFO] REQ: POST /predict - Status: 200 - Czas: 509.94ms
[2025-12-20 13:25:16] [INFO] REQ: POST /predict - Status: 200 - Czas: 510.06ms
[2025-12-20 13:25:16] [INFO] REQ: POST /predict - Status: 200 - Czas: 510.21ms
[2025-12-20 13:25:16] [INFO] REQ: POST /predict - Status: 200 - Czas: 510.34ms
[2025-12-20 13:25:16] [INFO] REQ: POST /predict - Status: 200 - Czas: 510.47ms
[2025-12-20 13:25:16] [INFO] REQ: POST /predict - Status: 200 - Czas: 510.59ms
[2025-12-20 13:25:16] [INFO] REQ: POST /predict - Status: 200 - Czas: 510.62ms
[2025-12-20 13:25:16] [ERROR] Exception in ASGI application
Traceback (most recent call last):
  File "/usr/local/lib/python3.12/site-packages/starlette/_exception_handler.py", line 42, in wrapped_app
    await app(scope, receive, sender)
  File "/usr/local/lib/python3.12/site-packages/fastapi/routing.py", line 106, in app
    response = await f(request)
               ^^^^^^^^^^^^^^^^
  File "/usr/local/lib/python3.12/site-packages/fastapi/routing.py", line 472, in app
    raise validation_error
fastapi.exceptions.RequestValidationError: 1 validation error:
  {'type': 'string_type', 'loc': ('body', 'text'), 'msg': 'Input should be a valid string', 'input': nan}

  File "/project/app/server_fastapi.py", line 60, in predict_endpoint
    POST /predict

The above exception was the direct cause of the following exception:

Traceback (most recent call last):
  File "/usr/local/lib/python3.12/site-packages/uvicorn/protocols/http/httptools_impl.py", line 409, in run_asgi
    result = await app(  # type: ignore[func-returns-value]
             ^^^^^^^^^^^^^^^^^^^^^^^^^^^^^^^^^^^^^^^^^^^^^^
  File "/usr/local/lib/python3.12/site-packages/uvicorn/middleware/proxy_headers.py", line 60, in __call__
    return await self.app(scope, receive, send)
           ^^^^^^^^^^^^^^^^^^^^^^^^^^^^^^^^^^^^
  File "/usr/local/lib/python3.12/site-packages/fastapi/applications.py", line 1139, in __call__
    await super().__call__(scope, receive, send)
  File "/usr/local/lib/python3.12/site-packages/starlette/applications.py", line 107, in __call__
    await self.middleware_stack(scope, receive, send)
  File "/usr/local/lib/python3.12/site-packages/starlette/middleware/errors.py", line 186, in __call__
    raise exc
  File "/usr/local/lib/python3.12/site-packages/starlette/middleware/errors.py", line 164, in __call__
    await self.app(scope, receive, _send)
  File "/usr/local/lib/python3.12/site-packages/starlette/middleware/base.py", line 191, in __call__
    with recv_stream, send_stream, collapse_excgroups():
                                   ^^^^^^^^^^^^^^^^^^^^
  File "/usr/local/lib/python3.12/contextlib.py", line 158, in __exit__
    self.gen.throw(value)
  File "/usr/local/lib/python3.12/site-packages/starlette/_utils.py", line 85, in collapse_excgroups
    raise exc
  File "/usr/local/lib/python3.12/site-packages/starlette/middleware/base.py", line 193, in __call__
    response = await self.dispatch_func(request, call_next)
               ^^^^^^^^^^^^^^^^^^^^^^^^^^^^^^^^^^^^^^^^^^^^
  File "/project/app/server_fastapi.py", line 41, in log_requests
    response: Response = await call_next(request)
                         ^^^^^^^^^^^^^^^^^^^^^^^^
  File "/usr/local/lib/python3.12/site-packages/starlette/middleware/base.py", line 168, in call_next
    raise app_exc from app_exc.__cause__ or app_exc.__context__
  File "/usr/local/lib/python3.12/site-packages/starlette/middleware/base.py", line 144, in coro
    await self.app(scope, receive_or_disconnect, send_no_error)
  File "/usr/local/lib/python3.12/site-packages/starlette/middleware/exceptions.py", line 63, in __call__
    await wrap_app_handling_exceptions(self.app, conn)(scope, receive, send)
  File "/usr/local/lib/python3.12/site-packages/starlette/_exception_handler.py", line 53, in wrapped_app
    raise exc
  File "/usr/local/lib/python3.12/site-packages/starlette/_exception_handler.py", line 42, in wrapped_app
    await app(scope, receive, sender)
  File "/usr/local/lib/python3.12/site-packages/fastapi/middleware/asyncexitstack.py", line 18, in __call__
    await self.app(scope, receive, send)
  File "/usr/local/lib/python3.12/site-packages/starlette/routing.py", line 716, in __call__
    await self.middleware_stack(scope, receive, send)
  File "/usr/local/lib/python3.12/site-packages/starlette/routing.py", line 736, in app
    await route.handle(scope, receive, send)
  File "/usr/local/lib/python3.12/site-packages/starlette/routing.py", line 290, in handle
    await self.app(scope, receive, send)
  File "/usr/local/lib/python3.12/site-packages/fastapi/routing.py", line 120, in app
    await wrap_app_handling_exceptions(app, request)(scope, receive, send)
  File "/usr/local/lib/python3.12/site-packages/starlette/_exception_handler.py", line 59, in wrapped_app
    response = await handler(conn, exc)
               ^^^^^^^^^^^^^^^^^^^^^^^^
  File "/usr/local/lib/python3.12/site-packages/fastapi/exception_handlers.py", line 23, in request_validation_exception_handler
    return JSONResponse(
           ^^^^^^^^^^^^^
  File "/usr/local/lib/python3.12/site-packages/starlette/responses.py", line 189, in __init__
    super().__init__(content, status_code, headers, media_type, background)
  File "/usr/local/lib/python3.12/site-packages/starlette/responses.py", line 46, in __init__
    self.body = self.render(content)
                ^^^^^^^^^^^^^^^^^^^^
  File "/usr/local/lib/python3.12/site-packages/starlette/responses.py", line 192, in render
    return json.dumps(
           ^^^^^^^^^^^
  File "/usr/local/lib/python3.12/json/__init__.py", line 238, in dumps
    **kw).encode(obj)
          ^^^^^^^^^^^
  File "/usr/local/lib/python3.12/json/encoder.py", line 200, in encode
    chunks = self.iterencode(o, _one_shot=True)
             ^^^^^^^^^^^^^^^^^^^^^^^^^^^^^^^^^^
  File "/usr/local/lib/python3.12/json/encoder.py", line 258, in iterencode
    return _iterencode(o, 0)
           ^^^^^^^^^^^^^^^^^
ValueError: Out of range float values are not JSON compliant: nan
[2025-12-20 13:25:16] [INFO] REQ: POST /predict - Status: 200 - Czas: 509.67ms
[2025-12-20 13:25:16] [INFO] REQ: POST /predict - Status: 200 - Czas: 509.81ms
[2025-12-20 13:25:16] [INFO] REQ: POST /predict - Status: 200 - Czas: 509.92ms
[2025-12-20 13:25:16] [INFO] REQ: POST /predict - Status: 200 - Czas: 510.03ms
[2025-12-20 13:25:16] [INFO] REQ: POST /predict - Status: 200 - Czas: 510.25ms
[2025-12-20 13:25:16] [INFO] REQ: POST /predict - Status: 200 - Czas: 510.38ms
[2025-12-20 13:25:16] [INFO] REQ: POST /predict - Status: 200 - Czas: 510.51ms
[2025-12-20 13:25:16] [INFO] REQ: POST /predict - Status: 200 - Czas: 510.64ms
[2025-12-20 13:25:16] [INFO] REQ: POST /predict - Status: 200 - Czas: 510.74ms
[2025-12-20 13:25:16] [INFO] REQ: POST /predict - Status: 200 - Czas: 510.86ms
[2025-12-20 13:25:16] [INFO] REQ: POST /predict - Status: 200 - Czas: 510.97ms
[2025-12-20 13:25:16] [INFO] REQ: POST /predict - Status: 200 - Czas: 511.07ms
[2025-12-20 13:25:16] [ERROR] Exception in ASGI application
Traceback (most recent call last):
  File "/usr/local/lib/python3.12/site-packages/starlette/_exception_handler.py", line 42, in wrapped_app
    await app(scope, receive, sender)
  File "/usr/local/lib/python3.12/site-packages/fastapi/routing.py", line 106, in app
    response = await f(request)
               ^^^^^^^^^^^^^^^^
  File "/usr/local/lib/python3.12/site-packages/fastapi/routing.py", line 472, in app
    raise validation_error
fastapi.exceptions.RequestValidationError: 1 validation error:
  {'type': 'string_type', 'loc': ('body', 'text'), 'msg': 'Input should be a valid string', 'input': nan}

  File "/project/app/server_fastapi.py", line 60, in predict_endpoint
    POST /predict

The above exception was the direct cause of the following exception:

Traceback (most recent call last):
  File "/usr/local/lib/python3.12/site-packages/uvicorn/protocols/http/httptools_impl.py", line 409, in run_asgi
    result = await app(  # type: ignore[func-returns-value]
             ^^^^^^^^^^^^^^^^^^^^^^^^^^^^^^^^^^^^^^^^^^^^^^
  File "/usr/local/lib/python3.12/site-packages/uvicorn/middleware/proxy_headers.py", line 60, in __call__
    return await self.app(scope, receive, send)
           ^^^^^^^^^^^^^^^^^^^^^^^^^^^^^^^^^^^^
  File "/usr/local/lib/python3.12/site-packages/fastapi/applications.py", line 1139, in __call__
    await super().__call__(scope, receive, send)
  File "/usr/local/lib/python3.12/site-packages/starlette/applications.py", line 107, in __call__
    await self.middleware_stack(scope, receive, send)
  File "/usr/local/lib/python3.12/site-packages/starlette/middleware/errors.py", line 186, in __call__
    raise exc
  File "/usr/local/lib/python3.12/site-packages/starlette/middleware/errors.py", line 164, in __call__
    await self.app(scope, receive, _send)
  File "/usr/local/lib/python3.12/site-packages/starlette/middleware/base.py", line 191, in __call__
    with recv_stream, send_stream, collapse_excgroups():
                                   ^^^^^^^^^^^^^^^^^^^^
  File "/usr/local/lib/python3.12/contextlib.py", line 158, in __exit__
    self.gen.throw(value)
  File "/usr/local/lib/python3.12/site-packages/starlette/_utils.py", line 85, in collapse_excgroups
    raise exc
  File "/usr/local/lib/python3.12/site-packages/starlette/middleware/base.py", line 193, in __call__
    response = await self.dispatch_func(request, call_next)
               ^^^^^^^^^^^^^^^^^^^^^^^^^^^^^^^^^^^^^^^^^^^^
  File "/project/app/server_fastapi.py", line 41, in log_requests
    response: Response = await call_next(request)
                         ^^^^^^^^^^^^^^^^^^^^^^^^
  File "/usr/local/lib/python3.12/site-packages/starlette/middleware/base.py", line 168, in call_next
    raise app_exc from app_exc.__cause__ or app_exc.__context__
  File "/usr/local/lib/python3.12/site-packages/starlette/middleware/base.py", line 144, in coro
    await self.app(scope, receive_or_disconnect, send_no_error)
  File "/usr/local/lib/python3.12/site-packages/starlette/middleware/exceptions.py", line 63, in __call__
    await wrap_app_handling_exceptions(self.app, conn)(scope, receive, send)
  File "/usr/local/lib/python3.12/site-packages/starlette/_exception_handler.py", line 53, in wrapped_app
    raise exc
  File "/usr/local/lib/python3.12/site-packages/starlette/_exception_handler.py", line 42, in wrapped_app
    await app(scope, receive, sender)
  File "/usr/local/lib/python3.12/site-packages/fastapi/middleware/asyncexitstack.py", line 18, in __call__
    await self.app(scope, receive, send)
  File "/usr/local/lib/python3.12/site-packages/starlette/routing.py", line 716, in __call__
    await self.middleware_stack(scope, receive, send)
  File "/usr/local/lib/python3.12/site-packages/starlette/routing.py", line 736, in app
    await route.handle(scope, receive, send)
  File "/usr/local/lib/python3.12/site-packages/starlette/routing.py", line 290, in handle
    await self.app(scope, receive, send)
  File "/usr/local/lib/python3.12/site-packages/fastapi/routing.py", line 120, in app
    await wrap_app_handling_exceptions(app, request)(scope, receive, send)
  File "/usr/local/lib/python3.12/site-packages/starlette/_exception_handler.py", line 59, in wrapped_app
    response = await handler(conn, exc)
               ^^^^^^^^^^^^^^^^^^^^^^^^
  File "/usr/local/lib/python3.12/site-packages/fastapi/exception_handlers.py", line 23, in request_validation_exception_handler
    return JSONResponse(
           ^^^^^^^^^^^^^
  File "/usr/local/lib/python3.12/site-packages/starlette/responses.py", line 189, in __init__
    super().__init__(content, status_code, headers, media_type, background)
  File "/usr/local/lib/python3.12/site-packages/starlette/responses.py", line 46, in __init__
    self.body = self.render(content)
                ^^^^^^^^^^^^^^^^^^^^
  File "/usr/local/lib/python3.12/site-packages/starlette/responses.py", line 192, in render
    return json.dumps(
           ^^^^^^^^^^^
  File "/usr/local/lib/python3.12/json/__init__.py", line 238, in dumps
    **kw).encode(obj)
          ^^^^^^^^^^^
  File "/usr/local/lib/python3.12/json/encoder.py", line 200, in encode
    chunks = self.iterencode(o, _one_shot=True)
             ^^^^^^^^^^^^^^^^^^^^^^^^^^^^^^^^^^
  File "/usr/local/lib/python3.12/json/encoder.py", line 258, in iterencode
    return _iterencode(o, 0)
           ^^^^^^^^^^^^^^^^^
ValueError: Out of range float values are not JSON compliant: nan
[2025-12-20 13:25:16] [INFO] REQ: POST /predict - Status: 200 - Czas: 512.41ms
[2025-12-20 13:25:17] [INFO] REQ: POST /predict - Status: 200 - Czas: 913.79ms
[2025-12-20 13:25:17] [INFO] REQ: POST /predict - Status: 200 - Czas: 913.90ms
[2025-12-20 13:25:17] [INFO] REQ: POST /predict - Status: 200 - Czas: 914.04ms
[2025-12-20 13:25:17] [INFO] REQ: POST /predict - Status: 200 - Czas: 914.13ms
[2025-12-20 13:25:17] [INFO] REQ: POST /predict - Status: 200 - Czas: 914.25ms
[2025-12-20 13:25:17] [INFO] REQ: POST /predict - Status: 200 - Czas: 914.35ms
[2025-12-20 13:25:17] [INFO] REQ: POST /predict - Status: 200 - Czas: 914.50ms
[2025-12-20 13:25:17] [INFO] REQ: POST /predict - Status: 200 - Czas: 914.64ms
[2025-12-20 13:25:17] [INFO] REQ: POST /predict - Status: 200 - Czas: 914.75ms
[2025-12-20 13:25:17] [INFO] REQ: POST /predict - Status: 200 - Czas: 914.89ms
[2025-12-20 13:25:17] [INFO] REQ: POST /predict - Status: 200 - Czas: 915.02ms
[2025-12-20 13:25:17] [INFO] REQ: POST /predict - Status: 200 - Czas: 915.07ms
[2025-12-20 13:25:17] [INFO] REQ: POST /predict - Status: 200 - Czas: 915.17ms
[2025-12-20 13:25:17] [INFO] REQ: POST /predict - Status: 200 - Czas: 915.26ms
[2025-12-20 13:25:17] [INFO] REQ: POST /predict - Status: 200 - Czas: 915.37ms
[2025-12-20 13:25:17] [INFO] REQ: POST /predict - Status: 200 - Czas: 915.49ms
[2025-12-20 13:25:17] [INFO] REQ: POST /predict - Status: 200 - Czas: 915.61ms
[2025-12-20 13:25:17] [INFO] REQ: POST /predict - Status: 200 - Czas: 1093.88ms
[2025-12-20 13:25:17] [INFO] REQ: POST /predict - Status: 200 - Czas: 1094.12ms
[2025-12-20 13:25:17] [INFO] REQ: POST /predict - Status: 200 - Czas: 1094.30ms
[2025-12-20 13:25:17] [INFO] REQ: POST /predict - Status: 200 - Czas: 1094.50ms
[2025-12-20 13:25:17] [INFO] REQ: POST /predict - Status: 200 - Czas: 1094.71ms
[2025-12-20 13:25:17] [INFO] REQ: POST /predict - Status: 200 - Czas: 1094.87ms
[2025-12-20 13:25:17] [INFO] REQ: POST /predict - Status: 200 - Czas: 1094.99ms
[2025-12-20 13:25:17] [INFO] REQ: POST /predict - Status: 200 - Czas: 1095.03ms
[2025-12-20 13:25:17] [INFO] REQ: POST /predict - Status: 200 - Czas: 1095.21ms
[2025-12-20 13:25:17] [INFO] REQ: POST /predict - Status: 200 - Czas: 1095.35ms
[2025-12-20 13:25:17] [INFO] REQ: POST /predict - Status: 200 - Czas: 1095.45ms
[2025-12-20 13:25:17] [INFO] REQ: POST /predict - Status: 200 - Czas: 1095.55ms
[2025-12-20 13:25:17] [INFO] REQ: POST /predict - Status: 200 - Czas: 1095.65ms
[2025-12-20 13:25:17] [INFO] REQ: POST /predict - Status: 200 - Czas: 1095.77ms
[2025-12-20 13:25:17] [INFO] REQ: POST /predict - Status: 200 - Czas: 1095.87ms
[2025-12-20 13:25:17] [INFO] REQ: POST /predict - Status: 200 - Czas: 1095.96ms
[2025-12-20 13:25:17] [INFO] REQ: POST /predict - Status: 200 - Czas: 1096.05ms
[2025-12-20 13:25:17] [INFO] REQ: POST /predict - Status: 200 - Czas: 1096.10ms
[2025-12-20 13:25:17] [INFO] REQ: POST /predict - Status: 200 - Czas: 1096.19ms
[2025-12-20 13:25:17] [INFO] REQ: POST /predict - Status: 200 - Czas: 1096.28ms
[2025-12-20 13:25:17] [INFO] REQ: POST /predict - Status: 200 - Czas: 1096.37ms
[2025-12-20 13:25:17] [INFO] REQ: POST /predict - Status: 200 - Czas: 1096.54ms
[2025-12-20 13:25:17] [INFO] REQ: POST /predict - Status: 200 - Czas: 1096.70ms
[2025-12-20 13:25:17] [INFO] REQ: POST /predict - Status: 200 - Czas: 1096.85ms
[2025-12-20 13:25:17] [INFO] REQ: POST /predict - Status: 200 - Czas: 1096.98ms
[2025-12-20 13:25:17] [INFO] REQ: POST /predict - Status: 200 - Czas: 1097.11ms
[2025-12-20 13:25:17] [INFO] REQ: POST /predict - Status: 200 - Czas: 1097.20ms
[2025-12-20 13:25:17] [INFO] REQ: POST /predict - Status: 200 - Czas: 1097.28ms
[2025-12-20 13:25:17] [INFO] REQ: POST /predict - Status: 200 - Czas: 1097.41ms
[2025-12-20 13:25:17] [INFO] REQ: POST /predict - Status: 200 - Czas: 1097.51ms
[2025-12-20 13:25:17] [INFO] REQ: POST /predict - Status: 200 - Czas: 1097.64ms
[2025-12-20 13:25:17] [INFO] REQ: POST /predict - Status: 200 - Czas: 1097.75ms
[2025-12-20 13:25:17] [INFO] REQ: POST /predict - Status: 200 - Czas: 1177.39ms
[2025-12-20 13:25:17] [INFO] REQ: POST /predict - Status: 200 - Czas: 1177.61ms
[2025-12-20 13:25:17] [INFO] REQ: POST /predict - Status: 200 - Czas: 1177.77ms
[2025-12-20 13:25:17] [INFO] REQ: POST /predict - Status: 200 - Czas: 1177.90ms
[2025-12-20 13:25:17] [INFO] REQ: POST /predict - Status: 200 - Czas: 1178.06ms
[2025-12-20 13:25:17] [INFO] REQ: POST /predict - Status: 200 - Czas: 1178.18ms
[2025-12-20 13:25:17] [INFO] REQ: POST /predict - Status: 200 - Czas: 1178.29ms
[2025-12-20 13:25:17] [INFO] REQ: POST /predict - Status: 200 - Czas: 1178.36ms
[2025-12-20 13:25:17] [INFO] REQ: POST /predict - Status: 200 - Czas: 1178.49ms
[2025-12-20 13:25:17] [INFO] REQ: POST /predict - Status: 200 - Czas: 1178.66ms
[2025-12-20 13:25:17] [INFO] REQ: POST /predict - Status: 200 - Czas: 1178.83ms
[2025-12-20 13:25:17] [ERROR] Exception in ASGI application
Traceback (most recent call last):
  File "/usr/local/lib/python3.12/site-packages/starlette/_exception_handler.py", line 42, in wrapped_app
    await app(scope, receive, sender)
  File "/usr/local/lib/python3.12/site-packages/fastapi/routing.py", line 106, in app
    response = await f(request)
               ^^^^^^^^^^^^^^^^
  File "/usr/local/lib/python3.12/site-packages/fastapi/routing.py", line 472, in app
    raise validation_error
fastapi.exceptions.RequestValidationError: 1 validation error:
  {'type': 'string_type', 'loc': ('body', 'text'), 'msg': 'Input should be a valid string', 'input': nan}

  File "/project/app/server_fastapi.py", line 60, in predict_endpoint
    POST /predict

The above exception was the direct cause of the following exception:

Traceback (most recent call last):
  File "/usr/local/lib/python3.12/site-packages/uvicorn/protocols/http/httptools_impl.py", line 409, in run_asgi
    result = await app(  # type: ignore[func-returns-value]
             ^^^^^^^^^^^^^^^^^^^^^^^^^^^^^^^^^^^^^^^^^^^^^^
  File "/usr/local/lib/python3.12/site-packages/uvicorn/middleware/proxy_headers.py", line 60, in __call__
    return await self.app(scope, receive, send)
           ^^^^^^^^^^^^^^^^^^^^^^^^^^^^^^^^^^^^
  File "/usr/local/lib/python3.12/site-packages/fastapi/applications.py", line 1139, in __call__
    await super().__call__(scope, receive, send)
  File "/usr/local/lib/python3.12/site-packages/starlette/applications.py", line 107, in __call__
    await self.middleware_stack(scope, receive, send)
  File "/usr/local/lib/python3.12/site-packages/starlette/middleware/errors.py", line 186, in __call__
    raise exc
  File "/usr/local/lib/python3.12/site-packages/starlette/middleware/errors.py", line 164, in __call__
    await self.app(scope, receive, _send)
  File "/usr/local/lib/python3.12/site-packages/starlette/middleware/base.py", line 191, in __call__
    with recv_stream, send_stream, collapse_excgroups():
                                   ^^^^^^^^^^^^^^^^^^^^
  File "/usr/local/lib/python3.12/contextlib.py", line 158, in __exit__
    self.gen.throw(value)
  File "/usr/local/lib/python3.12/site-packages/starlette/_utils.py", line 85, in collapse_excgroups
    raise exc
  File "/usr/local/lib/python3.12/site-packages/starlette/middleware/base.py", line 193, in __call__
    response = await self.dispatch_func(request, call_next)
               ^^^^^^^^^^^^^^^^^^^^^^^^^^^^^^^^^^^^^^^^^^^^
  File "/project/app/server_fastapi.py", line 41, in log_requests
    response: Response = await call_next(request)
                         ^^^^^^^^^^^^^^^^^^^^^^^^
  File "/usr/local/lib/python3.12/site-packages/starlette/middleware/base.py", line 168, in call_next
    raise app_exc from app_exc.__cause__ or app_exc.__context__
  File "/usr/local/lib/python3.12/site-packages/starlette/middleware/base.py", line 144, in coro
    await self.app(scope, receive_or_disconnect, send_no_error)
  File "/usr/local/lib/python3.12/site-packages/starlette/middleware/exceptions.py", line 63, in __call__
    await wrap_app_handling_exceptions(self.app, conn)(scope, receive, send)
  File "/usr/local/lib/python3.12/site-packages/starlette/_exception_handler.py", line 53, in wrapped_app
    raise exc
  File "/usr/local/lib/python3.12/site-packages/starlette/_exception_handler.py", line 42, in wrapped_app
    await app(scope, receive, sender)
  File "/usr/local/lib/python3.12/site-packages/fastapi/middleware/asyncexitstack.py", line 18, in __call__
    await self.app(scope, receive, send)
  File "/usr/local/lib/python3.12/site-packages/starlette/routing.py", line 716, in __call__
    await self.middleware_stack(scope, receive, send)
  File "/usr/local/lib/python3.12/site-packages/starlette/routing.py", line 736, in app
    await route.handle(scope, receive, send)
  File "/usr/local/lib/python3.12/site-packages/starlette/routing.py", line 290, in handle
    await self.app(scope, receive, send)
  File "/usr/local/lib/python3.12/site-packages/fastapi/routing.py", line 120, in app
    await wrap_app_handling_exceptions(app, request)(scope, receive, send)
  File "/usr/local/lib/python3.12/site-packages/starlette/_exception_handler.py", line 59, in wrapped_app
    response = await handler(conn, exc)
               ^^^^^^^^^^^^^^^^^^^^^^^^
  File "/usr/local/lib/python3.12/site-packages/fastapi/exception_handlers.py", line 23, in request_validation_exception_handler
    return JSONResponse(
           ^^^^^^^^^^^^^
  File "/usr/local/lib/python3.12/site-packages/starlette/responses.py", line 189, in __init__
    super().__init__(content, status_code, headers, media_type, background)
  File "/usr/local/lib/python3.12/site-packages/starlette/responses.py", line 46, in __init__
    self.body = self.render(content)
                ^^^^^^^^^^^^^^^^^^^^
  File "/usr/local/lib/python3.12/site-packages/starlette/responses.py", line 192, in render
    return json.dumps(
           ^^^^^^^^^^^
  File "/usr/local/lib/python3.12/json/__init__.py", line 238, in dumps
    **kw).encode(obj)
          ^^^^^^^^^^^
  File "/usr/local/lib/python3.12/json/encoder.py", line 200, in encode
    chunks = self.iterencode(o, _one_shot=True)
             ^^^^^^^^^^^^^^^^^^^^^^^^^^^^^^^^^^
  File "/usr/local/lib/python3.12/json/encoder.py", line 258, in iterencode
    return _iterencode(o, 0)
           ^^^^^^^^^^^^^^^^^
ValueError: Out of range float values are not JSON compliant: nan
[2025-12-20 13:25:17] [INFO] REQ: POST /predict - Status: 200 - Czas: 1181.18ms
[2025-12-20 13:25:17] [INFO] REQ: POST /predict - Status: 200 - Czas: 1181.30ms
[2025-12-20 13:25:17] [INFO] REQ: POST /predict - Status: 200 - Czas: 1181.43ms
[2025-12-20 13:25:17] [INFO] REQ: POST /predict - Status: 200 - Czas: 1181.54ms
[2025-12-20 13:25:17] [INFO] REQ: POST /predict - Status: 200 - Czas: 1237.85ms
[2025-12-20 13:25:17] [INFO] REQ: POST /predict - Status: 200 - Czas: 1238.08ms
[2025-12-20 13:25:17] [INFO] REQ: POST /predict - Status: 200 - Czas: 1238.22ms
[2025-12-20 13:25:17] [INFO] REQ: POST /predict - Status: 200 - Czas: 1238.37ms
[2025-12-20 13:25:17] [INFO] REQ: POST /predict - Status: 200 - Czas: 1238.51ms
[2025-12-20 13:25:17] [INFO] REQ: POST /predict - Status: 200 - Czas: 1238.64ms
[2025-12-20 13:25:17] [INFO] REQ: POST /predict - Status: 200 - Czas: 995.83ms
[2025-12-20 13:25:17] [INFO] REQ: POST /predict - Status: 200 - Czas: 996.04ms
[2025-12-20 13:25:17] [INFO] REQ: POST /predict - Status: 200 - Czas: 996.18ms
[2025-12-20 13:25:17] [INFO] REQ: POST /predict - Status: 200 - Czas: 996.35ms
[2025-12-20 13:25:17] [INFO] REQ: POST /predict - Status: 200 - Czas: 808.93ms
[2025-12-20 13:25:17] [INFO] REQ: POST /predict - Status: 200 - Czas: 809.10ms
[2025-12-20 13:25:18] [INFO] REQ: POST /predict - Status: 200 - Czas: 556.61ms
[2025-12-20 13:25:18] [INFO] REQ: POST /predict - Status: 200 - Czas: 556.81ms
[2025-12-20 13:25:18] [INFO] REQ: POST /predict - Status: 200 - Czas: 556.96ms
[2025-12-20 13:25:18] [INFO] REQ: POST /predict - Status: 200 - Czas: 557.10ms
[2025-12-20 13:25:18] [INFO] REQ: POST /predict - Status: 200 - Czas: 557.20ms
[2025-12-20 13:25:18] [INFO] REQ: POST /predict - Status: 200 - Czas: 557.28ms
[2025-12-20 13:25:18] [INFO] REQ: POST /predict - Status: 200 - Czas: 557.36ms
[2025-12-20 13:25:18] [INFO] REQ: POST /predict - Status: 200 - Czas: 557.43ms
[2025-12-20 13:25:18] [INFO] REQ: POST /predict - Status: 200 - Czas: 557.50ms
[2025-12-20 13:25:18] [INFO] REQ: POST /predict - Status: 200 - Czas: 556.60ms
[2025-12-20 13:25:18] [INFO] REQ: POST /predict - Status: 200 - Czas: 556.72ms
[2025-12-20 13:25:18] [INFO] REQ: POST /predict - Status: 200 - Czas: 556.88ms
[2025-12-20 13:25:18] [INFO] REQ: POST /predict - Status: 200 - Czas: 557.03ms
[2025-12-20 13:25:18] [INFO] REQ: POST /predict - Status: 200 - Czas: 557.14ms
[2025-12-20 13:25:18] [INFO] REQ: POST /predict - Status: 200 - Czas: 557.22ms
[2025-12-20 13:25:18] [INFO] REQ: POST /predict - Status: 200 - Czas: 557.31ms
[2025-12-20 13:25:18] [INFO] REQ: POST /predict - Status: 200 - Czas: 557.40ms
[2025-12-20 13:25:18] [INFO] REQ: POST /predict - Status: 200 - Czas: 557.49ms
[2025-12-20 13:25:18] [INFO] REQ: POST /predict - Status: 200 - Czas: 557.57ms
[2025-12-20 13:25:18] [INFO] REQ: POST /predict - Status: 200 - Czas: 557.66ms
[2025-12-20 13:25:18] [INFO] REQ: POST /predict - Status: 200 - Czas: 556.09ms
[2025-12-20 13:25:18] [INFO] REQ: POST /predict - Status: 200 - Czas: 945.08ms
[2025-12-20 13:25:18] [INFO] REQ: POST /predict - Status: 200 - Czas: 945.38ms
[2025-12-20 13:25:18] [INFO] REQ: POST /predict - Status: 200 - Czas: 945.50ms
[2025-12-20 13:25:18] [INFO] REQ: POST /predict - Status: 200 - Czas: 945.56ms
[2025-12-20 13:25:18] [INFO] REQ: POST /predict - Status: 200 - Czas: 945.74ms
[2025-12-20 13:25:18] [INFO] REQ: POST /predict - Status: 200 - Czas: 945.90ms
[2025-12-20 13:25:18] [INFO] REQ: POST /predict - Status: 200 - Czas: 946.06ms
[2025-12-20 13:25:18] [INFO] REQ: POST /predict - Status: 200 - Czas: 946.21ms
[2025-12-20 13:25:18] [INFO] REQ: POST /predict - Status: 200 - Czas: 946.37ms
[2025-12-20 13:25:18] [INFO] REQ: POST /predict - Status: 200 - Czas: 946.48ms
[2025-12-20 13:25:18] [INFO] REQ: POST /predict - Status: 200 - Czas: 946.62ms
[2025-12-20 13:25:18] [INFO] REQ: POST /predict - Status: 200 - Czas: 946.75ms
[2025-12-20 13:25:18] [INFO] REQ: POST /predict - Status: 200 - Czas: 946.88ms
[2025-12-20 13:25:18] [INFO] REQ: POST /predict - Status: 200 - Czas: 947.00ms
[2025-12-20 13:25:18] [INFO] REQ: POST /predict - Status: 200 - Czas: 947.08ms
[2025-12-20 13:25:18] [INFO] REQ: POST /predict - Status: 200 - Czas: 947.18ms
[2025-12-20 13:25:18] [INFO] REQ: POST /predict - Status: 200 - Czas: 947.28ms
[2025-12-20 13:25:18] [INFO] REQ: POST /predict - Status: 200 - Czas: 1132.46ms
[2025-12-20 13:25:18] [INFO] REQ: POST /predict - Status: 200 - Czas: 1132.67ms
[2025-12-20 13:25:18] [INFO] REQ: POST /predict - Status: 200 - Czas: 1132.81ms
[2025-12-20 13:25:18] [INFO] REQ: POST /predict - Status: 200 - Czas: 1133.01ms
[2025-12-20 13:25:18] [INFO] REQ: POST /predict - Status: 200 - Czas: 1133.19ms
[2025-12-20 13:25:18] [INFO] REQ: POST /predict - Status: 200 - Czas: 1133.34ms
[2025-12-20 13:25:18] [INFO] REQ: POST /predict - Status: 200 - Czas: 1133.49ms
[2025-12-20 13:25:18] [INFO] REQ: POST /predict - Status: 200 - Czas: 1133.59ms
[2025-12-20 13:25:18] [INFO] REQ: POST /predict - Status: 200 - Czas: 1133.76ms
[2025-12-20 13:25:18] [INFO] REQ: POST /predict - Status: 200 - Czas: 1133.88ms
[2025-12-20 13:25:18] [INFO] REQ: POST /predict - Status: 200 - Czas: 1134.02ms
[2025-12-20 13:25:18] [INFO] REQ: POST /predict - Status: 200 - Czas: 1134.18ms
[2025-12-20 13:25:18] [INFO] REQ: POST /predict - Status: 200 - Czas: 1134.29ms
[2025-12-20 13:25:18] [INFO] REQ: POST /predict - Status: 200 - Czas: 1134.41ms
[2025-12-20 13:25:18] [INFO] REQ: POST /predict - Status: 200 - Czas: 1134.54ms
[2025-12-20 13:25:18] [INFO] REQ: POST /predict - Status: 200 - Czas: 1134.68ms
[2025-12-20 13:25:18] [INFO] REQ: POST /predict - Status: 200 - Czas: 1134.80ms
[2025-12-20 13:25:18] [INFO] REQ: POST /predict - Status: 200 - Czas: 1134.88ms
[2025-12-20 13:25:18] [INFO] REQ: POST /predict - Status: 200 - Czas: 1135.01ms
[2025-12-20 13:25:18] [INFO] REQ: POST /predict - Status: 200 - Czas: 1135.13ms
[2025-12-20 13:25:18] [INFO] REQ: POST /predict - Status: 200 - Czas: 1135.25ms
[2025-12-20 13:25:18] [INFO] REQ: POST /predict - Status: 200 - Czas: 1135.39ms
[2025-12-20 13:25:18] [INFO] REQ: POST /predict - Status: 200 - Czas: 1135.49ms
[2025-12-20 13:25:18] [INFO] REQ: POST /predict - Status: 200 - Czas: 1135.61ms
[2025-12-20 13:25:18] [INFO] REQ: POST /predict - Status: 200 - Czas: 1135.73ms
[2025-12-20 13:25:18] [INFO] REQ: POST /predict - Status: 200 - Czas: 1135.88ms
[2025-12-20 13:25:18] [INFO] REQ: POST /predict - Status: 200 - Czas: 1135.99ms
[2025-12-20 13:25:18] [INFO] REQ: POST /predict - Status: 200 - Czas: 1136.06ms
[2025-12-20 13:25:18] [INFO] REQ: POST /predict - Status: 200 - Czas: 1136.23ms
[2025-12-20 13:25:18] [INFO] REQ: POST /predict - Status: 200 - Czas: 1136.32ms
[2025-12-20 13:25:18] [INFO] REQ: POST /predict - Status: 200 - Czas: 1136.40ms
[2025-12-20 13:25:18] [INFO] REQ: POST /predict - Status: 200 - Czas: 1136.48ms
[2025-12-20 13:25:18] [INFO] REQ: POST /predict - Status: 200 - Czas: 1179.44ms
[2025-12-20 13:25:18] [INFO] REQ: POST /predict - Status: 200 - Czas: 1179.66ms
[2025-12-20 13:25:18] [INFO] REQ: POST /predict - Status: 200 - Czas: 1179.80ms
[2025-12-20 13:25:18] [INFO] REQ: POST /predict - Status: 200 - Czas: 1179.94ms
[2025-12-20 13:25:18] [INFO] REQ: POST /predict - Status: 200 - Czas: 1180.07ms
[2025-12-20 13:25:18] [INFO] REQ: POST /predict - Status: 200 - Czas: 1180.18ms
[2025-12-20 13:25:18] [INFO] REQ: POST /predict - Status: 200 - Czas: 1180.21ms
[2025-12-20 13:25:18] [INFO] REQ: POST /predict - Status: 200 - Czas: 1180.33ms
[2025-12-20 13:25:18] [INFO] REQ: POST /predict - Status: 200 - Czas: 1180.47ms
[2025-12-20 13:25:18] [INFO] REQ: POST /predict - Status: 200 - Czas: 1180.60ms
[2025-12-20 13:25:18] [INFO] REQ: POST /predict - Status: 200 - Czas: 1180.71ms
[2025-12-20 13:25:18] [INFO] REQ: POST /predict - Status: 200 - Czas: 1180.84ms
[2025-12-20 13:25:18] [INFO] REQ: POST /predict - Status: 200 - Czas: 1181.00ms
[2025-12-20 13:25:18] [INFO] REQ: POST /predict - Status: 200 - Czas: 1181.13ms
[2025-12-20 13:25:18] [INFO] REQ: POST /predict - Status: 200 - Czas: 1181.30ms
[2025-12-20 13:25:18] [INFO] REQ: POST /predict - Status: 200 - Czas: 1181.37ms
[2025-12-20 13:25:18] [INFO] REQ: POST /predict - Status: 200 - Czas: 1181.52ms
[2025-12-20 13:25:18] [INFO] REQ: POST /predict - Status: 200 - Czas: 1239.44ms
[2025-12-20 13:25:18] [INFO] REQ: POST /predict - Status: 200 - Czas: 1239.66ms
[2025-12-20 13:25:18] [INFO] REQ: POST /predict - Status: 200 - Czas: 1239.79ms
[2025-12-20 13:25:18] [INFO] REQ: POST /predict - Status: 200 - Czas: 1239.91ms
[2025-12-20 13:25:18] [INFO] REQ: POST /predict - Status: 200 - Czas: 1240.02ms
[2025-12-20 13:25:18] [INFO] REQ: POST /predict - Status: 200 - Czas: 1240.14ms
[2025-12-20 13:25:18] [INFO] REQ: POST /predict - Status: 200 - Czas: 1031.33ms
[2025-12-20 13:25:18] [INFO] REQ: POST /predict - Status: 200 - Czas: 1031.59ms
[2025-12-20 13:25:18] [INFO] REQ: POST /predict - Status: 200 - Czas: 1031.71ms
[2025-12-20 13:25:18] [INFO] REQ: POST /predict - Status: 200 - Czas: 1031.85ms
[2025-12-20 13:25:18] [INFO] REQ: POST /predict - Status: 200 - Czas: 826.64ms
[2025-12-20 13:25:18] [INFO] REQ: POST /predict - Status: 200 - Czas: 826.81ms
[2025-12-20 13:25:18] [INFO] REQ: POST /predict - Status: 200 - Czas: 826.94ms
[2025-12-20 13:25:19] [INFO] REQ: POST /predict - Status: 200 - Czas: 560.53ms
[2025-12-20 13:25:19] [INFO] REQ: POST /predict - Status: 200 - Czas: 560.72ms
[2025-12-20 13:25:19] [INFO] REQ: POST /predict - Status: 200 - Czas: 560.84ms
[2025-12-20 13:25:19] [INFO] REQ: POST /predict - Status: 200 - Czas: 560.96ms
[2025-12-20 13:25:19] [INFO] REQ: POST /predict - Status: 200 - Czas: 561.11ms
[2025-12-20 13:25:19] [INFO] REQ: POST /predict - Status: 200 - Czas: 561.22ms
[2025-12-20 13:25:19] [INFO] REQ: POST /predict - Status: 200 - Czas: 561.28ms
[2025-12-20 13:25:19] [INFO] REQ: POST /predict - Status: 200 - Czas: 561.39ms
[2025-12-20 13:25:19] [INFO] REQ: POST /predict - Status: 200 - Czas: 561.52ms
[2025-12-20 13:25:19] [INFO] REQ: POST /predict - Status: 200 - Czas: 561.04ms
[2025-12-20 13:25:19] [INFO] REQ: POST /predict - Status: 200 - Czas: 561.16ms
[2025-12-20 13:25:19] [INFO] REQ: POST /predict - Status: 200 - Czas: 561.28ms
[2025-12-20 13:25:19] [INFO] REQ: POST /predict - Status: 200 - Czas: 561.40ms
[2025-12-20 13:25:19] [INFO] REQ: POST /predict - Status: 200 - Czas: 561.52ms
[2025-12-20 13:25:19] [INFO] REQ: POST /predict - Status: 200 - Czas: 561.65ms
[2025-12-20 13:25:19] [INFO] REQ: POST /predict - Status: 200 - Czas: 561.75ms
[2025-12-20 13:25:19] [INFO] REQ: POST /predict - Status: 200 - Czas: 561.85ms
[2025-12-20 13:25:19] [INFO] REQ: POST /predict - Status: 200 - Czas: 561.97ms
[2025-12-20 13:25:19] [INFO] REQ: POST /predict - Status: 200 - Czas: 562.08ms
[2025-12-20 13:25:19] [INFO] REQ: POST /predict - Status: 200 - Czas: 562.13ms
[2025-12-20 13:25:19] [INFO] REQ: POST /predict - Status: 200 - Czas: 562.25ms
[2025-12-20 13:25:19] [INFO] REQ: POST /predict - Status: 200 - Czas: 855.07ms
[2025-12-20 13:25:19] [INFO] REQ: POST /predict - Status: 200 - Czas: 855.27ms
[2025-12-20 13:25:19] [INFO] REQ: POST /predict - Status: 200 - Czas: 855.45ms
[2025-12-20 13:25:19] [INFO] REQ: POST /predict - Status: 200 - Czas: 855.54ms
[2025-12-20 13:25:19] [INFO] REQ: POST /predict - Status: 200 - Czas: 855.68ms
[2025-12-20 13:25:19] [INFO] REQ: POST /predict - Status: 200 - Czas: 855.80ms
[2025-12-20 13:25:19] [INFO] REQ: POST /predict - Status: 200 - Czas: 855.95ms
[2025-12-20 13:25:19] [INFO] REQ: POST /predict - Status: 200 - Czas: 856.08ms
[2025-12-20 13:25:19] [INFO] REQ: POST /predict - Status: 200 - Czas: 856.25ms
[2025-12-20 13:25:19] [INFO] REQ: POST /predict - Status: 200 - Czas: 856.41ms
[2025-12-20 13:25:19] [INFO] REQ: POST /predict - Status: 200 - Czas: 856.52ms
[2025-12-20 13:25:19] [INFO] REQ: POST /predict - Status: 200 - Czas: 856.57ms
[2025-12-20 13:25:19] [INFO] REQ: POST /predict - Status: 200 - Czas: 856.61ms
[2025-12-20 13:25:19] [INFO] REQ: POST /predict - Status: 200 - Czas: 856.71ms
[2025-12-20 13:25:19] [INFO] REQ: POST /predict - Status: 200 - Czas: 856.77ms
[2025-12-20 13:25:19] [INFO] REQ: POST /predict - Status: 200 - Czas: 856.86ms
[2025-12-20 13:25:19] [INFO] REQ: POST /predict - Status: 200 - Czas: 856.99ms
[2025-12-20 13:25:20] [ERROR] Exception in ASGI application
Traceback (most recent call last):
  File "/usr/local/lib/python3.12/site-packages/starlette/_exception_handler.py", line 42, in wrapped_app
    await app(scope, receive, sender)
  File "/usr/local/lib/python3.12/site-packages/fastapi/routing.py", line 106, in app
    response = await f(request)
               ^^^^^^^^^^^^^^^^
  File "/usr/local/lib/python3.12/site-packages/fastapi/routing.py", line 472, in app
    raise validation_error
fastapi.exceptions.RequestValidationError: 1 validation error:
  {'type': 'string_type', 'loc': ('body', 'text'), 'msg': 'Input should be a valid string', 'input': nan}

  File "/project/app/server_fastapi.py", line 60, in predict_endpoint
    POST /predict

The above exception was the direct cause of the following exception:

Traceback (most recent call last):
  File "/usr/local/lib/python3.12/site-packages/uvicorn/protocols/http/httptools_impl.py", line 409, in run_asgi
    result = await app(  # type: ignore[func-returns-value]
             ^^^^^^^^^^^^^^^^^^^^^^^^^^^^^^^^^^^^^^^^^^^^^^
  File "/usr/local/lib/python3.12/site-packages/uvicorn/middleware/proxy_headers.py", line 60, in __call__
    return await self.app(scope, receive, send)
           ^^^^^^^^^^^^^^^^^^^^^^^^^^^^^^^^^^^^
  File "/usr/local/lib/python3.12/site-packages/fastapi/applications.py", line 1139, in __call__
    await super().__call__(scope, receive, send)
  File "/usr/local/lib/python3.12/site-packages/starlette/applications.py", line 107, in __call__
    await self.middleware_stack(scope, receive, send)
  File "/usr/local/lib/python3.12/site-packages/starlette/middleware/errors.py", line 186, in __call__
    raise exc
  File "/usr/local/lib/python3.12/site-packages/starlette/middleware/errors.py", line 164, in __call__
    await self.app(scope, receive, _send)
  File "/usr/local/lib/python3.12/site-packages/starlette/middleware/base.py", line 191, in __call__
    with recv_stream, send_stream, collapse_excgroups():
                                   ^^^^^^^^^^^^^^^^^^^^
  File "/usr/local/lib/python3.12/contextlib.py", line 158, in __exit__
    self.gen.throw(value)
  File "/usr/local/lib/python3.12/site-packages/starlette/_utils.py", line 85, in collapse_excgroups
    raise exc
  File "/usr/local/lib/python3.12/site-packages/starlette/middleware/base.py", line 193, in __call__
    response = await self.dispatch_func(request, call_next)
               ^^^^^^^^^^^^^^^^^^^^^^^^^^^^^^^^^^^^^^^^^^^^
  File "/project/app/server_fastapi.py", line 41, in log_requests
    response: Response = await call_next(request)
                         ^^^^^^^^^^^^^^^^^^^^^^^^
  File "/usr/local/lib/python3.12/site-packages/starlette/middleware/base.py", line 168, in call_next
    raise app_exc from app_exc.__cause__ or app_exc.__context__
  File "/usr/local/lib/python3.12/site-packages/starlette/middleware/base.py", line 144, in coro
    await self.app(scope, receive_or_disconnect, send_no_error)
  File "/usr/local/lib/python3.12/site-packages/starlette/middleware/exceptions.py", line 63, in __call__
    await wrap_app_handling_exceptions(self.app, conn)(scope, receive, send)
  File "/usr/local/lib/python3.12/site-packages/starlette/_exception_handler.py", line 53, in wrapped_app
    raise exc
  File "/usr/local/lib/python3.12/site-packages/starlette/_exception_handler.py", line 42, in wrapped_app
    await app(scope, receive, sender)
  File "/usr/local/lib/python3.12/site-packages/fastapi/middleware/asyncexitstack.py", line 18, in __call__
    await self.app(scope, receive, send)
  File "/usr/local/lib/python3.12/site-packages/starlette/routing.py", line 716, in __call__
    await self.middleware_stack(scope, receive, send)
  File "/usr/local/lib/python3.12/site-packages/starlette/routing.py", line 736, in app
    await route.handle(scope, receive, send)
  File "/usr/local/lib/python3.12/site-packages/starlette/routing.py", line 290, in handle
    await self.app(scope, receive, send)
  File "/usr/local/lib/python3.12/site-packages/fastapi/routing.py", line 120, in app
    await wrap_app_handling_exceptions(app, request)(scope, receive, send)
  File "/usr/local/lib/python3.12/site-packages/starlette/_exception_handler.py", line 59, in wrapped_app
    response = await handler(conn, exc)
               ^^^^^^^^^^^^^^^^^^^^^^^^
  File "/usr/local/lib/python3.12/site-packages/fastapi/exception_handlers.py", line 23, in request_validation_exception_handler
    return JSONResponse(
           ^^^^^^^^^^^^^
  File "/usr/local/lib/python3.12/site-packages/starlette/responses.py", line 189, in __init__
    super().__init__(content, status_code, headers, media_type, background)
  File "/usr/local/lib/python3.12/site-packages/starlette/responses.py", line 46, in __init__
    self.body = self.render(content)
                ^^^^^^^^^^^^^^^^^^^^
  File "/usr/local/lib/python3.12/site-packages/starlette/responses.py", line 192, in render
    return json.dumps(
           ^^^^^^^^^^^
  File "/usr/local/lib/python3.12/json/__init__.py", line 238, in dumps
    **kw).encode(obj)
          ^^^^^^^^^^^
  File "/usr/local/lib/python3.12/json/encoder.py", line 200, in encode
    chunks = self.iterencode(o, _one_shot=True)
             ^^^^^^^^^^^^^^^^^^^^^^^^^^^^^^^^^^
  File "/usr/local/lib/python3.12/json/encoder.py", line 258, in iterencode
    return _iterencode(o, 0)
           ^^^^^^^^^^^^^^^^^
ValueError: Out of range float values are not JSON compliant: nan
[2025-12-20 13:25:20] [INFO] REQ: POST /predict - Status: 200 - Czas: 1075.76ms
[2025-12-20 13:25:20] [INFO] REQ: POST /predict - Status: 200 - Czas: 1075.87ms
[2025-12-20 13:25:20] [INFO] REQ: POST /predict - Status: 200 - Czas: 1076.02ms
[2025-12-20 13:25:20] [INFO] REQ: POST /predict - Status: 200 - Czas: 1076.16ms
[2025-12-20 13:25:20] [INFO] REQ: POST /predict - Status: 200 - Czas: 1076.28ms
[2025-12-20 13:25:20] [INFO] REQ: POST /predict - Status: 200 - Czas: 1076.40ms
[2025-12-20 13:25:20] [INFO] REQ: POST /predict - Status: 200 - Czas: 1076.44ms
[2025-12-20 13:25:20] [INFO] REQ: POST /predict - Status: 200 - Czas: 1076.55ms
[2025-12-20 13:25:20] [INFO] REQ: POST /predict - Status: 200 - Czas: 1076.66ms
[2025-12-20 13:25:20] [INFO] REQ: POST /predict - Status: 200 - Czas: 1076.76ms
[2025-12-20 13:25:20] [ERROR] Exception in ASGI application
Traceback (most recent call last):
  File "/usr/local/lib/python3.12/site-packages/starlette/_exception_handler.py", line 42, in wrapped_app
    await app(scope, receive, sender)
  File "/usr/local/lib/python3.12/site-packages/fastapi/routing.py", line 106, in app
    response = await f(request)
               ^^^^^^^^^^^^^^^^
  File "/usr/local/lib/python3.12/site-packages/fastapi/routing.py", line 472, in app
    raise validation_error
fastapi.exceptions.RequestValidationError: 1 validation error:
  {'type': 'string_type', 'loc': ('body', 'text'), 'msg': 'Input should be a valid string', 'input': nan}

  File "/project/app/server_fastapi.py", line 60, in predict_endpoint
    POST /predict

The above exception was the direct cause of the following exception:

Traceback (most recent call last):
  File "/usr/local/lib/python3.12/site-packages/uvicorn/protocols/http/httptools_impl.py", line 409, in run_asgi
    result = await app(  # type: ignore[func-returns-value]
             ^^^^^^^^^^^^^^^^^^^^^^^^^^^^^^^^^^^^^^^^^^^^^^
  File "/usr/local/lib/python3.12/site-packages/uvicorn/middleware/proxy_headers.py", line 60, in __call__
    return await self.app(scope, receive, send)
           ^^^^^^^^^^^^^^^^^^^^^^^^^^^^^^^^^^^^
  File "/usr/local/lib/python3.12/site-packages/fastapi/applications.py", line 1139, in __call__
    await super().__call__(scope, receive, send)
  File "/usr/local/lib/python3.12/site-packages/starlette/applications.py", line 107, in __call__
    await self.middleware_stack(scope, receive, send)
  File "/usr/local/lib/python3.12/site-packages/starlette/middleware/errors.py", line 186, in __call__
    raise exc
  File "/usr/local/lib/python3.12/site-packages/starlette/middleware/errors.py", line 164, in __call__
    await self.app(scope, receive, _send)
  File "/usr/local/lib/python3.12/site-packages/starlette/middleware/base.py", line 191, in __call__
    with recv_stream, send_stream, collapse_excgroups():
                                   ^^^^^^^^^^^^^^^^^^^^
  File "/usr/local/lib/python3.12/contextlib.py", line 158, in __exit__
    self.gen.throw(value)
  File "/usr/local/lib/python3.12/site-packages/starlette/_utils.py", line 85, in collapse_excgroups
    raise exc
  File "/usr/local/lib/python3.12/site-packages/starlette/middleware/base.py", line 193, in __call__
    response = await self.dispatch_func(request, call_next)
               ^^^^^^^^^^^^^^^^^^^^^^^^^^^^^^^^^^^^^^^^^^^^
  File "/project/app/server_fastapi.py", line 41, in log_requests
    response: Response = await call_next(request)
                         ^^^^^^^^^^^^^^^^^^^^^^^^
  File "/usr/local/lib/python3.12/site-packages/starlette/middleware/base.py", line 168, in call_next
    raise app_exc from app_exc.__cause__ or app_exc.__context__
  File "/usr/local/lib/python3.12/site-packages/starlette/middleware/base.py", line 144, in coro
    await self.app(scope, receive_or_disconnect, send_no_error)
  File "/usr/local/lib/python3.12/site-packages/starlette/middleware/exceptions.py", line 63, in __call__
    await wrap_app_handling_exceptions(self.app, conn)(scope, receive, send)
  File "/usr/local/lib/python3.12/site-packages/starlette/_exception_handler.py", line 53, in wrapped_app
    raise exc
  File "/usr/local/lib/python3.12/site-packages/starlette/_exception_handler.py", line 42, in wrapped_app
    await app(scope, receive, sender)
  File "/usr/local/lib/python3.12/site-packages/fastapi/middleware/asyncexitstack.py", line 18, in __call__
    await self.app(scope, receive, send)
  File "/usr/local/lib/python3.12/site-packages/starlette/routing.py", line 716, in __call__
    await self.middleware_stack(scope, receive, send)
  File "/usr/local/lib/python3.12/site-packages/starlette/routing.py", line 736, in app
    await route.handle(scope, receive, send)
  File "/usr/local/lib/python3.12/site-packages/starlette/routing.py", line 290, in handle
    await self.app(scope, receive, send)
  File "/usr/local/lib/python3.12/site-packages/fastapi/routing.py", line 120, in app
    await wrap_app_handling_exceptions(app, request)(scope, receive, send)
  File "/usr/local/lib/python3.12/site-packages/starlette/_exception_handler.py", line 59, in wrapped_app
    response = await handler(conn, exc)
               ^^^^^^^^^^^^^^^^^^^^^^^^
  File "/usr/local/lib/python3.12/site-packages/fastapi/exception_handlers.py", line 23, in request_validation_exception_handler
    return JSONResponse(
           ^^^^^^^^^^^^^
  File "/usr/local/lib/python3.12/site-packages/starlette/responses.py", line 189, in __init__
    super().__init__(content, status_code, headers, media_type, background)
  File "/usr/local/lib/python3.12/site-packages/starlette/responses.py", line 46, in __init__
    self.body = self.render(content)
                ^^^^^^^^^^^^^^^^^^^^
  File "/usr/local/lib/python3.12/site-packages/starlette/responses.py", line 192, in render
    return json.dumps(
           ^^^^^^^^^^^
  File "/usr/local/lib/python3.12/json/__init__.py", line 238, in dumps
    **kw).encode(obj)
          ^^^^^^^^^^^
  File "/usr/local/lib/python3.12/json/encoder.py", line 200, in encode
    chunks = self.iterencode(o, _one_shot=True)
             ^^^^^^^^^^^^^^^^^^^^^^^^^^^^^^^^^^
  File "/usr/local/lib/python3.12/json/encoder.py", line 258, in iterencode
    return _iterencode(o, 0)
           ^^^^^^^^^^^^^^^^^
ValueError: Out of range float values are not JSON compliant: nan
[2025-12-20 13:25:20] [INFO] REQ: POST /predict - Status: 200 - Czas: 1077.97ms
[2025-12-20 13:25:20] [INFO] REQ: POST /predict - Status: 200 - Czas: 1078.08ms
[2025-12-20 13:25:20] [INFO] REQ: POST /predict - Status: 200 - Czas: 1078.17ms
[2025-12-20 13:25:20] [INFO] REQ: POST /predict - Status: 200 - Czas: 1078.27ms
[2025-12-20 13:25:20] [INFO] REQ: POST /predict - Status: 200 - Czas: 1078.37ms
[2025-12-20 13:25:20] [INFO] REQ: POST /predict - Status: 200 - Czas: 1078.38ms
[2025-12-20 13:25:20] [INFO] REQ: POST /predict - Status: 200 - Czas: 1078.47ms
[2025-12-20 13:25:20] [INFO] REQ: POST /predict - Status: 200 - Czas: 1078.56ms
[2025-12-20 13:25:20] [INFO] REQ: POST /predict - Status: 200 - Czas: 1078.71ms
[2025-12-20 13:25:20] [INFO] REQ: POST /predict - Status: 200 - Czas: 1078.81ms
[2025-12-20 13:25:20] [INFO] REQ: POST /predict - Status: 200 - Czas: 1078.90ms
[2025-12-20 13:25:20] [INFO] REQ: POST /predict - Status: 200 - Czas: 1078.99ms
[2025-12-20 13:25:20] [INFO] REQ: POST /predict - Status: 200 - Czas: 1079.08ms
[2025-12-20 13:25:20] [INFO] REQ: POST /predict - Status: 200 - Czas: 1079.17ms
[2025-12-20 13:25:20] [INFO] REQ: POST /predict - Status: 200 - Czas: 1079.26ms
[2025-12-20 13:25:20] [INFO] REQ: POST /predict - Status: 200 - Czas: 1079.31ms
[2025-12-20 13:25:20] [INFO] REQ: POST /predict - Status: 200 - Czas: 1079.41ms
[2025-12-20 13:25:20] [INFO] REQ: POST /predict - Status: 200 - Czas: 1079.53ms
[2025-12-20 13:25:20] [INFO] REQ: POST /predict - Status: 200 - Czas: 1079.63ms
[2025-12-20 13:25:20] [INFO] REQ: POST /predict - Status: 200 - Czas: 1079.73ms
[2025-12-20 13:25:20] [INFO] REQ: POST /predict - Status: 200 - Czas: 1151.75ms
[2025-12-20 13:25:20] [INFO] REQ: POST /predict - Status: 200 - Czas: 1151.96ms
[2025-12-20 13:25:20] [INFO] REQ: POST /predict - Status: 200 - Czas: 1152.07ms
[2025-12-20 13:25:20] [INFO] REQ: POST /predict - Status: 200 - Czas: 1152.20ms
[2025-12-20 13:25:20] [INFO] REQ: POST /predict - Status: 200 - Czas: 1152.32ms
[2025-12-20 13:25:20] [INFO] REQ: POST /predict - Status: 200 - Czas: 1152.43ms
[2025-12-20 13:25:20] [INFO] REQ: POST /predict - Status: 200 - Czas: 1152.56ms
[2025-12-20 13:25:20] [INFO] REQ: POST /predict - Status: 200 - Czas: 1151.83ms
[2025-12-20 13:25:20] [INFO] REQ: POST /predict - Status: 200 - Czas: 1151.95ms
[2025-12-20 13:25:20] [INFO] REQ: POST /predict - Status: 200 - Czas: 1152.09ms
[2025-12-20 13:25:20] [INFO] REQ: POST /predict - Status: 200 - Czas: 1152.29ms
[2025-12-20 13:25:20] [INFO] REQ: POST /predict - Status: 200 - Czas: 1152.53ms
[2025-12-20 13:25:20] [INFO] REQ: POST /predict - Status: 200 - Czas: 1152.64ms
[2025-12-20 13:25:20] [INFO] REQ: POST /predict - Status: 200 - Czas: 1152.73ms
[2025-12-20 13:25:20] [INFO] REQ: POST /predict - Status: 200 - Czas: 1152.86ms
[2025-12-20 13:25:20] [INFO] REQ: POST /predict - Status: 200 - Czas: 1152.99ms
[2025-12-20 13:25:20] [INFO] REQ: POST /predict - Status: 200 - Czas: 1153.12ms
[2025-12-20 13:25:20] [INFO] REQ: POST /predict - Status: 200 - Czas: 1210.28ms
[2025-12-20 13:25:20] [INFO] REQ: POST /predict - Status: 200 - Czas: 1210.49ms
[2025-12-20 13:25:20] [INFO] REQ: POST /predict - Status: 200 - Czas: 1210.61ms
[2025-12-20 13:25:20] [INFO] REQ: POST /predict - Status: 200 - Czas: 1210.75ms
[2025-12-20 13:25:20] [INFO] REQ: POST /predict - Status: 200 - Czas: 1210.89ms
[2025-12-20 13:25:20] [INFO] REQ: POST /predict - Status: 200 - Czas: 1210.98ms
[2025-12-20 13:25:20] [INFO] REQ: POST /predict - Status: 200 - Czas: 959.90ms
[2025-12-20 13:25:20] [INFO] REQ: POST /predict - Status: 200 - Czas: 960.14ms
[2025-12-20 13:25:20] [INFO] REQ: POST /predict - Status: 200 - Czas: 960.31ms
[2025-12-20 13:25:20] [INFO] REQ: POST /predict - Status: 200 - Czas: 960.46ms
[2025-12-20 13:25:20] [INFO] REQ: POST /predict - Status: 200 - Czas: 751.74ms
[2025-12-20 13:25:20] [INFO] REQ: POST /predict - Status: 200 - Czas: 751.88ms
[2025-12-20 13:25:20] [INFO] REQ: POST /predict - Status: 200 - Czas: 752.01ms
[2025-12-20 13:25:20] [INFO] REQ: POST /predict - Status: 200 - Czas: 518.47ms
[2025-12-20 13:25:20] [INFO] REQ: POST /predict - Status: 200 - Czas: 518.65ms
[2025-12-20 13:25:20] [INFO] REQ: POST /predict - Status: 200 - Czas: 518.77ms
[2025-12-20 13:25:20] [INFO] REQ: POST /predict - Status: 200 - Czas: 518.90ms
[2025-12-20 13:25:20] [INFO] REQ: POST /predict - Status: 200 - Czas: 519.01ms
[2025-12-20 13:25:20] [INFO] REQ: POST /predict - Status: 200 - Czas: 519.13ms
[2025-12-20 13:25:20] [INFO] REQ: POST /predict - Status: 200 - Czas: 519.24ms
[2025-12-20 13:25:20] [INFO] REQ: POST /predict - Status: 200 - Czas: 519.36ms
[2025-12-20 13:25:20] [INFO] REQ: POST /predict - Status: 200 - Czas: 519.50ms
[2025-12-20 13:25:20] [INFO] REQ: POST /predict - Status: 200 - Czas: 519.06ms
[2025-12-20 13:25:20] [INFO] REQ: POST /predict - Status: 200 - Czas: 519.17ms
[2025-12-20 13:25:20] [INFO] REQ: POST /predict - Status: 200 - Czas: 519.28ms
[2025-12-20 13:25:20] [INFO] REQ: POST /predict - Status: 200 - Czas: 519.39ms
[2025-12-20 13:25:20] [INFO] REQ: POST /predict - Status: 200 - Czas: 519.50ms
[2025-12-20 13:25:20] [INFO] REQ: POST /predict - Status: 200 - Czas: 519.60ms
[2025-12-20 13:25:20] [INFO] REQ: POST /predict - Status: 200 - Czas: 519.76ms
[2025-12-20 13:25:20] [INFO] REQ: POST /predict - Status: 200 - Czas: 519.88ms
[2025-12-20 13:25:20] [INFO] REQ: POST /predict - Status: 200 - Czas: 520.00ms
[2025-12-20 13:25:20] [INFO] REQ: POST /predict - Status: 200 - Czas: 520.12ms
[2025-12-20 13:25:20] [INFO] REQ: POST /predict - Status: 200 - Czas: 520.21ms
[2025-12-20 13:25:20] [INFO] REQ: POST /predict - Status: 200 - Czas: 520.31ms
[2025-12-20 13:25:21] [INFO] REQ: POST /predict - Status: 200 - Czas: 924.51ms
[2025-12-20 13:25:21] [INFO] REQ: POST /predict - Status: 200 - Czas: 924.70ms
[2025-12-20 13:25:21] [INFO] REQ: POST /predict - Status: 200 - Czas: 924.83ms
[2025-12-20 13:25:21] [INFO] REQ: POST /predict - Status: 200 - Czas: 923.20ms
[2025-12-20 13:25:21] [INFO] REQ: POST /predict - Status: 200 - Czas: 923.33ms
[2025-12-20 13:25:21] [INFO] REQ: POST /predict - Status: 200 - Czas: 923.47ms
[2025-12-20 13:25:21] [INFO] REQ: POST /predict - Status: 200 - Czas: 923.60ms
[2025-12-20 13:25:21] [INFO] REQ: POST /predict - Status: 200 - Czas: 923.75ms
[2025-12-20 13:25:21] [INFO] REQ: POST /predict - Status: 200 - Czas: 923.91ms
[2025-12-20 13:25:21] [INFO] REQ: POST /predict - Status: 200 - Czas: 924.03ms
[2025-12-20 13:25:21] [INFO] REQ: POST /predict - Status: 200 - Czas: 924.17ms
[2025-12-20 13:25:21] [INFO] REQ: POST /predict - Status: 200 - Czas: 924.30ms
[2025-12-20 13:25:21] [INFO] REQ: POST /predict - Status: 200 - Czas: 924.45ms
[2025-12-20 13:25:21] [INFO] REQ: POST /predict - Status: 200 - Czas: 924.62ms
[2025-12-20 13:25:21] [INFO] REQ: POST /predict - Status: 200 - Czas: 924.72ms
[2025-12-20 13:25:21] [INFO] REQ: POST /predict - Status: 200 - Czas: 924.87ms
[2025-12-20 13:25:21] [INFO] REQ: POST /predict - Status: 200 - Czas: 925.03ms
[2025-12-20 13:25:21] [INFO] REQ: POST /predict - Status: 200 - Czas: 1144.40ms
[2025-12-20 13:25:21] [INFO] REQ: POST /predict - Status: 200 - Czas: 1144.60ms
[2025-12-20 13:25:21] [INFO] REQ: POST /predict - Status: 200 - Czas: 1144.76ms
[2025-12-20 13:25:21] [INFO] REQ: POST /predict - Status: 200 - Czas: 1144.93ms
[2025-12-20 13:25:21] [INFO] REQ: POST /predict - Status: 200 - Czas: 1145.09ms
[2025-12-20 13:25:21] [INFO] REQ: POST /predict - Status: 200 - Czas: 1145.25ms
[2025-12-20 13:25:21] [INFO] REQ: POST /predict - Status: 200 - Czas: 1145.40ms
[2025-12-20 13:25:21] [INFO] REQ: POST /predict - Status: 200 - Czas: 1145.50ms
[2025-12-20 13:25:21] [INFO] REQ: POST /predict - Status: 200 - Czas: 1145.63ms
[2025-12-20 13:25:21] [INFO] REQ: POST /predict - Status: 200 - Czas: 1145.77ms
[2025-12-20 13:25:21] [INFO] REQ: POST /predict - Status: 200 - Czas: 1145.93ms
[2025-12-20 13:25:21] [INFO] REQ: POST /predict - Status: 200 - Czas: 1146.09ms
[2025-12-20 13:25:21] [INFO] REQ: POST /predict - Status: 200 - Czas: 1146.24ms
[2025-12-20 13:25:21] [INFO] REQ: POST /predict - Status: 200 - Czas: 1146.37ms
[2025-12-20 13:25:21] [INFO] REQ: POST /predict - Status: 200 - Czas: 1146.51ms
[2025-12-20 13:25:21] [INFO] REQ: POST /predict - Status: 200 - Czas: 1146.63ms
[2025-12-20 13:25:21] [INFO] REQ: POST /predict - Status: 200 - Czas: 1146.76ms
[2025-12-20 13:25:21] [INFO] REQ: POST /predict - Status: 200 - Czas: 1146.84ms
[2025-12-20 13:25:21] [INFO] REQ: POST /predict - Status: 200 - Czas: 1146.95ms
[2025-12-20 13:25:21] [INFO] REQ: POST /predict - Status: 200 - Czas: 1147.07ms
[2025-12-20 13:25:21] [INFO] REQ: POST /predict - Status: 200 - Czas: 1147.17ms
[2025-12-20 13:25:21] [INFO] REQ: POST /predict - Status: 200 - Czas: 1147.30ms
[2025-12-20 13:25:21] [INFO] REQ: POST /predict - Status: 200 - Czas: 1147.42ms
[2025-12-20 13:25:21] [INFO] REQ: POST /predict - Status: 200 - Czas: 1147.53ms
[2025-12-20 13:25:21] [INFO] REQ: POST /predict - Status: 200 - Czas: 1147.66ms
[2025-12-20 13:25:21] [INFO] REQ: POST /predict - Status: 200 - Czas: 1147.78ms
[2025-12-20 13:25:21] [INFO] REQ: POST /predict - Status: 200 - Czas: 1147.90ms
[2025-12-20 13:25:21] [INFO] REQ: POST /predict - Status: 200 - Czas: 1147.98ms
[2025-12-20 13:25:21] [INFO] REQ: POST /predict - Status: 200 - Czas: 1148.10ms
[2025-12-20 13:25:21] [INFO] REQ: POST /predict - Status: 200 - Czas: 1148.21ms
[2025-12-20 13:25:21] [INFO] REQ: POST /predict - Status: 200 - Czas: 1228.14ms
[2025-12-20 13:25:21] [INFO] REQ: POST /predict - Status: 200 - Czas: 1228.36ms
[2025-12-20 13:25:21] [INFO] REQ: POST /predict - Status: 200 - Czas: 1228.50ms
[2025-12-20 13:25:21] [INFO] REQ: POST /predict - Status: 200 - Czas: 1228.64ms
[2025-12-20 13:25:21] [INFO] REQ: POST /predict - Status: 200 - Czas: 1228.80ms
[2025-12-20 13:25:21] [INFO] REQ: POST /predict - Status: 200 - Czas: 1228.95ms
[2025-12-20 13:25:21] [INFO] REQ: POST /predict - Status: 200 - Czas: 1229.09ms
[2025-12-20 13:25:21] [INFO] REQ: POST /predict - Status: 200 - Czas: 1229.23ms
[2025-12-20 13:25:21] [INFO] REQ: POST /predict - Status: 200 - Czas: 1229.35ms
[2025-12-20 13:25:21] [INFO] REQ: POST /predict - Status: 200 - Czas: 1229.47ms
[2025-12-20 13:25:21] [INFO] REQ: POST /predict - Status: 200 - Czas: 1229.59ms
[2025-12-20 13:25:21] [INFO] REQ: POST /predict - Status: 200 - Czas: 1229.72ms
[2025-12-20 13:25:21] [INFO] REQ: POST /predict - Status: 200 - Czas: 1229.87ms
[2025-12-20 13:25:21] [INFO] REQ: POST /predict - Status: 200 - Czas: 1230.00ms
[2025-12-20 13:25:21] [INFO] REQ: POST /predict - Status: 200 - Czas: 1230.13ms
[2025-12-20 13:25:21] [INFO] REQ: POST /predict - Status: 200 - Czas: 1230.28ms
[2025-12-20 13:25:21] [INFO] REQ: POST /predict - Status: 200 - Czas: 1230.41ms
[2025-12-20 13:25:21] [INFO] REQ: POST /predict - Status: 200 - Czas: 1304.88ms
[2025-12-20 13:25:21] [INFO] REQ: POST /predict - Status: 200 - Czas: 1305.17ms
[2025-12-20 13:25:21] [INFO] REQ: POST /predict - Status: 200 - Czas: 1305.36ms
[2025-12-20 13:25:21] [INFO] REQ: POST /predict - Status: 200 - Czas: 1305.53ms
[2025-12-20 13:25:21] [INFO] REQ: POST /predict - Status: 200 - Czas: 1305.66ms
[2025-12-20 13:25:21] [INFO] REQ: POST /predict - Status: 200 - Czas: 1305.80ms
[2025-12-20 13:25:21] [INFO] REQ: POST /predict - Status: 200 - Czas: 1086.20ms
[2025-12-20 13:25:21] [INFO] REQ: POST /predict - Status: 200 - Czas: 1086.43ms
[2025-12-20 13:25:21] [INFO] REQ: POST /predict - Status: 200 - Czas: 1086.59ms
[2025-12-20 13:25:21] [INFO] REQ: POST /predict - Status: 200 - Czas: 1086.76ms
[2025-12-20 13:25:21] [INFO] REQ: POST /predict - Status: 200 - Czas: 1086.93ms
[2025-12-20 13:25:21] [INFO] REQ: POST /predict - Status: 200 - Czas: 1087.12ms
[2025-12-20 13:25:21] [INFO] REQ: POST /predict - Status: 200 - Czas: 879.76ms
[2025-12-20 13:25:21] [INFO] REQ: POST /predict - Status: 200 - Czas: 879.92ms
[2025-12-20 13:25:21] [INFO] REQ: POST /predict - Status: 200 - Czas: 880.05ms
[2025-12-20 13:25:22] [INFO] REQ: POST /predict - Status: 200 - Czas: 552.09ms
[2025-12-20 13:25:22] [INFO] REQ: POST /predict - Status: 200 - Czas: 552.26ms
[2025-12-20 13:25:22] [INFO] REQ: POST /predict - Status: 200 - Czas: 552.37ms
[2025-12-20 13:25:22] [INFO] REQ: POST /predict - Status: 200 - Czas: 552.53ms
[2025-12-20 13:25:22] [INFO] REQ: POST /predict - Status: 200 - Czas: 552.66ms
[2025-12-20 13:25:22] [INFO] REQ: POST /predict - Status: 200 - Czas: 552.76ms
[2025-12-20 13:25:22] [INFO] REQ: POST /predict - Status: 200 - Czas: 552.89ms
[2025-12-20 13:25:22] [INFO] REQ: POST /predict - Status: 200 - Czas: 553.01ms
[2025-12-20 13:25:22] [INFO] REQ: POST /predict - Status: 200 - Czas: 553.02ms
[2025-12-20 13:25:22] [INFO] REQ: POST /predict - Status: 200 - Czas: 552.56ms
[2025-12-20 13:25:22] [INFO] REQ: POST /predict - Status: 200 - Czas: 552.67ms
[2025-12-20 13:25:22] [INFO] REQ: POST /predict - Status: 200 - Czas: 552.78ms
[2025-12-20 13:25:22] [INFO] REQ: POST /predict - Status: 200 - Czas: 552.90ms
[2025-12-20 13:25:22] [INFO] REQ: POST /predict - Status: 200 - Czas: 553.05ms
[2025-12-20 13:25:22] [INFO] REQ: POST /predict - Status: 200 - Czas: 553.15ms
[2025-12-20 13:25:22] [INFO] REQ: POST /predict - Status: 200 - Czas: 553.27ms
[2025-12-20 13:25:22] [INFO] REQ: POST /predict - Status: 200 - Czas: 553.42ms
[2025-12-20 13:25:22] [INFO] REQ: POST /predict - Status: 200 - Czas: 553.53ms
[2025-12-20 13:25:22] [INFO] REQ: POST /predict - Status: 200 - Czas: 553.63ms
[2025-12-20 13:25:22] [INFO] REQ: POST /predict - Status: 200 - Czas: 553.70ms
[2025-12-20 13:25:22] [ERROR] Exception in ASGI application
Traceback (most recent call last):
  File "/usr/local/lib/python3.12/site-packages/starlette/_exception_handler.py", line 42, in wrapped_app
    await app(scope, receive, sender)
  File "/usr/local/lib/python3.12/site-packages/fastapi/routing.py", line 106, in app
    response = await f(request)
               ^^^^^^^^^^^^^^^^
  File "/usr/local/lib/python3.12/site-packages/fastapi/routing.py", line 472, in app
    raise validation_error
fastapi.exceptions.RequestValidationError: 1 validation error:
  {'type': 'string_type', 'loc': ('body', 'text'), 'msg': 'Input should be a valid string', 'input': nan}

  File "/project/app/server_fastapi.py", line 60, in predict_endpoint
    POST /predict

The above exception was the direct cause of the following exception:

Traceback (most recent call last):
  File "/usr/local/lib/python3.12/site-packages/uvicorn/protocols/http/httptools_impl.py", line 409, in run_asgi
    result = await app(  # type: ignore[func-returns-value]
             ^^^^^^^^^^^^^^^^^^^^^^^^^^^^^^^^^^^^^^^^^^^^^^
  File "/usr/local/lib/python3.12/site-packages/uvicorn/middleware/proxy_headers.py", line 60, in __call__
    return await self.app(scope, receive, send)
           ^^^^^^^^^^^^^^^^^^^^^^^^^^^^^^^^^^^^
  File "/usr/local/lib/python3.12/site-packages/fastapi/applications.py", line 1139, in __call__
    await super().__call__(scope, receive, send)
  File "/usr/local/lib/python3.12/site-packages/starlette/applications.py", line 107, in __call__
    await self.middleware_stack(scope, receive, send)
  File "/usr/local/lib/python3.12/site-packages/starlette/middleware/errors.py", line 186, in __call__
    raise exc
  File "/usr/local/lib/python3.12/site-packages/starlette/middleware/errors.py", line 164, in __call__
    await self.app(scope, receive, _send)
  File "/usr/local/lib/python3.12/site-packages/starlette/middleware/base.py", line 191, in __call__
    with recv_stream, send_stream, collapse_excgroups():
                                   ^^^^^^^^^^^^^^^^^^^^
  File "/usr/local/lib/python3.12/contextlib.py", line 158, in __exit__
    self.gen.throw(value)
  File "/usr/local/lib/python3.12/site-packages/starlette/_utils.py", line 85, in collapse_excgroups
    raise exc
  File "/usr/local/lib/python3.12/site-packages/starlette/middleware/base.py", line 193, in __call__
    response = await self.dispatch_func(request, call_next)
               ^^^^^^^^^^^^^^^^^^^^^^^^^^^^^^^^^^^^^^^^^^^^
  File "/project/app/server_fastapi.py", line 41, in log_requests
    response: Response = await call_next(request)
                         ^^^^^^^^^^^^^^^^^^^^^^^^
  File "/usr/local/lib/python3.12/site-packages/starlette/middleware/base.py", line 168, in call_next
    raise app_exc from app_exc.__cause__ or app_exc.__context__
  File "/usr/local/lib/python3.12/site-packages/starlette/middleware/base.py", line 144, in coro
    await self.app(scope, receive_or_disconnect, send_no_error)
  File "/usr/local/lib/python3.12/site-packages/starlette/middleware/exceptions.py", line 63, in __call__
    await wrap_app_handling_exceptions(self.app, conn)(scope, receive, send)
  File "/usr/local/lib/python3.12/site-packages/starlette/_exception_handler.py", line 53, in wrapped_app
    raise exc
  File "/usr/local/lib/python3.12/site-packages/starlette/_exception_handler.py", line 42, in wrapped_app
    await app(scope, receive, sender)
  File "/usr/local/lib/python3.12/site-packages/fastapi/middleware/asyncexitstack.py", line 18, in __call__
    await self.app(scope, receive, send)
  File "/usr/local/lib/python3.12/site-packages/starlette/routing.py", line 716, in __call__
    await self.middleware_stack(scope, receive, send)
  File "/usr/local/lib/python3.12/site-packages/starlette/routing.py", line 736, in app
    await route.handle(scope, receive, send)
  File "/usr/local/lib/python3.12/site-packages/starlette/routing.py", line 290, in handle
    await self.app(scope, receive, send)
  File "/usr/local/lib/python3.12/site-packages/fastapi/routing.py", line 120, in app
    await wrap_app_handling_exceptions(app, request)(scope, receive, send)
  File "/usr/local/lib/python3.12/site-packages/starlette/_exception_handler.py", line 59, in wrapped_app
    response = await handler(conn, exc)
               ^^^^^^^^^^^^^^^^^^^^^^^^
  File "/usr/local/lib/python3.12/site-packages/fastapi/exception_handlers.py", line 23, in request_validation_exception_handler
    return JSONResponse(
           ^^^^^^^^^^^^^
  File "/usr/local/lib/python3.12/site-packages/starlette/responses.py", line 189, in __init__
    super().__init__(content, status_code, headers, media_type, background)
  File "/usr/local/lib/python3.12/site-packages/starlette/responses.py", line 46, in __init__
    self.body = self.render(content)
                ^^^^^^^^^^^^^^^^^^^^
  File "/usr/local/lib/python3.12/site-packages/starlette/responses.py", line 192, in render
    return json.dumps(
           ^^^^^^^^^^^
  File "/usr/local/lib/python3.12/json/__init__.py", line 238, in dumps
    **kw).encode(obj)
          ^^^^^^^^^^^
  File "/usr/local/lib/python3.12/json/encoder.py", line 200, in encode
    chunks = self.iterencode(o, _one_shot=True)
             ^^^^^^^^^^^^^^^^^^^^^^^^^^^^^^^^^^
  File "/usr/local/lib/python3.12/json/encoder.py", line 258, in iterencode
    return _iterencode(o, 0)
           ^^^^^^^^^^^^^^^^^
ValueError: Out of range float values are not JSON compliant: nan
[2025-12-20 13:25:22] [INFO] REQ: POST /predict - Status: 200 - Czas: 897.13ms
[2025-12-20 13:25:22] [INFO] REQ: POST /predict - Status: 200 - Czas: 897.35ms
[2025-12-20 13:25:22] [INFO] REQ: POST /predict - Status: 200 - Czas: 897.48ms
[2025-12-20 13:25:22] [INFO] REQ: POST /predict - Status: 200 - Czas: 897.56ms
[2025-12-20 13:25:22] [INFO] REQ: POST /predict - Status: 200 - Czas: 897.70ms
[2025-12-20 13:25:22] [INFO] REQ: POST /predict - Status: 200 - Czas: 897.87ms
[2025-12-20 13:25:22] [INFO] REQ: POST /predict - Status: 200 - Czas: 898.02ms
[2025-12-20 13:25:22] [INFO] REQ: POST /predict - Status: 200 - Czas: 898.19ms
[2025-12-20 13:25:22] [INFO] REQ: POST /predict - Status: 200 - Czas: 898.32ms
[2025-12-20 13:25:22] [INFO] REQ: POST /predict - Status: 200 - Czas: 898.47ms
[2025-12-20 13:25:22] [INFO] REQ: POST /predict - Status: 200 - Czas: 898.76ms
[2025-12-20 13:25:22] [INFO] REQ: POST /predict - Status: 200 - Czas: 898.89ms
[2025-12-20 13:25:22] [INFO] REQ: POST /predict - Status: 200 - Czas: 898.99ms
[2025-12-20 13:25:22] [INFO] REQ: POST /predict - Status: 200 - Czas: 899.04ms
[2025-12-20 13:25:22] [INFO] REQ: POST /predict - Status: 200 - Czas: 899.13ms
[2025-12-20 13:25:22] [INFO] REQ: POST /predict - Status: 200 - Czas: 899.26ms
[2025-12-20 13:25:22] [INFO] REQ: POST /predict - Status: 200 - Czas: 899.39ms
[2025-12-20 13:25:22] [INFO] REQ: POST /predict - Status: 200 - Czas: 1102.22ms
[2025-12-20 13:25:22] [INFO] REQ: POST /predict - Status: 200 - Czas: 1102.44ms
[2025-12-20 13:25:22] [INFO] REQ: POST /predict - Status: 200 - Czas: 1102.64ms
[2025-12-20 13:25:22] [INFO] REQ: POST /predict - Status: 200 - Czas: 1102.79ms
[2025-12-20 13:25:22] [INFO] REQ: POST /predict - Status: 200 - Czas: 1102.94ms
[2025-12-20 13:25:22] [INFO] REQ: POST /predict - Status: 200 - Czas: 1103.08ms
[2025-12-20 13:25:22] [INFO] REQ: POST /predict - Status: 200 - Czas: 1103.21ms
[2025-12-20 13:25:22] [INFO] REQ: POST /predict - Status: 200 - Czas: 1103.27ms
[2025-12-20 13:25:22] [INFO] REQ: POST /predict - Status: 200 - Czas: 1103.40ms
[2025-12-20 13:25:22] [INFO] REQ: POST /predict - Status: 200 - Czas: 1103.56ms
[2025-12-20 13:25:22] [INFO] REQ: POST /predict - Status: 200 - Czas: 1103.69ms
[2025-12-20 13:25:22] [INFO] REQ: POST /predict - Status: 200 - Czas: 1103.82ms
[2025-12-20 13:25:22] [INFO] REQ: POST /predict - Status: 200 - Czas: 1103.95ms
[2025-12-20 13:25:22] [INFO] REQ: POST /predict - Status: 200 - Czas: 1104.05ms
[2025-12-20 13:25:22] [INFO] REQ: POST /predict - Status: 200 - Czas: 1104.15ms
[2025-12-20 13:25:22] [INFO] REQ: POST /predict - Status: 200 - Czas: 1104.25ms
[2025-12-20 13:25:22] [INFO] REQ: POST /predict - Status: 200 - Czas: 1104.34ms
[2025-12-20 13:25:22] [INFO] REQ: POST /predict - Status: 200 - Czas: 1104.37ms
[2025-12-20 13:25:22] [INFO] REQ: POST /predict - Status: 200 - Czas: 1104.45ms
[2025-12-20 13:25:22] [INFO] REQ: POST /predict - Status: 200 - Czas: 1104.55ms
[2025-12-20 13:25:22] [INFO] REQ: POST /predict - Status: 200 - Czas: 1104.64ms
[2025-12-20 13:25:22] [INFO] REQ: POST /predict - Status: 200 - Czas: 1104.72ms
[2025-12-20 13:25:22] [INFO] REQ: POST /predict - Status: 200 - Czas: 1104.80ms
[2025-12-20 13:25:22] [INFO] REQ: POST /predict - Status: 200 - Czas: 1104.89ms
[2025-12-20 13:25:22] [INFO] REQ: POST /predict - Status: 200 - Czas: 1104.99ms
[2025-12-20 13:25:22] [INFO] REQ: POST /predict - Status: 200 - Czas: 1105.09ms
[2025-12-20 13:25:22] [INFO] REQ: POST /predict - Status: 200 - Czas: 1105.18ms
[2025-12-20 13:25:22] [INFO] REQ: POST /predict - Status: 200 - Czas: 1105.22ms
[2025-12-20 13:25:22] [INFO] REQ: POST /predict - Status: 200 - Czas: 1105.31ms
[2025-12-20 13:25:22] [INFO] REQ: POST /predict - Status: 200 - Czas: 1105.40ms
[2025-12-20 13:25:22] [INFO] REQ: POST /predict - Status: 200 - Czas: 1183.75ms
[2025-12-20 13:25:22] [INFO] REQ: POST /predict - Status: 200 - Czas: 1183.99ms
[2025-12-20 13:25:22] [INFO] REQ: POST /predict - Status: 200 - Czas: 1184.15ms
[2025-12-20 13:25:22] [INFO] REQ: POST /predict - Status: 200 - Czas: 1184.28ms
[2025-12-20 13:25:22] [INFO] REQ: POST /predict - Status: 200 - Czas: 1184.41ms
[2025-12-20 13:25:22] [INFO] REQ: POST /predict - Status: 200 - Czas: 1184.55ms
[2025-12-20 13:25:22] [INFO] REQ: POST /predict - Status: 200 - Czas: 1184.65ms
[2025-12-20 13:25:22] [INFO] REQ: POST /predict - Status: 200 - Czas: 1184.76ms
[2025-12-20 13:25:22] [INFO] REQ: POST /predict - Status: 200 - Czas: 1184.87ms
[2025-12-20 13:25:22] [INFO] REQ: POST /predict - Status: 200 - Czas: 1185.02ms
[2025-12-20 13:25:22] [INFO] REQ: POST /predict - Status: 200 - Czas: 1185.14ms
[2025-12-20 13:25:22] [INFO] REQ: POST /predict - Status: 200 - Czas: 1185.29ms
[2025-12-20 13:25:22] [INFO] REQ: POST /predict - Status: 200 - Czas: 1185.44ms
[2025-12-20 13:25:22] [INFO] REQ: POST /predict - Status: 200 - Czas: 1185.57ms
[2025-12-20 13:25:22] [INFO] REQ: POST /predict - Status: 200 - Czas: 1185.72ms
[2025-12-20 13:25:22] [INFO] REQ: POST /predict - Status: 200 - Czas: 1185.88ms
[2025-12-20 13:25:22] [INFO] REQ: POST /predict - Status: 200 - Czas: 1186.02ms
[2025-12-20 13:25:22] [INFO] REQ: POST /predict - Status: 200 - Czas: 1283.51ms
[2025-12-20 13:25:22] [INFO] REQ: POST /predict - Status: 200 - Czas: 1283.71ms
[2025-12-20 13:25:22] [INFO] REQ: POST /predict - Status: 200 - Czas: 1283.86ms
[2025-12-20 13:25:22] [INFO] REQ: POST /predict - Status: 200 - Czas: 1283.99ms
[2025-12-20 13:25:22] [INFO] REQ: POST /predict - Status: 200 - Czas: 1284.14ms
[2025-12-20 13:25:22] [INFO] REQ: POST /predict - Status: 200 - Czas: 1283.41ms
[2025-12-20 13:25:22] [INFO] REQ: POST /predict - Status: 200 - Czas: 1076.18ms
[2025-12-20 13:25:22] [INFO] REQ: POST /predict - Status: 200 - Czas: 1076.42ms
[2025-12-20 13:25:22] [INFO] REQ: POST /predict - Status: 200 - Czas: 1076.56ms
[2025-12-20 13:25:22] [INFO] REQ: POST /predict - Status: 200 - Czas: 1076.69ms
[2025-12-20 13:25:22] [INFO] REQ: POST /predict - Status: 200 - Czas: 1076.84ms
[2025-12-20 13:25:22] [INFO] REQ: POST /predict - Status: 200 - Czas: 1076.98ms
[2025-12-20 13:25:22] [INFO] REQ: POST /predict - Status: 200 - Czas: 839.73ms
[2025-12-20 13:25:22] [INFO] REQ: POST /predict - Status: 200 - Czas: 839.86ms
[2025-12-20 13:25:22] [INFO] REQ: POST /predict - Status: 200 - Czas: 839.98ms
[2025-12-20 13:25:23] [INFO] REQ: POST /predict - Status: 200 - Czas: 566.57ms
[2025-12-20 13:25:23] [INFO] REQ: POST /predict - Status: 200 - Czas: 566.78ms
[2025-12-20 13:25:23] [INFO] REQ: POST /predict - Status: 200 - Czas: 566.93ms
[2025-12-20 13:25:23] [INFO] REQ: POST /predict - Status: 200 - Czas: 567.07ms
[2025-12-20 13:25:23] [INFO] REQ: POST /predict - Status: 200 - Czas: 567.19ms
[2025-12-20 13:25:23] [INFO] REQ: POST /predict - Status: 200 - Czas: 567.30ms
[2025-12-20 13:25:23] [INFO] REQ: POST /predict - Status: 200 - Czas: 567.43ms
[2025-12-20 13:25:23] [INFO] REQ: POST /predict - Status: 200 - Czas: 567.55ms
[2025-12-20 13:25:23] [INFO] REQ: POST /predict - Status: 200 - Czas: 567.65ms
[2025-12-20 13:25:23] [INFO] REQ: POST /predict - Status: 200 - Czas: 567.20ms
[2025-12-20 13:25:23] [INFO] REQ: POST /predict - Status: 200 - Czas: 567.28ms
[2025-12-20 13:25:23] [INFO] REQ: POST /predict - Status: 200 - Czas: 567.38ms
[2025-12-20 13:25:23] [INFO] REQ: POST /predict - Status: 200 - Czas: 567.49ms
[2025-12-20 13:25:23] [INFO] REQ: POST /predict - Status: 200 - Czas: 568.90ms
[2025-12-20 13:25:23] [INFO] REQ: POST /predict - Status: 200 - Czas: 569.01ms
[2025-12-20 13:25:23] [INFO] REQ: POST /predict - Status: 200 - Czas: 569.11ms
[2025-12-20 13:25:23] [INFO] REQ: POST /predict - Status: 200 - Czas: 569.21ms
[2025-12-20 13:25:23] [INFO] REQ: POST /predict - Status: 200 - Czas: 569.34ms
[2025-12-20 13:25:23] [INFO] REQ: POST /predict - Status: 200 - Czas: 569.48ms
[2025-12-20 13:25:23] [INFO] REQ: POST /predict - Status: 200 - Czas: 569.53ms
[2025-12-20 13:25:23] [INFO] REQ: POST /predict - Status: 200 - Czas: 928.31ms
[2025-12-20 13:25:23] [INFO] REQ: POST /predict - Status: 200 - Czas: 928.50ms
[2025-12-20 13:25:23] [INFO] REQ: POST /predict - Status: 200 - Czas: 928.63ms
[2025-12-20 13:25:23] [INFO] REQ: POST /predict - Status: 200 - Czas: 928.76ms
[2025-12-20 13:25:23] [INFO] REQ: POST /predict - Status: 200 - Czas: 928.91ms
[2025-12-20 13:25:23] [INFO] REQ: POST /predict - Status: 200 - Czas: 928.99ms
[2025-12-20 13:25:23] [INFO] REQ: POST /predict - Status: 200 - Czas: 929.14ms
[2025-12-20 13:25:23] [INFO] REQ: POST /predict - Status: 200 - Czas: 929.30ms
[2025-12-20 13:25:23] [INFO] REQ: POST /predict - Status: 200 - Czas: 929.42ms
[2025-12-20 13:25:23] [INFO] REQ: POST /predict - Status: 200 - Czas: 929.56ms
[2025-12-20 13:25:23] [INFO] REQ: POST /predict - Status: 200 - Czas: 929.70ms
[2025-12-20 13:25:23] [INFO] REQ: POST /predict - Status: 200 - Czas: 929.84ms
[2025-12-20 13:25:23] [INFO] REQ: POST /predict - Status: 200 - Czas: 929.98ms
[2025-12-20 13:25:23] [INFO] REQ: POST /predict - Status: 200 - Czas: 930.13ms
[2025-12-20 13:25:23] [INFO] REQ: POST /predict - Status: 200 - Czas: 930.34ms
[2025-12-20 13:25:23] [INFO] REQ: POST /predict - Status: 200 - Czas: 930.41ms
[2025-12-20 13:25:23] [INFO] REQ: POST /predict - Status: 200 - Czas: 930.53ms
[2025-12-20 13:25:24] [INFO] REQ: POST /predict - Status: 200 - Czas: 1156.29ms
[2025-12-20 13:25:24] [INFO] REQ: POST /predict - Status: 200 - Czas: 1156.52ms
[2025-12-20 13:25:24] [INFO] REQ: POST /predict - Status: 200 - Czas: 1156.71ms
[2025-12-20 13:25:24] [INFO] REQ: POST /predict - Status: 200 - Czas: 1156.91ms
[2025-12-20 13:25:24] [INFO] REQ: POST /predict - Status: 200 - Czas: 1157.07ms
[2025-12-20 13:25:24] [INFO] REQ: POST /predict - Status: 200 - Czas: 1157.21ms
[2025-12-20 13:25:24] [INFO] REQ: POST /predict - Status: 200 - Czas: 1157.37ms
[2025-12-20 13:25:24] [INFO] REQ: POST /predict - Status: 200 - Czas: 1155.87ms
[2025-12-20 13:25:24] [INFO] REQ: POST /predict - Status: 200 - Czas: 1155.99ms
[2025-12-20 13:25:24] [INFO] REQ: POST /predict - Status: 200 - Czas: 1156.13ms
[2025-12-20 13:25:24] [INFO] REQ: POST /predict - Status: 200 - Czas: 1156.28ms
[2025-12-20 13:25:24] [INFO] REQ: POST /predict - Status: 200 - Czas: 1156.41ms
[2025-12-20 13:25:24] [INFO] REQ: POST /predict - Status: 200 - Czas: 1156.55ms
[2025-12-20 13:25:24] [INFO] REQ: POST /predict - Status: 200 - Czas: 1156.71ms
[2025-12-20 13:25:24] [INFO] REQ: POST /predict - Status: 200 - Czas: 1156.84ms
[2025-12-20 13:25:24] [INFO] REQ: POST /predict - Status: 200 - Czas: 1156.96ms
[2025-12-20 13:25:24] [INFO] REQ: POST /predict - Status: 200 - Czas: 1157.08ms
[2025-12-20 13:25:24] [INFO] REQ: POST /predict - Status: 200 - Czas: 1157.15ms
[2025-12-20 13:25:24] [INFO] REQ: POST /predict - Status: 200 - Czas: 1157.27ms
[2025-12-20 13:25:24] [INFO] REQ: POST /predict - Status: 200 - Czas: 1157.39ms
[2025-12-20 13:25:24] [INFO] REQ: POST /predict - Status: 200 - Czas: 1157.51ms
[2025-12-20 13:25:24] [INFO] REQ: POST /predict - Status: 200 - Czas: 1157.64ms
[2025-12-20 13:25:24] [INFO] REQ: POST /predict - Status: 200 - Czas: 1157.77ms
[2025-12-20 13:25:24] [INFO] REQ: POST /predict - Status: 200 - Czas: 1157.89ms
[2025-12-20 13:25:24] [INFO] REQ: POST /predict - Status: 200 - Czas: 1158.01ms
[2025-12-20 13:25:24] [INFO] REQ: POST /predict - Status: 200 - Czas: 1158.15ms
[2025-12-20 13:25:24] [INFO] REQ: POST /predict - Status: 200 - Czas: 1158.28ms
[2025-12-20 13:25:24] [INFO] REQ: POST /predict - Status: 200 - Czas: 1158.36ms
[2025-12-20 13:25:24] [INFO] REQ: POST /predict - Status: 200 - Czas: 1158.47ms
[2025-12-20 13:25:24] [INFO] REQ: POST /predict - Status: 200 - Czas: 1158.60ms
[2025-12-20 13:25:24] [INFO] REQ: POST /predict - Status: 200 - Czas: 1231.15ms
[2025-12-20 13:25:24] [INFO] REQ: POST /predict - Status: 200 - Czas: 1231.43ms
[2025-12-20 13:25:24] [INFO] REQ: POST /predict - Status: 200 - Czas: 1231.65ms
[2025-12-20 13:25:24] [INFO] REQ: POST /predict - Status: 200 - Czas: 1231.81ms
[2025-12-20 13:25:24] [INFO] REQ: POST /predict - Status: 200 - Czas: 1231.97ms
[2025-12-20 13:25:24] [INFO] REQ: POST /predict - Status: 200 - Czas: 1232.14ms
[2025-12-20 13:25:24] [INFO] REQ: POST /predict - Status: 200 - Czas: 1232.31ms
[2025-12-20 13:25:24] [INFO] REQ: POST /predict - Status: 200 - Czas: 1232.48ms
[2025-12-20 13:25:24] [INFO] REQ: POST /predict - Status: 200 - Czas: 1232.63ms
[2025-12-20 13:25:24] [INFO] REQ: POST /predict - Status: 200 - Czas: 1232.79ms
[2025-12-20 13:25:24] [INFO] REQ: POST /predict - Status: 200 - Czas: 1232.92ms
[2025-12-20 13:25:24] [INFO] REQ: POST /predict - Status: 200 - Czas: 1233.07ms
[2025-12-20 13:25:24] [INFO] REQ: POST /predict - Status: 200 - Czas: 1233.23ms
[2025-12-20 13:25:24] [INFO] REQ: POST /predict - Status: 200 - Czas: 1233.38ms
[2025-12-20 13:25:24] [INFO] REQ: POST /predict - Status: 200 - Czas: 1233.56ms
[2025-12-20 13:25:24] [INFO] REQ: POST /predict - Status: 200 - Czas: 1233.73ms
[2025-12-20 13:25:24] [INFO] REQ: POST /predict - Status: 200 - Czas: 1233.90ms
[2025-12-20 13:25:24] [INFO] REQ: POST /predict - Status: 200 - Czas: 1234.07ms
[2025-12-20 13:25:24] [INFO] REQ: POST /predict - Status: 200 - Czas: 1320.71ms
[2025-12-20 13:25:24] [INFO] REQ: POST /predict - Status: 200 - Czas: 1320.95ms
[2025-12-20 13:25:24] [INFO] REQ: POST /predict - Status: 200 - Czas: 1321.09ms
[2025-12-20 13:25:24] [INFO] REQ: POST /predict - Status: 200 - Czas: 1321.23ms
[2025-12-20 13:25:24] [INFO] REQ: POST /predict - Status: 200 - Czas: 1321.33ms
[2025-12-20 13:25:24] [INFO] REQ: POST /predict - Status: 200 - Czas: 1321.44ms
[2025-12-20 13:25:24] [INFO] REQ: POST /predict - Status: 200 - Czas: 1102.21ms
[2025-12-20 13:25:24] [INFO] REQ: POST /predict - Status: 200 - Czas: 1102.41ms
[2025-12-20 13:25:24] [INFO] REQ: POST /predict - Status: 200 - Czas: 1102.52ms
[2025-12-20 13:25:24] [INFO] REQ: POST /predict - Status: 200 - Czas: 1102.63ms
[2025-12-20 13:25:24] [INFO] REQ: POST /predict - Status: 200 - Czas: 1102.71ms
[2025-12-20 13:25:24] [INFO] REQ: POST /predict - Status: 200 - Czas: 1102.76ms
[2025-12-20 13:25:24] [INFO] REQ: POST /predict - Status: 200 - Czas: 867.79ms
[2025-12-20 13:25:24] [INFO] REQ: POST /predict - Status: 200 - Czas: 867.94ms
[2025-12-20 13:25:24] [INFO] REQ: POST /predict - Status: 200 - Czas: 868.07ms
[2025-12-20 13:25:24] [INFO] REQ: POST /predict - Status: 200 - Czas: 561.54ms
[2025-12-20 13:25:24] [INFO] REQ: POST /predict - Status: 200 - Czas: 561.87ms
[2025-12-20 13:25:24] [INFO] REQ: POST /predict - Status: 200 - Czas: 561.99ms
[2025-12-20 13:25:24] [INFO] REQ: POST /predict - Status: 200 - Czas: 561.99ms
[2025-12-20 13:25:24] [INFO] REQ: POST /predict - Status: 200 - Czas: 562.15ms
[2025-12-20 13:25:24] [INFO] REQ: POST /predict - Status: 200 - Czas: 562.27ms
[2025-12-20 13:25:24] [INFO] REQ: POST /predict - Status: 200 - Czas: 562.39ms
[2025-12-20 13:25:24] [INFO] REQ: POST /predict - Status: 200 - Czas: 562.52ms
[2025-12-20 13:25:24] [INFO] REQ: POST /predict - Status: 200 - Czas: 562.62ms
[2025-12-20 13:25:24] [INFO] REQ: POST /predict - Status: 200 - Czas: 562.13ms
[2025-12-20 13:25:24] [INFO] REQ: POST /predict - Status: 200 - Czas: 562.24ms
[2025-12-20 13:25:24] [INFO] REQ: POST /predict - Status: 200 - Czas: 562.40ms
[2025-12-20 13:25:24] [ERROR] Exception in ASGI application
Traceback (most recent call last):
  File "/usr/local/lib/python3.12/site-packages/starlette/_exception_handler.py", line 42, in wrapped_app
    await app(scope, receive, sender)
  File "/usr/local/lib/python3.12/site-packages/fastapi/routing.py", line 106, in app
    response = await f(request)
               ^^^^^^^^^^^^^^^^
  File "/usr/local/lib/python3.12/site-packages/fastapi/routing.py", line 472, in app
    raise validation_error
fastapi.exceptions.RequestValidationError: 1 validation error:
  {'type': 'string_type', 'loc': ('body', 'text'), 'msg': 'Input should be a valid string', 'input': nan}

  File "/project/app/server_fastapi.py", line 60, in predict_endpoint
    POST /predict

The above exception was the direct cause of the following exception:

Traceback (most recent call last):
  File "/usr/local/lib/python3.12/site-packages/uvicorn/protocols/http/httptools_impl.py", line 409, in run_asgi
    result = await app(  # type: ignore[func-returns-value]
             ^^^^^^^^^^^^^^^^^^^^^^^^^^^^^^^^^^^^^^^^^^^^^^
  File "/usr/local/lib/python3.12/site-packages/uvicorn/middleware/proxy_headers.py", line 60, in __call__
    return await self.app(scope, receive, send)
           ^^^^^^^^^^^^^^^^^^^^^^^^^^^^^^^^^^^^
  File "/usr/local/lib/python3.12/site-packages/fastapi/applications.py", line 1139, in __call__
    await super().__call__(scope, receive, send)
  File "/usr/local/lib/python3.12/site-packages/starlette/applications.py", line 107, in __call__
    await self.middleware_stack(scope, receive, send)
  File "/usr/local/lib/python3.12/site-packages/starlette/middleware/errors.py", line 186, in __call__
    raise exc
  File "/usr/local/lib/python3.12/site-packages/starlette/middleware/errors.py", line 164, in __call__
    await self.app(scope, receive, _send)
  File "/usr/local/lib/python3.12/site-packages/starlette/middleware/base.py", line 191, in __call__
    with recv_stream, send_stream, collapse_excgroups():
                                   ^^^^^^^^^^^^^^^^^^^^
  File "/usr/local/lib/python3.12/contextlib.py", line 158, in __exit__
    self.gen.throw(value)
  File "/usr/local/lib/python3.12/site-packages/starlette/_utils.py", line 85, in collapse_excgroups
    raise exc
  File "/usr/local/lib/python3.12/site-packages/starlette/middleware/base.py", line 193, in __call__
    response = await self.dispatch_func(request, call_next)
               ^^^^^^^^^^^^^^^^^^^^^^^^^^^^^^^^^^^^^^^^^^^^
  File "/project/app/server_fastapi.py", line 41, in log_requests
    response: Response = await call_next(request)
                         ^^^^^^^^^^^^^^^^^^^^^^^^
  File "/usr/local/lib/python3.12/site-packages/starlette/middleware/base.py", line 168, in call_next
    raise app_exc from app_exc.__cause__ or app_exc.__context__
  File "/usr/local/lib/python3.12/site-packages/starlette/middleware/base.py", line 144, in coro
    await self.app(scope, receive_or_disconnect, send_no_error)
  File "/usr/local/lib/python3.12/site-packages/starlette/middleware/exceptions.py", line 63, in __call__
    await wrap_app_handling_exceptions(self.app, conn)(scope, receive, send)
  File "/usr/local/lib/python3.12/site-packages/starlette/_exception_handler.py", line 53, in wrapped_app
    raise exc
  File "/usr/local/lib/python3.12/site-packages/starlette/_exception_handler.py", line 42, in wrapped_app
    await app(scope, receive, sender)
  File "/usr/local/lib/python3.12/site-packages/fastapi/middleware/asyncexitstack.py", line 18, in __call__
    await self.app(scope, receive, send)
  File "/usr/local/lib/python3.12/site-packages/starlette/routing.py", line 716, in __call__
    await self.middleware_stack(scope, receive, send)
  File "/usr/local/lib/python3.12/site-packages/starlette/routing.py", line 736, in app
    await route.handle(scope, receive, send)
  File "/usr/local/lib/python3.12/site-packages/starlette/routing.py", line 290, in handle
    await self.app(scope, receive, send)
  File "/usr/local/lib/python3.12/site-packages/fastapi/routing.py", line 120, in app
    await wrap_app_handling_exceptions(app, request)(scope, receive, send)
  File "/usr/local/lib/python3.12/site-packages/starlette/_exception_handler.py", line 59, in wrapped_app
    response = await handler(conn, exc)
               ^^^^^^^^^^^^^^^^^^^^^^^^
  File "/usr/local/lib/python3.12/site-packages/fastapi/exception_handlers.py", line 23, in request_validation_exception_handler
    return JSONResponse(
           ^^^^^^^^^^^^^
  File "/usr/local/lib/python3.12/site-packages/starlette/responses.py", line 189, in __init__
    super().__init__(content, status_code, headers, media_type, background)
  File "/usr/local/lib/python3.12/site-packages/starlette/responses.py", line 46, in __init__
    self.body = self.render(content)
                ^^^^^^^^^^^^^^^^^^^^
  File "/usr/local/lib/python3.12/site-packages/starlette/responses.py", line 192, in render
    return json.dumps(
           ^^^^^^^^^^^
  File "/usr/local/lib/python3.12/json/__init__.py", line 238, in dumps
    **kw).encode(obj)
          ^^^^^^^^^^^
  File "/usr/local/lib/python3.12/json/encoder.py", line 200, in encode
    chunks = self.iterencode(o, _one_shot=True)
             ^^^^^^^^^^^^^^^^^^^^^^^^^^^^^^^^^^
  File "/usr/local/lib/python3.12/json/encoder.py", line 258, in iterencode
    return _iterencode(o, 0)
           ^^^^^^^^^^^^^^^^^
ValueError: Out of range float values are not JSON compliant: nan
[2025-12-20 13:25:24] [INFO] REQ: POST /predict - Status: 200 - Czas: 563.84ms
[2025-12-20 13:25:24] [INFO] REQ: POST /predict - Status: 200 - Czas: 563.95ms
[2025-12-20 13:25:24] [INFO] REQ: POST /predict - Status: 200 - Czas: 564.06ms
[2025-12-20 13:25:24] [INFO] REQ: POST /predict - Status: 200 - Czas: 564.19ms
[2025-12-20 13:25:24] [INFO] REQ: POST /predict - Status: 200 - Czas: 564.32ms
[2025-12-20 13:25:24] [INFO] REQ: POST /predict - Status: 200 - Czas: 564.43ms
[2025-12-20 13:25:24] [INFO] REQ: POST /predict - Status: 200 - Czas: 564.48ms
[2025-12-20 13:25:25] [INFO] REQ: POST /predict - Status: 200 - Czas: 918.67ms
[2025-12-20 13:25:25] [INFO] REQ: POST /predict - Status: 200 - Czas: 919.07ms
[2025-12-20 13:25:25] [INFO] REQ: POST /predict - Status: 200 - Czas: 919.20ms
[2025-12-20 13:25:25] [INFO] REQ: POST /predict - Status: 200 - Czas: 919.31ms
[2025-12-20 13:25:25] [INFO] REQ: POST /predict - Status: 200 - Czas: 919.45ms
[2025-12-20 13:25:25] [INFO] REQ: POST /predict - Status: 200 - Czas: 919.50ms
[2025-12-20 13:25:25] [INFO] REQ: POST /predict - Status: 200 - Czas: 919.60ms
[2025-12-20 13:25:25] [INFO] REQ: POST /predict - Status: 200 - Czas: 919.72ms
[2025-12-20 13:25:25] [INFO] REQ: POST /predict - Status: 200 - Czas: 919.84ms
[2025-12-20 13:25:25] [INFO] REQ: POST /predict - Status: 200 - Czas: 919.96ms
[2025-12-20 13:25:25] [INFO] REQ: POST /predict - Status: 200 - Czas: 920.09ms
[2025-12-20 13:25:25] [INFO] REQ: POST /predict - Status: 200 - Czas: 920.23ms
[2025-12-20 13:25:25] [INFO] REQ: POST /predict - Status: 200 - Czas: 920.35ms
[2025-12-20 13:25:25] [INFO] REQ: POST /predict - Status: 200 - Czas: 920.48ms
[2025-12-20 13:25:25] [INFO] REQ: POST /predict - Status: 200 - Czas: 920.63ms
[2025-12-20 13:25:25] [INFO] REQ: POST /predict - Status: 200 - Czas: 920.71ms
[2025-12-20 13:25:25] [INFO] REQ: POST /predict - Status: 200 - Czas: 920.84ms
[2025-12-20 13:25:25] [INFO] REQ: POST /predict - Status: 200 - Czas: 1084.65ms
[2025-12-20 13:25:25] [INFO] REQ: POST /predict - Status: 200 - Czas: 1084.97ms
[2025-12-20 13:25:25] [INFO] REQ: POST /predict - Status: 200 - Czas: 1085.10ms
[2025-12-20 13:25:25] [INFO] REQ: POST /predict - Status: 200 - Czas: 1085.20ms
[2025-12-20 13:25:25] [INFO] REQ: POST /predict - Status: 200 - Czas: 1085.31ms
[2025-12-20 13:25:25] [INFO] REQ: POST /predict - Status: 200 - Czas: 1085.47ms
[2025-12-20 13:25:25] [INFO] REQ: POST /predict - Status: 200 - Czas: 1085.60ms
[2025-12-20 13:25:25] [INFO] REQ: POST /predict - Status: 200 - Czas: 1085.65ms
[2025-12-20 13:25:25] [INFO] REQ: POST /predict - Status: 200 - Czas: 1085.79ms
[2025-12-20 13:25:25] [INFO] REQ: POST /predict - Status: 200 - Czas: 1085.90ms
[2025-12-20 13:25:25] [INFO] REQ: POST /predict - Status: 200 - Czas: 1086.01ms
[2025-12-20 13:25:25] [INFO] REQ: POST /predict - Status: 200 - Czas: 1086.14ms
[2025-12-20 13:25:25] [INFO] REQ: POST /predict - Status: 200 - Czas: 1086.25ms
[2025-12-20 13:25:25] [INFO] REQ: POST /predict - Status: 200 - Czas: 1086.39ms
[2025-12-20 13:25:25] [INFO] REQ: POST /predict - Status: 200 - Czas: 1086.50ms
[2025-12-20 13:25:25] [INFO] REQ: POST /predict - Status: 200 - Czas: 1086.61ms
[2025-12-20 13:25:25] [INFO] REQ: POST /predict - Status: 200 - Czas: 1086.76ms
[2025-12-20 13:25:25] [INFO] REQ: POST /predict - Status: 200 - Czas: 1085.52ms
[2025-12-20 13:25:25] [INFO] REQ: POST /predict - Status: 200 - Czas: 1085.63ms
[2025-12-20 13:25:25] [INFO] REQ: POST /predict - Status: 200 - Czas: 1085.74ms
[2025-12-20 13:25:25] [INFO] REQ: POST /predict - Status: 200 - Czas: 1085.87ms
[2025-12-20 13:25:25] [INFO] REQ: POST /predict - Status: 200 - Czas: 1085.99ms
[2025-12-20 13:25:25] [INFO] REQ: POST /predict - Status: 200 - Czas: 1086.15ms
[2025-12-20 13:25:25] [INFO] REQ: POST /predict - Status: 200 - Czas: 1086.26ms
[2025-12-20 13:25:25] [INFO] REQ: POST /predict - Status: 200 - Czas: 1086.36ms
[2025-12-20 13:25:25] [INFO] REQ: POST /predict - Status: 200 - Czas: 1086.48ms
[2025-12-20 13:25:25] [INFO] REQ: POST /predict - Status: 200 - Czas: 1086.58ms
[2025-12-20 13:25:25] [INFO] REQ: POST /predict - Status: 200 - Czas: 1086.63ms
[2025-12-20 13:25:25] [INFO] REQ: POST /predict - Status: 200 - Czas: 1086.76ms
[2025-12-20 13:25:25] [INFO] REQ: POST /predict - Status: 200 - Czas: 1086.89ms
[2025-12-20 13:25:25] [INFO] REQ: POST /predict - Status: 200 - Czas: 1084.85ms
[2025-12-20 13:25:25] [INFO] REQ: POST /predict - Status: 200 - Czas: 1084.99ms
[2025-12-20 13:25:25] [INFO] REQ: POST /predict - Status: 200 - Czas: 1085.09ms
[2025-12-20 13:25:25] [INFO] REQ: POST /predict - Status: 200 - Czas: 1085.18ms
[2025-12-20 13:25:25] [INFO] REQ: POST /predict - Status: 200 - Czas: 1085.28ms
[2025-12-20 13:25:25] [INFO] REQ: POST /predict - Status: 200 - Czas: 1085.39ms
[2025-12-20 13:25:25] [INFO] REQ: POST /predict - Status: 200 - Czas: 1085.52ms
[2025-12-20 13:25:25] [INFO] REQ: POST /predict - Status: 200 - Czas: 1085.62ms
[2025-12-20 13:25:25] [INFO] REQ: POST /predict - Status: 200 - Czas: 1085.72ms
[2025-12-20 13:25:25] [INFO] REQ: POST /predict - Status: 200 - Czas: 1085.81ms
[2025-12-20 13:25:25] [INFO] REQ: POST /predict - Status: 200 - Czas: 1085.87ms
[2025-12-20 13:25:25] [INFO] REQ: POST /predict - Status: 200 - Czas: 1085.98ms
