[2025-12-20 13:20:44] [INFO] [Ray] Initializing service... Loading models...
[2025-12-20 13:20:44] [INFO] ML model and tokenizer loaded successfully.
[2025-12-20 13:20:44] [INFO] [Ray] Models loaded successfully.
[2025-12-20 13:22:20] [INFO] REQ: POST /predict - Status: 200 - Czas: 78.94ms
[2025-12-20 13:22:20] [INFO] REQ: POST /predict - Status: 200 - Czas: 130.94ms
[2025-12-20 13:22:20] [INFO] REQ: POST /predict - Status: 200 - Czas: 131.39ms
[2025-12-20 13:22:20] [INFO] REQ: POST /predict - Status: 200 - Czas: 131.57ms
[2025-12-20 13:22:20] [INFO] REQ: POST /predict - Status: 200 - Czas: 130.40ms
[2025-12-20 13:22:20] [INFO] REQ: POST /predict - Status: 200 - Czas: 37.88ms
[2025-12-20 13:22:20] [INFO] REQ: POST /predict - Status: 200 - Czas: 98.84ms
[2025-12-20 13:22:20] [INFO] REQ: POST /predict - Status: 200 - Czas: 96.49ms
[2025-12-20 13:22:20] [INFO] REQ: POST /predict - Status: 200 - Czas: 96.80ms
[2025-12-20 13:22:20] [INFO] REQ: POST /predict - Status: 200 - Czas: 91.47ms
[2025-12-20 13:22:20] [INFO] REQ: POST /predict - Status: 200 - Czas: 39.00ms
[2025-12-20 13:22:20] [INFO] REQ: POST /predict - Status: 200 - Czas: 50.48ms
[2025-12-20 13:22:20] [INFO] REQ: POST /predict - Status: 200 - Czas: 68.81ms
[2025-12-20 13:22:20] [INFO] REQ: POST /predict - Status: 200 - Czas: 69.92ms
[2025-12-20 13:22:20] [INFO] REQ: POST /predict - Status: 200 - Czas: 70.58ms
[2025-12-20 13:22:20] [INFO] REQ: POST /predict - Status: 200 - Czas: 18.39ms
[2025-12-20 13:22:20] [INFO] REQ: POST /predict - Status: 200 - Czas: 36.43ms
[2025-12-20 13:22:20] [INFO] REQ: POST /predict - Status: 200 - Czas: 43.64ms
[2025-12-20 13:22:20] [INFO] REQ: POST /predict - Status: 200 - Czas: 55.04ms
[2025-12-20 13:22:20] [INFO] REQ: POST /predict - Status: 200 - Czas: 56.75ms
[2025-12-20 13:22:20] [INFO] REQ: POST /predict - Status: 200 - Czas: 48.63ms
[2025-12-20 13:22:20] [INFO] REQ: POST /predict - Status: 200 - Czas: 37.28ms
[2025-12-20 13:22:20] [INFO] REQ: POST /predict - Status: 200 - Czas: 32.11ms
[2025-12-20 13:22:20] [INFO] REQ: POST /predict - Status: 200 - Czas: 43.75ms
[2025-12-20 13:22:20] [INFO] REQ: POST /predict - Status: 200 - Czas: 62.73ms
[2025-12-20 13:22:20] [INFO] REQ: POST /predict - Status: 200 - Czas: 52.61ms
[2025-12-20 13:22:20] [INFO] REQ: POST /predict - Status: 200 - Czas: 52.80ms
[2025-12-20 13:22:20] [INFO] REQ: POST /predict - Status: 200 - Czas: 26.44ms
[2025-12-20 13:22:20] [INFO] REQ: POST /predict - Status: 200 - Czas: 38.38ms
[2025-12-20 13:22:20] [INFO] REQ: POST /predict - Status: 200 - Czas: 58.51ms
[2025-12-20 13:22:21] [INFO] REQ: POST /predict - Status: 200 - Czas: 67.45ms
[2025-12-20 13:22:21] [INFO] REQ: POST /predict - Status: 200 - Czas: 68.90ms
[2025-12-20 13:22:21] [INFO] REQ: POST /predict - Status: 200 - Czas: 40.52ms
[2025-12-20 13:22:21] [INFO] REQ: POST /predict - Status: 200 - Czas: 41.26ms
[2025-12-20 13:22:21] [INFO] REQ: POST /predict - Status: 200 - Czas: 14.87ms
[2025-12-20 13:22:21] [INFO] REQ: POST /predict - Status: 200 - Czas: 58.33ms
[2025-12-20 13:22:21] [INFO] REQ: POST /predict - Status: 200 - Czas: 58.54ms
[2025-12-20 13:22:21] [INFO] REQ: POST /predict - Status: 200 - Czas: 59.09ms
[2025-12-20 13:22:21] [INFO] REQ: POST /predict - Status: 200 - Czas: 29.73ms
[2025-12-20 13:22:21] [INFO] REQ: POST /predict - Status: 200 - Czas: 26.56ms
[2025-12-20 13:22:21] [INFO] REQ: POST /predict - Status: 200 - Czas: 44.83ms
[2025-12-20 13:22:21] [INFO] REQ: POST /predict - Status: 200 - Czas: 61.84ms
[2025-12-20 13:22:21] [INFO] REQ: POST /predict - Status: 200 - Czas: 62.62ms
[2025-12-20 13:22:21] [INFO] REQ: POST /predict - Status: 200 - Czas: 63.49ms
[2025-12-20 13:22:21] [INFO] REQ: POST /predict - Status: 200 - Czas: 23.09ms
[2025-12-20 13:22:21] [INFO] REQ: POST /predict - Status: 200 - Czas: 32.98ms
[2025-12-20 13:22:21] [INFO] REQ: POST /predict - Status: 200 - Czas: 16.36ms
[2025-12-20 13:22:21] [INFO] REQ: POST /predict - Status: 200 - Czas: 56.78ms
[2025-12-20 13:22:21] [INFO] REQ: POST /predict - Status: 200 - Czas: 56.94ms
[2025-12-20 13:22:21] [INFO] REQ: POST /predict - Status: 200 - Czas: 57.64ms
[2025-12-20 13:22:21] [INFO] REQ: POST /predict - Status: 200 - Czas: 18.05ms
[2025-12-20 13:22:21] [INFO] REQ: POST /predict - Status: 200 - Czas: 30.99ms
[2025-12-20 13:22:21] [INFO] REQ: POST /predict - Status: 200 - Czas: 47.70ms
[2025-12-20 13:22:21] [INFO] REQ: POST /predict - Status: 200 - Czas: 54.65ms
[2025-12-20 13:22:21] [INFO] REQ: POST /predict - Status: 200 - Czas: 56.17ms
[2025-12-20 13:22:21] [INFO] REQ: POST /predict - Status: 200 - Czas: 56.52ms
[2025-12-20 13:22:21] [INFO] REQ: POST /predict - Status: 200 - Czas: 17.75ms
[2025-12-20 13:22:21] [INFO] REQ: POST /predict - Status: 200 - Czas: 45.89ms
[2025-12-20 13:22:21] [INFO] REQ: POST /predict - Status: 200 - Czas: 47.00ms
[2025-12-20 13:22:21] [INFO] REQ: POST /predict - Status: 200 - Czas: 59.41ms
[2025-12-20 13:22:21] [INFO] REQ: POST /predict - Status: 200 - Czas: 55.48ms
[2025-12-20 13:22:21] [INFO] REQ: POST /predict - Status: 200 - Czas: 29.35ms
[2025-12-20 13:22:21] [INFO] REQ: POST /predict - Status: 200 - Czas: 20.99ms
[2025-12-20 13:22:21] [INFO] REQ: POST /predict - Status: 200 - Czas: 52.68ms
[2025-12-20 13:22:21] [INFO] REQ: POST /predict - Status: 200 - Czas: 73.93ms
[2025-12-20 13:22:21] [INFO] REQ: POST /predict - Status: 200 - Czas: 77.68ms
[2025-12-20 13:22:21] [INFO] REQ: POST /predict - Status: 200 - Czas: 75.80ms
[2025-12-20 13:22:21] [INFO] REQ: POST /predict - Status: 200 - Czas: 18.59ms
[2025-12-20 13:22:21] [INFO] REQ: POST /predict - Status: 200 - Czas: 31.53ms
[2025-12-20 13:22:21] [INFO] REQ: POST /predict - Status: 200 - Czas: 83.69ms
[2025-12-20 13:22:21] [INFO] REQ: POST /predict - Status: 200 - Czas: 81.46ms
[2025-12-20 13:22:21] [INFO] REQ: POST /predict - Status: 200 - Czas: 78.00ms
[2025-12-20 13:22:21] [INFO] REQ: POST /predict - Status: 200 - Czas: 73.12ms
[2025-12-20 13:22:21] [INFO] REQ: POST /predict - Status: 200 - Czas: 34.18ms
[2025-12-20 13:22:21] [INFO] REQ: POST /predict - Status: 200 - Czas: 70.33ms
[2025-12-20 13:22:21] [INFO] REQ: POST /predict - Status: 200 - Czas: 80.92ms
[2025-12-20 13:22:21] [INFO] REQ: POST /predict - Status: 200 - Czas: 91.74ms
[2025-12-20 13:22:21] [INFO] REQ: POST /predict - Status: 200 - Czas: 65.33ms
[2025-12-20 13:22:21] [INFO] REQ: POST /predict - Status: 200 - Czas: 30.94ms
[2025-12-20 13:22:22] [INFO] REQ: POST /predict - Status: 200 - Czas: 86.82ms
[2025-12-20 13:22:22] [INFO] REQ: POST /predict - Status: 200 - Czas: 86.48ms
[2025-12-20 13:22:22] [INFO] REQ: POST /predict - Status: 200 - Czas: 86.53ms
[2025-12-20 13:22:22] [INFO] REQ: POST /predict - Status: 200 - Czas: 83.80ms
[2025-12-20 13:22:22] [INFO] REQ: POST /predict - Status: 200 - Czas: 32.64ms
[2025-12-20 13:22:22] [INFO] REQ: POST /predict - Status: 200 - Czas: 53.52ms
[2025-12-20 13:22:22] [INFO] REQ: POST /predict - Status: 200 - Czas: 86.66ms
[2025-12-20 13:22:22] [INFO] REQ: POST /predict - Status: 200 - Czas: 90.01ms
[2025-12-20 13:22:22] [INFO] REQ: POST /predict - Status: 200 - Czas: 104.35ms
[2025-12-20 13:22:22] [INFO] REQ: POST /predict - Status: 200 - Czas: 15.16ms
[2025-12-20 13:22:22] [INFO] REQ: POST /predict - Status: 200 - Czas: 18.23ms
[2025-12-20 13:22:22] [INFO] REQ: POST /predict - Status: 200 - Czas: 46.03ms
[2025-12-20 13:22:22] [INFO] REQ: POST /predict - Status: 200 - Czas: 43.59ms
[2025-12-20 13:22:22] [INFO] REQ: POST /predict - Status: 200 - Czas: 67.06ms
[2025-12-20 13:22:22] [INFO] REQ: POST /predict - Status: 200 - Czas: 64.77ms
[2025-12-20 13:22:22] [INFO] REQ: POST /predict - Status: 200 - Czas: 17.84ms
[2025-12-20 13:22:22] [INFO] REQ: POST /predict - Status: 200 - Czas: 27.64ms
[2025-12-20 13:22:22] [INFO] REQ: POST /predict - Status: 200 - Czas: 50.57ms
[2025-12-20 13:22:22] [INFO] REQ: POST /predict - Status: 200 - Czas: 73.89ms
[2025-12-20 13:22:22] [INFO] REQ: POST /predict - Status: 200 - Czas: 74.27ms
[2025-12-20 13:22:22] [INFO] REQ: POST /predict - Status: 200 - Czas: 74.55ms
[2025-12-20 13:22:22] [INFO] REQ: POST /predict - Status: 200 - Czas: 18.26ms
[2025-12-20 13:22:22] [INFO] REQ: POST /predict - Status: 200 - Czas: 22.04ms
[2025-12-20 13:22:22] [INFO] REQ: POST /predict - Status: 200 - Czas: 54.45ms
[2025-12-20 13:22:22] [INFO] REQ: POST /predict - Status: 200 - Czas: 54.78ms
[2025-12-20 13:22:22] [INFO] REQ: POST /predict - Status: 200 - Czas: 76.39ms
[2025-12-20 13:22:22] [INFO] REQ: POST /predict - Status: 200 - Czas: 76.48ms
[2025-12-20 13:22:22] [INFO] REQ: POST /predict - Status: 200 - Czas: 12.89ms
[2025-12-20 13:22:22] [INFO] REQ: POST /predict - Status: 200 - Czas: 19.92ms
[2025-12-20 13:22:22] [INFO] REQ: POST /predict - Status: 200 - Czas: 31.56ms
[2025-12-20 13:22:22] [INFO] REQ: POST /predict - Status: 200 - Czas: 29.01ms
[2025-12-20 13:22:22] [INFO] REQ: POST /predict - Status: 200 - Czas: 39.91ms
[2025-12-20 13:22:22] [INFO] REQ: POST /predict - Status: 200 - Czas: 40.00ms
[2025-12-20 13:22:22] [INFO] REQ: POST /predict - Status: 200 - Czas: 36.51ms
[2025-12-20 13:22:22] [INFO] REQ: POST /predict - Status: 200 - Czas: 26.76ms
[2025-12-20 13:22:22] [INFO] REQ: POST /predict - Status: 200 - Czas: 17.49ms
[2025-12-20 13:22:22] [INFO] REQ: POST /predict - Status: 200 - Czas: 47.61ms
[2025-12-20 13:22:22] [INFO] REQ: POST /predict - Status: 200 - Czas: 46.87ms
[2025-12-20 13:22:22] [INFO] REQ: POST /predict - Status: 200 - Czas: 63.61ms
[2025-12-20 13:22:22] [INFO] REQ: POST /predict - Status: 200 - Czas: 72.31ms
[2025-12-20 13:22:22] [INFO] REQ: POST /predict - Status: 200 - Czas: 15.55ms
[2025-12-20 13:22:22] [INFO] REQ: POST /predict - Status: 200 - Czas: 31.53ms
[2025-12-20 13:22:22] [INFO] REQ: POST /predict - Status: 200 - Czas: 66.26ms
[2025-12-20 13:22:22] [INFO] REQ: POST /predict - Status: 200 - Czas: 62.07ms
[2025-12-20 13:22:22] [INFO] REQ: POST /predict - Status: 200 - Czas: 61.59ms
[2025-12-20 13:22:22] [INFO] REQ: POST /predict - Status: 200 - Czas: 55.27ms
[2025-12-20 13:22:22] [INFO] REQ: POST /predict - Status: 200 - Czas: 26.40ms
[2025-12-20 13:22:22] [INFO] REQ: POST /predict - Status: 200 - Czas: 37.35ms
[2025-12-20 13:22:22] [INFO] REQ: POST /predict - Status: 200 - Czas: 51.46ms
[2025-12-20 13:22:22] [INFO] REQ: POST /predict - Status: 200 - Czas: 80.82ms
[2025-12-20 13:22:22] [INFO] REQ: POST /predict - Status: 200 - Czas: 80.49ms
[2025-12-20 13:22:22] [INFO] REQ: POST /predict - Status: 200 - Czas: 17.40ms
[2025-12-20 13:22:23] [INFO] REQ: POST /predict - Status: 200 - Czas: 26.96ms
[2025-12-20 13:22:23] [INFO] REQ: POST /predict - Status: 200 - Czas: 39.42ms
[2025-12-20 13:22:23] [INFO] REQ: POST /predict - Status: 200 - Czas: 69.55ms
[2025-12-20 13:22:23] [INFO] REQ: POST /predict - Status: 200 - Czas: 70.02ms
[2025-12-20 13:22:23] [INFO] REQ: POST /predict - Status: 200 - Czas: 65.93ms
[2025-12-20 13:22:23] [INFO] REQ: POST /predict - Status: 200 - Czas: 24.97ms
[2025-12-20 13:22:23] [INFO] REQ: POST /predict - Status: 200 - Czas: 41.76ms
[2025-12-20 13:22:23] [INFO] REQ: POST /predict - Status: 200 - Czas: 61.11ms
[2025-12-20 13:22:23] [INFO] REQ: POST /predict - Status: 200 - Czas: 61.46ms
[2025-12-20 13:22:23] [INFO] REQ: POST /predict - Status: 200 - Czas: 61.68ms
[2025-12-20 13:22:23] [INFO] REQ: POST /predict - Status: 200 - Czas: 17.38ms
[2025-12-20 13:22:23] [INFO] REQ: POST /predict - Status: 200 - Czas: 15.38ms
[2025-12-20 13:22:23] [INFO] REQ: POST /predict - Status: 200 - Czas: 29.11ms
[2025-12-20 13:22:23] [INFO] REQ: POST /predict - Status: 200 - Czas: 66.73ms
[2025-12-20 13:22:23] [INFO] REQ: POST /predict - Status: 200 - Czas: 66.57ms
[2025-12-20 13:22:23] [INFO] REQ: POST /predict - Status: 200 - Czas: 70.66ms
[2025-12-20 13:22:23] [INFO] REQ: POST /predict - Status: 200 - Czas: 71.75ms
[2025-12-20 13:22:23] [INFO] REQ: POST /predict - Status: 200 - Czas: 16.67ms
[2025-12-20 13:22:23] [INFO] REQ: POST /predict - Status: 200 - Czas: 32.34ms
[2025-12-20 13:22:23] [INFO] REQ: POST /predict - Status: 200 - Czas: 74.93ms
[2025-12-20 13:22:23] [INFO] REQ: POST /predict - Status: 200 - Czas: 75.43ms
[2025-12-20 13:22:23] [INFO] REQ: POST /predict - Status: 200 - Czas: 71.56ms
[2025-12-20 13:22:23] [INFO] REQ: POST /predict - Status: 200 - Czas: 59.47ms
[2025-12-20 13:22:23] [INFO] REQ: POST /predict - Status: 200 - Czas: 13.60ms
[2025-12-20 13:22:23] [INFO] REQ: POST /predict - Status: 200 - Czas: 19.01ms
[2025-12-20 13:22:23] [INFO] REQ: POST /predict - Status: 200 - Czas: 38.56ms
[2025-12-20 13:22:23] [INFO] REQ: POST /predict - Status: 200 - Czas: 37.92ms
[2025-12-20 13:22:23] [INFO] REQ: POST /predict - Status: 200 - Czas: 53.82ms
[2025-12-20 13:22:23] [INFO] REQ: POST /predict - Status: 200 - Czas: 54.45ms
[2025-12-20 13:22:23] [INFO] REQ: POST /predict - Status: 200 - Czas: 27.98ms
[2025-12-20 13:22:23] [INFO] REQ: POST /predict - Status: 200 - Czas: 49.18ms
[2025-12-20 13:22:23] [INFO] REQ: POST /predict - Status: 200 - Czas: 58.31ms
[2025-12-20 13:22:23] [INFO] REQ: POST /predict - Status: 200 - Czas: 85.47ms
[2025-12-20 13:22:23] [INFO] REQ: POST /predict - Status: 200 - Czas: 68.17ms
[2025-12-20 13:22:23] [INFO] REQ: POST /predict - Status: 200 - Czas: 17.12ms
[2025-12-20 13:22:23] [INFO] REQ: POST /predict - Status: 200 - Czas: 67.23ms
[2025-12-20 13:22:23] [INFO] REQ: POST /predict - Status: 200 - Czas: 68.06ms
[2025-12-20 13:22:23] [INFO] REQ: POST /predict - Status: 200 - Czas: 68.41ms
[2025-12-20 13:22:23] [INFO] REQ: POST /predict - Status: 200 - Czas: 75.85ms
[2025-12-20 13:22:23] [INFO] REQ: POST /predict - Status: 200 - Czas: 25.36ms
[2025-12-20 13:22:23] [INFO] REQ: POST /predict - Status: 200 - Czas: 44.53ms
[2025-12-20 13:22:23] [INFO] REQ: POST /predict - Status: 200 - Czas: 63.35ms
[2025-12-20 13:22:23] [INFO] REQ: POST /predict - Status: 200 - Czas: 57.53ms
[2025-12-20 13:22:23] [INFO] REQ: POST /predict - Status: 200 - Czas: 55.34ms
[2025-12-20 13:22:23] [INFO] REQ: POST /predict - Status: 200 - Czas: 22.32ms
[2025-12-20 13:22:23] [INFO] REQ: POST /predict - Status: 200 - Czas: 66.88ms
[2025-12-20 13:22:23] [INFO] REQ: POST /predict - Status: 200 - Czas: 87.47ms
[2025-12-20 13:22:23] [INFO] REQ: POST /predict - Status: 200 - Czas: 86.93ms
[2025-12-20 13:22:23] [INFO] REQ: POST /predict - Status: 200 - Czas: 84.20ms
[2025-12-20 13:22:23] [INFO] REQ: POST /predict - Status: 200 - Czas: 107.87ms
[2025-12-20 13:22:23] [INFO] REQ: POST /predict - Status: 200 - Czas: 31.15ms
[2025-12-20 13:22:24] [INFO] REQ: POST /predict - Status: 200 - Czas: 92.96ms
[2025-12-20 13:22:24] [INFO] REQ: POST /predict - Status: 200 - Czas: 90.87ms
[2025-12-20 13:22:24] [INFO] REQ: POST /predict - Status: 200 - Czas: 89.67ms
[2025-12-20 13:22:24] [INFO] REQ: POST /predict - Status: 200 - Czas: 89.47ms
[2025-12-20 13:22:24] [INFO] REQ: POST /predict - Status: 200 - Czas: 14.27ms
[2025-12-20 13:22:24] [INFO] REQ: POST /predict - Status: 200 - Czas: 15.11ms
[2025-12-20 13:22:24] [INFO] REQ: POST /predict - Status: 200 - Czas: 17.69ms
[2025-12-20 13:22:24] [INFO] REQ: POST /predict - Status: 200 - Czas: 53.68ms
[2025-12-20 13:22:24] [INFO] REQ: POST /predict - Status: 200 - Czas: 53.88ms
[2025-12-20 13:22:24] [INFO] REQ: POST /predict - Status: 200 - Czas: 49.98ms
[2025-12-20 13:22:24] [INFO] REQ: POST /predict - Status: 200 - Czas: 45.68ms
[2025-12-20 13:22:24] [INFO] REQ: POST /predict - Status: 200 - Czas: 45.56ms
[2025-12-20 13:22:24] [INFO] REQ: POST /predict - Status: 200 - Czas: 67.96ms
[2025-12-20 13:22:24] [INFO] REQ: POST /predict - Status: 200 - Czas: 69.33ms
[2025-12-20 13:22:24] [INFO] REQ: POST /predict - Status: 200 - Czas: 91.29ms
[2025-12-20 13:22:24] [INFO] REQ: POST /predict - Status: 200 - Czas: 90.93ms
[2025-12-20 13:22:24] [INFO] REQ: POST /predict - Status: 200 - Czas: 30.15ms
[2025-12-20 13:22:24] [INFO] REQ: POST /predict - Status: 200 - Czas: 87.55ms
[2025-12-20 13:22:24] [INFO] REQ: POST /predict - Status: 200 - Czas: 84.71ms
[2025-12-20 13:22:24] [INFO] REQ: POST /predict - Status: 200 - Czas: 82.55ms
[2025-12-20 13:22:24] [INFO] REQ: POST /predict - Status: 200 - Czas: 82.89ms
[2025-12-20 13:22:24] [INFO] REQ: POST /predict - Status: 200 - Czas: 27.72ms
[2025-12-20 13:22:24] [INFO] REQ: POST /predict - Status: 200 - Czas: 71.36ms
[2025-12-20 13:22:24] [INFO] REQ: POST /predict - Status: 200 - Czas: 69.75ms
[2025-12-20 13:22:24] [INFO] REQ: POST /predict - Status: 200 - Czas: 69.94ms
[2025-12-20 13:22:24] [INFO] REQ: POST /predict - Status: 200 - Czas: 91.11ms
[2025-12-20 13:22:24] [INFO] REQ: POST /predict - Status: 200 - Czas: 24.23ms
[2025-12-20 13:22:24] [INFO] REQ: POST /predict - Status: 200 - Czas: 25.04ms
[2025-12-20 13:22:24] [INFO] REQ: POST /predict - Status: 200 - Czas: 74.31ms
[2025-12-20 13:22:24] [INFO] REQ: POST /predict - Status: 200 - Czas: 74.50ms
[2025-12-20 13:22:24] [INFO] REQ: POST /predict - Status: 200 - Czas: 74.88ms
[2025-12-20 13:22:24] [INFO] REQ: POST /predict - Status: 200 - Czas: 65.91ms
[2025-12-20 13:22:24] [INFO] REQ: POST /predict - Status: 200 - Czas: 16.36ms
[2025-12-20 13:22:24] [INFO] REQ: POST /predict - Status: 200 - Czas: 27.94ms
[2025-12-20 13:22:24] [INFO] REQ: POST /predict - Status: 200 - Czas: 63.68ms
[2025-12-20 13:22:24] [INFO] REQ: POST /predict - Status: 200 - Czas: 64.70ms
[2025-12-20 13:22:24] [INFO] REQ: POST /predict - Status: 200 - Czas: 65.08ms
[2025-12-20 13:22:24] [INFO] REQ: POST /predict - Status: 200 - Czas: 63.53ms
[2025-12-20 13:22:24] [INFO] REQ: POST /predict - Status: 200 - Czas: 15.72ms
[2025-12-20 13:22:24] [INFO] REQ: POST /predict - Status: 200 - Czas: 26.41ms
[2025-12-20 13:22:24] [INFO] REQ: POST /predict - Status: 200 - Czas: 47.60ms
[2025-12-20 13:22:24] [INFO] REQ: POST /predict - Status: 200 - Czas: 45.01ms
[2025-12-20 13:22:24] [INFO] REQ: POST /predict - Status: 200 - Czas: 44.32ms
[2025-12-20 13:22:24] [INFO] REQ: POST /predict - Status: 200 - Czas: 44.02ms
[2025-12-20 13:22:24] [INFO] REQ: POST /predict - Status: 200 - Czas: 25.40ms
[2025-12-20 13:22:24] [INFO] REQ: POST /predict - Status: 200 - Czas: 37.00ms
[2025-12-20 13:22:24] [INFO] REQ: POST /predict - Status: 200 - Czas: 38.18ms
[2025-12-20 13:22:24] [INFO] REQ: POST /predict - Status: 200 - Czas: 82.78ms
[2025-12-20 13:22:24] [INFO] REQ: POST /predict - Status: 200 - Czas: 83.03ms
[2025-12-20 13:22:24] [INFO] REQ: POST /predict - Status: 200 - Czas: 67.45ms
[2025-12-20 13:22:24] [INFO] REQ: POST /predict - Status: 200 - Czas: 31.04ms
[2025-12-20 13:22:25] [INFO] REQ: POST /predict - Status: 200 - Czas: 85.34ms
[2025-12-20 13:22:25] [INFO] REQ: POST /predict - Status: 200 - Czas: 85.41ms
[2025-12-20 13:22:25] [INFO] REQ: POST /predict - Status: 200 - Czas: 81.36ms
[2025-12-20 13:22:25] [INFO] REQ: POST /predict - Status: 200 - Czas: 69.70ms
[2025-12-20 13:22:25] [INFO] REQ: POST /predict - Status: 200 - Czas: 14.05ms
[2025-12-20 13:22:25] [INFO] REQ: POST /predict - Status: 200 - Czas: 26.13ms
[2025-12-20 13:22:25] [INFO] REQ: POST /predict - Status: 200 - Czas: 52.81ms
[2025-12-20 13:22:25] [INFO] REQ: POST /predict - Status: 200 - Czas: 52.42ms
[2025-12-20 13:22:25] [INFO] REQ: POST /predict - Status: 200 - Czas: 51.57ms
[2025-12-20 13:22:25] [INFO] REQ: POST /predict - Status: 200 - Czas: 54.50ms
[2025-12-20 13:22:25] [INFO] REQ: POST /predict - Status: 200 - Czas: 14.38ms
[2025-12-20 13:22:25] [INFO] REQ: POST /predict - Status: 200 - Czas: 46.57ms
[2025-12-20 13:22:25] [INFO] REQ: POST /predict - Status: 200 - Czas: 47.76ms
[2025-12-20 13:22:25] [INFO] REQ: POST /predict - Status: 200 - Czas: 116.91ms
[2025-12-20 13:22:25] [INFO] REQ: POST /predict - Status: 200 - Czas: 160.30ms
[2025-12-20 13:22:25] [INFO] REQ: POST /predict - Status: 200 - Czas: 159.06ms
[2025-12-20 13:22:25] [INFO] REQ: POST /predict - Status: 200 - Czas: 22.82ms
[2025-12-20 13:22:25] [INFO] REQ: POST /predict - Status: 200 - Czas: 60.95ms
[2025-12-20 13:22:25] [INFO] REQ: POST /predict - Status: 200 - Czas: 56.56ms
[2025-12-20 13:22:25] [INFO] REQ: POST /predict - Status: 200 - Czas: 25.46ms
[2025-12-20 13:22:25] [INFO] REQ: POST /predict - Status: 200 - Czas: 26.48ms
[2025-12-20 13:22:25] [INFO] REQ: POST /predict - Status: 200 - Czas: 22.48ms
[2025-12-20 13:22:25] [INFO] REQ: POST /predict - Status: 200 - Czas: 17.14ms
[2025-12-20 13:22:25] [INFO] REQ: POST /predict - Status: 200 - Czas: 52.96ms
[2025-12-20 13:22:25] [INFO] REQ: POST /predict - Status: 200 - Czas: 53.29ms
[2025-12-20 13:22:25] [INFO] REQ: POST /predict - Status: 200 - Czas: 53.63ms
[2025-12-20 13:22:25] [INFO] REQ: POST /predict - Status: 200 - Czas: 46.63ms
[2025-12-20 13:22:25] [INFO] REQ: POST /predict - Status: 200 - Czas: 31.25ms
[2025-12-20 13:22:25] [INFO] REQ: POST /predict - Status: 200 - Czas: 46.56ms
[2025-12-20 13:22:25] [INFO] REQ: POST /predict - Status: 200 - Czas: 55.99ms
[2025-12-20 13:22:25] [INFO] REQ: POST /predict - Status: 200 - Czas: 56.25ms
[2025-12-20 13:22:25] [INFO] REQ: POST /predict - Status: 200 - Czas: 56.71ms
[2025-12-20 13:22:25] [INFO] REQ: POST /predict - Status: 200 - Czas: 18.39ms
[2025-12-20 13:22:25] [INFO] REQ: POST /predict - Status: 200 - Czas: 24.29ms
[2025-12-20 13:22:25] [INFO] REQ: POST /predict - Status: 200 - Czas: 56.14ms
[2025-12-20 13:22:25] [INFO] REQ: POST /predict - Status: 200 - Czas: 56.93ms
[2025-12-20 13:22:25] [INFO] REQ: POST /predict - Status: 200 - Czas: 57.11ms
[2025-12-20 13:22:25] [INFO] REQ: POST /predict - Status: 200 - Czas: 43.93ms
[2025-12-20 13:22:25] [INFO] REQ: POST /predict - Status: 200 - Czas: 21.32ms
[2025-12-20 13:22:25] [INFO] REQ: POST /predict - Status: 200 - Czas: 77.56ms
[2025-12-20 13:22:25] [INFO] REQ: POST /predict - Status: 200 - Czas: 77.84ms
[2025-12-20 13:22:25] [INFO] REQ: POST /predict - Status: 200 - Czas: 83.00ms
[2025-12-20 13:22:25] [INFO] REQ: POST /predict - Status: 200 - Czas: 83.36ms
[2025-12-20 13:22:25] [INFO] REQ: POST /predict - Status: 200 - Czas: 14.95ms
[2025-12-20 13:22:25] [INFO] REQ: POST /predict - Status: 200 - Czas: 21.45ms
[2025-12-20 13:22:25] [INFO] REQ: POST /predict - Status: 200 - Czas: 75.66ms
[2025-12-20 13:22:25] [INFO] REQ: POST /predict - Status: 200 - Czas: 79.13ms
[2025-12-20 13:22:25] [INFO] REQ: POST /predict - Status: 200 - Czas: 79.36ms
[2025-12-20 13:22:25] [INFO] REQ: POST /predict - Status: 200 - Czas: 77.83ms
[2025-12-20 13:22:25] [INFO] REQ: POST /predict - Status: 200 - Czas: 14.15ms
[2025-12-20 13:22:25] [INFO] REQ: POST /predict - Status: 200 - Czas: 15.15ms
[2025-12-20 13:22:26] [INFO] REQ: POST /predict - Status: 200 - Czas: 39.22ms
[2025-12-20 13:22:26] [INFO] REQ: POST /predict - Status: 200 - Czas: 39.50ms
[2025-12-20 13:22:26] [INFO] REQ: POST /predict - Status: 200 - Czas: 38.74ms
[2025-12-20 13:22:26] [INFO] REQ: POST /predict - Status: 200 - Czas: 24.11ms
[2025-12-20 13:22:26] [INFO] REQ: POST /predict - Status: 200 - Czas: 23.33ms
[2025-12-20 13:22:26] [INFO] REQ: POST /predict - Status: 200 - Czas: 60.37ms
[2025-12-20 13:22:26] [INFO] REQ: POST /predict - Status: 200 - Czas: 57.29ms
[2025-12-20 13:22:26] [INFO] REQ: POST /predict - Status: 200 - Czas: 71.97ms
[2025-12-20 13:22:26] [INFO] REQ: POST /predict - Status: 200 - Czas: 75.12ms
[2025-12-20 13:22:26] [INFO] REQ: POST /predict - Status: 200 - Czas: 14.87ms
[2025-12-20 13:22:26] [INFO] REQ: POST /predict - Status: 200 - Czas: 17.54ms
[2025-12-20 13:22:26] [INFO] REQ: POST /predict - Status: 200 - Czas: 30.39ms
[2025-12-20 13:22:26] [INFO] REQ: POST /predict - Status: 200 - Czas: 32.35ms
[2025-12-20 13:22:26] [INFO] REQ: POST /predict - Status: 200 - Czas: 39.81ms
[2025-12-20 13:22:26] [INFO] REQ: POST /predict - Status: 200 - Czas: 26.86ms
[2025-12-20 13:22:26] [INFO] REQ: POST /predict - Status: 200 - Czas: 52.99ms
[2025-12-20 13:22:26] [INFO] REQ: POST /predict - Status: 200 - Czas: 53.99ms
[2025-12-20 13:22:26] [INFO] REQ: POST /predict - Status: 200 - Czas: 54.80ms
[2025-12-20 13:22:26] [INFO] REQ: POST /predict - Status: 200 - Czas: 55.27ms
[2025-12-20 13:22:26] [INFO] REQ: POST /predict - Status: 200 - Czas: 24.84ms
[2025-12-20 13:22:26] [INFO] REQ: POST /predict - Status: 200 - Czas: 43.18ms
[2025-12-20 13:22:26] [INFO] REQ: POST /predict - Status: 200 - Czas: 44.20ms
[2025-12-20 13:22:26] [INFO] REQ: POST /predict - Status: 200 - Czas: 67.54ms
[2025-12-20 13:22:26] [INFO] REQ: POST /predict - Status: 200 - Czas: 68.80ms
[2025-12-20 13:22:26] [INFO] REQ: POST /predict - Status: 200 - Czas: 46.90ms
[2025-12-20 13:22:26] [INFO] REQ: POST /predict - Status: 200 - Czas: 35.11ms
[2025-12-20 13:22:26] [INFO] REQ: POST /predict - Status: 200 - Czas: 36.47ms
[2025-12-20 13:22:26] [INFO] REQ: POST /predict - Status: 200 - Czas: 26.39ms
[2025-12-20 13:22:26] [INFO] REQ: POST /predict - Status: 200 - Czas: 76.67ms
[2025-12-20 13:22:26] [INFO] REQ: POST /predict - Status: 200 - Czas: 77.31ms
[2025-12-20 13:22:26] [INFO] REQ: POST /predict - Status: 200 - Czas: 86.25ms
[2025-12-20 13:22:26] [INFO] REQ: POST /predict - Status: 200 - Czas: 86.63ms
[2025-12-20 13:22:26] [INFO] REQ: POST /predict - Status: 200 - Czas: 22.92ms
[2025-12-20 13:22:26] [INFO] REQ: POST /predict - Status: 200 - Czas: 30.22ms
[2025-12-20 13:22:26] [INFO] REQ: POST /predict - Status: 200 - Czas: 82.84ms
[2025-12-20 13:22:26] [INFO] REQ: POST /predict - Status: 200 - Czas: 83.35ms
[2025-12-20 13:22:26] [INFO] REQ: POST /predict - Status: 200 - Czas: 80.66ms
[2025-12-20 13:22:26] [INFO] REQ: POST /predict - Status: 200 - Czas: 73.08ms
[2025-12-20 13:22:26] [INFO] REQ: POST /predict - Status: 200 - Czas: 26.84ms
[2025-12-20 13:22:26] [INFO] REQ: POST /predict - Status: 200 - Czas: 14.95ms
[2025-12-20 13:22:26] [INFO] REQ: POST /predict - Status: 200 - Czas: 57.85ms
[2025-12-20 13:22:26] [INFO] REQ: POST /predict - Status: 200 - Czas: 59.36ms
[2025-12-20 13:22:26] [INFO] REQ: POST /predict - Status: 200 - Czas: 60.01ms
[2025-12-20 13:22:26] [INFO] REQ: POST /predict - Status: 200 - Czas: 22.66ms
[2025-12-20 13:22:26] [INFO] REQ: POST /predict - Status: 200 - Czas: 27.47ms
[2025-12-20 13:22:26] [INFO] REQ: POST /predict - Status: 200 - Czas: 47.07ms
[2025-12-20 13:22:26] [INFO] REQ: POST /predict - Status: 200 - Czas: 85.21ms
[2025-12-20 13:22:26] [INFO] REQ: POST /predict - Status: 200 - Czas: 85.47ms
[2025-12-20 13:22:26] [INFO] REQ: POST /predict - Status: 200 - Czas: 68.43ms
[2025-12-20 13:22:26] [INFO] REQ: POST /predict - Status: 200 - Czas: 23.92ms
[2025-12-20 13:22:26] [INFO] REQ: POST /predict - Status: 200 - Czas: 44.78ms
[2025-12-20 13:22:27] [INFO] REQ: POST /predict - Status: 200 - Czas: 84.15ms
[2025-12-20 13:22:27] [INFO] REQ: POST /predict - Status: 200 - Czas: 84.68ms
[2025-12-20 13:22:27] [INFO] REQ: POST /predict - Status: 200 - Czas: 84.89ms
[2025-12-20 13:22:27] [INFO] REQ: POST /predict - Status: 200 - Czas: 28.74ms
[2025-12-20 13:22:27] [INFO] REQ: POST /predict - Status: 200 - Czas: 19.55ms
[2025-12-20 13:22:27] [INFO] REQ: POST /predict - Status: 200 - Czas: 45.06ms
[2025-12-20 13:22:27] [INFO] REQ: POST /predict - Status: 200 - Czas: 92.98ms
[2025-12-20 13:22:27] [INFO] REQ: POST /predict - Status: 200 - Czas: 93.50ms
[2025-12-20 13:22:27] [INFO] REQ: POST /predict - Status: 200 - Czas: 88.38ms
[2025-12-20 13:22:27] [INFO] REQ: POST /predict - Status: 200 - Czas: 23.85ms
[2025-12-20 13:22:27] [INFO] REQ: POST /predict - Status: 200 - Czas: 56.84ms
[2025-12-20 13:22:27] [INFO] REQ: POST /predict - Status: 200 - Czas: 53.68ms
[2025-12-20 13:22:27] [INFO] REQ: POST /predict - Status: 200 - Czas: 59.57ms
[2025-12-20 13:22:27] [INFO] REQ: POST /predict - Status: 200 - Czas: 60.17ms
[2025-12-20 13:22:27] [INFO] REQ: POST /predict - Status: 200 - Czas: 17.33ms
[2025-12-20 13:22:27] [INFO] REQ: POST /predict - Status: 200 - Czas: 33.05ms
[2025-12-20 13:22:27] [INFO] REQ: POST /predict - Status: 200 - Czas: 31.15ms
[2025-12-20 13:22:27] [INFO] REQ: POST /predict - Status: 200 - Czas: 50.59ms
[2025-12-20 13:22:27] [INFO] REQ: POST /predict - Status: 200 - Czas: 50.94ms
[2025-12-20 13:22:27] [INFO] REQ: POST /predict - Status: 200 - Czas: 17.89ms
[2025-12-20 13:22:27] [INFO] REQ: POST /predict - Status: 200 - Czas: 28.06ms
[2025-12-20 13:22:27] [INFO] REQ: POST /predict - Status: 200 - Czas: 19.86ms
[2025-12-20 13:22:27] [INFO] REQ: POST /predict - Status: 200 - Czas: 15.05ms
[2025-12-20 13:22:27] [INFO] REQ: POST /predict - Status: 200 - Czas: 32.90ms
[2025-12-20 13:22:27] [INFO] REQ: POST /predict - Status: 200 - Czas: 42.57ms
[2025-12-20 13:22:27] [INFO] REQ: POST /predict - Status: 200 - Czas: 54.98ms
[2025-12-20 13:22:27] [INFO] REQ: POST /predict - Status: 200 - Czas: 55.93ms
[2025-12-20 13:22:27] [INFO] REQ: POST /predict - Status: 200 - Czas: 52.87ms
[2025-12-20 13:22:27] [INFO] REQ: POST /predict - Status: 200 - Czas: 33.12ms
[2025-12-20 13:22:27] [INFO] REQ: POST /predict - Status: 200 - Czas: 27.00ms
[2025-12-20 13:22:27] [INFO] REQ: POST /predict - Status: 200 - Czas: 32.67ms
[2025-12-20 13:22:27] [INFO] REQ: POST /predict - Status: 200 - Czas: 50.48ms
[2025-12-20 13:22:27] [INFO] REQ: POST /predict - Status: 200 - Czas: 48.73ms
[2025-12-20 13:22:27] [INFO] REQ: POST /predict - Status: 200 - Czas: 47.14ms
[2025-12-20 13:22:27] [INFO] REQ: POST /predict - Status: 200 - Czas: 38.70ms
[2025-12-20 13:22:27] [INFO] REQ: POST /predict - Status: 200 - Czas: 60.90ms
[2025-12-20 13:22:27] [INFO] REQ: POST /predict - Status: 200 - Czas: 57.67ms
[2025-12-20 13:22:27] [INFO] REQ: POST /predict - Status: 200 - Czas: 58.05ms
[2025-12-20 13:22:27] [INFO] REQ: POST /predict - Status: 200 - Czas: 32.87ms
[2025-12-20 13:22:27] [INFO] REQ: POST /predict - Status: 200 - Czas: 39.13ms
[2025-12-20 13:22:27] [INFO] REQ: POST /predict - Status: 200 - Czas: 26.22ms
[2025-12-20 13:22:27] [INFO] REQ: POST /predict - Status: 200 - Czas: 54.89ms
[2025-12-20 13:22:27] [INFO] REQ: POST /predict - Status: 200 - Czas: 55.05ms
[2025-12-20 13:22:27] [INFO] REQ: POST /predict - Status: 200 - Czas: 42.76ms
[2025-12-20 13:22:27] [INFO] REQ: POST /predict - Status: 200 - Czas: 56.99ms
[2025-12-20 13:22:27] [INFO] REQ: POST /predict - Status: 200 - Czas: 34.28ms
[2025-12-20 13:22:27] [INFO] REQ: POST /predict - Status: 200 - Czas: 58.34ms
[2025-12-20 13:22:27] [INFO] REQ: POST /predict - Status: 200 - Czas: 58.68ms
[2025-12-20 13:22:27] [INFO] REQ: POST /predict - Status: 200 - Czas: 65.47ms
[2025-12-20 13:22:27] [INFO] REQ: POST /predict - Status: 200 - Czas: 41.81ms
[2025-12-20 13:22:27] [INFO] REQ: POST /predict - Status: 200 - Czas: 38.43ms
[2025-12-20 13:22:27] [INFO] REQ: POST /predict - Status: 200 - Czas: 39.46ms
[2025-12-20 13:22:27] [INFO] REQ: POST /predict - Status: 200 - Czas: 20.12ms
[2025-12-20 13:22:27] [INFO] REQ: POST /predict - Status: 200 - Czas: 21.81ms
[2025-12-20 13:22:27] [INFO] REQ: POST /predict - Status: 200 - Czas: 52.10ms
[2025-12-20 13:22:28] [INFO] REQ: POST /predict - Status: 200 - Czas: 64.52ms
[2025-12-20 13:22:28] [INFO] REQ: POST /predict - Status: 200 - Czas: 70.32ms
[2025-12-20 13:22:28] [INFO] REQ: POST /predict - Status: 200 - Czas: 53.68ms
[2025-12-20 13:22:28] [INFO] REQ: POST /predict - Status: 200 - Czas: 26.80ms
[2025-12-20 13:22:28] [INFO] REQ: POST /predict - Status: 200 - Czas: 15.43ms
[2025-12-20 13:22:28] [INFO] REQ: POST /predict - Status: 200 - Czas: 26.44ms
[2025-12-20 13:22:28] [INFO] REQ: POST /predict - Status: 200 - Czas: 30.50ms
[2025-12-20 13:22:28] [INFO] REQ: POST /predict - Status: 200 - Czas: 29.20ms
[2025-12-20 13:22:28] [INFO] REQ: POST /predict - Status: 200 - Czas: 78.55ms
[2025-12-20 13:22:28] [INFO] REQ: POST /predict - Status: 200 - Czas: 79.22ms
[2025-12-20 13:22:28] [INFO] REQ: POST /predict - Status: 200 - Czas: 79.58ms
[2025-12-20 13:22:28] [INFO] REQ: POST /predict - Status: 200 - Czas: 14.33ms
[2025-12-20 13:22:28] [INFO] REQ: POST /predict - Status: 200 - Czas: 19.17ms
[2025-12-20 13:22:28] [INFO] REQ: POST /predict - Status: 200 - Czas: 72.97ms
[2025-12-20 13:22:28] [INFO] REQ: POST /predict - Status: 200 - Czas: 73.77ms
[2025-12-20 13:22:28] [INFO] REQ: POST /predict - Status: 200 - Czas: 62.06ms
[2025-12-20 13:22:28] [INFO] REQ: POST /predict - Status: 200 - Czas: 73.88ms
[2025-12-20 13:22:28] [INFO] REQ: POST /predict - Status: 200 - Czas: 24.36ms
[2025-12-20 13:22:28] [INFO] REQ: POST /predict - Status: 200 - Czas: 24.54ms
[2025-12-20 13:22:28] [INFO] REQ: POST /predict - Status: 200 - Czas: 45.82ms
[2025-12-20 13:22:28] [INFO] REQ: POST /predict - Status: 200 - Czas: 77.07ms
[2025-12-20 13:22:28] [INFO] REQ: POST /predict - Status: 200 - Czas: 77.86ms
[2025-12-20 13:22:28] [INFO] REQ: POST /predict - Status: 200 - Czas: 77.77ms
[2025-12-20 13:22:28] [INFO] REQ: POST /predict - Status: 200 - Czas: 18.07ms
[2025-12-20 13:22:28] [INFO] REQ: POST /predict - Status: 200 - Czas: 30.18ms
[2025-12-20 13:22:28] [INFO] REQ: POST /predict - Status: 200 - Czas: 67.48ms
[2025-12-20 13:22:28] [INFO] REQ: POST /predict - Status: 200 - Czas: 65.47ms
[2025-12-20 13:22:28] [INFO] REQ: POST /predict - Status: 200 - Czas: 62.16ms
[2025-12-20 13:22:28] [INFO] REQ: POST /predict - Status: 200 - Czas: 62.64ms
[2025-12-20 13:22:28] [INFO] REQ: POST /predict - Status: 200 - Czas: 13.81ms
[2025-12-20 13:22:28] [INFO] REQ: POST /predict - Status: 200 - Czas: 34.68ms
[2025-12-20 13:22:28] [INFO] REQ: POST /predict - Status: 200 - Czas: 36.63ms
[2025-12-20 13:22:28] [INFO] REQ: POST /predict - Status: 200 - Czas: 22.05ms
[2025-12-20 13:22:28] [INFO] REQ: POST /predict - Status: 200 - Czas: 54.18ms
[2025-12-20 13:22:28] [INFO] REQ: POST /predict - Status: 200 - Czas: 54.70ms
[2025-12-20 13:22:28] [INFO] REQ: POST /predict - Status: 200 - Czas: 48.34ms
[2025-12-20 13:22:28] [INFO] REQ: POST /predict - Status: 200 - Czas: 48.62ms
[2025-12-20 13:22:28] [INFO] REQ: POST /predict - Status: 200 - Czas: 31.61ms
[2025-12-20 13:22:28] [INFO] REQ: POST /predict - Status: 200 - Czas: 32.35ms
[2025-12-20 13:22:28] [INFO] REQ: POST /predict - Status: 200 - Czas: 50.53ms
[2025-12-20 13:22:28] [INFO] REQ: POST /predict - Status: 200 - Czas: 51.76ms
[2025-12-20 13:22:28] [INFO] REQ: POST /predict - Status: 200 - Czas: 36.19ms
[2025-12-20 13:22:28] [INFO] REQ: POST /predict - Status: 200 - Czas: 37.02ms
[2025-12-20 13:22:28] [INFO] REQ: POST /predict - Status: 200 - Czas: 53.63ms
[2025-12-20 13:22:28] [INFO] REQ: POST /predict - Status: 200 - Czas: 49.17ms
[2025-12-20 13:22:28] [INFO] REQ: POST /predict - Status: 200 - Czas: 49.68ms
[2025-12-20 13:22:28] [INFO] REQ: POST /predict - Status: 200 - Czas: 16.67ms
[2025-12-20 13:22:28] [INFO] REQ: POST /predict - Status: 200 - Czas: 35.19ms
[2025-12-20 13:22:28] [INFO] REQ: POST /predict - Status: 200 - Czas: 41.35ms
[2025-12-20 13:22:28] [INFO] REQ: POST /predict - Status: 200 - Czas: 54.43ms
[2025-12-20 13:22:28] [INFO] REQ: POST /predict - Status: 200 - Czas: 55.14ms
[2025-12-20 13:22:28] [INFO] REQ: POST /predict - Status: 200 - Czas: 48.66ms
[2025-12-20 13:22:28] [INFO] REQ: POST /predict - Status: 200 - Czas: 27.79ms
[2025-12-20 13:22:28] [INFO] REQ: POST /predict - Status: 200 - Czas: 21.99ms
[2025-12-20 13:22:29] [INFO] REQ: POST /predict - Status: 200 - Czas: 22.23ms
[2025-12-20 13:22:29] [INFO] REQ: POST /predict - Status: 200 - Czas: 46.43ms
[2025-12-20 13:22:29] [INFO] REQ: POST /predict - Status: 200 - Czas: 82.53ms
[2025-12-20 13:22:29] [INFO] REQ: POST /predict - Status: 200 - Czas: 83.33ms
[2025-12-20 13:22:29] [INFO] REQ: POST /predict - Status: 200 - Czas: 83.41ms
[2025-12-20 13:22:29] [INFO] REQ: POST /predict - Status: 200 - Czas: 23.23ms
[2025-12-20 13:22:29] [INFO] REQ: POST /predict - Status: 200 - Czas: 30.29ms
[2025-12-20 13:22:29] [INFO] REQ: POST /predict - Status: 200 - Czas: 71.88ms
[2025-12-20 13:22:29] [INFO] REQ: POST /predict - Status: 200 - Czas: 86.86ms
[2025-12-20 13:22:29] [INFO] REQ: POST /predict - Status: 200 - Czas: 84.39ms
[2025-12-20 13:22:29] [INFO] REQ: POST /predict - Status: 200 - Czas: 91.04ms
[2025-12-20 13:22:29] [INFO] REQ: POST /predict - Status: 200 - Czas: 24.05ms
[2025-12-20 13:22:29] [INFO] REQ: POST /predict - Status: 200 - Czas: 21.80ms
[2025-12-20 13:22:29] [INFO] REQ: POST /predict - Status: 200 - Czas: 48.93ms
[2025-12-20 13:22:29] [INFO] REQ: POST /predict - Status: 200 - Czas: 90.65ms
[2025-12-20 13:22:29] [INFO] REQ: POST /predict - Status: 200 - Czas: 91.18ms
[2025-12-20 13:22:29] [INFO] REQ: POST /predict - Status: 200 - Czas: 54.45ms
[2025-12-20 13:22:29] [INFO] REQ: POST /predict - Status: 200 - Czas: 23.58ms
[2025-12-20 13:22:29] [INFO] REQ: POST /predict - Status: 200 - Czas: 19.93ms
[2025-12-20 13:22:29] [INFO] REQ: POST /predict - Status: 200 - Czas: 36.68ms
[2025-12-20 13:22:29] [INFO] REQ: POST /predict - Status: 200 - Czas: 37.04ms
[2025-12-20 13:22:29] [INFO] REQ: POST /predict - Status: 200 - Czas: 72.19ms
[2025-12-20 13:22:29] [INFO] REQ: POST /predict - Status: 200 - Czas: 72.42ms
[2025-12-20 13:22:29] [INFO] REQ: POST /predict - Status: 200 - Czas: 52.82ms
[2025-12-20 13:22:29] [INFO] REQ: POST /predict - Status: 200 - Czas: 30.37ms
[2025-12-20 13:22:29] [INFO] REQ: POST /predict - Status: 200 - Czas: 75.55ms
[2025-12-20 13:22:29] [INFO] REQ: POST /predict - Status: 200 - Czas: 75.02ms
[2025-12-20 13:22:29] [INFO] REQ: POST /predict - Status: 200 - Czas: 75.31ms
[2025-12-20 13:22:29] [INFO] REQ: POST /predict - Status: 200 - Czas: 66.75ms
[2025-12-20 13:22:29] [INFO] REQ: POST /predict - Status: 200 - Czas: 14.78ms
[2025-12-20 13:22:29] [INFO] REQ: POST /predict - Status: 200 - Czas: 28.63ms
[2025-12-20 13:22:29] [INFO] REQ: POST /predict - Status: 200 - Czas: 20.55ms
[2025-12-20 13:22:29] [INFO] REQ: POST /predict - Status: 200 - Czas: 28.98ms
[2025-12-20 13:22:29] [INFO] REQ: POST /predict - Status: 200 - Czas: 56.22ms
[2025-12-20 13:22:29] [INFO] REQ: POST /predict - Status: 200 - Czas: 56.98ms
[2025-12-20 13:22:29] [INFO] REQ: POST /predict - Status: 200 - Czas: 26.39ms
[2025-12-20 13:22:29] [INFO] REQ: POST /predict - Status: 200 - Czas: 16.54ms
[2025-12-20 13:22:29] [INFO] REQ: POST /predict - Status: 200 - Czas: 57.97ms
[2025-12-20 13:22:29] [INFO] REQ: POST /predict - Status: 200 - Czas: 58.76ms
[2025-12-20 13:22:29] [INFO] REQ: POST /predict - Status: 200 - Czas: 58.88ms
[2025-12-20 13:22:29] [INFO] REQ: POST /predict - Status: 200 - Czas: 56.71ms
[2025-12-20 13:22:29] [INFO] REQ: POST /predict - Status: 200 - Czas: 14.84ms
[2025-12-20 13:22:29] [INFO] REQ: POST /predict - Status: 200 - Czas: 16.63ms
[2025-12-20 13:22:29] [INFO] REQ: POST /predict - Status: 200 - Czas: 42.32ms
[2025-12-20 13:22:29] [INFO] REQ: POST /predict - Status: 200 - Czas: 42.49ms
[2025-12-20 13:22:29] [INFO] REQ: POST /predict - Status: 200 - Czas: 45.34ms
[2025-12-20 13:22:29] [INFO] REQ: POST /predict - Status: 200 - Czas: 45.30ms
[2025-12-20 13:22:29] [INFO] REQ: POST /predict - Status: 200 - Czas: 30.51ms
[2025-12-20 13:22:29] [INFO] REQ: POST /predict - Status: 200 - Czas: 52.10ms
[2025-12-20 13:22:29] [INFO] REQ: POST /predict - Status: 200 - Czas: 71.38ms
[2025-12-20 13:22:29] [INFO] REQ: POST /predict - Status: 200 - Czas: 71.30ms
[2025-12-20 13:22:29] [INFO] REQ: POST /predict - Status: 200 - Czas: 69.96ms
[2025-12-20 13:22:29] [INFO] REQ: POST /predict - Status: 200 - Czas: 18.03ms
[2025-12-20 13:22:30] [INFO] REQ: POST /predict - Status: 200 - Czas: 17.38ms
[2025-12-20 13:22:30] [INFO] REQ: POST /predict - Status: 200 - Czas: 44.48ms
[2025-12-20 13:22:30] [INFO] REQ: POST /predict - Status: 200 - Czas: 45.21ms
[2025-12-20 13:22:30] [INFO] REQ: POST /predict - Status: 200 - Czas: 55.06ms
[2025-12-20 13:22:30] [INFO] REQ: POST /predict - Status: 200 - Czas: 42.45ms
[2025-12-20 13:22:30] [INFO] REQ: POST /predict - Status: 200 - Czas: 43.58ms
[2025-12-20 13:22:30] [INFO] REQ: POST /predict - Status: 200 - Czas: 40.00ms
[2025-12-20 13:22:30] [INFO] REQ: POST /predict - Status: 200 - Czas: 43.36ms
[2025-12-20 13:22:30] [INFO] REQ: POST /predict - Status: 200 - Czas: 20.24ms
[2025-12-20 13:22:30] [INFO] REQ: POST /predict - Status: 200 - Czas: 50.73ms
[2025-12-20 13:22:30] [INFO] REQ: POST /predict - Status: 200 - Czas: 51.94ms
[2025-12-20 13:22:30] [INFO] REQ: POST /predict - Status: 200 - Czas: 17.74ms
[2025-12-20 13:22:30] [INFO] REQ: POST /predict - Status: 200 - Czas: 31.43ms
[2025-12-20 13:22:30] [INFO] REQ: POST /predict - Status: 200 - Czas: 46.58ms
[2025-12-20 13:22:30] [INFO] REQ: POST /predict - Status: 200 - Czas: 45.93ms
[2025-12-20 13:22:30] [INFO] REQ: POST /predict - Status: 200 - Czas: 64.45ms
[2025-12-20 13:22:30] [INFO] REQ: POST /predict - Status: 200 - Czas: 46.72ms
[2025-12-20 13:22:30] [INFO] REQ: POST /predict - Status: 200 - Czas: 53.69ms
[2025-12-20 13:22:30] [INFO] REQ: POST /predict - Status: 200 - Czas: 59.47ms
[2025-12-20 13:22:30] [INFO] REQ: POST /predict - Status: 200 - Czas: 59.64ms
[2025-12-20 13:22:30] [INFO] REQ: POST /predict - Status: 200 - Czas: 60.44ms
[2025-12-20 13:22:30] [INFO] REQ: POST /predict - Status: 200 - Czas: 39.59ms
[2025-12-20 13:22:30] [INFO] REQ: POST /predict - Status: 200 - Czas: 46.33ms
[2025-12-20 13:22:30] [INFO] REQ: POST /predict - Status: 200 - Czas: 54.74ms
[2025-12-20 13:22:30] [INFO] REQ: POST /predict - Status: 200 - Czas: 55.65ms
[2025-12-20 13:22:30] [INFO] REQ: POST /predict - Status: 200 - Czas: 46.95ms
[2025-12-20 13:22:30] [INFO] REQ: POST /predict - Status: 200 - Czas: 32.67ms
[2025-12-20 13:22:30] [INFO] REQ: POST /predict - Status: 200 - Czas: 36.05ms
[2025-12-20 13:22:30] [INFO] REQ: POST /predict - Status: 200 - Czas: 45.20ms
[2025-12-20 13:22:30] [INFO] REQ: POST /predict - Status: 200 - Czas: 28.94ms
[2025-12-20 13:22:30] [INFO] REQ: POST /predict - Status: 200 - Czas: 46.04ms
[2025-12-20 13:22:30] [INFO] REQ: POST /predict - Status: 200 - Czas: 40.12ms
[2025-12-20 13:22:30] [INFO] REQ: POST /predict - Status: 200 - Czas: 39.55ms
[2025-12-20 13:22:30] [INFO] REQ: POST /predict - Status: 200 - Czas: 26.44ms
[2025-12-20 13:22:30] [INFO] REQ: POST /predict - Status: 200 - Czas: 58.10ms
[2025-12-20 13:22:30] [INFO] REQ: POST /predict - Status: 200 - Czas: 57.59ms
[2025-12-20 13:22:30] [INFO] REQ: POST /predict - Status: 200 - Czas: 72.97ms
[2025-12-20 13:22:30] [INFO] REQ: POST /predict - Status: 200 - Czas: 74.77ms
[2025-12-20 13:22:30] [INFO] REQ: POST /predict - Status: 200 - Czas: 22.36ms
[2025-12-20 13:22:30] [INFO] REQ: POST /predict - Status: 200 - Czas: 48.81ms
[2025-12-20 13:22:30] [INFO] REQ: POST /predict - Status: 200 - Czas: 49.10ms
[2025-12-20 13:22:30] [INFO] REQ: POST /predict - Status: 200 - Czas: 49.31ms
[2025-12-20 13:22:30] [INFO] REQ: POST /predict - Status: 200 - Czas: 72.54ms
[2025-12-20 13:22:30] [INFO] REQ: POST /predict - Status: 200 - Czas: 44.67ms
[2025-12-20 13:22:30] [INFO] REQ: POST /predict - Status: 200 - Czas: 28.08ms
[2025-12-20 13:22:30] [INFO] REQ: POST /predict - Status: 200 - Czas: 41.93ms
[2025-12-20 13:22:30] [INFO] REQ: POST /predict - Status: 200 - Czas: 70.53ms
[2025-12-20 13:22:30] [INFO] REQ: POST /predict - Status: 200 - Czas: 71.40ms
[2025-12-20 13:22:30] [INFO] REQ: POST /predict - Status: 200 - Czas: 55.30ms
[2025-12-20 13:22:30] [INFO] REQ: POST /predict - Status: 200 - Czas: 16.40ms
[2025-12-20 13:22:30] [INFO] REQ: POST /predict - Status: 200 - Czas: 40.86ms
[2025-12-20 13:22:30] [INFO] REQ: POST /predict - Status: 200 - Czas: 37.32ms
[2025-12-20 13:22:30] [INFO] REQ: POST /predict - Status: 200 - Czas: 60.98ms
[2025-12-20 13:22:30] [INFO] REQ: POST /predict - Status: 200 - Czas: 62.28ms
[2025-12-20 13:22:30] [INFO] REQ: POST /predict - Status: 200 - Czas: 20.41ms
[2025-12-20 13:22:31] [INFO] REQ: POST /predict - Status: 200 - Czas: 43.33ms
[2025-12-20 13:22:31] [INFO] REQ: POST /predict - Status: 200 - Czas: 58.10ms
[2025-12-20 13:22:31] [INFO] REQ: POST /predict - Status: 200 - Czas: 69.98ms
[2025-12-20 13:22:31] [INFO] REQ: POST /predict - Status: 200 - Czas: 70.20ms
[2025-12-20 13:22:31] [INFO] REQ: POST /predict - Status: 200 - Czas: 58.50ms
[2025-12-20 13:22:31] [INFO] REQ: POST /predict - Status: 200 - Czas: 30.91ms
[2025-12-20 13:22:31] [INFO] REQ: POST /predict - Status: 200 - Czas: 58.19ms
[2025-12-20 13:22:31] [INFO] REQ: POST /predict - Status: 200 - Czas: 56.32ms
[2025-12-20 13:22:31] [INFO] REQ: POST /predict - Status: 200 - Czas: 74.87ms
[2025-12-20 13:22:31] [INFO] REQ: POST /predict - Status: 200 - Czas: 72.00ms
[2025-12-20 13:22:31] [INFO] REQ: POST /predict - Status: 200 - Czas: 19.10ms
[2025-12-20 13:22:31] [INFO] REQ: POST /predict - Status: 200 - Czas: 34.51ms
[2025-12-20 13:22:31] [INFO] REQ: POST /predict - Status: 200 - Czas: 34.72ms
[2025-12-20 13:22:31] [INFO] REQ: POST /predict - Status: 200 - Czas: 53.74ms
[2025-12-20 13:22:31] [INFO] REQ: POST /predict - Status: 200 - Czas: 63.07ms
[2025-12-20 13:22:31] [INFO] REQ: POST /predict - Status: 200 - Czas: 47.98ms
[2025-12-20 13:22:31] [INFO] REQ: POST /predict - Status: 200 - Czas: 17.49ms
[2025-12-20 13:22:31] [INFO] REQ: POST /predict - Status: 200 - Czas: 29.71ms
[2025-12-20 13:22:31] [INFO] REQ: POST /predict - Status: 200 - Czas: 65.22ms
[2025-12-20 13:22:31] [INFO] REQ: POST /predict - Status: 200 - Czas: 66.66ms
[2025-12-20 13:22:31] [INFO] REQ: POST /predict - Status: 200 - Czas: 67.93ms
[2025-12-20 13:22:31] [INFO] REQ: POST /predict - Status: 200 - Czas: 17.49ms
[2025-12-20 13:22:31] [INFO] REQ: POST /predict - Status: 200 - Czas: 30.53ms
[2025-12-20 13:22:31] [INFO] REQ: POST /predict - Status: 200 - Czas: 26.79ms
[2025-12-20 13:22:31] [INFO] REQ: POST /predict - Status: 200 - Czas: 65.00ms
[2025-12-20 13:22:31] [INFO] REQ: POST /predict - Status: 200 - Czas: 65.22ms
[2025-12-20 13:22:31] [INFO] REQ: POST /predict - Status: 200 - Czas: 65.43ms
[2025-12-20 13:22:31] [INFO] REQ: POST /predict - Status: 200 - Czas: 55.97ms
[2025-12-20 13:22:31] [INFO] REQ: POST /predict - Status: 200 - Czas: 43.03ms
[2025-12-20 13:22:31] [INFO] REQ: POST /predict - Status: 200 - Czas: 44.02ms
[2025-12-20 13:22:31] [INFO] REQ: POST /predict - Status: 200 - Czas: 64.01ms
[2025-12-20 13:22:31] [INFO] REQ: POST /predict - Status: 200 - Czas: 63.00ms
[2025-12-20 13:22:31] [INFO] REQ: POST /predict - Status: 200 - Czas: 64.38ms
[2025-12-20 13:22:31] [INFO] REQ: POST /predict - Status: 200 - Czas: 48.94ms
[2025-12-20 13:22:31] [INFO] REQ: POST /predict - Status: 200 - Czas: 48.12ms
[2025-12-20 13:22:31] [INFO] REQ: POST /predict - Status: 200 - Czas: 68.49ms
[2025-12-20 13:22:31] [INFO] REQ: POST /predict - Status: 200 - Czas: 65.78ms
[2025-12-20 13:22:31] [INFO] REQ: POST /predict - Status: 200 - Czas: 56.90ms
[2025-12-20 13:22:31] [INFO] REQ: POST /predict - Status: 200 - Czas: 27.24ms
[2025-12-20 13:22:31] [INFO] REQ: POST /predict - Status: 200 - Czas: 46.23ms
[2025-12-20 13:22:31] [INFO] REQ: POST /predict - Status: 200 - Czas: 78.42ms
[2025-12-20 13:22:31] [INFO] REQ: POST /predict - Status: 200 - Czas: 56.91ms
[2025-12-20 13:22:31] [INFO] REQ: POST /predict - Status: 200 - Czas: 59.00ms
[2025-12-20 13:22:31] [INFO] REQ: POST /predict - Status: 200 - Czas: 18.88ms
[2025-12-20 13:22:31] [INFO] REQ: POST /predict - Status: 200 - Czas: 14.81ms
[2025-12-20 13:22:31] [INFO] REQ: POST /predict - Status: 200 - Czas: 27.78ms
[2025-12-20 13:22:31] [INFO] REQ: POST /predict - Status: 200 - Czas: 29.32ms
[2025-12-20 13:22:32] [INFO] REQ: POST /predict - Status: 200 - Czas: 83.52ms
[2025-12-20 13:22:32] [INFO] REQ: POST /predict - Status: 200 - Czas: 84.00ms
[2025-12-20 13:22:32] [INFO] REQ: POST /predict - Status: 200 - Czas: 84.11ms
[2025-12-20 13:22:32] [INFO] REQ: POST /predict - Status: 200 - Czas: 26.70ms
[2025-12-20 13:22:32] [INFO] REQ: POST /predict - Status: 200 - Czas: 34.18ms
[2025-12-20 13:22:32] [INFO] REQ: POST /predict - Status: 200 - Czas: 35.43ms
[2025-12-20 13:22:32] [INFO] REQ: POST /predict - Status: 200 - Czas: 59.87ms
[2025-12-20 13:22:32] [INFO] REQ: POST /predict - Status: 200 - Czas: 60.18ms
[2025-12-20 13:22:32] [INFO] REQ: POST /predict - Status: 200 - Czas: 43.46ms
[2025-12-20 13:22:32] [INFO] REQ: POST /predict - Status: 200 - Czas: 28.49ms
[2025-12-20 13:22:32] [INFO] REQ: POST /predict - Status: 200 - Czas: 46.59ms
[2025-12-20 13:22:32] [INFO] REQ: POST /predict - Status: 200 - Czas: 54.94ms
[2025-12-20 13:22:32] [INFO] REQ: POST /predict - Status: 200 - Czas: 57.53ms
[2025-12-20 13:22:32] [INFO] REQ: POST /predict - Status: 200 - Czas: 57.79ms
[2025-12-20 13:22:32] [INFO] REQ: POST /predict - Status: 200 - Czas: 17.70ms
[2025-12-20 13:22:32] [INFO] REQ: POST /predict - Status: 200 - Czas: 30.24ms
[2025-12-20 13:22:32] [INFO] REQ: POST /predict - Status: 200 - Czas: 49.67ms
[2025-12-20 13:22:32] [INFO] REQ: POST /predict - Status: 200 - Czas: 50.18ms
[2025-12-20 13:22:32] [INFO] REQ: POST /predict - Status: 200 - Czas: 75.54ms
[2025-12-20 13:22:32] [INFO] REQ: POST /predict - Status: 200 - Czas: 77.98ms
[2025-12-20 13:22:32] [INFO] REQ: POST /predict - Status: 200 - Czas: 47.41ms
[2025-12-20 13:22:32] [INFO] REQ: POST /predict - Status: 200 - Czas: 16.05ms
[2025-12-20 13:22:32] [INFO] REQ: POST /predict - Status: 200 - Czas: 39.22ms
[2025-12-20 13:22:32] [INFO] REQ: POST /predict - Status: 200 - Czas: 65.52ms
[2025-12-20 13:22:32] [INFO] REQ: POST /predict - Status: 200 - Czas: 66.01ms
[2025-12-20 13:22:32] [INFO] REQ: POST /predict - Status: 200 - Czas: 66.56ms
[2025-12-20 13:22:32] [INFO] REQ: POST /predict - Status: 200 - Czas: 16.96ms
[2025-12-20 13:22:32] [INFO] REQ: POST /predict - Status: 200 - Czas: 25.14ms
[2025-12-20 13:22:32] [INFO] REQ: POST /predict - Status: 200 - Czas: 69.10ms
[2025-12-20 13:22:32] [INFO] REQ: POST /predict - Status: 200 - Czas: 67.81ms
[2025-12-20 13:22:32] [INFO] REQ: POST /predict - Status: 200 - Czas: 65.87ms
[2025-12-20 13:22:32] [INFO] REQ: POST /predict - Status: 200 - Czas: 62.00ms
[2025-12-20 13:22:32] [INFO] REQ: POST /predict - Status: 200 - Czas: 19.25ms
[2025-12-20 13:22:32] [INFO] REQ: POST /predict - Status: 200 - Czas: 22.14ms
[2025-12-20 13:22:32] [INFO] REQ: POST /predict - Status: 200 - Czas: 61.93ms
[2025-12-20 13:22:32] [INFO] REQ: POST /predict - Status: 200 - Czas: 63.13ms
[2025-12-20 13:22:32] [INFO] REQ: POST /predict - Status: 200 - Czas: 63.46ms
[2025-12-20 13:22:32] [INFO] REQ: POST /predict - Status: 200 - Czas: 53.53ms
[2025-12-20 13:22:32] [INFO] REQ: POST /predict - Status: 200 - Czas: 29.63ms
[2025-12-20 13:22:32] [INFO] REQ: POST /predict - Status: 200 - Czas: 69.19ms
[2025-12-20 13:22:32] [INFO] REQ: POST /predict - Status: 200 - Czas: 69.31ms
[2025-12-20 13:22:32] [INFO] REQ: POST /predict - Status: 200 - Czas: 68.46ms
[2025-12-20 13:22:32] [INFO] REQ: POST /predict - Status: 200 - Czas: 59.39ms
[2025-12-20 13:22:32] [INFO] REQ: POST /predict - Status: 200 - Czas: 18.42ms
[2025-12-20 13:22:32] [INFO] REQ: POST /predict - Status: 200 - Czas: 16.13ms
[2025-12-20 13:22:32] [INFO] REQ: POST /predict - Status: 200 - Czas: 33.20ms
[2025-12-20 13:22:32] [INFO] REQ: POST /predict - Status: 200 - Czas: 39.50ms
[2025-12-20 13:22:32] [INFO] REQ: POST /predict - Status: 200 - Czas: 45.41ms
[2025-12-20 13:22:32] [INFO] REQ: POST /predict - Status: 200 - Czas: 45.76ms
[2025-12-20 13:22:32] [INFO] REQ: POST /predict - Status: 200 - Czas: 46.24ms
[2025-12-20 13:22:32] [INFO] REQ: POST /predict - Status: 200 - Czas: 17.27ms
[2025-12-20 13:22:32] [INFO] REQ: POST /predict - Status: 200 - Czas: 38.89ms
[2025-12-20 13:22:32] [INFO] REQ: POST /predict - Status: 200 - Czas: 61.12ms
[2025-12-20 13:22:32] [INFO] REQ: POST /predict - Status: 200 - Czas: 61.52ms
[2025-12-20 13:22:32] [INFO] REQ: POST /predict - Status: 200 - Czas: 62.72ms
[2025-12-20 13:22:32] [INFO] REQ: POST /predict - Status: 200 - Czas: 18.85ms
[2025-12-20 13:22:32] [INFO] REQ: POST /predict - Status: 200 - Czas: 26.14ms
[2025-12-20 13:22:33] [INFO] REQ: POST /predict - Status: 200 - Czas: 48.29ms
[2025-12-20 13:22:33] [INFO] REQ: POST /predict - Status: 200 - Czas: 49.13ms
[2025-12-20 13:22:33] [INFO] REQ: POST /predict - Status: 200 - Czas: 46.30ms
[2025-12-20 13:22:33] [INFO] REQ: POST /predict - Status: 200 - Czas: 32.99ms
[2025-12-20 13:22:33] [INFO] REQ: POST /predict - Status: 200 - Czas: 28.16ms
[2025-12-20 13:22:33] [INFO] REQ: POST /predict - Status: 200 - Czas: 43.46ms
[2025-12-20 13:22:33] [INFO] REQ: POST /predict - Status: 200 - Czas: 56.90ms
[2025-12-20 13:22:33] [INFO] REQ: POST /predict - Status: 200 - Czas: 57.19ms
[2025-12-20 13:22:33] [INFO] REQ: POST /predict - Status: 200 - Czas: 57.85ms
[2025-12-20 13:22:33] [INFO] REQ: POST /predict - Status: 200 - Czas: 16.83ms
[2025-12-20 13:22:33] [INFO] REQ: POST /predict - Status: 200 - Czas: 20.61ms
[2025-12-20 13:22:33] [INFO] REQ: POST /predict - Status: 200 - Czas: 22.67ms
[2025-12-20 13:22:33] [INFO] REQ: POST /predict - Status: 200 - Czas: 52.32ms
[2025-12-20 13:22:33] [INFO] REQ: POST /predict - Status: 200 - Czas: 52.46ms
[2025-12-20 13:22:33] [INFO] REQ: POST /predict - Status: 200 - Czas: 54.99ms
[2025-12-20 13:22:33] [INFO] REQ: POST /predict - Status: 200 - Czas: 54.78ms
[2025-12-20 13:22:33] [INFO] REQ: POST /predict - Status: 200 - Czas: 15.19ms
[2025-12-20 13:22:33] [INFO] REQ: POST /predict - Status: 200 - Czas: 55.15ms
[2025-12-20 13:22:33] [INFO] REQ: POST /predict - Status: 200 - Czas: 70.79ms
[2025-12-20 13:22:33] [INFO] REQ: POST /predict - Status: 200 - Czas: 69.56ms
[2025-12-20 13:22:33] [INFO] REQ: POST /predict - Status: 200 - Czas: 76.75ms
[2025-12-20 13:22:33] [INFO] REQ: POST /predict - Status: 200 - Czas: 49.79ms
[2025-12-20 13:22:33] [INFO] REQ: POST /predict - Status: 200 - Czas: 18.71ms
[2025-12-20 13:22:33] [INFO] REQ: POST /predict - Status: 200 - Czas: 26.52ms
[2025-12-20 13:22:33] [INFO] REQ: POST /predict - Status: 200 - Czas: 28.11ms
[2025-12-20 13:22:33] [INFO] REQ: POST /predict - Status: 200 - Czas: 41.64ms
[2025-12-20 13:22:33] [INFO] REQ: POST /predict - Status: 200 - Czas: 53.14ms
[2025-12-20 13:22:33] [INFO] REQ: POST /predict - Status: 200 - Czas: 53.62ms
[2025-12-20 13:22:33] [INFO] REQ: POST /predict - Status: 200 - Czas: 48.18ms
[2025-12-20 13:22:33] [INFO] REQ: POST /predict - Status: 200 - Czas: 27.92ms
[2025-12-20 13:22:33] [INFO] REQ: POST /predict - Status: 200 - Czas: 52.05ms
[2025-12-20 13:22:33] [INFO] REQ: POST /predict - Status: 200 - Czas: 75.28ms
[2025-12-20 13:22:33] [INFO] REQ: POST /predict - Status: 200 - Czas: 76.70ms
[2025-12-20 13:22:33] [INFO] REQ: POST /predict - Status: 200 - Czas: 77.82ms
[2025-12-20 13:22:33] [INFO] REQ: POST /predict - Status: 200 - Czas: 26.24ms
[2025-12-20 13:22:33] [INFO] REQ: POST /predict - Status: 200 - Czas: 20.97ms
[2025-12-20 13:22:33] [INFO] REQ: POST /predict - Status: 200 - Czas: 65.78ms
[2025-12-20 13:22:33] [INFO] REQ: POST /predict - Status: 200 - Czas: 63.60ms
[2025-12-20 13:22:33] [INFO] REQ: POST /predict - Status: 200 - Czas: 78.14ms
[2025-12-20 13:22:33] [INFO] REQ: POST /predict - Status: 200 - Czas: 72.71ms
[2025-12-20 13:22:33] [INFO] REQ: POST /predict - Status: 200 - Czas: 22.85ms
[2025-12-20 13:22:33] [INFO] REQ: POST /predict - Status: 200 - Czas: 38.00ms
[2025-12-20 13:22:33] [INFO] REQ: POST /predict - Status: 200 - Czas: 55.84ms
[2025-12-20 13:22:33] [INFO] REQ: POST /predict - Status: 200 - Czas: 70.94ms
[2025-12-20 13:22:33] [INFO] REQ: POST /predict - Status: 200 - Czas: 72.03ms
[2025-12-20 13:22:33] [INFO] REQ: POST /predict - Status: 200 - Czas: 31.52ms
[2025-12-20 13:22:33] [INFO] REQ: POST /predict - Status: 200 - Czas: 45.72ms
[2025-12-20 13:22:33] [INFO] REQ: POST /predict - Status: 200 - Czas: 46.35ms
[2025-12-20 13:22:33] [INFO] REQ: POST /predict - Status: 200 - Czas: 45.31ms
[2025-12-20 13:22:33] [INFO] REQ: POST /predict - Status: 200 - Czas: 60.55ms
[2025-12-20 13:22:33] [INFO] REQ: POST /predict - Status: 200 - Czas: 40.12ms
[2025-12-20 13:22:33] [INFO] REQ: POST /predict - Status: 200 - Czas: 19.05ms
[2025-12-20 13:22:33] [INFO] REQ: POST /predict - Status: 200 - Czas: 51.38ms
[2025-12-20 13:22:33] [INFO] REQ: POST /predict - Status: 200 - Czas: 51.64ms
[2025-12-20 13:22:34] [INFO] REQ: POST /predict - Status: 200 - Czas: 64.54ms
[2025-12-20 13:22:34] [INFO] REQ: POST /predict - Status: 200 - Czas: 65.44ms
[2025-12-20 13:22:34] [INFO] REQ: POST /predict - Status: 200 - Czas: 20.69ms
[2025-12-20 13:22:34] [INFO] REQ: POST /predict - Status: 200 - Czas: 44.52ms
[2025-12-20 13:22:34] [INFO] REQ: POST /predict - Status: 200 - Czas: 44.64ms
[2025-12-20 13:22:34] [INFO] REQ: POST /predict - Status: 200 - Czas: 82.91ms
[2025-12-20 13:22:34] [INFO] REQ: POST /predict - Status: 200 - Czas: 83.11ms
[2025-12-20 13:22:34] [INFO] REQ: POST /predict - Status: 200 - Czas: 55.47ms
[2025-12-20 13:22:34] [INFO] REQ: POST /predict - Status: 200 - Czas: 20.75ms
[2025-12-20 13:22:34] [INFO] REQ: POST /predict - Status: 200 - Czas: 49.81ms
[2025-12-20 13:22:34] [INFO] REQ: POST /predict - Status: 200 - Czas: 48.85ms
[2025-12-20 13:22:34] [INFO] REQ: POST /predict - Status: 200 - Czas: 71.71ms
[2025-12-20 13:22:34] [INFO] REQ: POST /predict - Status: 200 - Czas: 59.10ms
[2025-12-20 13:22:34] [INFO] REQ: POST /predict - Status: 200 - Czas: 22.05ms
[2025-12-20 13:22:34] [INFO] REQ: POST /predict - Status: 200 - Czas: 65.16ms
[2025-12-20 13:22:34] [INFO] REQ: POST /predict - Status: 200 - Czas: 80.59ms
[2025-12-20 13:22:34] [INFO] REQ: POST /predict - Status: 200 - Czas: 114.29ms
[2025-12-20 13:22:34] [INFO] REQ: POST /predict - Status: 200 - Czas: 114.16ms
[2025-12-20 13:22:34] [INFO] REQ: POST /predict - Status: 200 - Czas: 19.45ms
[2025-12-20 13:22:34] [INFO] REQ: POST /predict - Status: 200 - Czas: 32.74ms
[2025-12-20 13:22:34] [INFO] REQ: POST /predict - Status: 200 - Czas: 38.37ms
[2025-12-20 13:22:34] [INFO] REQ: POST /predict - Status: 200 - Czas: 68.61ms
[2025-12-20 13:22:34] [INFO] REQ: POST /predict - Status: 200 - Czas: 71.09ms
[2025-12-20 13:22:34] [INFO] REQ: POST /predict - Status: 200 - Czas: 28.27ms
[2025-12-20 13:22:34] [INFO] REQ: POST /predict - Status: 200 - Czas: 30.74ms
[2025-12-20 13:22:34] [INFO] REQ: POST /predict - Status: 200 - Czas: 21.94ms
[2025-12-20 13:22:34] [INFO] REQ: POST /predict - Status: 200 - Czas: 31.58ms
[2025-12-20 13:22:34] [INFO] REQ: POST /predict - Status: 200 - Czas: 53.05ms
[2025-12-20 13:22:34] [INFO] REQ: POST /predict - Status: 200 - Czas: 40.94ms
[2025-12-20 13:22:34] [INFO] REQ: POST /predict - Status: 200 - Czas: 66.26ms
[2025-12-20 13:22:34] [INFO] REQ: POST /predict - Status: 200 - Czas: 52.14ms
[2025-12-20 13:22:34] [INFO] REQ: POST /predict - Status: 200 - Czas: 54.49ms
[2025-12-20 13:22:34] [INFO] REQ: POST /predict - Status: 200 - Czas: 20.58ms
[2025-12-20 13:22:34] [INFO] REQ: POST /predict - Status: 200 - Czas: 32.59ms
[2025-12-20 13:22:34] [INFO] REQ: POST /predict - Status: 200 - Czas: 31.57ms
[2025-12-20 13:22:34] [INFO] REQ: POST /predict - Status: 200 - Czas: 59.08ms
[2025-12-20 13:22:34] [INFO] REQ: POST /predict - Status: 200 - Czas: 59.62ms
[2025-12-20 13:22:34] [INFO] REQ: POST /predict - Status: 200 - Czas: 71.54ms
[2025-12-20 13:22:34] [INFO] REQ: POST /predict - Status: 200 - Czas: 46.61ms
[2025-12-20 13:22:34] [INFO] REQ: POST /predict - Status: 200 - Czas: 41.74ms
[2025-12-20 13:22:34] [INFO] REQ: POST /predict - Status: 200 - Czas: 58.75ms
[2025-12-20 13:22:34] [INFO] REQ: POST /predict - Status: 200 - Czas: 60.15ms
[2025-12-20 13:22:34] [INFO] REQ: POST /predict - Status: 200 - Czas: 56.24ms
[2025-12-20 13:22:34] [INFO] REQ: POST /predict - Status: 200 - Czas: 34.68ms
[2025-12-20 13:22:34] [INFO] REQ: POST /predict - Status: 200 - Czas: 31.42ms
[2025-12-20 13:22:34] [INFO] REQ: POST /predict - Status: 200 - Czas: 31.84ms
[2025-12-20 13:22:34] [INFO] REQ: POST /predict - Status: 200 - Czas: 80.27ms
[2025-12-20 13:22:34] [INFO] REQ: POST /predict - Status: 200 - Czas: 77.46ms
[2025-12-20 13:22:34] [INFO] REQ: POST /predict - Status: 200 - Czas: 74.19ms
[2025-12-20 13:22:34] [INFO] REQ: POST /predict - Status: 200 - Czas: 92.46ms
[2025-12-20 13:22:35] [INFO] REQ: POST /predict - Status: 200 - Czas: 22.58ms
[2025-12-20 13:22:35] [INFO] REQ: POST /predict - Status: 200 - Czas: 64.91ms
[2025-12-20 13:22:35] [INFO] REQ: POST /predict - Status: 200 - Czas: 64.62ms
[2025-12-20 13:22:35] [INFO] REQ: POST /predict - Status: 200 - Czas: 65.36ms
[2025-12-20 13:22:35] [INFO] REQ: POST /predict - Status: 200 - Czas: 73.96ms
[2025-12-20 13:22:35] [INFO] REQ: POST /predict - Status: 200 - Czas: 15.82ms
[2025-12-20 13:22:35] [INFO] REQ: POST /predict - Status: 200 - Czas: 27.79ms
[2025-12-20 13:22:35] [INFO] REQ: POST /predict - Status: 200 - Czas: 49.94ms
[2025-12-20 13:22:35] [INFO] REQ: POST /predict - Status: 200 - Czas: 47.90ms
[2025-12-20 13:22:35] [INFO] REQ: POST /predict - Status: 200 - Czas: 61.86ms
[2025-12-20 13:22:35] [INFO] REQ: POST /predict - Status: 200 - Czas: 61.81ms
[2025-12-20 13:22:35] [INFO] REQ: POST /predict - Status: 200 - Czas: 29.21ms
[2025-12-20 13:22:35] [INFO] REQ: POST /predict - Status: 200 - Czas: 29.90ms
[2025-12-20 13:22:35] [INFO] REQ: POST /predict - Status: 200 - Czas: 30.83ms
[2025-12-20 13:22:35] [INFO] REQ: POST /predict - Status: 200 - Czas: 65.73ms
[2025-12-20 13:22:35] [INFO] REQ: POST /predict - Status: 200 - Czas: 69.05ms
[2025-12-20 13:22:35] [INFO] REQ: POST /predict - Status: 200 - Czas: 54.52ms
[2025-12-20 13:22:35] [INFO] REQ: POST /predict - Status: 200 - Czas: 29.61ms
[2025-12-20 13:22:35] [INFO] REQ: POST /predict - Status: 200 - Czas: 30.13ms
[2025-12-20 13:22:35] [INFO] REQ: POST /predict - Status: 200 - Czas: 45.24ms
[2025-12-20 13:22:35] [INFO] REQ: POST /predict - Status: 200 - Czas: 46.19ms
[2025-12-20 13:22:35] [INFO] REQ: POST /predict - Status: 200 - Czas: 62.79ms
[2025-12-20 13:22:35] [INFO] REQ: POST /predict - Status: 200 - Czas: 30.54ms
[2025-12-20 13:22:35] [INFO] REQ: POST /predict - Status: 200 - Czas: 43.93ms
[2025-12-20 13:22:35] [INFO] REQ: POST /predict - Status: 200 - Czas: 28.00ms
[2025-12-20 13:22:35] [INFO] REQ: POST /predict - Status: 200 - Czas: 46.47ms
[2025-12-20 13:22:35] [INFO] REQ: POST /predict - Status: 200 - Czas: 78.92ms
[2025-12-20 13:22:35] [INFO] REQ: POST /predict - Status: 200 - Czas: 58.67ms
[2025-12-20 13:22:35] [INFO] REQ: POST /predict - Status: 200 - Czas: 58.90ms
[2025-12-20 13:22:35] [INFO] REQ: POST /predict - Status: 200 - Czas: 16.53ms
[2025-12-20 13:22:35] [INFO] REQ: POST /predict - Status: 200 - Czas: 23.09ms
[2025-12-20 13:22:35] [INFO] REQ: POST /predict - Status: 200 - Czas: 18.75ms
[2025-12-20 13:22:35] [INFO] REQ: POST /predict - Status: 200 - Czas: 57.35ms
[2025-12-20 13:22:35] [INFO] REQ: POST /predict - Status: 200 - Czas: 58.60ms
[2025-12-20 13:22:35] [INFO] REQ: POST /predict - Status: 200 - Czas: 13.71ms
[2025-12-20 13:22:35] [INFO] REQ: POST /predict - Status: 200 - Czas: 49.99ms
[2025-12-20 13:22:35] [INFO] REQ: POST /predict - Status: 200 - Czas: 75.70ms
[2025-12-20 13:22:35] [INFO] REQ: POST /predict - Status: 200 - Czas: 75.59ms
[2025-12-20 13:22:35] [INFO] REQ: POST /predict - Status: 200 - Czas: 85.13ms
[2025-12-20 13:22:35] [INFO] REQ: POST /predict - Status: 200 - Czas: 89.21ms
[2025-12-20 13:22:35] [INFO] REQ: POST /predict - Status: 200 - Czas: 20.11ms
[2025-12-20 13:22:35] [INFO] REQ: POST /predict - Status: 200 - Czas: 30.96ms
[2025-12-20 13:22:35] [INFO] REQ: POST /predict - Status: 200 - Czas: 47.89ms
[2025-12-20 13:22:35] [INFO] REQ: POST /predict - Status: 200 - Czas: 53.36ms
[2025-12-20 13:22:35] [INFO] REQ: POST /predict - Status: 200 - Czas: 53.89ms
[2025-12-20 13:22:35] [INFO] REQ: POST /predict - Status: 200 - Czas: 35.91ms
[2025-12-20 13:22:35] [INFO] REQ: POST /predict - Status: 200 - Czas: 66.90ms
[2025-12-20 13:22:35] [INFO] REQ: POST /predict - Status: 200 - Czas: 65.59ms
[2025-12-20 13:22:35] [INFO] REQ: POST /predict - Status: 200 - Czas: 75.64ms
[2025-12-20 13:22:35] [INFO] REQ: POST /predict - Status: 200 - Czas: 82.00ms
[2025-12-20 13:22:35] [INFO] REQ: POST /predict - Status: 200 - Czas: 21.27ms
[2025-12-20 13:22:36] [INFO] REQ: POST /predict - Status: 200 - Czas: 48.82ms
[2025-12-20 13:22:36] [INFO] REQ: POST /predict - Status: 200 - Czas: 48.99ms
[2025-12-20 13:22:36] [INFO] REQ: POST /predict - Status: 200 - Czas: 64.42ms
[2025-12-20 13:22:36] [INFO] REQ: POST /predict - Status: 200 - Czas: 65.60ms
[2025-12-20 13:22:36] [INFO] REQ: POST /predict - Status: 200 - Czas: 24.66ms
[2025-12-20 13:22:36] [INFO] REQ: POST /predict - Status: 200 - Czas: 58.28ms
[2025-12-20 13:22:36] [INFO] REQ: POST /predict - Status: 200 - Czas: 55.97ms
[2025-12-20 13:22:36] [INFO] REQ: POST /predict - Status: 200 - Czas: 61.57ms
[2025-12-20 13:22:36] [INFO] REQ: POST /predict - Status: 200 - Czas: 61.88ms
[2025-12-20 13:22:36] [INFO] REQ: POST /predict - Status: 200 - Czas: 13.93ms
[2025-12-20 13:22:36] [INFO] REQ: POST /predict - Status: 200 - Czas: 14.22ms
[2025-12-20 13:22:36] [INFO] REQ: POST /predict - Status: 200 - Czas: 34.31ms
[2025-12-20 13:22:36] [INFO] REQ: POST /predict - Status: 200 - Czas: 49.27ms
[2025-12-20 13:22:36] [INFO] REQ: POST /predict - Status: 200 - Czas: 47.84ms
[2025-12-20 13:22:36] [INFO] REQ: POST /predict - Status: 200 - Czas: 48.42ms
[2025-12-20 13:22:36] [INFO] REQ: POST /predict - Status: 200 - Czas: 39.75ms
[2025-12-20 13:22:36] [INFO] REQ: POST /predict - Status: 200 - Czas: 36.43ms
[2025-12-20 13:22:36] [INFO] REQ: POST /predict - Status: 200 - Czas: 33.62ms
[2025-12-20 13:22:36] [INFO] REQ: POST /predict - Status: 200 - Czas: 34.34ms
[2025-12-20 13:22:36] [INFO] REQ: POST /predict - Status: 200 - Czas: 32.14ms
[2025-12-20 13:22:36] [INFO] REQ: POST /predict - Status: 200 - Czas: 62.55ms
[2025-12-20 13:22:36] [INFO] REQ: POST /predict - Status: 200 - Czas: 62.44ms
[2025-12-20 13:22:36] [INFO] REQ: POST /predict - Status: 200 - Czas: 63.24ms
[2025-12-20 13:22:36] [INFO] REQ: POST /predict - Status: 200 - Czas: 13.62ms
[2025-12-20 13:22:36] [INFO] REQ: POST /predict - Status: 200 - Czas: 32.03ms
[2025-12-20 13:22:36] [INFO] REQ: POST /predict - Status: 200 - Czas: 51.75ms
[2025-12-20 13:22:36] [INFO] REQ: POST /predict - Status: 200 - Czas: 53.06ms
[2025-12-20 13:22:36] [INFO] REQ: POST /predict - Status: 200 - Czas: 74.51ms
[2025-12-20 13:22:36] [INFO] REQ: POST /predict - Status: 200 - Czas: 46.45ms
[2025-12-20 13:22:36] [INFO] REQ: POST /predict - Status: 200 - Czas: 38.00ms
[2025-12-20 13:22:36] [INFO] REQ: POST /predict - Status: 200 - Czas: 46.73ms
[2025-12-20 13:22:36] [INFO] REQ: POST /predict - Status: 200 - Czas: 47.37ms
[2025-12-20 13:22:36] [INFO] REQ: POST /predict - Status: 200 - Czas: 20.42ms
[2025-12-20 13:22:36] [INFO] REQ: POST /predict - Status: 200 - Czas: 39.67ms
[2025-12-20 13:22:36] [INFO] REQ: POST /predict - Status: 200 - Czas: 30.57ms
[2025-12-20 13:22:36] [INFO] REQ: POST /predict - Status: 200 - Czas: 32.40ms
[2025-12-20 13:22:36] [INFO] REQ: POST /predict - Status: 200 - Czas: 32.90ms
[2025-12-20 13:22:36] [INFO] REQ: POST /predict - Status: 200 - Czas: 21.33ms
[2025-12-20 13:22:36] [INFO] REQ: POST /predict - Status: 200 - Czas: 41.94ms
[2025-12-20 13:22:36] [INFO] REQ: POST /predict - Status: 200 - Czas: 59.49ms
[2025-12-20 13:22:36] [INFO] REQ: POST /predict - Status: 200 - Czas: 61.18ms
[2025-12-20 13:22:36] [INFO] REQ: POST /predict - Status: 200 - Czas: 61.50ms
[2025-12-20 13:22:36] [INFO] REQ: POST /predict - Status: 200 - Czas: 27.80ms
[2025-12-20 13:22:36] [INFO] REQ: POST /predict - Status: 200 - Czas: 26.52ms
[2025-12-20 13:22:36] [INFO] REQ: POST /predict - Status: 200 - Czas: 60.41ms
[2025-12-20 13:22:36] [INFO] REQ: POST /predict - Status: 200 - Czas: 60.82ms
[2025-12-20 13:22:36] [INFO] REQ: POST /predict - Status: 200 - Czas: 61.12ms
[2025-12-20 13:22:36] [INFO] REQ: POST /predict - Status: 200 - Czas: 50.02ms
[2025-12-20 13:22:36] [INFO] REQ: POST /predict - Status: 200 - Czas: 25.58ms
[2025-12-20 13:22:36] [INFO] REQ: POST /predict - Status: 200 - Czas: 47.52ms
[2025-12-20 13:22:36] [INFO] REQ: POST /predict - Status: 200 - Czas: 45.32ms
[2025-12-20 13:22:36] [INFO] REQ: POST /predict - Status: 200 - Czas: 52.68ms
[2025-12-20 13:22:36] [INFO] REQ: POST /predict - Status: 200 - Czas: 53.00ms
[2025-12-20 13:22:36] [INFO] REQ: POST /predict - Status: 200 - Czas: 17.93ms
[2025-12-20 13:22:36] [INFO] REQ: POST /predict - Status: 200 - Czas: 26.08ms
[2025-12-20 13:22:37] [INFO] REQ: POST /predict - Status: 200 - Czas: 62.02ms
[2025-12-20 13:22:37] [INFO] REQ: POST /predict - Status: 200 - Czas: 62.57ms
[2025-12-20 13:22:37] [INFO] REQ: POST /predict - Status: 200 - Czas: 77.54ms
[2025-12-20 13:22:37] [INFO] REQ: POST /predict - Status: 200 - Czas: 76.83ms
[2025-12-20 13:22:37] [INFO] REQ: POST /predict - Status: 200 - Czas: 34.10ms
[2025-12-20 13:22:37] [INFO] REQ: POST /predict - Status: 200 - Czas: 56.55ms
[2025-12-20 13:22:37] [INFO] REQ: POST /predict - Status: 200 - Czas: 87.38ms
[2025-12-20 13:22:37] [INFO] REQ: POST /predict - Status: 200 - Czas: 68.25ms
[2025-12-20 13:22:37] [INFO] REQ: POST /predict - Status: 200 - Czas: 69.47ms
[2025-12-20 13:22:37] [INFO] REQ: POST /predict - Status: 200 - Czas: 20.83ms
[2025-12-20 13:22:37] [INFO] REQ: POST /predict - Status: 200 - Czas: 18.02ms
[2025-12-20 13:22:37] [INFO] REQ: POST /predict - Status: 200 - Czas: 40.72ms
[2025-12-20 13:22:37] [INFO] REQ: POST /predict - Status: 200 - Czas: 41.07ms
[2025-12-20 13:22:37] [INFO] REQ: POST /predict - Status: 200 - Czas: 50.05ms
[2025-12-20 13:22:37] [INFO] REQ: POST /predict - Status: 200 - Czas: 49.88ms
[2025-12-20 13:22:37] [INFO] REQ: POST /predict - Status: 200 - Czas: 26.77ms
[2025-12-20 13:22:37] [INFO] REQ: POST /predict - Status: 200 - Czas: 52.65ms
[2025-12-20 13:22:37] [INFO] REQ: POST /predict - Status: 200 - Czas: 51.76ms
[2025-12-20 13:22:37] [INFO] REQ: POST /predict - Status: 200 - Czas: 49.49ms
[2025-12-20 13:22:37] [INFO] REQ: POST /predict - Status: 200 - Czas: 50.30ms
[2025-12-20 13:22:37] [INFO] REQ: POST /predict - Status: 200 - Czas: 19.75ms
[2025-12-20 13:22:37] [INFO] REQ: POST /predict - Status: 200 - Czas: 39.99ms
[2025-12-20 13:22:37] [INFO] REQ: POST /predict - Status: 200 - Czas: 76.59ms
[2025-12-20 13:22:37] [INFO] REQ: POST /predict - Status: 200 - Czas: 76.35ms
[2025-12-20 13:22:37] [INFO] REQ: POST /predict - Status: 200 - Czas: 77.05ms
[2025-12-20 13:22:37] [INFO] REQ: POST /predict - Status: 200 - Czas: 13.35ms
[2025-12-20 13:22:37] [INFO] REQ: POST /predict - Status: 200 - Czas: 26.78ms
[2025-12-20 13:22:37] [INFO] REQ: POST /predict - Status: 200 - Czas: 54.75ms
[2025-12-20 13:22:37] [INFO] REQ: POST /predict - Status: 200 - Czas: 73.62ms
[2025-12-20 13:22:37] [INFO] REQ: POST /predict - Status: 200 - Czas: 74.36ms
[2025-12-20 13:22:37] [INFO] REQ: POST /predict - Status: 200 - Czas: 74.38ms
[2025-12-20 13:22:37] [INFO] REQ: POST /predict - Status: 200 - Czas: 14.28ms
[2025-12-20 13:22:37] [INFO] REQ: POST /predict - Status: 200 - Czas: 22.88ms
[2025-12-20 13:22:37] [INFO] REQ: POST /predict - Status: 200 - Czas: 31.43ms
[2025-12-20 13:22:37] [INFO] REQ: POST /predict - Status: 200 - Czas: 70.68ms
[2025-12-20 13:22:37] [INFO] REQ: POST /predict - Status: 200 - Czas: 71.60ms
[2025-12-20 13:22:37] [INFO] REQ: POST /predict - Status: 200 - Czas: 83.27ms
[2025-12-20 13:22:37] [INFO] REQ: POST /predict - Status: 200 - Czas: 66.42ms
[2025-12-20 13:22:37] [INFO] REQ: POST /predict - Status: 200 - Czas: 30.66ms
[2025-12-20 13:22:37] [INFO] REQ: POST /predict - Status: 200 - Czas: 26.37ms
[2025-12-20 13:22:37] [INFO] REQ: POST /predict - Status: 200 - Czas: 44.28ms
[2025-12-20 13:22:37] [INFO] REQ: POST /predict - Status: 200 - Czas: 65.46ms
[2025-12-20 13:22:37] [INFO] REQ: POST /predict - Status: 200 - Czas: 65.73ms
[2025-12-20 13:22:37] [INFO] REQ: POST /predict - Status: 200 - Czas: 65.30ms
[2025-12-20 13:22:37] [INFO] REQ: POST /predict - Status: 200 - Czas: 26.90ms
[2025-12-20 13:22:37] [INFO] REQ: POST /predict - Status: 200 - Czas: 46.94ms
[2025-12-20 13:22:37] [INFO] REQ: POST /predict - Status: 200 - Czas: 56.28ms
[2025-12-20 13:22:37] [INFO] REQ: POST /predict - Status: 200 - Czas: 58.03ms
[2025-12-20 13:22:37] [INFO] REQ: POST /predict - Status: 200 - Czas: 54.94ms
[2025-12-20 13:22:37] [INFO] REQ: POST /predict - Status: 200 - Czas: 29.86ms
[2025-12-20 13:22:37] [INFO] REQ: POST /predict - Status: 200 - Czas: 25.94ms
[2025-12-20 13:22:38] [INFO] REQ: POST /predict - Status: 200 - Czas: 51.18ms
[2025-12-20 13:22:38] [INFO] REQ: POST /predict - Status: 200 - Czas: 51.32ms
[2025-12-20 13:22:38] [INFO] REQ: POST /predict - Status: 200 - Czas: 51.58ms
[2025-12-20 13:22:38] [INFO] REQ: POST /predict - Status: 200 - Czas: 30.23ms
[2025-12-20 13:22:38] [INFO] REQ: POST /predict - Status: 200 - Czas: 47.38ms
[2025-12-20 13:22:38] [INFO] REQ: POST /predict - Status: 200 - Czas: 48.66ms
[2025-12-20 13:22:38] [INFO] REQ: POST /predict - Status: 200 - Czas: 50.10ms
[2025-12-20 13:22:38] [INFO] REQ: POST /predict - Status: 200 - Czas: 50.20ms
[2025-12-20 13:22:38] [INFO] REQ: POST /predict - Status: 200 - Czas: 16.57ms
[2025-12-20 13:22:38] [INFO] REQ: POST /predict - Status: 200 - Czas: 21.47ms
[2025-12-20 13:22:38] [INFO] REQ: POST /predict - Status: 200 - Czas: 74.22ms
[2025-12-20 13:22:38] [INFO] REQ: POST /predict - Status: 200 - Czas: 71.34ms
[2025-12-20 13:22:38] [INFO] REQ: POST /predict - Status: 200 - Czas: 70.93ms
[2025-12-20 13:22:38] [INFO] REQ: POST /predict - Status: 200 - Czas: 63.96ms
[2025-12-20 13:22:38] [INFO] REQ: POST /predict - Status: 200 - Czas: 22.30ms
[2025-12-20 13:22:38] [INFO] REQ: POST /predict - Status: 200 - Czas: 31.11ms
[2025-12-20 13:22:38] [INFO] REQ: POST /predict - Status: 200 - Czas: 42.01ms
[2025-12-20 13:22:38] [INFO] REQ: POST /predict - Status: 200 - Czas: 54.39ms
[2025-12-20 13:22:38] [INFO] REQ: POST /predict - Status: 200 - Czas: 55.21ms
[2025-12-20 13:22:38] [INFO] REQ: POST /predict - Status: 200 - Czas: 17.79ms
[2025-12-20 13:22:38] [INFO] REQ: POST /predict - Status: 200 - Czas: 50.25ms
[2025-12-20 13:22:38] [INFO] REQ: POST /predict - Status: 200 - Czas: 51.75ms
[2025-12-20 13:22:38] [INFO] REQ: POST /predict - Status: 200 - Czas: 57.82ms
[2025-12-20 13:22:38] [INFO] REQ: POST /predict - Status: 200 - Czas: 55.47ms
[2025-12-20 13:22:38] [INFO] REQ: POST /predict - Status: 200 - Czas: 31.80ms
[2025-12-20 13:22:38] [INFO] REQ: POST /predict - Status: 200 - Czas: 42.01ms
[2025-12-20 13:22:38] [INFO] REQ: POST /predict - Status: 200 - Czas: 54.29ms
[2025-12-20 13:22:38] [INFO] REQ: POST /predict - Status: 200 - Czas: 53.92ms
[2025-12-20 13:22:38] [INFO] REQ: POST /predict - Status: 200 - Czas: 70.50ms
[2025-12-20 13:22:38] [INFO] REQ: POST /predict - Status: 200 - Czas: 54.00ms
[2025-12-20 13:22:38] [INFO] REQ: POST /predict - Status: 200 - Czas: 22.61ms
[2025-12-20 13:22:38] [INFO] REQ: POST /predict - Status: 200 - Czas: 41.57ms
[2025-12-20 13:22:38] [INFO] REQ: POST /predict - Status: 200 - Czas: 70.16ms
[2025-12-20 13:22:38] [INFO] REQ: POST /predict - Status: 200 - Czas: 71.38ms
[2025-12-20 13:22:38] [INFO] REQ: POST /predict - Status: 200 - Czas: 72.21ms
[2025-12-20 13:22:38] [INFO] REQ: POST /predict - Status: 200 - Czas: 17.87ms
[2025-12-20 13:22:38] [INFO] REQ: POST /predict - Status: 200 - Czas: 19.93ms
[2025-12-20 13:22:38] [INFO] REQ: POST /predict - Status: 200 - Czas: 44.35ms
[2025-12-20 13:22:38] [INFO] REQ: POST /predict - Status: 200 - Czas: 58.63ms
[2025-12-20 13:22:38] [INFO] REQ: POST /predict - Status: 200 - Czas: 59.00ms
[2025-12-20 13:22:38] [INFO] REQ: POST /predict - Status: 200 - Czas: 77.97ms
[2025-12-20 13:22:38] [INFO] REQ: POST /predict - Status: 200 - Czas: 44.02ms
[2025-12-20 13:22:38] [INFO] REQ: POST /predict - Status: 200 - Czas: 27.87ms
[2025-12-20 13:22:38] [INFO] REQ: POST /predict - Status: 200 - Czas: 68.23ms
[2025-12-20 13:22:38] [INFO] REQ: POST /predict - Status: 200 - Czas: 67.64ms
[2025-12-20 13:22:38] [INFO] REQ: POST /predict - Status: 200 - Czas: 67.36ms
[2025-12-20 13:22:38] [INFO] REQ: POST /predict - Status: 200 - Czas: 63.21ms
[2025-12-20 13:22:38] [INFO] REQ: POST /predict - Status: 200 - Czas: 13.40ms
[2025-12-20 13:22:38] [INFO] REQ: POST /predict - Status: 200 - Czas: 28.18ms
[2025-12-20 13:22:38] [INFO] REQ: POST /predict - Status: 200 - Czas: 64.38ms
[2025-12-20 13:22:38] [INFO] REQ: POST /predict - Status: 200 - Czas: 64.60ms
[2025-12-20 13:22:38] [INFO] REQ: POST /predict - Status: 200 - Czas: 62.18ms
[2025-12-20 13:22:38] [INFO] REQ: POST /predict - Status: 200 - Czas: 61.34ms
[2025-12-20 13:22:38] [INFO] REQ: POST /predict - Status: 200 - Czas: 17.94ms
[2025-12-20 13:22:38] [INFO] REQ: POST /predict - Status: 200 - Czas: 31.04ms
[2025-12-20 13:22:39] [INFO] REQ: POST /predict - Status: 200 - Czas: 61.65ms
[2025-12-20 13:22:39] [INFO] REQ: POST /predict - Status: 200 - Czas: 62.55ms
[2025-12-20 13:22:39] [INFO] REQ: POST /predict - Status: 200 - Czas: 67.50ms
[2025-12-20 13:22:39] [INFO] REQ: POST /predict - Status: 200 - Czas: 70.62ms
[2025-12-20 13:22:39] [INFO] REQ: POST /predict - Status: 200 - Czas: 26.00ms
[2025-12-20 13:22:39] [INFO] REQ: POST /predict - Status: 200 - Czas: 12.01ms
[2025-12-20 13:22:39] [INFO] REQ: POST /predict - Status: 200 - Czas: 28.13ms
[2025-12-20 13:22:39] [INFO] REQ: POST /predict - Status: 200 - Czas: 39.40ms
[2025-12-20 13:22:39] [INFO] REQ: POST /predict - Status: 200 - Czas: 24.77ms
[2025-12-20 13:22:39] [INFO] REQ: POST /predict - Status: 200 - Czas: 45.67ms
[2025-12-20 13:22:39] [INFO] REQ: POST /predict - Status: 200 - Czas: 31.90ms
[2025-12-20 13:22:39] [INFO] REQ: POST /predict - Status: 200 - Czas: 33.86ms
[2025-12-20 13:22:39] [INFO] REQ: POST /predict - Status: 200 - Czas: 76.92ms
[2025-12-20 13:22:39] [INFO] REQ: POST /predict - Status: 200 - Czas: 71.27ms
[2025-12-20 13:22:39] [INFO] REQ: POST /predict - Status: 200 - Czas: 63.54ms
[2025-12-20 13:22:39] [INFO] REQ: POST /predict - Status: 200 - Czas: 20.33ms
[2025-12-20 13:22:39] [INFO] REQ: POST /predict - Status: 200 - Czas: 33.54ms
[2025-12-20 13:22:39] [INFO] REQ: POST /predict - Status: 200 - Czas: 96.63ms
[2025-12-20 13:22:39] [INFO] REQ: POST /predict - Status: 200 - Czas: 96.30ms
[2025-12-20 13:22:39] [INFO] REQ: POST /predict - Status: 200 - Czas: 96.86ms
[2025-12-20 13:22:39] [INFO] REQ: POST /predict - Status: 200 - Czas: 22.17ms
[2025-12-20 13:22:39] [INFO] REQ: POST /predict - Status: 200 - Czas: 29.38ms
[2025-12-20 13:22:39] [INFO] REQ: POST /predict - Status: 200 - Czas: 43.70ms
[2025-12-20 13:22:39] [INFO] REQ: POST /predict - Status: 200 - Czas: 50.92ms
[2025-12-20 13:22:39] [INFO] REQ: POST /predict - Status: 200 - Czas: 78.19ms
[2025-12-20 13:22:39] [INFO] REQ: POST /predict - Status: 200 - Czas: 56.82ms
[2025-12-20 13:22:39] [INFO] REQ: POST /predict - Status: 200 - Czas: 28.81ms
[2025-12-20 13:22:39] [INFO] REQ: POST /predict - Status: 200 - Czas: 40.98ms
[2025-12-20 13:22:39] [INFO] REQ: POST /predict - Status: 200 - Czas: 62.90ms
[2025-12-20 13:22:39] [INFO] REQ: POST /predict - Status: 200 - Czas: 63.30ms
[2025-12-20 13:22:39] [INFO] REQ: POST /predict - Status: 200 - Czas: 64.34ms
[2025-12-20 13:22:39] [INFO] REQ: POST /predict - Status: 200 - Czas: 25.93ms
[2025-12-20 13:22:39] [INFO] REQ: POST /predict - Status: 200 - Czas: 22.05ms
[2025-12-20 13:22:39] [INFO] REQ: POST /predict - Status: 200 - Czas: 63.28ms
[2025-12-20 13:22:39] [INFO] REQ: POST /predict - Status: 200 - Czas: 63.45ms
[2025-12-20 13:22:39] [INFO] REQ: POST /predict - Status: 200 - Czas: 63.62ms
[2025-12-20 13:22:39] [INFO] REQ: POST /predict - Status: 200 - Czas: 50.78ms
[2025-12-20 13:22:39] [INFO] REQ: POST /predict - Status: 200 - Czas: 23.09ms
[2025-12-20 13:22:39] [INFO] REQ: POST /predict - Status: 200 - Czas: 40.39ms
[2025-12-20 13:22:39] [INFO] REQ: POST /predict - Status: 200 - Czas: 52.78ms
[2025-12-20 13:22:39] [INFO] REQ: POST /predict - Status: 200 - Czas: 53.43ms
[2025-12-20 13:22:39] [INFO] REQ: POST /predict - Status: 200 - Czas: 54.26ms
[2025-12-20 13:22:39] [INFO] REQ: POST /predict - Status: 200 - Czas: 24.10ms
[2025-12-20 13:22:39] [INFO] REQ: POST /predict - Status: 200 - Czas: 35.59ms
[2025-12-20 13:22:39] [INFO] REQ: POST /predict - Status: 200 - Czas: 45.29ms
[2025-12-20 13:22:39] [INFO] REQ: POST /predict - Status: 200 - Czas: 68.53ms
[2025-12-20 13:22:39] [INFO] REQ: POST /predict - Status: 200 - Czas: 69.44ms
[2025-12-20 13:22:39] [INFO] REQ: POST /predict - Status: 200 - Czas: 34.12ms
[2025-12-20 13:22:39] [INFO] REQ: POST /predict - Status: 200 - Czas: 21.04ms
[2025-12-20 13:22:39] [INFO] REQ: POST /predict - Status: 200 - Czas: 22.88ms
[2025-12-20 13:22:39] [INFO] REQ: POST /predict - Status: 200 - Czas: 71.96ms
[2025-12-20 13:22:39] [INFO] REQ: POST /predict - Status: 200 - Czas: 71.62ms
[2025-12-20 13:22:39] [INFO] REQ: POST /predict - Status: 200 - Czas: 71.83ms
[2025-12-20 13:22:39] [INFO] REQ: POST /predict - Status: 200 - Czas: 61.64ms
[2025-12-20 13:22:40] [INFO] REQ: POST /predict - Status: 200 - Czas: 20.21ms
[2025-12-20 13:22:40] [INFO] REQ: POST /predict - Status: 200 - Czas: 29.75ms
[2025-12-20 13:22:40] [INFO] REQ: POST /predict - Status: 200 - Czas: 30.64ms
[2025-12-20 13:22:40] [INFO] REQ: POST /predict - Status: 200 - Czas: 42.15ms
[2025-12-20 13:22:40] [INFO] REQ: POST /predict - Status: 200 - Czas: 23.41ms
[2025-12-20 13:22:40] [INFO] REQ: POST /predict - Status: 200 - Czas: 51.51ms
[2025-12-20 13:22:40] [INFO] REQ: POST /predict - Status: 200 - Czas: 52.13ms
[2025-12-20 13:22:40] [INFO] REQ: POST /predict - Status: 200 - Czas: 50.05ms
[2025-12-20 13:22:40] [INFO] REQ: POST /predict - Status: 200 - Czas: 69.16ms
[2025-12-20 13:22:40] [INFO] REQ: POST /predict - Status: 200 - Czas: 45.58ms
[2025-12-20 13:22:40] [INFO] REQ: POST /predict - Status: 200 - Czas: 22.58ms
[2025-12-20 13:22:40] [INFO] REQ: POST /predict - Status: 200 - Czas: 45.11ms
[2025-12-20 13:22:40] [INFO] REQ: POST /predict - Status: 200 - Czas: 45.63ms
[2025-12-20 13:22:40] [INFO] REQ: POST /predict - Status: 200 - Czas: 43.40ms
[2025-12-20 13:22:40] [INFO] REQ: POST /predict - Status: 200 - Czas: 45.48ms
[2025-12-20 13:22:40] [INFO] REQ: POST /predict - Status: 200 - Czas: 47.18ms
[2025-12-20 13:22:40] [INFO] REQ: POST /predict - Status: 200 - Czas: 51.94ms
[2025-12-20 13:22:40] [INFO] REQ: POST /predict - Status: 200 - Czas: 53.63ms
[2025-12-20 13:22:40] [INFO] REQ: POST /predict - Status: 200 - Czas: 43.37ms
[2025-12-20 13:22:40] [INFO] REQ: POST /predict - Status: 200 - Czas: 25.98ms
[2025-12-20 13:22:40] [INFO] REQ: POST /predict - Status: 200 - Czas: 40.90ms
[2025-12-20 13:22:40] [INFO] REQ: POST /predict - Status: 200 - Czas: 41.41ms
[2025-12-20 13:22:40] [INFO] REQ: POST /predict - Status: 200 - Czas: 58.48ms
[2025-12-20 13:22:40] [INFO] REQ: POST /predict - Status: 200 - Czas: 62.03ms
[2025-12-20 13:22:40] [INFO] REQ: POST /predict - Status: 200 - Czas: 61.20ms
[2025-12-20 13:22:40] [INFO] REQ: POST /predict - Status: 200 - Czas: 47.88ms
[2025-12-20 13:22:40] [INFO] REQ: POST /predict - Status: 200 - Czas: 49.71ms
[2025-12-20 13:22:40] [INFO] REQ: POST /predict - Status: 200 - Czas: 30.03ms
[2025-12-20 13:22:40] [INFO] REQ: POST /predict - Status: 200 - Czas: 42.95ms
[2025-12-20 13:22:40] [INFO] REQ: POST /predict - Status: 200 - Czas: 44.35ms
[2025-12-20 13:22:40] [INFO] REQ: POST /predict - Status: 200 - Czas: 19.24ms
[2025-12-20 13:22:40] [INFO] REQ: POST /predict - Status: 200 - Czas: 40.27ms
[2025-12-20 13:22:40] [INFO] REQ: POST /predict - Status: 200 - Czas: 39.24ms
[2025-12-20 13:22:40] [INFO] REQ: POST /predict - Status: 200 - Czas: 60.23ms
[2025-12-20 13:22:40] [INFO] REQ: POST /predict - Status: 200 - Czas: 62.55ms
[2025-12-20 13:22:40] [INFO] REQ: POST /predict - Status: 200 - Czas: 30.18ms
[2025-12-20 13:22:40] [INFO] REQ: POST /predict - Status: 200 - Czas: 31.39ms
[2025-12-20 13:22:40] [INFO] REQ: POST /predict - Status: 200 - Czas: 29.80ms
[2025-12-20 13:22:40] [INFO] REQ: POST /predict - Status: 200 - Czas: 56.67ms
[2025-12-20 13:22:40] [INFO] REQ: POST /predict - Status: 200 - Czas: 57.42ms
[2025-12-20 13:22:40] [INFO] REQ: POST /predict - Status: 200 - Czas: 72.53ms
[2025-12-20 13:22:40] [INFO] REQ: POST /predict - Status: 200 - Czas: 74.30ms
[2025-12-20 13:22:40] [INFO] REQ: POST /predict - Status: 200 - Czas: 39.45ms
[2025-12-20 13:22:40] [INFO] REQ: POST /predict - Status: 200 - Czas: 22.51ms
[2025-12-20 13:22:40] [INFO] REQ: POST /predict - Status: 200 - Czas: 31.01ms
[2025-12-20 13:22:40] [INFO] REQ: POST /predict - Status: 200 - Czas: 35.33ms
[2025-12-20 13:22:40] [INFO] REQ: POST /predict - Status: 200 - Czas: 32.72ms
[2025-12-20 13:22:40] [INFO] REQ: POST /predict - Status: 200 - Czas: 55.87ms
[2025-12-20 13:22:40] [INFO] REQ: POST /predict - Status: 200 - Czas: 49.99ms
[2025-12-20 13:22:40] [INFO] REQ: POST /predict - Status: 200 - Czas: 29.37ms
[2025-12-20 13:22:41] [INFO] REQ: POST /predict - Status: 200 - Czas: 19.65ms
[2025-12-20 13:22:41] [INFO] REQ: POST /predict - Status: 200 - Czas: 46.24ms
[2025-12-20 13:22:41] [INFO] REQ: POST /predict - Status: 200 - Czas: 43.23ms
[2025-12-20 13:22:41] [INFO] REQ: POST /predict - Status: 200 - Czas: 67.44ms
[2025-12-20 13:22:41] [INFO] REQ: POST /predict - Status: 200 - Czas: 67.23ms
[2025-12-20 13:22:41] [INFO] REQ: POST /predict - Status: 200 - Czas: 21.40ms
[2025-12-20 13:22:41] [INFO] REQ: POST /predict - Status: 200 - Czas: 20.06ms
[2025-12-20 13:22:41] [INFO] REQ: POST /predict - Status: 200 - Czas: 29.69ms
[2025-12-20 13:22:41] [INFO] REQ: POST /predict - Status: 200 - Czas: 57.64ms
[2025-12-20 13:22:41] [INFO] REQ: POST /predict - Status: 200 - Czas: 57.77ms
[2025-12-20 13:22:41] [INFO] REQ: POST /predict - Status: 200 - Czas: 88.71ms
[2025-12-20 13:22:41] [INFO] REQ: POST /predict - Status: 200 - Czas: 83.49ms
[2025-12-20 13:22:41] [INFO] REQ: POST /predict - Status: 200 - Czas: 41.82ms
[2025-12-20 13:22:41] [INFO] REQ: POST /predict - Status: 200 - Czas: 21.39ms
[2025-12-20 13:22:41] [INFO] REQ: POST /predict - Status: 200 - Czas: 46.35ms
[2025-12-20 13:22:41] [INFO] REQ: POST /predict - Status: 200 - Czas: 86.66ms
[2025-12-20 13:22:41] [INFO] REQ: POST /predict - Status: 200 - Czas: 87.40ms
[2025-12-20 13:22:41] [INFO] REQ: POST /predict - Status: 200 - Czas: 87.21ms
[2025-12-20 13:22:41] [INFO] REQ: POST /predict - Status: 200 - Czas: 19.21ms
[2025-12-20 13:22:41] [INFO] REQ: POST /predict - Status: 200 - Czas: 40.35ms
[2025-12-20 13:22:41] [INFO] REQ: POST /predict - Status: 200 - Czas: 61.75ms
[2025-12-20 13:22:41] [INFO] REQ: POST /predict - Status: 200 - Czas: 62.09ms
[2025-12-20 13:22:41] [INFO] REQ: POST /predict - Status: 200 - Czas: 58.98ms
[2025-12-20 13:22:41] [INFO] REQ: POST /predict - Status: 200 - Czas: 19.30ms
[2025-12-20 13:22:41] [INFO] REQ: POST /predict - Status: 200 - Czas: 34.72ms
[2025-12-20 13:22:41] [INFO] REQ: POST /predict - Status: 200 - Czas: 77.99ms
[2025-12-20 13:22:41] [INFO] REQ: POST /predict - Status: 200 - Czas: 78.04ms
[2025-12-20 13:22:41] [INFO] REQ: POST /predict - Status: 200 - Czas: 78.47ms
[2025-12-20 13:22:41] [INFO] REQ: POST /predict - Status: 200 - Czas: 18.15ms
[2025-12-20 13:22:41] [INFO] REQ: POST /predict - Status: 200 - Czas: 21.25ms
[2025-12-20 13:22:41] [INFO] REQ: POST /predict - Status: 200 - Czas: 55.70ms
[2025-12-20 13:22:41] [INFO] REQ: POST /predict - Status: 200 - Czas: 66.01ms
[2025-12-20 13:22:41] [INFO] REQ: POST /predict - Status: 200 - Czas: 62.56ms
[2025-12-20 13:22:41] [INFO] REQ: POST /predict - Status: 200 - Czas: 15.76ms
[2025-12-20 13:22:41] [INFO] REQ: POST /predict - Status: 200 - Czas: 42.24ms
[2025-12-20 13:22:41] [INFO] REQ: POST /predict - Status: 200 - Czas: 59.79ms
[2025-12-20 13:22:41] [INFO] REQ: POST /predict - Status: 200 - Czas: 89.28ms
[2025-12-20 13:22:41] [INFO] REQ: POST /predict - Status: 200 - Czas: 90.50ms
[2025-12-20 13:22:41] [INFO] REQ: POST /predict - Status: 200 - Czas: 85.95ms
[2025-12-20 13:22:41] [INFO] REQ: POST /predict - Status: 200 - Czas: 16.04ms
[2025-12-20 13:22:41] [INFO] REQ: POST /predict - Status: 200 - Czas: 37.11ms
[2025-12-20 13:22:41] [INFO] REQ: POST /predict - Status: 200 - Czas: 42.19ms
[2025-12-20 13:22:41] [INFO] REQ: POST /predict - Status: 200 - Czas: 61.80ms
[2025-12-20 13:22:41] [INFO] REQ: POST /predict - Status: 200 - Czas: 61.66ms
[2025-12-20 13:22:41] [INFO] REQ: POST /predict - Status: 200 - Czas: 100.40ms
[2025-12-20 13:22:41] [INFO] REQ: POST /predict - Status: 200 - Czas: 84.46ms
[2025-12-20 13:22:41] [INFO] REQ: POST /predict - Status: 200 - Czas: 12.10ms
[2025-12-20 13:22:41] [INFO] REQ: POST /predict - Status: 200 - Czas: 29.94ms
[2025-12-20 13:22:41] [INFO] REQ: POST /predict - Status: 200 - Czas: 17.43ms
[2025-12-20 13:22:42] [INFO] REQ: POST /predict - Status: 200 - Czas: 59.40ms
[2025-12-20 13:22:42] [INFO] REQ: POST /predict - Status: 200 - Czas: 59.73ms
[2025-12-20 13:22:42] [INFO] REQ: POST /predict - Status: 200 - Czas: 59.98ms
[2025-12-20 13:22:42] [INFO] REQ: POST /predict - Status: 200 - Czas: 18.77ms
[2025-12-20 13:22:42] [INFO] REQ: POST /predict - Status: 200 - Czas: 28.02ms
[2025-12-20 13:22:42] [INFO] REQ: POST /predict - Status: 200 - Czas: 59.00ms
[2025-12-20 13:22:42] [INFO] REQ: POST /predict - Status: 200 - Czas: 67.34ms
[2025-12-20 13:22:42] [INFO] REQ: POST /predict - Status: 200 - Czas: 80.66ms
[2025-12-20 13:22:42] [INFO] REQ: POST /predict - Status: 200 - Czas: 58.60ms
[2025-12-20 13:22:42] [INFO] REQ: POST /predict - Status: 200 - Czas: 23.17ms
[2025-12-20 13:22:42] [INFO] REQ: POST /predict - Status: 200 - Czas: 17.20ms
[2025-12-20 13:22:42] [INFO] REQ: POST /predict - Status: 200 - Czas: 41.26ms
[2025-12-20 13:22:42] [INFO] REQ: POST /predict - Status: 200 - Czas: 42.03ms
[2025-12-20 13:22:42] [INFO] REQ: POST /predict - Status: 200 - Czas: 48.16ms
[2025-12-20 13:22:42] [INFO] REQ: POST /predict - Status: 200 - Czas: 34.87ms
[2025-12-20 13:22:42] [INFO] REQ: POST /predict - Status: 200 - Czas: 30.89ms
[2025-12-20 13:22:42] [INFO] REQ: POST /predict - Status: 200 - Czas: 28.01ms
[2025-12-20 13:22:42] [INFO] REQ: POST /predict - Status: 200 - Czas: 41.90ms
[2025-12-20 13:22:42] [INFO] REQ: POST /predict - Status: 200 - Czas: 63.49ms
[2025-12-20 13:22:42] [INFO] REQ: POST /predict - Status: 200 - Czas: 62.01ms
[2025-12-20 13:22:42] [INFO] REQ: POST /predict - Status: 200 - Czas: 63.01ms
[2025-12-20 13:22:42] [INFO] REQ: POST /predict - Status: 200 - Czas: 49.11ms
[2025-12-20 13:22:42] [INFO] REQ: POST /predict - Status: 200 - Czas: 49.93ms
[2025-12-20 13:22:42] [INFO] REQ: POST /predict - Status: 200 - Czas: 37.93ms
[2025-12-20 13:22:42] [INFO] REQ: POST /predict - Status: 200 - Czas: 38.19ms
[2025-12-20 13:22:42] [INFO] REQ: POST /predict - Status: 200 - Czas: 57.26ms
[2025-12-20 13:22:42] [INFO] REQ: POST /predict - Status: 200 - Czas: 33.35ms
[2025-12-20 13:22:42] [INFO] REQ: POST /predict - Status: 200 - Czas: 31.12ms
[2025-12-20 13:22:42] [INFO] REQ: POST /predict - Status: 200 - Czas: 59.15ms
[2025-12-20 13:22:42] [INFO] REQ: POST /predict - Status: 200 - Czas: 44.88ms
[2025-12-20 13:22:42] [INFO] REQ: POST /predict - Status: 200 - Czas: 64.19ms
[2025-12-20 13:22:42] [INFO] REQ: POST /predict - Status: 200 - Czas: 34.48ms
[2025-12-20 13:22:42] [INFO] REQ: POST /predict - Status: 200 - Czas: 32.44ms
[2025-12-20 13:22:42] [INFO] REQ: POST /predict - Status: 200 - Czas: 19.05ms
[2025-12-20 13:22:42] [INFO] REQ: POST /predict - Status: 200 - Czas: 53.43ms
[2025-12-20 13:22:42] [INFO] REQ: POST /predict - Status: 200 - Czas: 54.11ms
[2025-12-20 13:22:42] [INFO] REQ: POST /predict - Status: 200 - Czas: 52.99ms
[2025-12-20 13:22:42] [INFO] REQ: POST /predict - Status: 200 - Czas: 41.64ms
[2025-12-20 13:22:42] [INFO] REQ: POST /predict - Status: 200 - Czas: 46.77ms
[2025-12-20 13:22:42] [INFO] REQ: POST /predict - Status: 200 - Czas: 43.39ms
[2025-12-20 13:22:42] [INFO] REQ: POST /predict - Status: 200 - Czas: 43.55ms
[2025-12-20 13:22:42] [INFO] REQ: POST /predict - Status: 200 - Czas: 29.60ms
[2025-12-20 13:22:42] [INFO] REQ: POST /predict - Status: 200 - Czas: 22.59ms
[2025-12-20 13:22:42] [INFO] REQ: POST /predict - Status: 200 - Czas: 60.80ms
[2025-12-20 13:22:42] [INFO] REQ: POST /predict - Status: 200 - Czas: 62.52ms
[2025-12-20 13:22:42] [INFO] REQ: POST /predict - Status: 200 - Czas: 60.47ms
[2025-12-20 13:22:42] [INFO] REQ: POST /predict - Status: 200 - Czas: 56.29ms
[2025-12-20 13:22:42] [INFO] REQ: POST /predict - Status: 200 - Czas: 20.71ms
[2025-12-20 13:22:42] [INFO] REQ: POST /predict - Status: 200 - Czas: 22.75ms
[2025-12-20 13:22:42] [INFO] REQ: POST /predict - Status: 200 - Czas: 66.19ms
[2025-12-20 13:22:42] [INFO] REQ: POST /predict - Status: 200 - Czas: 66.83ms
[2025-12-20 13:22:42] [INFO] REQ: POST /predict - Status: 200 - Czas: 68.17ms
[2025-12-20 13:22:42] [INFO] REQ: POST /predict - Status: 200 - Czas: 60.51ms
[2025-12-20 13:22:42] [INFO] REQ: POST /predict - Status: 200 - Czas: 27.88ms
[2025-12-20 13:22:42] [INFO] REQ: POST /predict - Status: 200 - Czas: 42.94ms
[2025-12-20 13:22:43] [INFO] REQ: POST /predict - Status: 200 - Czas: 80.20ms
[2025-12-20 13:22:43] [INFO] REQ: POST /predict - Status: 200 - Czas: 81.01ms
[2025-12-20 13:22:43] [INFO] REQ: POST /predict - Status: 200 - Czas: 58.66ms
[2025-12-20 13:22:43] [INFO] REQ: POST /predict - Status: 200 - Czas: 14.88ms
[2025-12-20 13:22:43] [INFO] REQ: POST /predict - Status: 200 - Czas: 39.79ms
[2025-12-20 13:22:43] [INFO] REQ: POST /predict - Status: 200 - Czas: 41.29ms
[2025-12-20 13:22:43] [INFO] REQ: POST /predict - Status: 200 - Czas: 50.53ms
[2025-12-20 13:22:43] [INFO] REQ: POST /predict - Status: 200 - Czas: 35.09ms
[2025-12-20 13:22:43] [INFO] REQ: POST /predict - Status: 200 - Czas: 23.36ms
[2025-12-20 13:22:43] [INFO] REQ: POST /predict - Status: 200 - Czas: 36.11ms
[2025-12-20 13:22:43] [INFO] REQ: POST /predict - Status: 200 - Czas: 72.15ms
[2025-12-20 13:22:43] [INFO] REQ: POST /predict - Status: 200 - Czas: 73.03ms
[2025-12-20 13:22:43] [INFO] REQ: POST /predict - Status: 200 - Czas: 61.56ms
[2025-12-20 13:22:43] [INFO] REQ: POST /predict - Status: 200 - Czas: 60.70ms
[2025-12-20 13:22:43] [INFO] REQ: POST /predict - Status: 200 - Czas: 14.37ms
[2025-12-20 13:22:43] [INFO] REQ: POST /predict - Status: 200 - Czas: 43.42ms
[2025-12-20 13:22:43] [INFO] REQ: POST /predict - Status: 200 - Czas: 43.77ms
[2025-12-20 13:22:43] [INFO] REQ: POST /predict - Status: 200 - Czas: 75.58ms
[2025-12-20 13:22:43] [INFO] REQ: POST /predict - Status: 200 - Czas: 75.78ms
[2025-12-20 13:22:43] [INFO] REQ: POST /predict - Status: 200 - Czas: 53.97ms
[2025-12-20 13:22:43] [INFO] REQ: POST /predict - Status: 200 - Czas: 21.69ms
[2025-12-20 13:22:43] [INFO] REQ: POST /predict - Status: 200 - Czas: 38.21ms
[2025-12-20 13:22:43] [INFO] REQ: POST /predict - Status: 200 - Czas: 37.65ms
[2025-12-20 13:22:43] [INFO] REQ: POST /predict - Status: 200 - Czas: 71.52ms
[2025-12-20 13:22:43] [INFO] REQ: POST /predict - Status: 200 - Czas: 58.97ms
[2025-12-20 13:22:43] [INFO] REQ: POST /predict - Status: 200 - Czas: 14.06ms
[2025-12-20 13:22:43] [INFO] REQ: POST /predict - Status: 200 - Czas: 22.88ms
[2025-12-20 13:22:43] [INFO] REQ: POST /predict - Status: 200 - Czas: 36.09ms
[2025-12-20 13:22:43] [INFO] REQ: POST /predict - Status: 200 - Czas: 54.71ms
[2025-12-20 13:22:43] [INFO] REQ: POST /predict - Status: 200 - Czas: 54.73ms
[2025-12-20 13:22:43] [INFO] REQ: POST /predict - Status: 200 - Czas: 54.85ms
[2025-12-20 13:22:43] [INFO] REQ: POST /predict - Status: 200 - Czas: 12.87ms
[2025-12-20 13:22:43] [INFO] REQ: POST /predict - Status: 200 - Czas: 19.50ms
[2025-12-20 13:22:43] [INFO] REQ: POST /predict - Status: 200 - Czas: 36.01ms
[2025-12-20 13:22:43] [INFO] REQ: POST /predict - Status: 200 - Czas: 60.53ms
[2025-12-20 13:22:43] [INFO] REQ: POST /predict - Status: 200 - Czas: 61.32ms
[2025-12-20 13:22:43] [INFO] REQ: POST /predict - Status: 200 - Czas: 61.60ms
[2025-12-20 13:22:43] [INFO] REQ: POST /predict - Status: 200 - Czas: 14.88ms
[2025-12-20 13:22:43] [INFO] REQ: POST /predict - Status: 200 - Czas: 17.41ms
[2025-12-20 13:22:43] [INFO] REQ: POST /predict - Status: 200 - Czas: 26.18ms
[2025-12-20 13:22:43] [INFO] REQ: POST /predict - Status: 200 - Czas: 79.92ms
[2025-12-20 13:22:43] [INFO] REQ: POST /predict - Status: 200 - Czas: 80.10ms
[2025-12-20 13:22:43] [INFO] REQ: POST /predict - Status: 200 - Czas: 74.96ms
[2025-12-20 13:22:43] [INFO] REQ: POST /predict - Status: 200 - Czas: 70.04ms
[2025-12-20 13:22:43] [INFO] REQ: POST /predict - Status: 200 - Czas: 17.23ms
[2025-12-20 13:22:43] [INFO] REQ: POST /predict - Status: 200 - Czas: 29.67ms
[2025-12-20 13:22:43] [INFO] REQ: POST /predict - Status: 200 - Czas: 35.15ms
[2025-12-20 13:22:43] [INFO] REQ: POST /predict - Status: 200 - Czas: 36.00ms
[2025-12-20 13:22:43] [INFO] REQ: POST /predict - Status: 200 - Czas: 38.67ms
[2025-12-20 13:22:43] [INFO] REQ: POST /predict - Status: 200 - Czas: 39.90ms
[2025-12-20 13:22:43] [INFO] REQ: POST /predict - Status: 200 - Czas: 22.76ms
[2025-12-20 13:22:43] [INFO] REQ: POST /predict - Status: 200 - Czas: 62.23ms
[2025-12-20 13:22:43] [INFO] REQ: POST /predict - Status: 200 - Czas: 59.24ms
[2025-12-20 13:22:43] [INFO] REQ: POST /predict - Status: 200 - Czas: 16.18ms
[2025-12-20 13:22:43] [INFO] REQ: POST /predict - Status: 200 - Czas: 33.24ms
[2025-12-20 13:22:43] [INFO] REQ: POST /predict - Status: 200 - Czas: 33.71ms
[2025-12-20 13:22:44] [INFO] REQ: POST /predict - Status: 200 - Czas: 58.33ms
[2025-12-20 13:22:44] [INFO] REQ: POST /predict - Status: 200 - Czas: 58.71ms
[2025-12-20 13:22:44] [INFO] REQ: POST /predict - Status: 200 - Czas: 68.38ms
[2025-12-20 13:22:44] [INFO] REQ: POST /predict - Status: 200 - Czas: 47.09ms
[2025-12-20 13:22:44] [INFO] REQ: POST /predict - Status: 200 - Czas: 33.53ms
[2025-12-20 13:22:44] [INFO] REQ: POST /predict - Status: 200 - Czas: 46.80ms
[2025-12-20 13:22:44] [INFO] REQ: POST /predict - Status: 200 - Czas: 47.88ms
[2025-12-20 13:22:44] [INFO] REQ: POST /predict - Status: 200 - Czas: 26.31ms
[2025-12-20 13:22:44] [INFO] REQ: POST /predict - Status: 200 - Czas: 46.98ms
[2025-12-20 13:22:44] [INFO] REQ: POST /predict - Status: 200 - Czas: 70.92ms
[2025-12-20 13:22:44] [INFO] REQ: POST /predict - Status: 200 - Czas: 71.37ms
[2025-12-20 13:22:44] [INFO] REQ: POST /predict - Status: 200 - Czas: 72.31ms
[2025-12-20 13:22:44] [INFO] REQ: POST /predict - Status: 200 - Czas: 19.88ms
[2025-12-20 13:22:44] [INFO] REQ: POST /predict - Status: 200 - Czas: 62.54ms
[2025-12-20 13:22:44] [INFO] REQ: POST /predict - Status: 200 - Czas: 63.31ms
[2025-12-20 13:22:44] [INFO] REQ: POST /predict - Status: 200 - Czas: 63.42ms
[2025-12-20 13:22:44] [INFO] REQ: POST /predict - Status: 200 - Czas: 72.60ms
[2025-12-20 13:22:44] [INFO] REQ: POST /predict - Status: 200 - Czas: 23.12ms
[2025-12-20 13:22:44] [INFO] REQ: POST /predict - Status: 200 - Czas: 25.64ms
[2025-12-20 13:22:44] [INFO] REQ: POST /predict - Status: 200 - Czas: 103.05ms
[2025-12-20 13:22:44] [INFO] REQ: POST /predict - Status: 200 - Czas: 100.93ms
[2025-12-20 13:22:44] [INFO] REQ: POST /predict - Status: 200 - Czas: 102.47ms
[2025-12-20 13:22:44] [INFO] REQ: POST /predict - Status: 200 - Czas: 97.11ms
[2025-12-20 13:22:44] [INFO] REQ: POST /predict - Status: 200 - Czas: 32.17ms
[2025-12-20 13:22:44] [INFO] REQ: POST /predict - Status: 200 - Czas: 68.83ms
[2025-12-20 13:22:44] [INFO] REQ: POST /predict - Status: 200 - Czas: 68.61ms
[2025-12-20 13:22:44] [INFO] REQ: POST /predict - Status: 200 - Czas: 67.24ms
[2025-12-20 13:22:44] [INFO] REQ: POST /predict - Status: 200 - Czas: 53.74ms
[2025-12-20 13:22:44] [INFO] REQ: POST /predict - Status: 200 - Czas: 15.49ms
[2025-12-20 13:22:44] [INFO] REQ: POST /predict - Status: 200 - Czas: 37.42ms
[2025-12-20 13:22:44] [INFO] REQ: POST /predict - Status: 200 - Czas: 68.57ms
[2025-12-20 13:22:44] [INFO] REQ: POST /predict - Status: 200 - Czas: 67.93ms
[2025-12-20 13:22:44] [INFO] REQ: POST /predict - Status: 200 - Czas: 69.11ms
[2025-12-20 13:22:44] [INFO] REQ: POST /predict - Status: 200 - Czas: 21.48ms
[2025-12-20 13:22:44] [INFO] REQ: POST /predict - Status: 200 - Czas: 26.58ms
[2025-12-20 13:22:44] [INFO] REQ: POST /predict - Status: 200 - Czas: 40.68ms
[2025-12-20 13:22:44] [INFO] REQ: POST /predict - Status: 200 - Czas: 50.75ms
[2025-12-20 13:22:44] [INFO] REQ: POST /predict - Status: 200 - Czas: 51.08ms
[2025-12-20 13:22:44] [INFO] REQ: POST /predict - Status: 200 - Czas: 63.49ms
[2025-12-20 13:22:44] [INFO] REQ: POST /predict - Status: 200 - Czas: 39.62ms
[2025-12-20 13:22:44] [INFO] REQ: POST /predict - Status: 200 - Czas: 22.58ms
[2025-12-20 13:22:44] [INFO] REQ: POST /predict - Status: 200 - Czas: 68.81ms
[2025-12-20 13:22:44] [INFO] REQ: POST /predict - Status: 200 - Czas: 69.29ms
[2025-12-20 13:22:44] [INFO] REQ: POST /predict - Status: 200 - Czas: 69.59ms
[2025-12-20 13:22:44] [INFO] REQ: POST /predict - Status: 200 - Czas: 68.33ms
[2025-12-20 13:22:44] [INFO] REQ: POST /predict - Status: 200 - Czas: 28.89ms
[2025-12-20 13:22:44] [INFO] REQ: POST /predict - Status: 200 - Czas: 18.78ms
[2025-12-20 13:22:44] [INFO] REQ: POST /predict - Status: 200 - Czas: 59.45ms
[2025-12-20 13:22:44] [INFO] REQ: POST /predict - Status: 200 - Czas: 59.71ms
[2025-12-20 13:22:44] [INFO] REQ: POST /predict - Status: 200 - Czas: 59.87ms
[2025-12-20 13:22:44] [INFO] REQ: POST /predict - Status: 200 - Czas: 67.87ms
[2025-12-20 13:22:45] [INFO] REQ: POST /predict - Status: 200 - Czas: 27.21ms
[2025-12-20 13:22:45] [INFO] REQ: POST /predict - Status: 200 - Czas: 32.70ms
[2025-12-20 13:22:45] [INFO] REQ: POST /predict - Status: 200 - Czas: 46.18ms
[2025-12-20 13:22:45] [INFO] REQ: POST /predict - Status: 200 - Czas: 81.53ms
[2025-12-20 13:22:45] [INFO] REQ: POST /predict - Status: 200 - Czas: 82.78ms
[2025-12-20 13:22:45] [INFO] REQ: POST /predict - Status: 200 - Czas: 55.18ms
[2025-12-20 13:22:45] [INFO] REQ: POST /predict - Status: 200 - Czas: 24.94ms
[2025-12-20 13:22:45] [INFO] REQ: POST /predict - Status: 200 - Czas: 43.54ms
[2025-12-20 13:22:45] [INFO] REQ: POST /predict - Status: 200 - Czas: 61.30ms
[2025-12-20 13:22:45] [INFO] REQ: POST /predict - Status: 200 - Czas: 63.17ms
[2025-12-20 13:22:45] [INFO] REQ: POST /predict - Status: 200 - Czas: 63.77ms
[2025-12-20 13:22:45] [INFO] REQ: POST /predict - Status: 200 - Czas: 28.03ms
[2025-12-20 13:22:45] [INFO] REQ: POST /predict - Status: 200 - Czas: 27.06ms
[2025-12-20 13:22:45] [INFO] REQ: POST /predict - Status: 200 - Czas: 30.05ms
[2025-12-20 13:22:45] [INFO] REQ: POST /predict - Status: 200 - Czas: 45.45ms
[2025-12-20 13:22:45] [INFO] REQ: POST /predict - Status: 200 - Czas: 50.80ms
[2025-12-20 13:22:45] [INFO] REQ: POST /predict - Status: 200 - Czas: 50.93ms
[2025-12-20 13:22:45] [INFO] REQ: POST /predict - Status: 200 - Czas: 20.93ms
[2025-12-20 13:22:45] [INFO] REQ: POST /predict - Status: 200 - Czas: 41.32ms
[2025-12-20 13:22:45] [INFO] REQ: POST /predict - Status: 200 - Czas: 60.06ms
[2025-12-20 13:22:45] [INFO] REQ: POST /predict - Status: 200 - Czas: 61.04ms
[2025-12-20 13:22:45] [INFO] REQ: POST /predict - Status: 200 - Czas: 68.43ms
[2025-12-20 13:22:45] [INFO] REQ: POST /predict - Status: 200 - Czas: 53.60ms
[2025-12-20 13:22:45] [INFO] REQ: POST /predict - Status: 200 - Czas: 37.85ms
[2025-12-20 13:22:45] [INFO] REQ: POST /predict - Status: 200 - Czas: 37.33ms
[2025-12-20 13:22:45] [INFO] REQ: POST /predict - Status: 200 - Czas: 37.49ms
[2025-12-20 13:22:45] [INFO] REQ: POST /predict - Status: 200 - Czas: 16.32ms
[2025-12-20 13:22:45] [INFO] REQ: POST /predict - Status: 200 - Czas: 27.87ms
[2025-12-20 13:22:45] [INFO] REQ: POST /predict - Status: 200 - Czas: 27.06ms
[2025-12-20 13:22:45] [INFO] REQ: POST /predict - Status: 200 - Czas: 58.39ms
[2025-12-20 13:22:45] [INFO] REQ: POST /predict - Status: 200 - Czas: 55.80ms
[2025-12-20 13:22:45] [INFO] REQ: POST /predict - Status: 200 - Czas: 65.51ms
[2025-12-20 13:22:45] [INFO] REQ: POST /predict - Status: 200 - Czas: 66.26ms
[2025-12-20 13:22:45] [INFO] REQ: POST /predict - Status: 200 - Czas: 15.08ms
[2025-12-20 13:22:45] [INFO] REQ: POST /predict - Status: 200 - Czas: 16.15ms
[2025-12-20 13:22:45] [INFO] REQ: POST /predict - Status: 200 - Czas: 40.36ms
[2025-12-20 13:22:45] [INFO] REQ: POST /predict - Status: 200 - Czas: 75.09ms
[2025-12-20 13:22:45] [INFO] REQ: POST /predict - Status: 200 - Czas: 64.33ms
[2025-12-20 13:22:45] [INFO] REQ: POST /predict - Status: 200 - Czas: 63.89ms
[2025-12-20 13:22:45] [INFO] REQ: POST /predict - Status: 200 - Czas: 21.78ms
[2025-12-20 13:22:45] [INFO] REQ: POST /predict - Status: 200 - Czas: 19.25ms
[2025-12-20 13:22:45] [INFO] REQ: POST /predict - Status: 200 - Czas: 64.31ms
[2025-12-20 13:22:45] [INFO] REQ: POST /predict - Status: 200 - Czas: 65.39ms
[2025-12-20 13:22:45] [INFO] REQ: POST /predict - Status: 200 - Czas: 63.58ms
[2025-12-20 13:22:45] [INFO] REQ: POST /predict - Status: 200 - Czas: 64.61ms
[2025-12-20 13:22:45] [INFO] REQ: POST /predict - Status: 200 - Czas: 25.59ms
[2025-12-20 13:22:45] [INFO] REQ: POST /predict - Status: 200 - Czas: 32.94ms
[2025-12-20 13:22:45] [INFO] REQ: POST /predict - Status: 200 - Czas: 34.29ms
[2025-12-20 13:22:45] [INFO] REQ: POST /predict - Status: 200 - Czas: 64.79ms
[2025-12-20 13:22:45] [INFO] REQ: POST /predict - Status: 200 - Czas: 66.40ms
[2025-12-20 13:22:45] [INFO] REQ: POST /predict - Status: 200 - Czas: 57.94ms
[2025-12-20 13:22:45] [INFO] REQ: POST /predict - Status: 200 - Czas: 18.66ms
[2025-12-20 13:22:45] [INFO] REQ: POST /predict - Status: 200 - Czas: 37.08ms
[2025-12-20 13:22:45] [INFO] REQ: POST /predict - Status: 200 - Czas: 32.28ms
[2025-12-20 13:22:46] [INFO] REQ: POST /predict - Status: 200 - Czas: 51.41ms
[2025-12-20 13:22:46] [INFO] REQ: POST /predict - Status: 200 - Czas: 51.71ms
[2025-12-20 13:22:46] [INFO] REQ: POST /predict - Status: 200 - Czas: 23.92ms
[2025-12-20 13:22:46] [INFO] REQ: POST /predict - Status: 200 - Czas: 24.31ms
[2025-12-20 13:22:46] [INFO] REQ: POST /predict - Status: 200 - Czas: 38.13ms
[2025-12-20 13:22:46] [INFO] REQ: POST /predict - Status: 200 - Czas: 101.53ms
[2025-12-20 13:22:46] [INFO] REQ: POST /predict - Status: 200 - Czas: 101.41ms
[2025-12-20 13:22:46] [INFO] REQ: POST /predict - Status: 200 - Czas: 100.03ms
[2025-12-20 13:22:46] [INFO] REQ: POST /predict - Status: 200 - Czas: 97.63ms
[2025-12-20 13:22:46] [INFO] REQ: POST /predict - Status: 200 - Czas: 28.09ms
[2025-12-20 13:22:46] [INFO] REQ: POST /predict - Status: 200 - Czas: 31.32ms
[2025-12-20 13:22:46] [INFO] REQ: POST /predict - Status: 200 - Czas: 84.07ms
[2025-12-20 13:22:46] [INFO] REQ: POST /predict - Status: 200 - Czas: 84.55ms
[2025-12-20 13:22:46] [INFO] REQ: POST /predict - Status: 200 - Czas: 84.95ms
[2025-12-20 13:22:46] [INFO] REQ: POST /predict - Status: 200 - Czas: 27.62ms
[2025-12-20 13:22:46] [INFO] REQ: POST /predict - Status: 200 - Czas: 72.09ms
[2025-12-20 13:22:46] [INFO] REQ: POST /predict - Status: 200 - Czas: 72.37ms
[2025-12-20 13:22:46] [INFO] REQ: POST /predict - Status: 200 - Czas: 73.16ms
[2025-12-20 13:22:46] [INFO] REQ: POST /predict - Status: 200 - Czas: 74.29ms
[2025-12-20 13:22:46] [INFO] REQ: POST /predict - Status: 200 - Czas: 28.04ms
[2025-12-20 13:22:46] [INFO] REQ: POST /predict - Status: 200 - Czas: 26.78ms
[2025-12-20 13:22:46] [INFO] REQ: POST /predict - Status: 200 - Czas: 40.28ms
[2025-12-20 13:22:46] [INFO] REQ: POST /predict - Status: 200 - Czas: 53.46ms
[2025-12-20 13:22:46] [INFO] REQ: POST /predict - Status: 200 - Czas: 54.18ms
[2025-12-20 13:22:46] [INFO] REQ: POST /predict - Status: 200 - Czas: 53.61ms
[2025-12-20 13:22:46] [INFO] REQ: POST /predict - Status: 200 - Czas: 16.46ms
[2025-12-20 13:22:46] [INFO] REQ: POST /predict - Status: 200 - Czas: 37.95ms
[2025-12-20 13:22:46] [INFO] REQ: POST /predict - Status: 200 - Czas: 63.97ms
[2025-12-20 13:22:46] [INFO] REQ: POST /predict - Status: 200 - Czas: 63.30ms
[2025-12-20 13:22:46] [INFO] REQ: POST /predict - Status: 200 - Czas: 40.31ms
[2025-12-20 13:22:46] [INFO] REQ: POST /predict - Status: 200 - Czas: 33.00ms
[2025-12-20 13:22:46] [INFO] REQ: POST /predict - Status: 200 - Czas: 46.21ms
[2025-12-20 13:22:46] [INFO] REQ: POST /predict - Status: 200 - Czas: 44.54ms
[2025-12-20 13:22:46] [INFO] REQ: POST /predict - Status: 200 - Czas: 63.97ms
[2025-12-20 13:22:46] [INFO] REQ: POST /predict - Status: 200 - Czas: 52.41ms
[2025-12-20 13:22:46] [INFO] REQ: POST /predict - Status: 200 - Czas: 25.98ms
[2025-12-20 13:22:46] [INFO] REQ: POST /predict - Status: 200 - Czas: 44.96ms
[2025-12-20 13:22:46] [INFO] REQ: POST /predict - Status: 200 - Czas: 53.64ms
[2025-12-20 13:22:46] [INFO] REQ: POST /predict - Status: 200 - Czas: 55.01ms
[2025-12-20 13:22:46] [INFO] REQ: POST /predict - Status: 200 - Czas: 55.80ms
[2025-12-20 13:22:46] [INFO] REQ: POST /predict - Status: 200 - Czas: 17.80ms
[2025-12-20 13:22:46] [INFO] REQ: POST /predict - Status: 200 - Czas: 12.10ms
[2025-12-20 13:22:46] [INFO] REQ: POST /predict - Status: 200 - Czas: 21.07ms
[2025-12-20 13:22:46] [INFO] REQ: POST /predict - Status: 200 - Czas: 24.34ms
[2025-12-20 13:22:46] [INFO] REQ: POST /predict - Status: 200 - Czas: 50.80ms
[2025-12-20 13:22:46] [INFO] REQ: POST /predict - Status: 200 - Czas: 52.31ms
[2025-12-20 13:22:46] [INFO] REQ: POST /predict - Status: 200 - Czas: 59.48ms
[2025-12-20 13:22:46] [INFO] REQ: POST /predict - Status: 200 - Czas: 60.20ms
[2025-12-20 13:22:46] [INFO] REQ: POST /predict - Status: 200 - Czas: 25.91ms
[2025-12-20 13:22:46] [INFO] REQ: POST /predict - Status: 200 - Czas: 25.54ms
[2025-12-20 13:22:46] [INFO] REQ: POST /predict - Status: 200 - Czas: 77.03ms
[2025-12-20 13:22:46] [INFO] REQ: POST /predict - Status: 200 - Czas: 77.26ms
[2025-12-20 13:22:46] [INFO] REQ: POST /predict - Status: 200 - Czas: 77.57ms
[2025-12-20 13:22:47] [INFO] REQ: POST /predict - Status: 200 - Czas: 61.88ms
[2025-12-20 13:22:47] [INFO] REQ: POST /predict - Status: 200 - Czas: 17.41ms
[2025-12-20 13:22:47] [INFO] REQ: POST /predict - Status: 200 - Czas: 42.18ms
[2025-12-20 13:22:47] [INFO] REQ: POST /predict - Status: 200 - Czas: 40.62ms
[2025-12-20 13:22:47] [INFO] REQ: POST /predict - Status: 200 - Czas: 54.50ms
[2025-12-20 13:22:47] [INFO] REQ: POST /predict - Status: 200 - Czas: 66.38ms
[2025-12-20 13:22:47] [INFO] REQ: POST /predict - Status: 200 - Czas: 15.70ms
[2025-12-20 13:22:47] [INFO] REQ: POST /predict - Status: 200 - Czas: 19.44ms
[2025-12-20 13:22:47] [INFO] REQ: POST /predict - Status: 200 - Czas: 59.13ms
[2025-12-20 13:22:47] [INFO] REQ: POST /predict - Status: 200 - Czas: 54.06ms
[2025-12-20 13:22:47] [INFO] REQ: POST /predict - Status: 200 - Czas: 67.11ms
[2025-12-20 13:22:47] [INFO] REQ: POST /predict - Status: 200 - Czas: 68.74ms
[2025-12-20 13:22:47] [INFO] REQ: POST /predict - Status: 200 - Czas: 20.79ms
[2025-12-20 13:22:47] [INFO] REQ: POST /predict - Status: 200 - Czas: 29.54ms
[2025-12-20 13:22:47] [INFO] REQ: POST /predict - Status: 200 - Czas: 65.48ms
[2025-12-20 13:22:47] [INFO] REQ: POST /predict - Status: 200 - Czas: 63.96ms
[2025-12-20 13:22:47] [INFO] REQ: POST /predict - Status: 200 - Czas: 72.41ms
[2025-12-20 13:22:47] [INFO] REQ: POST /predict - Status: 200 - Czas: 71.51ms
[2025-12-20 13:22:47] [INFO] REQ: POST /predict - Status: 200 - Czas: 15.93ms
[2025-12-20 13:22:47] [INFO] REQ: POST /predict - Status: 200 - Czas: 21.63ms
[2025-12-20 13:22:47] [INFO] REQ: POST /predict - Status: 200 - Czas: 48.57ms
[2025-12-20 13:22:47] [INFO] REQ: POST /predict - Status: 200 - Czas: 48.62ms
[2025-12-20 13:22:47] [INFO] REQ: POST /predict - Status: 200 - Czas: 47.04ms
[2025-12-20 13:22:47] [INFO] REQ: POST /predict - Status: 200 - Czas: 30.09ms
[2025-12-20 13:22:47] [INFO] REQ: POST /predict - Status: 200 - Czas: 52.61ms
[2025-12-20 13:22:47] [INFO] REQ: POST /predict - Status: 200 - Czas: 50.25ms
[2025-12-20 13:22:47] [INFO] REQ: POST /predict - Status: 200 - Czas: 61.75ms
[2025-12-20 13:22:47] [INFO] REQ: POST /predict - Status: 200 - Czas: 45.63ms
[2025-12-20 13:22:47] [INFO] REQ: POST /predict - Status: 200 - Czas: 47.76ms
[2025-12-20 13:22:47] [INFO] REQ: POST /predict - Status: 200 - Czas: 19.45ms
[2025-12-20 13:22:47] [INFO] REQ: POST /predict - Status: 200 - Czas: 49.01ms
[2025-12-20 13:22:47] [INFO] REQ: POST /predict - Status: 200 - Czas: 50.23ms
[2025-12-20 13:22:47] [INFO] REQ: POST /predict - Status: 200 - Czas: 81.40ms
[2025-12-20 13:22:47] [INFO] REQ: POST /predict - Status: 200 - Czas: 59.81ms
[2025-12-20 13:22:47] [INFO] REQ: POST /predict - Status: 200 - Czas: 50.89ms
[2025-12-20 13:22:47] [INFO] REQ: POST /predict - Status: 200 - Czas: 35.80ms
[2025-12-20 13:22:47] [INFO] REQ: POST /predict - Status: 200 - Czas: 34.08ms
[2025-12-20 13:22:47] [INFO] REQ: POST /predict - Status: 200 - Czas: 60.96ms
[2025-12-20 13:22:47] [INFO] REQ: POST /predict - Status: 200 - Czas: 61.57ms
[2025-12-20 13:22:47] [INFO] REQ: POST /predict - Status: 200 - Czas: 66.26ms
[2025-12-20 13:22:47] [INFO] REQ: POST /predict - Status: 200 - Czas: 66.45ms
[2025-12-20 13:22:47] [INFO] REQ: POST /predict - Status: 200 - Czas: 25.17ms
[2025-12-20 13:22:47] [INFO] REQ: POST /predict - Status: 200 - Czas: 19.96ms
[2025-12-20 13:22:47] [INFO] REQ: POST /predict - Status: 200 - Czas: 67.55ms
[2025-12-20 13:22:47] [INFO] REQ: POST /predict - Status: 200 - Czas: 67.95ms
[2025-12-20 13:22:47] [INFO] REQ: POST /predict - Status: 200 - Czas: 62.85ms
[2025-12-20 13:22:47] [INFO] REQ: POST /predict - Status: 200 - Czas: 27.11ms
[2025-12-20 13:22:47] [INFO] REQ: POST /predict - Status: 200 - Czas: 50.72ms
[2025-12-20 13:22:48] [INFO] REQ: POST /predict - Status: 200 - Czas: 72.00ms
[2025-12-20 13:22:48] [INFO] REQ: POST /predict - Status: 200 - Czas: 73.02ms
[2025-12-20 13:22:48] [INFO] REQ: POST /predict - Status: 200 - Czas: 75.05ms
[2025-12-20 13:22:48] [INFO] REQ: POST /predict - Status: 200 - Czas: 40.60ms
[2025-12-20 13:22:48] [INFO] REQ: POST /predict - Status: 200 - Czas: 38.35ms
[2025-12-20 13:22:48] [INFO] REQ: POST /predict - Status: 200 - Czas: 36.49ms
[2025-12-20 13:22:48] [INFO] REQ: POST /predict - Status: 200 - Czas: 70.95ms
[2025-12-20 13:22:48] [INFO] REQ: POST /predict - Status: 200 - Czas: 71.26ms
[2025-12-20 13:22:48] [INFO] REQ: POST /predict - Status: 200 - Czas: 71.99ms
[2025-12-20 13:22:48] [INFO] REQ: POST /predict - Status: 200 - Czas: 25.86ms
[2025-12-20 13:22:48] [INFO] REQ: POST /predict - Status: 200 - Czas: 19.85ms
[2025-12-20 13:22:48] [INFO] REQ: POST /predict - Status: 200 - Czas: 60.24ms
[2025-12-20 13:22:48] [INFO] REQ: POST /predict - Status: 200 - Czas: 60.78ms
[2025-12-20 13:22:48] [INFO] REQ: POST /predict - Status: 200 - Czas: 72.00ms
[2025-12-20 13:22:48] [INFO] REQ: POST /predict - Status: 200 - Czas: 28.22ms
[2025-12-20 13:22:48] [INFO] REQ: POST /predict - Status: 200 - Czas: 18.32ms
[2025-12-20 13:22:48] [INFO] REQ: POST /predict - Status: 200 - Czas: 23.66ms
[2025-12-20 13:22:48] [INFO] REQ: POST /predict - Status: 200 - Czas: 77.93ms
[2025-12-20 13:22:48] [INFO] REQ: POST /predict - Status: 200 - Czas: 76.42ms
[2025-12-20 13:22:48] [INFO] REQ: POST /predict - Status: 200 - Czas: 77.25ms
[2025-12-20 13:22:48] [INFO] REQ: POST /predict - Status: 200 - Czas: 59.20ms
[2025-12-20 13:22:48] [INFO] REQ: POST /predict - Status: 200 - Czas: 36.40ms
[2025-12-20 13:22:48] [INFO] REQ: POST /predict - Status: 200 - Czas: 73.80ms
[2025-12-20 13:22:48] [INFO] REQ: POST /predict - Status: 200 - Czas: 73.95ms
[2025-12-20 13:22:48] [INFO] REQ: POST /predict - Status: 200 - Czas: 57.71ms
[2025-12-20 13:22:48] [INFO] REQ: POST /predict - Status: 200 - Czas: 58.84ms
[2025-12-20 13:22:48] [INFO] REQ: POST /predict - Status: 200 - Czas: 27.76ms
[2025-12-20 13:22:48] [INFO] REQ: POST /predict - Status: 200 - Czas: 96.05ms
[2025-12-20 13:22:48] [INFO] REQ: POST /predict - Status: 200 - Czas: 96.25ms
[2025-12-20 13:22:48] [INFO] REQ: POST /predict - Status: 200 - Czas: 93.61ms
[2025-12-20 13:22:48] [INFO] REQ: POST /predict - Status: 200 - Czas: 92.69ms
[2025-12-20 13:22:48] [INFO] REQ: POST /predict - Status: 200 - Czas: 24.81ms
[2025-12-20 13:22:48] [INFO] REQ: POST /predict - Status: 200 - Czas: 76.22ms
[2025-12-20 13:22:48] [INFO] REQ: POST /predict - Status: 200 - Czas: 80.69ms
[2025-12-20 13:22:48] [INFO] REQ: POST /predict - Status: 200 - Czas: 80.27ms
[2025-12-20 13:22:48] [INFO] REQ: POST /predict - Status: 200 - Czas: 78.71ms
[2025-12-20 13:22:48] [INFO] REQ: POST /predict - Status: 200 - Czas: 30.36ms
[2025-12-20 13:22:48] [INFO] REQ: POST /predict - Status: 200 - Czas: 78.23ms
[2025-12-20 13:22:48] [INFO] REQ: POST /predict - Status: 200 - Czas: 76.73ms
[2025-12-20 13:22:48] [INFO] REQ: POST /predict - Status: 200 - Czas: 91.65ms
[2025-12-20 13:22:48] [INFO] REQ: POST /predict - Status: 200 - Czas: 72.00ms
[2025-12-20 13:22:48] [INFO] REQ: POST /predict - Status: 200 - Czas: 23.87ms
[2025-12-20 13:22:48] [INFO] REQ: POST /predict - Status: 200 - Czas: 57.54ms
[2025-12-20 13:22:48] [INFO] REQ: POST /predict - Status: 200 - Czas: 59.04ms
[2025-12-20 13:22:48] [INFO] REQ: POST /predict - Status: 200 - Czas: 90.87ms
[2025-12-20 13:22:48] [INFO] REQ: POST /predict - Status: 200 - Czas: 72.24ms
[2025-12-20 13:22:48] [INFO] REQ: POST /predict - Status: 200 - Czas: 27.16ms
[2025-12-20 13:22:48] [INFO] REQ: POST /predict - Status: 200 - Czas: 17.67ms
[2025-12-20 13:22:48] [INFO] REQ: POST /predict - Status: 200 - Czas: 32.43ms
[2025-12-20 13:22:49] [INFO] REQ: POST /predict - Status: 200 - Czas: 56.17ms
[2025-12-20 13:22:49] [INFO] REQ: POST /predict - Status: 200 - Czas: 56.50ms
[2025-12-20 13:22:49] [INFO] REQ: POST /predict - Status: 200 - Czas: 47.12ms
[2025-12-20 13:22:49] [INFO] REQ: POST /predict - Status: 200 - Czas: 32.68ms
[2025-12-20 13:22:49] [INFO] REQ: POST /predict - Status: 200 - Czas: 92.11ms
[2025-12-20 13:22:49] [INFO] REQ: POST /predict - Status: 200 - Czas: 93.00ms
[2025-12-20 13:22:49] [INFO] REQ: POST /predict - Status: 200 - Czas: 93.20ms
[2025-12-20 13:22:49] [INFO] REQ: POST /predict - Status: 200 - Czas: 79.62ms
[2025-12-20 13:22:49] [INFO] REQ: POST /predict - Status: 200 - Czas: 19.42ms
[2025-12-20 13:22:49] [INFO] REQ: POST /predict - Status: 200 - Czas: 21.60ms
[2025-12-20 13:22:49] [INFO] REQ: POST /predict - Status: 200 - Czas: 108.97ms
[2025-12-20 13:22:49] [INFO] REQ: POST /predict - Status: 200 - Czas: 109.37ms
[2025-12-20 13:22:49] [INFO] REQ: POST /predict - Status: 200 - Czas: 110.36ms
[2025-12-20 13:22:49] [INFO] REQ: POST /predict - Status: 200 - Czas: 103.96ms
[2025-12-20 13:22:49] [INFO] REQ: POST /predict - Status: 200 - Czas: 16.42ms
[2025-12-20 13:22:49] [INFO] REQ: POST /predict - Status: 200 - Czas: 27.48ms
[2025-12-20 13:22:49] [INFO] REQ: POST /predict - Status: 200 - Czas: 43.51ms
[2025-12-20 13:22:49] [INFO] REQ: POST /predict - Status: 200 - Czas: 44.43ms
[2025-12-20 13:22:49] [INFO] REQ: POST /predict - Status: 200 - Czas: 40.66ms
[2025-12-20 13:22:49] [INFO] REQ: POST /predict - Status: 200 - Czas: 23.50ms
[2025-12-20 13:22:49] [INFO] REQ: POST /predict - Status: 200 - Czas: 21.86ms
[2025-12-20 13:22:49] [INFO] REQ: POST /predict - Status: 200 - Czas: 27.60ms
[2025-12-20 13:22:49] [INFO] REQ: POST /predict - Status: 200 - Czas: 65.83ms
[2025-12-20 13:22:49] [INFO] REQ: POST /predict - Status: 200 - Czas: 66.67ms
[2025-12-20 13:22:49] [INFO] REQ: POST /predict - Status: 200 - Czas: 64.32ms
[2025-12-20 13:22:49] [INFO] REQ: POST /predict - Status: 200 - Czas: 58.74ms
[2025-12-20 13:22:49] [INFO] REQ: POST /predict - Status: 200 - Czas: 20.13ms
[2025-12-20 13:22:49] [INFO] REQ: POST /predict - Status: 200 - Czas: 49.71ms
[2025-12-20 13:22:49] [INFO] REQ: POST /predict - Status: 200 - Czas: 63.61ms
[2025-12-20 13:22:49] [INFO] REQ: POST /predict - Status: 200 - Czas: 63.94ms
[2025-12-20 13:22:49] [INFO] REQ: POST /predict - Status: 200 - Czas: 65.74ms
[2025-12-20 13:22:49] [INFO] REQ: POST /predict - Status: 200 - Czas: 17.03ms
[2025-12-20 13:22:49] [INFO] REQ: POST /predict - Status: 200 - Czas: 26.47ms
[2025-12-20 13:22:49] [INFO] REQ: POST /predict - Status: 200 - Czas: 41.48ms
[2025-12-20 13:22:49] [INFO] REQ: POST /predict - Status: 200 - Czas: 63.84ms
[2025-12-20 13:22:49] [INFO] REQ: POST /predict - Status: 200 - Czas: 64.89ms
[2025-12-20 13:22:49] [INFO] REQ: POST /predict - Status: 200 - Czas: 65.33ms
[2025-12-20 13:22:49] [INFO] REQ: POST /predict - Status: 200 - Czas: 14.89ms
[2025-12-20 13:22:49] [INFO] REQ: POST /predict - Status: 200 - Czas: 22.84ms
[2025-12-20 13:22:49] [INFO] REQ: POST /predict - Status: 200 - Czas: 32.09ms
[2025-12-20 13:22:49] [INFO] REQ: POST /predict - Status: 200 - Czas: 34.57ms
[2025-12-20 13:22:49] [INFO] REQ: POST /predict - Status: 200 - Czas: 58.03ms
[2025-12-20 13:22:49] [INFO] REQ: POST /predict - Status: 200 - Czas: 58.20ms
[2025-12-20 13:22:49] [INFO] REQ: POST /predict - Status: 200 - Czas: 38.80ms
[2025-12-20 13:22:49] [INFO] REQ: POST /predict - Status: 200 - Czas: 48.43ms
[2025-12-20 13:22:49] [INFO] REQ: POST /predict - Status: 200 - Czas: 59.10ms
[2025-12-20 13:22:49] [INFO] REQ: POST /predict - Status: 200 - Czas: 81.58ms
[2025-12-20 13:22:49] [INFO] REQ: POST /predict - Status: 200 - Czas: 83.66ms
[2025-12-20 13:22:49] [INFO] REQ: POST /predict - Status: 200 - Czas: 82.91ms
[2025-12-20 13:22:49] [INFO] REQ: POST /predict - Status: 200 - Czas: 19.24ms
[2025-12-20 13:22:49] [INFO] REQ: POST /predict - Status: 200 - Czas: 49.62ms
[2025-12-20 13:22:49] [INFO] REQ: POST /predict - Status: 200 - Czas: 48.41ms
[2025-12-20 13:22:50] [INFO] REQ: POST /predict - Status: 200 - Czas: 64.47ms
[2025-12-20 13:22:50] [INFO] REQ: POST /predict - Status: 200 - Czas: 63.29ms
[2025-12-20 13:22:50] [INFO] REQ: POST /predict - Status: 200 - Czas: 27.09ms
[2025-12-20 13:22:50] [INFO] REQ: POST /predict - Status: 200 - Czas: 50.77ms
[2025-12-20 13:22:50] [INFO] REQ: POST /predict - Status: 200 - Czas: 50.23ms
[2025-12-20 13:22:50] [INFO] REQ: POST /predict - Status: 200 - Czas: 69.28ms
[2025-12-20 13:22:50] [INFO] REQ: POST /predict - Status: 200 - Czas: 68.19ms
[2025-12-20 13:22:50] [INFO] REQ: POST /predict - Status: 200 - Czas: 37.82ms
[2025-12-20 13:22:50] [INFO] REQ: POST /predict - Status: 200 - Czas: 100.49ms
[2025-12-20 13:22:50] [INFO] REQ: POST /predict - Status: 200 - Czas: 97.07ms
[2025-12-20 13:22:50] [INFO] REQ: POST /predict - Status: 200 - Czas: 96.57ms
[2025-12-20 13:22:50] [INFO] REQ: POST /predict - Status: 200 - Czas: 95.87ms
[2025-12-20 13:22:50] [INFO] REQ: POST /predict - Status: 200 - Czas: 39.42ms
[2025-12-20 13:22:50] [INFO] REQ: POST /predict - Status: 200 - Czas: 69.10ms
[2025-12-20 13:22:50] [INFO] REQ: POST /predict - Status: 200 - Czas: 98.01ms
[2025-12-20 13:22:50] [INFO] REQ: POST /predict - Status: 200 - Czas: 96.06ms
[2025-12-20 13:22:50] [INFO] REQ: POST /predict - Status: 200 - Czas: 91.59ms
[2025-12-20 13:22:50] [INFO] REQ: POST /predict - Status: 200 - Czas: 30.45ms
[2025-12-20 13:22:50] [INFO] REQ: POST /predict - Status: 200 - Czas: 80.65ms
[2025-12-20 13:22:50] [INFO] REQ: POST /predict - Status: 200 - Czas: 80.92ms
[2025-12-20 13:22:50] [INFO] REQ: POST /predict - Status: 200 - Czas: 79.39ms
[2025-12-20 13:22:50] [INFO] REQ: POST /predict - Status: 200 - Czas: 78.86ms
[2025-12-20 13:22:50] [INFO] REQ: POST /predict - Status: 200 - Czas: 31.15ms
[2025-12-20 13:22:50] [INFO] REQ: POST /predict - Status: 200 - Czas: 30.71ms
[2025-12-20 13:22:50] [INFO] REQ: POST /predict - Status: 200 - Czas: 48.87ms
[2025-12-20 13:22:50] [INFO] REQ: POST /predict - Status: 200 - Czas: 65.88ms
[2025-12-20 13:22:50] [INFO] REQ: POST /predict - Status: 200 - Czas: 66.56ms
[2025-12-20 13:22:50] [INFO] REQ: POST /predict - Status: 200 - Czas: 20.63ms
[2025-12-20 13:22:50] [INFO] REQ: POST /predict - Status: 200 - Czas: 64.87ms
[2025-12-20 13:22:50] [INFO] REQ: POST /predict - Status: 200 - Czas: 64.82ms
[2025-12-20 13:22:50] [INFO] REQ: POST /predict - Status: 200 - Czas: 66.20ms
[2025-12-20 13:22:50] [INFO] REQ: POST /predict - Status: 200 - Czas: 66.65ms
[2025-12-20 13:22:50] [INFO] REQ: POST /predict - Status: 200 - Czas: 19.48ms
[2025-12-20 13:22:50] [INFO] REQ: POST /predict - Status: 200 - Czas: 19.50ms
[2025-12-20 13:22:50] [INFO] REQ: POST /predict - Status: 200 - Czas: 32.53ms
[2025-12-20 13:22:50] [INFO] REQ: POST /predict - Status: 200 - Czas: 43.22ms
[2025-12-20 13:22:50] [INFO] REQ: POST /predict - Status: 200 - Czas: 65.59ms
[2025-12-20 13:22:50] [INFO] REQ: POST /predict - Status: 200 - Czas: 64.94ms
[2025-12-20 13:22:50] [INFO] REQ: POST /predict - Status: 200 - Czas: 24.45ms
[2025-12-20 13:22:50] [INFO] REQ: POST /predict - Status: 200 - Czas: 39.44ms
[2025-12-20 13:22:50] [INFO] REQ: POST /predict - Status: 200 - Czas: 66.47ms
[2025-12-20 13:22:50] [INFO] REQ: POST /predict - Status: 200 - Czas: 67.52ms
[2025-12-20 13:22:50] [INFO] REQ: POST /predict - Status: 200 - Czas: 67.88ms
[2025-12-20 13:22:50] [INFO] REQ: POST /predict - Status: 200 - Czas: 19.10ms
[2025-12-20 13:22:50] [INFO] REQ: POST /predict - Status: 200 - Czas: 26.56ms
[2025-12-20 13:22:50] [INFO] REQ: POST /predict - Status: 200 - Czas: 39.31ms
[2025-12-20 13:22:50] [INFO] REQ: POST /predict - Status: 200 - Czas: 57.58ms
[2025-12-20 13:22:50] [INFO] REQ: POST /predict - Status: 200 - Czas: 57.81ms
[2025-12-20 13:22:50] [INFO] REQ: POST /predict - Status: 200 - Czas: 58.21ms
[2025-12-20 13:22:50] [INFO] REQ: POST /predict - Status: 200 - Czas: 16.71ms
[2025-12-20 13:22:50] [INFO] REQ: POST /predict - Status: 200 - Czas: 25.60ms
[2025-12-20 13:22:51] [INFO] REQ: POST /predict - Status: 200 - Czas: 22.38ms
[2025-12-20 13:22:51] [INFO] REQ: POST /predict - Status: 200 - Czas: 56.74ms
[2025-12-20 13:22:51] [INFO] REQ: POST /predict - Status: 200 - Czas: 59.64ms
[2025-12-20 13:22:51] [INFO] REQ: POST /predict - Status: 200 - Czas: 53.58ms
[2025-12-20 13:22:51] [INFO] REQ: POST /predict - Status: 200 - Czas: 21.49ms
[2025-12-20 13:22:51] [INFO] REQ: POST /predict - Status: 200 - Czas: 24.49ms
[2025-12-20 13:22:51] [INFO] REQ: POST /predict - Status: 200 - Czas: 96.54ms
[2025-12-20 13:22:51] [INFO] REQ: POST /predict - Status: 200 - Czas: 95.83ms
[2025-12-20 13:22:51] [INFO] REQ: POST /predict - Status: 200 - Czas: 96.16ms
[2025-12-20 13:22:51] [INFO] REQ: POST /predict - Status: 200 - Czas: 96.90ms
[2025-12-20 13:22:51] [INFO] REQ: POST /predict - Status: 200 - Czas: 33.48ms
[2025-12-20 13:22:51] [INFO] REQ: POST /predict - Status: 200 - Czas: 86.20ms
[2025-12-20 13:22:51] [INFO] REQ: POST /predict - Status: 200 - Czas: 82.27ms
[2025-12-20 13:22:51] [INFO] REQ: POST /predict - Status: 200 - Czas: 83.02ms
[2025-12-20 13:22:51] [INFO] REQ: POST /predict - Status: 200 - Czas: 78.68ms
[2025-12-20 13:22:51] [INFO] REQ: POST /predict - Status: 200 - Czas: 21.26ms
[2025-12-20 13:22:51] [INFO] REQ: POST /predict - Status: 200 - Czas: 43.49ms
[2025-12-20 13:22:51] [INFO] REQ: POST /predict - Status: 200 - Czas: 64.70ms
[2025-12-20 13:22:51] [INFO] REQ: POST /predict - Status: 200 - Czas: 65.43ms
[2025-12-20 13:22:51] [INFO] REQ: POST /predict - Status: 200 - Czas: 65.63ms
[2025-12-20 13:22:51] [INFO] REQ: POST /predict - Status: 200 - Czas: 19.10ms
[2025-12-20 13:22:51] [INFO] REQ: POST /predict - Status: 200 - Czas: 25.21ms
[2025-12-20 13:22:51] [INFO] REQ: POST /predict - Status: 200 - Czas: 42.19ms
[2025-12-20 13:22:51] [INFO] REQ: POST /predict - Status: 200 - Czas: 39.71ms
[2025-12-20 13:22:51] [INFO] REQ: POST /predict - Status: 200 - Czas: 59.79ms
[2025-12-20 13:22:51] [INFO] REQ: POST /predict - Status: 200 - Czas: 59.87ms
[2025-12-20 13:22:51] [INFO] REQ: POST /predict - Status: 200 - Czas: 14.73ms
[2025-12-20 13:22:51] [INFO] REQ: POST /predict - Status: 200 - Czas: 24.48ms
[2025-12-20 13:22:51] [INFO] REQ: POST /predict - Status: 200 - Czas: 38.84ms
[2025-12-20 13:22:51] [INFO] REQ: POST /predict - Status: 200 - Czas: 65.12ms
[2025-12-20 13:22:51] [INFO] REQ: POST /predict - Status: 200 - Czas: 65.47ms
[2025-12-20 13:22:51] [INFO] REQ: POST /predict - Status: 200 - Czas: 66.16ms
[2025-12-20 13:22:51] [INFO] REQ: POST /predict - Status: 200 - Czas: 23.99ms
[2025-12-20 13:22:51] [INFO] REQ: POST /predict - Status: 200 - Czas: 18.72ms
[2025-12-20 13:22:51] [INFO] REQ: POST /predict - Status: 200 - Czas: 66.12ms
[2025-12-20 13:22:51] [INFO] REQ: POST /predict - Status: 200 - Czas: 66.34ms
[2025-12-20 13:22:51] [INFO] REQ: POST /predict - Status: 200 - Czas: 66.71ms
[2025-12-20 13:22:51] [INFO] REQ: POST /predict - Status: 200 - Czas: 55.74ms
[2025-12-20 13:22:51] [INFO] REQ: POST /predict - Status: 200 - Czas: 18.11ms
[2025-12-20 13:22:51] [INFO] REQ: POST /predict - Status: 200 - Czas: 47.98ms
[2025-12-20 13:22:51] [INFO] REQ: POST /predict - Status: 200 - Czas: 47.75ms
[2025-12-20 13:22:51] [INFO] REQ: POST /predict - Status: 200 - Czas: 58.99ms
[2025-12-20 13:22:51] [INFO] REQ: POST /predict - Status: 200 - Czas: 67.51ms
[2025-12-20 13:22:51] [INFO] REQ: POST /predict - Status: 200 - Czas: 16.67ms
[2025-12-20 13:22:51] [INFO] REQ: POST /predict - Status: 200 - Czas: 19.51ms
[2025-12-20 13:22:51] [INFO] REQ: POST /predict - Status: 200 - Czas: 30.65ms
[2025-12-20 13:22:51] [INFO] REQ: POST /predict - Status: 200 - Czas: 61.82ms
[2025-12-20 13:22:51] [INFO] REQ: POST /predict - Status: 200 - Czas: 59.69ms
[2025-12-20 13:22:51] [INFO] REQ: POST /predict - Status: 200 - Czas: 64.32ms
[2025-12-20 13:22:51] [INFO] REQ: POST /predict - Status: 200 - Czas: 14.36ms
[2025-12-20 13:22:51] [INFO] REQ: POST /predict - Status: 200 - Czas: 35.06ms
[2025-12-20 13:22:51] [INFO] REQ: POST /predict - Status: 200 - Czas: 52.84ms
[2025-12-20 13:22:51] [INFO] REQ: POST /predict - Status: 200 - Czas: 53.04ms
[2025-12-20 13:22:52] [INFO] REQ: POST /predict - Status: 200 - Czas: 63.85ms
[2025-12-20 13:22:52] [INFO] REQ: POST /predict - Status: 200 - Czas: 33.68ms
[2025-12-20 13:22:52] [INFO] REQ: POST /predict - Status: 200 - Czas: 22.06ms
[2025-12-20 13:22:52] [INFO] REQ: POST /predict - Status: 200 - Czas: 17.21ms
[2025-12-20 13:22:52] [INFO] REQ: POST /predict - Status: 200 - Czas: 54.83ms
[2025-12-20 13:22:52] [INFO] REQ: POST /predict - Status: 200 - Czas: 55.08ms
[2025-12-20 13:22:52] [INFO] REQ: POST /predict - Status: 200 - Czas: 55.44ms
[2025-12-20 13:22:52] [INFO] REQ: POST /predict - Status: 200 - Czas: 56.59ms
[2025-12-20 13:22:52] [INFO] REQ: POST /predict - Status: 200 - Czas: 18.66ms
[2025-12-20 13:22:52] [INFO] REQ: POST /predict - Status: 200 - Czas: 25.03ms
[2025-12-20 13:22:52] [INFO] REQ: POST /predict - Status: 200 - Czas: 57.04ms
[2025-12-20 13:22:52] [INFO] REQ: POST /predict - Status: 200 - Czas: 57.52ms
[2025-12-20 13:22:52] [INFO] REQ: POST /predict - Status: 200 - Czas: 58.94ms
[2025-12-20 13:22:52] [INFO] REQ: POST /predict - Status: 200 - Czas: 45.80ms
[2025-12-20 13:22:52] [INFO] REQ: POST /predict - Status: 200 - Czas: 20.08ms
[2025-12-20 13:22:52] [INFO] REQ: POST /predict - Status: 200 - Czas: 21.88ms
[2025-12-20 13:22:52] [INFO] REQ: POST /predict - Status: 200 - Czas: 20.97ms
[2025-12-20 13:22:52] [INFO] REQ: POST /predict - Status: 200 - Czas: 65.51ms
[2025-12-20 13:22:52] [INFO] REQ: POST /predict - Status: 200 - Czas: 66.49ms
[2025-12-20 13:22:52] [INFO] REQ: POST /predict - Status: 200 - Czas: 67.29ms
[2025-12-20 13:22:52] [INFO] REQ: POST /predict - Status: 200 - Czas: 20.15ms
[2025-12-20 13:22:52] [INFO] REQ: POST /predict - Status: 200 - Czas: 60.77ms
[2025-12-20 13:22:52] [INFO] REQ: POST /predict - Status: 200 - Czas: 52.94ms
[2025-12-20 13:22:52] [INFO] REQ: POST /predict - Status: 200 - Czas: 80.56ms
[2025-12-20 13:22:52] [INFO] REQ: POST /predict - Status: 200 - Czas: 81.75ms
[2025-12-20 13:22:52] [INFO] REQ: POST /predict - Status: 200 - Czas: 45.30ms
[2025-12-20 13:22:52] [INFO] REQ: POST /predict - Status: 200 - Czas: 46.30ms
[2025-12-20 13:22:52] [INFO] REQ: POST /predict - Status: 200 - Czas: 47.79ms
[2025-12-20 13:22:52] [INFO] REQ: POST /predict - Status: 200 - Czas: 42.71ms
[2025-12-20 13:22:52] [INFO] REQ: POST /predict - Status: 200 - Czas: 64.45ms
[2025-12-20 13:22:52] [INFO] REQ: POST /predict - Status: 200 - Czas: 65.13ms
[2025-12-20 13:22:52] [INFO] REQ: POST /predict - Status: 200 - Czas: 35.63ms
[2025-12-20 13:22:52] [INFO] REQ: POST /predict - Status: 200 - Czas: 36.19ms
[2025-12-20 13:22:52] [INFO] REQ: POST /predict - Status: 200 - Czas: 25.63ms
[2025-12-20 13:22:52] [INFO] REQ: POST /predict - Status: 200 - Czas: 42.48ms
[2025-12-20 13:22:52] [INFO] REQ: POST /predict - Status: 200 - Czas: 46.59ms
[2025-12-20 13:22:52] [INFO] REQ: POST /predict - Status: 200 - Czas: 48.05ms
[2025-12-20 13:22:52] [INFO] REQ: POST /predict - Status: 200 - Czas: 79.12ms
[2025-12-20 13:22:52] [INFO] REQ: POST /predict - Status: 200 - Czas: 73.35ms
[2025-12-20 13:22:52] [INFO] REQ: POST /predict - Status: 200 - Czas: 53.53ms
[2025-12-20 13:22:52] [INFO] REQ: POST /predict - Status: 200 - Czas: 22.29ms
[2025-12-20 13:22:52] [INFO] REQ: POST /predict - Status: 200 - Czas: 23.41ms
[2025-12-20 13:22:52] [INFO] REQ: POST /predict - Status: 200 - Czas: 50.36ms
[2025-12-20 13:22:52] [INFO] REQ: POST /predict - Status: 200 - Czas: 70.52ms
[2025-12-20 13:22:52] [INFO] REQ: POST /predict - Status: 200 - Czas: 72.66ms
[2025-12-20 13:22:52] [INFO] REQ: POST /predict - Status: 200 - Czas: 36.71ms
[2025-12-20 13:22:52] [INFO] REQ: POST /predict - Status: 200 - Czas: 19.39ms
[2025-12-20 13:22:52] [INFO] REQ: POST /predict - Status: 200 - Czas: 48.07ms
[2025-12-20 13:22:52] [INFO] REQ: POST /predict - Status: 200 - Czas: 45.24ms
[2025-12-20 13:22:52] [INFO] REQ: POST /predict - Status: 200 - Czas: 57.31ms
[2025-12-20 13:22:52] [INFO] REQ: POST /predict - Status: 200 - Czas: 58.81ms
[2025-12-20 13:22:52] [INFO] REQ: POST /predict - Status: 200 - Czas: 14.94ms
[2025-12-20 13:22:52] [INFO] REQ: POST /predict - Status: 200 - Czas: 20.10ms
[2025-12-20 13:22:52] [INFO] REQ: POST /predict - Status: 200 - Czas: 31.36ms
[2025-12-20 13:22:53] [INFO] REQ: POST /predict - Status: 200 - Czas: 72.18ms
[2025-12-20 13:22:53] [INFO] REQ: POST /predict - Status: 200 - Czas: 71.44ms
[2025-12-20 13:22:53] [INFO] REQ: POST /predict - Status: 200 - Czas: 69.34ms
[2025-12-20 13:22:53] [INFO] REQ: POST /predict - Status: 200 - Czas: 37.50ms
[2025-12-20 13:22:53] [INFO] REQ: POST /predict - Status: 200 - Czas: 34.93ms
[2025-12-20 13:22:53] [INFO] REQ: POST /predict - Status: 200 - Czas: 47.13ms
[2025-12-20 13:22:53] [INFO] REQ: POST /predict - Status: 200 - Czas: 77.89ms
[2025-12-20 13:22:53] [INFO] REQ: POST /predict - Status: 200 - Czas: 73.66ms
[2025-12-20 13:22:53] [INFO] REQ: POST /predict - Status: 200 - Czas: 44.33ms
[2025-12-20 13:22:53] [INFO] REQ: POST /predict - Status: 200 - Czas: 44.41ms
[2025-12-20 13:22:53] [INFO] REQ: POST /predict - Status: 200 - Czas: 88.19ms
[2025-12-20 13:22:53] [INFO] REQ: POST /predict - Status: 200 - Czas: 88.35ms
[2025-12-20 13:22:53] [INFO] REQ: POST /predict - Status: 200 - Czas: 85.21ms
[2025-12-20 13:22:53] [INFO] REQ: POST /predict - Status: 200 - Czas: 26.48ms
[2025-12-20 13:22:53] [INFO] REQ: POST /predict - Status: 200 - Czas: 64.16ms
[2025-12-20 13:22:53] [INFO] REQ: POST /predict - Status: 200 - Czas: 62.65ms
[2025-12-20 13:22:53] [INFO] REQ: POST /predict - Status: 200 - Czas: 82.92ms
[2025-12-20 13:22:53] [INFO] REQ: POST /predict - Status: 200 - Czas: 65.98ms
[2025-12-20 13:22:53] [INFO] REQ: POST /predict - Status: 200 - Czas: 17.07ms
[2025-12-20 13:22:53] [INFO] REQ: POST /predict - Status: 200 - Czas: 18.76ms
[2025-12-20 13:22:53] [INFO] REQ: POST /predict - Status: 200 - Czas: 43.63ms
[2025-12-20 13:22:53] [INFO] REQ: POST /predict - Status: 200 - Czas: 60.43ms
[2025-12-20 13:22:53] [INFO] REQ: POST /predict - Status: 200 - Czas: 61.05ms
[2025-12-20 13:22:53] [INFO] REQ: POST /predict - Status: 200 - Czas: 53.11ms
[2025-12-20 13:22:53] [INFO] REQ: POST /predict - Status: 200 - Czas: 38.49ms
[2025-12-20 13:22:53] [INFO] REQ: POST /predict - Status: 200 - Czas: 33.35ms
[2025-12-20 13:22:53] [INFO] REQ: POST /predict - Status: 200 - Czas: 20.03ms
[2025-12-20 13:22:53] [INFO] REQ: POST /predict - Status: 200 - Czas: 44.16ms
[2025-12-20 13:22:53] [INFO] REQ: POST /predict - Status: 200 - Czas: 52.31ms
[2025-12-20 13:22:53] [INFO] REQ: POST /predict - Status: 200 - Czas: 53.44ms
[2025-12-20 13:22:53] [INFO] REQ: POST /predict - Status: 200 - Czas: 75.25ms
[2025-12-20 13:22:53] [INFO] REQ: POST /predict - Status: 200 - Czas: 64.56ms
[2025-12-20 13:22:53] [INFO] REQ: POST /predict - Status: 200 - Czas: 63.85ms
[2025-12-20 13:22:53] [INFO] REQ: POST /predict - Status: 200 - Czas: 29.72ms
[2025-12-20 13:22:53] [INFO] REQ: POST /predict - Status: 200 - Czas: 53.10ms
[2025-12-20 13:22:53] [INFO] REQ: POST /predict - Status: 200 - Czas: 61.31ms
[2025-12-20 13:22:53] [INFO] REQ: POST /predict - Status: 200 - Czas: 69.74ms
[2025-12-20 13:22:53] [INFO] REQ: POST /predict - Status: 200 - Czas: 70.77ms
[2025-12-20 13:22:53] [INFO] REQ: POST /predict - Status: 200 - Czas: 26.93ms
[2025-12-20 13:22:53] [INFO] REQ: POST /predict - Status: 200 - Czas: 25.75ms
[2025-12-20 13:22:53] [INFO] REQ: POST /predict - Status: 200 - Czas: 48.49ms
[2025-12-20 13:22:53] [INFO] REQ: POST /predict - Status: 200 - Czas: 26.91ms
[2025-12-20 13:22:53] [INFO] REQ: POST /predict - Status: 200 - Czas: 63.69ms
[2025-12-20 13:22:53] [INFO] REQ: POST /predict - Status: 200 - Czas: 64.40ms
[2025-12-20 13:22:53] [INFO] REQ: POST /predict - Status: 200 - Czas: 83.92ms
[2025-12-20 13:22:53] [INFO] REQ: POST /predict - Status: 200 - Czas: 84.51ms
[2025-12-20 13:22:54] [INFO] REQ: POST /predict - Status: 200 - Czas: 26.31ms
[2025-12-20 13:22:54] [INFO] REQ: POST /predict - Status: 200 - Czas: 22.74ms
[2025-12-20 13:22:54] [INFO] REQ: POST /predict - Status: 200 - Czas: 35.26ms
[2025-12-20 13:22:54] [INFO] REQ: POST /predict - Status: 200 - Czas: 59.82ms
[2025-12-20 13:22:54] [INFO] REQ: POST /predict - Status: 200 - Czas: 60.37ms
[2025-12-20 13:22:54] [INFO] REQ: POST /predict - Status: 200 - Czas: 30.25ms
[2025-12-20 13:22:54] [INFO] REQ: POST /predict - Status: 200 - Czas: 51.74ms
[2025-12-20 13:22:54] [INFO] REQ: POST /predict - Status: 200 - Czas: 83.44ms
[2025-12-20 13:22:54] [INFO] REQ: POST /predict - Status: 200 - Czas: 84.86ms
[2025-12-20 13:22:54] [INFO] REQ: POST /predict - Status: 200 - Czas: 85.27ms
[2025-12-20 13:22:54] [INFO] REQ: POST /predict - Status: 200 - Czas: 29.32ms
[2025-12-20 13:22:54] [INFO] REQ: POST /predict - Status: 200 - Czas: 28.49ms
[2025-12-20 13:22:54] [INFO] REQ: POST /predict - Status: 200 - Czas: 71.63ms
[2025-12-20 13:22:54] [INFO] REQ: POST /predict - Status: 200 - Czas: 72.71ms
[2025-12-20 13:22:54] [INFO] REQ: POST /predict - Status: 200 - Czas: 73.73ms
[2025-12-20 13:22:54] [INFO] REQ: POST /predict - Status: 200 - Czas: 68.52ms
[2025-12-20 13:22:54] [INFO] REQ: POST /predict - Status: 200 - Czas: 23.41ms
[2025-12-20 13:22:54] [INFO] REQ: POST /predict - Status: 200 - Czas: 37.81ms
[2025-12-20 13:22:54] [INFO] REQ: POST /predict - Status: 200 - Czas: 69.57ms
[2025-12-20 13:22:54] [INFO] REQ: POST /predict - Status: 200 - Czas: 71.78ms
[2025-12-20 13:22:54] [INFO] REQ: POST /predict - Status: 200 - Czas: 85.48ms
[2025-12-20 13:22:54] [INFO] REQ: POST /predict - Status: 200 - Czas: 66.91ms
[2025-12-20 13:22:54] [INFO] REQ: POST /predict - Status: 200 - Czas: 28.81ms
[2025-12-20 13:22:54] [INFO] REQ: POST /predict - Status: 200 - Czas: 42.07ms
[2025-12-20 13:22:54] [INFO] REQ: POST /predict - Status: 200 - Czas: 71.72ms
[2025-12-20 13:22:54] [INFO] REQ: POST /predict - Status: 200 - Czas: 72.82ms
[2025-12-20 13:22:54] [INFO] REQ: POST /predict - Status: 200 - Czas: 72.41ms
[2025-12-20 13:22:54] [INFO] REQ: POST /predict - Status: 200 - Czas: 16.65ms
[2025-12-20 13:22:54] [INFO] REQ: POST /predict - Status: 200 - Czas: 20.23ms
[2025-12-20 13:22:54] [INFO] REQ: POST /predict - Status: 200 - Czas: 22.25ms
[2025-12-20 13:22:54] [INFO] REQ: POST /predict - Status: 200 - Czas: 76.78ms
[2025-12-20 13:22:54] [INFO] REQ: POST /predict - Status: 200 - Czas: 76.95ms
[2025-12-20 13:22:54] [INFO] REQ: POST /predict - Status: 200 - Czas: 77.26ms
[2025-12-20 13:22:54] [INFO] REQ: POST /predict - Status: 200 - Czas: 67.48ms
[2025-12-20 13:22:54] [INFO] REQ: POST /predict - Status: 200 - Czas: 55.41ms
[2025-12-20 13:22:54] [INFO] REQ: POST /predict - Status: 200 - Czas: 56.49ms
[2025-12-20 13:22:54] [INFO] REQ: POST /predict - Status: 200 - Czas: 98.44ms
[2025-12-20 13:22:54] [INFO] REQ: POST /predict - Status: 200 - Czas: 98.23ms
[2025-12-20 13:22:54] [INFO] REQ: POST /predict - Status: 200 - Czas: 97.40ms
[2025-12-20 13:22:54] [INFO] REQ: POST /predict - Status: 200 - Czas: 36.87ms
[2025-12-20 13:22:54] [INFO] REQ: POST /predict - Status: 200 - Czas: 101.72ms
[2025-12-20 13:22:54] [INFO] REQ: POST /predict - Status: 200 - Czas: 97.98ms
[2025-12-20 13:22:54] [INFO] REQ: POST /predict - Status: 200 - Czas: 96.58ms
[2025-12-20 13:22:54] [INFO] REQ: POST /predict - Status: 200 - Czas: 94.25ms
[2025-12-20 13:22:54] [INFO] REQ: POST /predict - Status: 200 - Czas: 25.13ms
[2025-12-20 13:22:55] [INFO] REQ: POST /predict - Status: 200 - Czas: 75.71ms
[2025-12-20 13:22:55] [INFO] REQ: POST /predict - Status: 200 - Czas: 74.59ms
[2025-12-20 13:22:55] [INFO] REQ: POST /predict - Status: 200 - Czas: 72.68ms
[2025-12-20 13:22:55] [INFO] REQ: POST /predict - Status: 200 - Czas: 71.55ms
[2025-12-20 13:22:55] [INFO] REQ: POST /predict - Status: 200 - Czas: 20.71ms
[2025-12-20 13:22:55] [INFO] REQ: POST /predict - Status: 200 - Czas: 39.34ms
[2025-12-20 13:22:55] [INFO] REQ: POST /predict - Status: 200 - Czas: 82.53ms
[2025-12-20 13:22:55] [INFO] REQ: POST /predict - Status: 200 - Czas: 82.80ms
[2025-12-20 13:22:55] [INFO] REQ: POST /predict - Status: 200 - Czas: 82.93ms
[2025-12-20 13:22:55] [INFO] REQ: POST /predict - Status: 200 - Czas: 64.25ms
[2025-12-20 13:22:55] [INFO] REQ: POST /predict - Status: 200 - Czas: 16.31ms
[2025-12-20 13:22:55] [INFO] REQ: POST /predict - Status: 200 - Czas: 48.83ms
[2025-12-20 13:22:55] [INFO] REQ: POST /predict - Status: 200 - Czas: 37.72ms
[2025-12-20 13:22:55] [INFO] REQ: POST /predict - Status: 200 - Czas: 89.13ms
[2025-12-20 13:22:55] [INFO] REQ: POST /predict - Status: 200 - Czas: 89.81ms
[2025-12-20 13:22:55] [INFO] REQ: POST /predict - Status: 200 - Czas: 64.97ms
[2025-12-20 13:22:55] [INFO] REQ: POST /predict - Status: 200 - Czas: 14.92ms
[2025-12-20 13:22:55] [INFO] REQ: POST /predict - Status: 200 - Czas: 32.35ms
[2025-12-20 13:22:55] [INFO] REQ: POST /predict - Status: 200 - Czas: 48.97ms
[2025-12-20 13:22:55] [INFO] REQ: POST /predict - Status: 200 - Czas: 50.81ms
[2025-12-20 13:22:55] [INFO] REQ: POST /predict - Status: 200 - Czas: 48.95ms
[2025-12-20 13:22:55] [INFO] REQ: POST /predict - Status: 200 - Czas: 35.90ms
[2025-12-20 13:22:55] [INFO] REQ: POST /predict - Status: 200 - Czas: 31.12ms
[2025-12-20 13:22:55] [INFO] REQ: POST /predict - Status: 200 - Czas: 30.50ms
[2025-12-20 13:22:55] [INFO] REQ: POST /predict - Status: 200 - Czas: 45.82ms
[2025-12-20 13:22:55] [INFO] REQ: POST /predict - Status: 200 - Czas: 53.85ms
[2025-12-20 13:22:55] [INFO] REQ: POST /predict - Status: 200 - Czas: 49.06ms
[2025-12-20 13:22:55] [INFO] REQ: POST /predict - Status: 200 - Czas: 49.65ms
[2025-12-20 13:22:55] [INFO] REQ: POST /predict - Status: 200 - Czas: 17.02ms
[2025-12-20 13:22:55] [INFO] REQ: POST /predict - Status: 200 - Czas: 41.03ms
[2025-12-20 13:22:55] [INFO] REQ: POST /predict - Status: 200 - Czas: 64.49ms
[2025-12-20 13:22:55] [INFO] REQ: POST /predict - Status: 200 - Czas: 41.63ms
[2025-12-20 13:22:55] [INFO] REQ: POST /predict - Status: 200 - Czas: 70.57ms
[2025-12-20 13:22:55] [INFO] REQ: POST /predict - Status: 200 - Czas: 75.81ms
[2025-12-20 13:22:55] [INFO] REQ: POST /predict - Status: 200 - Czas: 76.14ms
[2025-12-20 13:22:55] [INFO] REQ: POST /predict - Status: 200 - Czas: 30.30ms
[2025-12-20 13:22:55] [INFO] REQ: POST /predict - Status: 200 - Czas: 30.51ms
[2025-12-20 13:22:55] [INFO] REQ: POST /predict - Status: 200 - Czas: 30.71ms
[2025-12-20 13:22:55] [INFO] REQ: POST /predict - Status: 200 - Czas: 47.45ms
[2025-12-20 13:22:55] [INFO] REQ: POST /predict - Status: 200 - Czas: 47.94ms
[2025-12-20 13:22:55] [INFO] REQ: POST /predict - Status: 200 - Czas: 28.23ms
[2025-12-20 13:22:55] [INFO] REQ: POST /predict - Status: 200 - Czas: 68.50ms
[2025-12-20 13:22:55] [INFO] REQ: POST /predict - Status: 200 - Czas: 67.50ms
[2025-12-20 13:22:55] [INFO] REQ: POST /predict - Status: 200 - Czas: 68.32ms
[2025-12-20 13:22:55] [INFO] REQ: POST /predict - Status: 200 - Czas: 60.98ms
[2025-12-20 13:22:55] [INFO] REQ: POST /predict - Status: 200 - Czas: 14.44ms
[2025-12-20 13:22:55] [INFO] REQ: POST /predict - Status: 200 - Czas: 20.77ms
[2025-12-20 13:22:55] [INFO] REQ: POST /predict - Status: 200 - Czas: 58.74ms
[2025-12-20 13:22:55] [INFO] REQ: POST /predict - Status: 200 - Czas: 57.79ms
[2025-12-20 13:22:55] [INFO] REQ: POST /predict - Status: 200 - Czas: 66.85ms
[2025-12-20 13:22:55] [INFO] REQ: POST /predict - Status: 200 - Czas: 76.21ms
[2025-12-20 13:22:55] [INFO] REQ: POST /predict - Status: 200 - Czas: 34.07ms
[2025-12-20 13:22:56] [INFO] REQ: POST /predict - Status: 200 - Czas: 42.73ms
[2025-12-20 13:22:56] [INFO] REQ: POST /predict - Status: 200 - Czas: 44.25ms
[2025-12-20 13:22:56] [INFO] REQ: POST /predict - Status: 200 - Czas: 58.94ms
[2025-12-20 13:22:56] [INFO] REQ: POST /predict - Status: 200 - Czas: 53.45ms
[2025-12-20 13:22:56] [INFO] REQ: POST /predict - Status: 200 - Czas: 30.01ms
[2025-12-20 13:22:56] [INFO] REQ: POST /predict - Status: 200 - Czas: 30.72ms
[2025-12-20 13:22:56] [INFO] REQ: POST /predict - Status: 200 - Czas: 58.17ms
[2025-12-20 13:22:56] [INFO] REQ: POST /predict - Status: 200 - Czas: 58.83ms
[2025-12-20 13:22:56] [INFO] REQ: POST /predict - Status: 200 - Czas: 51.81ms
[2025-12-20 13:22:56] [INFO] REQ: POST /predict - Status: 200 - Czas: 42.36ms
[2025-12-20 13:22:56] [INFO] REQ: POST /predict - Status: 200 - Czas: 15.82ms
[2025-12-20 13:22:56] [INFO] REQ: POST /predict - Status: 200 - Czas: 57.70ms
[2025-12-20 13:22:56] [INFO] REQ: POST /predict - Status: 200 - Czas: 58.25ms
[2025-12-20 13:22:56] [INFO] REQ: POST /predict - Status: 200 - Czas: 27.60ms
[2025-12-20 13:22:56] [INFO] REQ: POST /predict - Status: 200 - Czas: 50.06ms
[2025-12-20 13:22:56] [INFO] REQ: POST /predict - Status: 200 - Czas: 45.40ms
[2025-12-20 13:22:56] [INFO] REQ: POST /predict - Status: 200 - Czas: 78.42ms
[2025-12-20 13:22:56] [INFO] REQ: POST /predict - Status: 200 - Czas: 78.36ms
[2025-12-20 13:22:56] [INFO] REQ: POST /predict - Status: 200 - Czas: 61.45ms
[2025-12-20 13:22:56] [INFO] REQ: POST /predict - Status: 200 - Czas: 61.60ms
[2025-12-20 13:22:56] [INFO] REQ: POST /predict - Status: 200 - Czas: 22.45ms
[2025-12-20 13:22:56] [INFO] REQ: POST /predict - Status: 200 - Czas: 46.65ms
[2025-12-20 13:22:56] [INFO] REQ: POST /predict - Status: 200 - Czas: 46.11ms
[2025-12-20 13:22:56] [INFO] REQ: POST /predict - Status: 200 - Czas: 63.14ms
[2025-12-20 13:22:56] [INFO] REQ: POST /predict - Status: 200 - Czas: 62.50ms
[2025-12-20 13:22:56] [INFO] REQ: POST /predict - Status: 200 - Czas: 15.37ms
[2025-12-20 13:22:56] [INFO] REQ: POST /predict - Status: 200 - Czas: 26.62ms
[2025-12-20 13:22:56] [INFO] REQ: POST /predict - Status: 200 - Czas: 38.05ms
[2025-12-20 13:22:56] [INFO] REQ: POST /predict - Status: 200 - Czas: 27.71ms
[2025-12-20 13:22:56] [INFO] REQ: POST /predict - Status: 200 - Czas: 52.92ms
[2025-12-20 13:22:56] [INFO] REQ: POST /predict - Status: 200 - Czas: 54.01ms
[2025-12-20 13:22:56] [INFO] REQ: POST /predict - Status: 200 - Czas: 20.04ms
[2025-12-20 13:22:56] [INFO] REQ: POST /predict - Status: 200 - Czas: 43.98ms
[2025-12-20 13:22:56] [INFO] REQ: POST /predict - Status: 200 - Czas: 48.12ms
[2025-12-20 13:22:56] [INFO] REQ: POST /predict - Status: 200 - Czas: 59.78ms
[2025-12-20 13:22:56] [INFO] REQ: POST /predict - Status: 200 - Czas: 47.04ms
[2025-12-20 13:22:56] [INFO] REQ: POST /predict - Status: 200 - Czas: 66.44ms
[2025-12-20 13:22:56] [INFO] REQ: POST /predict - Status: 200 - Czas: 68.33ms
[2025-12-20 13:22:56] [INFO] REQ: POST /predict - Status: 200 - Czas: 17.07ms
[2025-12-20 13:22:56] [INFO] REQ: POST /predict - Status: 200 - Czas: 35.32ms
[2025-12-20 13:22:56] [INFO] REQ: POST /predict - Status: 200 - Czas: 35.22ms
[2025-12-20 13:22:56] [INFO] REQ: POST /predict - Status: 200 - Czas: 31.33ms
[2025-12-20 13:22:56] [INFO] REQ: POST /predict - Status: 200 - Czas: 33.72ms
[2025-12-20 13:22:56] [INFO] REQ: POST /predict - Status: 200 - Czas: 27.43ms
[2025-12-20 13:22:56] [INFO] REQ: POST /predict - Status: 200 - Czas: 39.65ms
[2025-12-20 13:22:56] [INFO] REQ: POST /predict - Status: 200 - Czas: 64.29ms
[2025-12-20 13:22:56] [INFO] REQ: POST /predict - Status: 200 - Czas: 64.73ms
[2025-12-20 13:22:56] [INFO] REQ: POST /predict - Status: 200 - Czas: 64.84ms
[2025-12-20 13:22:56] [INFO] REQ: POST /predict - Status: 200 - Czas: 17.19ms
[2025-12-20 13:22:56] [INFO] REQ: POST /predict - Status: 200 - Czas: 20.90ms
[2025-12-20 13:22:56] [INFO] REQ: POST /predict - Status: 200 - Czas: 47.49ms
[2025-12-20 13:22:56] [INFO] REQ: POST /predict - Status: 200 - Czas: 53.76ms
[2025-12-20 13:22:56] [INFO] REQ: POST /predict - Status: 200 - Czas: 51.92ms
[2025-12-20 13:22:56] [INFO] REQ: POST /predict - Status: 200 - Czas: 49.71ms
[2025-12-20 13:22:57] [INFO] REQ: POST /predict - Status: 200 - Czas: 42.54ms
[2025-12-20 13:22:57] [INFO] REQ: POST /predict - Status: 200 - Czas: 44.71ms
[2025-12-20 13:22:57] [INFO] REQ: POST /predict - Status: 200 - Czas: 54.71ms
[2025-12-20 13:22:57] [INFO] REQ: POST /predict - Status: 200 - Czas: 62.99ms
[2025-12-20 13:22:57] [INFO] REQ: POST /predict - Status: 200 - Czas: 50.25ms
[2025-12-20 13:22:57] [INFO] REQ: POST /predict - Status: 200 - Czas: 21.00ms
[2025-12-20 13:22:57] [INFO] REQ: POST /predict - Status: 200 - Czas: 41.31ms
[2025-12-20 13:22:57] [INFO] REQ: POST /predict - Status: 200 - Czas: 58.43ms
[2025-12-20 13:22:57] [INFO] REQ: POST /predict - Status: 200 - Czas: 59.61ms
[2025-12-20 13:22:57] [INFO] REQ: POST /predict - Status: 200 - Czas: 70.33ms
[2025-12-20 13:22:57] [INFO] REQ: POST /predict - Status: 200 - Czas: 26.53ms
[2025-12-20 13:22:57] [INFO] REQ: POST /predict - Status: 200 - Czas: 23.38ms
[2025-12-20 13:22:57] [INFO] REQ: POST /predict - Status: 200 - Czas: 38.72ms
[2025-12-20 13:22:57] [INFO] REQ: POST /predict - Status: 200 - Czas: 67.85ms
[2025-12-20 13:22:57] [INFO] REQ: POST /predict - Status: 200 - Czas: 68.72ms
[2025-12-20 13:22:57] [INFO] REQ: POST /predict - Status: 200 - Czas: 69.32ms
[2025-12-20 13:22:57] [INFO] REQ: POST /predict - Status: 200 - Czas: 21.67ms
[2025-12-20 13:22:57] [INFO] REQ: POST /predict - Status: 200 - Czas: 22.14ms
[2025-12-20 13:22:57] [INFO] REQ: POST /predict - Status: 200 - Czas: 45.40ms
[2025-12-20 13:22:57] [INFO] REQ: POST /predict - Status: 200 - Czas: 44.93ms
[2025-12-20 13:22:57] [INFO] REQ: POST /predict - Status: 200 - Czas: 60.46ms
[2025-12-20 13:22:57] [INFO] REQ: POST /predict - Status: 200 - Czas: 60.30ms
[2025-12-20 13:22:57] [INFO] REQ: POST /predict - Status: 200 - Czas: 12.98ms
[2025-12-20 13:22:57] [INFO] REQ: POST /predict - Status: 200 - Czas: 25.54ms
[2025-12-20 13:22:57] [INFO] REQ: POST /predict - Status: 200 - Czas: 38.75ms
[2025-12-20 13:22:57] [INFO] REQ: POST /predict - Status: 200 - Czas: 56.84ms
[2025-12-20 13:22:57] [INFO] REQ: POST /predict - Status: 200 - Czas: 46.72ms
[2025-12-20 13:22:57] [INFO] REQ: POST /predict - Status: 200 - Czas: 57.55ms
[2025-12-20 13:22:57] [INFO] REQ: POST /predict - Status: 200 - Czas: 21.10ms
[2025-12-20 13:22:57] [INFO] REQ: POST /predict - Status: 200 - Czas: 80.62ms
[2025-12-20 13:22:57] [INFO] REQ: POST /predict - Status: 200 - Czas: 81.51ms
[2025-12-20 13:22:57] [INFO] REQ: POST /predict - Status: 200 - Czas: 81.41ms
[2025-12-20 13:22:57] [INFO] REQ: POST /predict - Status: 200 - Czas: 82.16ms
[2025-12-20 13:22:57] [INFO] REQ: POST /predict - Status: 200 - Czas: 14.90ms
[2025-12-20 13:22:57] [INFO] REQ: POST /predict - Status: 200 - Czas: 22.76ms
[2025-12-20 13:22:57] [INFO] REQ: POST /predict - Status: 200 - Czas: 51.84ms
[2025-12-20 13:22:57] [INFO] REQ: POST /predict - Status: 200 - Czas: 61.50ms
[2025-12-20 13:22:57] [INFO] REQ: POST /predict - Status: 200 - Czas: 62.00ms
[2025-12-20 13:22:57] [INFO] REQ: POST /predict - Status: 200 - Czas: 61.38ms
[2025-12-20 13:22:57] [INFO] REQ: POST /predict - Status: 200 - Czas: 28.88ms
[2025-12-20 13:22:57] [INFO] REQ: POST /predict - Status: 200 - Czas: 49.54ms
[2025-12-20 13:22:57] [INFO] REQ: POST /predict - Status: 200 - Czas: 48.66ms
[2025-12-20 13:22:57] [INFO] REQ: POST /predict - Status: 200 - Czas: 55.45ms
[2025-12-20 13:22:57] [INFO] REQ: POST /predict - Status: 200 - Czas: 56.39ms
[2025-12-20 13:22:57] [INFO] REQ: POST /predict - Status: 200 - Czas: 22.35ms
[2025-12-20 13:22:57] [INFO] REQ: POST /predict - Status: 200 - Czas: 41.39ms
[2025-12-20 13:22:57] [INFO] REQ: POST /predict - Status: 200 - Czas: 40.29ms
[2025-12-20 13:22:57] [INFO] REQ: POST /predict - Status: 200 - Czas: 61.42ms
[2025-12-20 13:22:57] [INFO] REQ: POST /predict - Status: 200 - Czas: 71.41ms
[2025-12-20 13:22:57] [INFO] REQ: POST /predict - Status: 200 - Czas: 60.71ms
[2025-12-20 13:22:57] [INFO] REQ: POST /predict - Status: 200 - Czas: 42.27ms
[2025-12-20 13:22:57] [INFO] REQ: POST /predict - Status: 200 - Czas: 46.94ms
[2025-12-20 13:22:58] [INFO] REQ: POST /predict - Status: 200 - Czas: 49.17ms
[2025-12-20 13:22:58] [INFO] REQ: POST /predict - Status: 200 - Czas: 50.05ms
[2025-12-20 13:22:58] [INFO] REQ: POST /predict - Status: 200 - Czas: 51.77ms
[2025-12-20 13:22:58] [INFO] REQ: POST /predict - Status: 200 - Czas: 19.02ms
[2025-12-20 13:22:58] [INFO] REQ: POST /predict - Status: 200 - Czas: 49.36ms
[2025-12-20 13:22:58] [INFO] REQ: POST /predict - Status: 200 - Czas: 88.73ms
[2025-12-20 13:22:58] [INFO] REQ: POST /predict - Status: 200 - Czas: 111.97ms
[2025-12-20 13:22:58] [INFO] REQ: POST /predict - Status: 200 - Czas: 84.65ms
[2025-12-20 13:22:58] [INFO] REQ: POST /predict - Status: 200 - Czas: 56.32ms
[2025-12-20 13:22:58] [INFO] REQ: POST /predict - Status: 200 - Czas: 57.22ms
[2025-12-20 13:22:58] [INFO] REQ: POST /predict - Status: 200 - Czas: 22.92ms
[2025-12-20 13:22:58] [INFO] REQ: POST /predict - Status: 200 - Czas: 42.82ms
[2025-12-20 13:22:58] [INFO] REQ: POST /predict - Status: 200 - Czas: 99.78ms
[2025-12-20 13:22:58] [INFO] REQ: POST /predict - Status: 200 - Czas: 82.90ms
[2025-12-20 13:22:58] [INFO] REQ: POST /predict - Status: 200 - Czas: 83.73ms
[2025-12-20 13:22:58] [INFO] REQ: POST /predict - Status: 200 - Czas: 28.93ms
[2025-12-20 13:22:58] [INFO] REQ: POST /predict - Status: 200 - Czas: 13.68ms
[2025-12-20 13:22:58] [INFO] REQ: POST /predict - Status: 200 - Czas: 42.09ms
[2025-12-20 13:22:58] [INFO] REQ: POST /predict - Status: 200 - Czas: 43.10ms
[2025-12-20 13:22:58] [INFO] REQ: POST /predict - Status: 200 - Czas: 43.74ms
[2025-12-20 13:22:58] [INFO] REQ: POST /predict - Status: 200 - Czas: 17.86ms
[2025-12-20 13:22:58] [INFO] REQ: POST /predict - Status: 200 - Czas: 18.29ms
[2025-12-20 13:22:58] [INFO] REQ: POST /predict - Status: 200 - Czas: 59.57ms
[2025-12-20 13:22:58] [INFO] REQ: POST /predict - Status: 200 - Czas: 56.60ms
[2025-12-20 13:22:58] [INFO] REQ: POST /predict - Status: 200 - Czas: 55.82ms
[2025-12-20 13:22:58] [INFO] REQ: POST /predict - Status: 200 - Czas: 16.49ms
[2025-12-20 13:22:58] [INFO] REQ: POST /predict - Status: 200 - Czas: 17.51ms
[2025-12-20 13:22:58] [INFO] REQ: POST /predict - Status: 200 - Czas: 16.96ms
[2025-12-20 13:22:58] [INFO] REQ: POST /predict - Status: 200 - Czas: 27.97ms
[2025-12-20 13:22:58] [INFO] REQ: POST /predict - Status: 200 - Czas: 30.25ms
[2025-12-20 13:22:58] [INFO] REQ: POST /predict - Status: 200 - Czas: 25.09ms
[2025-12-20 13:22:58] [INFO] REQ: POST /predict - Status: 200 - Czas: 61.79ms
[2025-12-20 13:22:58] [INFO] REQ: POST /predict - Status: 200 - Czas: 57.86ms
[2025-12-20 13:22:58] [INFO] REQ: POST /predict - Status: 200 - Czas: 60.69ms
[2025-12-20 13:22:58] [INFO] REQ: POST /predict - Status: 200 - Czas: 60.81ms
[2025-12-20 13:22:58] [INFO] REQ: POST /predict - Status: 200 - Czas: 19.91ms
[2025-12-20 13:22:58] [INFO] REQ: POST /predict - Status: 200 - Czas: 45.85ms
[2025-12-20 13:22:58] [INFO] REQ: POST /predict - Status: 200 - Czas: 44.89ms
[2025-12-20 13:22:58] [INFO] REQ: POST /predict - Status: 200 - Czas: 65.68ms
[2025-12-20 13:22:58] [INFO] REQ: POST /predict - Status: 200 - Czas: 65.95ms
[2025-12-20 13:22:58] [INFO] REQ: POST /predict - Status: 200 - Czas: 15.05ms
[2025-12-20 13:22:58] [INFO] REQ: POST /predict - Status: 200 - Czas: 24.42ms
[2025-12-20 13:22:58] [INFO] REQ: POST /predict - Status: 200 - Czas: 112.78ms
[2025-12-20 13:22:58] [INFO] REQ: POST /predict - Status: 200 - Czas: 108.29ms
[2025-12-20 13:22:58] [INFO] REQ: POST /predict - Status: 200 - Czas: 120.85ms
[2025-12-20 13:22:58] [INFO] REQ: POST /predict - Status: 200 - Czas: 37.89ms
[2025-12-20 13:22:58] [INFO] REQ: POST /predict - Status: 200 - Czas: 29.45ms
[2025-12-20 13:22:58] [INFO] REQ: POST /predict - Status: 200 - Czas: 51.69ms
[2025-12-20 13:22:58] [INFO] REQ: POST /predict - Status: 200 - Czas: 78.03ms
[2025-12-20 13:22:59] [INFO] REQ: POST /predict - Status: 200 - Czas: 73.80ms
[2025-12-20 13:22:59] [INFO] REQ: POST /predict - Status: 200 - Czas: 74.76ms
[2025-12-20 13:22:59] [INFO] REQ: POST /predict - Status: 200 - Czas: 16.03ms
[2025-12-20 13:22:59] [INFO] REQ: POST /predict - Status: 200 - Czas: 18.64ms
[2025-12-20 13:22:59] [INFO] REQ: POST /predict - Status: 200 - Czas: 39.44ms
[2025-12-20 13:22:59] [INFO] REQ: POST /predict - Status: 200 - Czas: 47.11ms
[2025-12-20 13:22:59] [INFO] REQ: POST /predict - Status: 200 - Czas: 63.65ms
[2025-12-20 13:22:59] [INFO] REQ: POST /predict - Status: 200 - Czas: 63.93ms
[2025-12-20 13:22:59] [INFO] REQ: POST /predict - Status: 200 - Czas: 22.14ms
[2025-12-20 13:22:59] [INFO] REQ: POST /predict - Status: 200 - Czas: 40.43ms
[2025-12-20 13:22:59] [INFO] REQ: POST /predict - Status: 200 - Czas: 51.97ms
[2025-12-20 13:22:59] [INFO] REQ: POST /predict - Status: 200 - Czas: 80.08ms
[2025-12-20 13:22:59] [INFO] REQ: POST /predict - Status: 200 - Czas: 80.54ms
[2025-12-20 13:22:59] [INFO] REQ: POST /predict - Status: 200 - Czas: 25.37ms
[2025-12-20 13:22:59] [INFO] REQ: POST /predict - Status: 200 - Czas: 40.08ms
[2025-12-20 13:22:59] [INFO] REQ: POST /predict - Status: 200 - Czas: 68.87ms
[2025-12-20 13:22:59] [INFO] REQ: POST /predict - Status: 200 - Czas: 69.17ms
[2025-12-20 13:22:59] [INFO] REQ: POST /predict - Status: 200 - Czas: 69.40ms
[2025-12-20 13:22:59] [INFO] REQ: POST /predict - Status: 200 - Czas: 19.96ms
[2025-12-20 13:22:59] [INFO] REQ: POST /predict - Status: 200 - Czas: 13.76ms
[2025-12-20 13:22:59] [INFO] REQ: POST /predict - Status: 200 - Czas: 14.63ms
[2025-12-20 13:22:59] [INFO] REQ: POST /predict - Status: 200 - Czas: 44.13ms
[2025-12-20 13:22:59] [INFO] REQ: POST /predict - Status: 200 - Czas: 42.75ms
[2025-12-20 13:22:59] [INFO] REQ: POST /predict - Status: 200 - Czas: 22.97ms
[2025-12-20 13:22:59] [INFO] REQ: POST /predict - Status: 200 - Czas: 12.93ms
[2025-12-20 13:22:59] [INFO] REQ: POST /predict - Status: 200 - Czas: 26.08ms
[2025-12-20 13:22:59] [INFO] REQ: POST /predict - Status: 200 - Czas: 52.66ms
[2025-12-20 13:22:59] [INFO] REQ: POST /predict - Status: 200 - Czas: 54.42ms
[2025-12-20 13:22:59] [INFO] REQ: POST /predict - Status: 200 - Czas: 55.15ms
[2025-12-20 13:22:59] [INFO] REQ: POST /predict - Status: 200 - Czas: 55.53ms
[2025-12-20 13:22:59] [INFO] REQ: POST /predict - Status: 200 - Czas: 15.14ms
[2025-12-20 13:22:59] [INFO] REQ: POST /predict - Status: 200 - Czas: 16.32ms
[2025-12-20 13:22:59] [INFO] REQ: POST /predict - Status: 200 - Czas: 34.67ms
[2025-12-20 13:22:59] [INFO] REQ: POST /predict - Status: 200 - Czas: 61.43ms
[2025-12-20 13:22:59] [INFO] REQ: POST /predict - Status: 200 - Czas: 61.58ms
[2025-12-20 13:22:59] [INFO] REQ: POST /predict - Status: 200 - Czas: 51.06ms
[2025-12-20 13:22:59] [INFO] REQ: POST /predict - Status: 200 - Czas: 29.82ms
[2025-12-20 13:22:59] [INFO] REQ: POST /predict - Status: 200 - Czas: 36.43ms
[2025-12-20 13:22:59] [INFO] REQ: POST /predict - Status: 200 - Czas: 76.58ms
[2025-12-20 13:22:59] [INFO] REQ: POST /predict - Status: 200 - Czas: 77.24ms
[2025-12-20 13:22:59] [INFO] REQ: POST /predict - Status: 200 - Czas: 77.97ms
[2025-12-20 13:22:59] [INFO] REQ: POST /predict - Status: 200 - Czas: 58.17ms
[2025-12-20 13:22:59] [INFO] REQ: POST /predict - Status: 200 - Czas: 15.20ms
[2025-12-20 13:22:59] [INFO] REQ: POST /predict - Status: 200 - Czas: 26.72ms
[2025-12-20 13:22:59] [INFO] REQ: POST /predict - Status: 200 - Czas: 33.40ms
[2025-12-20 13:22:59] [INFO] REQ: POST /predict - Status: 200 - Czas: 68.43ms
[2025-12-20 13:22:59] [INFO] REQ: POST /predict - Status: 200 - Czas: 68.61ms
[2025-12-20 13:22:59] [INFO] REQ: POST /predict - Status: 200 - Czas: 49.49ms
[2025-12-20 13:22:59] [INFO] REQ: POST /predict - Status: 200 - Czas: 21.11ms
[2025-12-20 13:22:59] [INFO] REQ: POST /predict - Status: 200 - Czas: 19.12ms
[2025-12-20 13:22:59] [INFO] REQ: POST /predict - Status: 200 - Czas: 39.16ms
[2025-12-20 13:22:59] [INFO] REQ: POST /predict - Status: 200 - Czas: 90.95ms
[2025-12-20 13:22:59] [INFO] REQ: POST /predict - Status: 200 - Czas: 78.71ms
[2025-12-20 13:22:59] [INFO] REQ: POST /predict - Status: 200 - Czas: 78.66ms
[2025-12-20 13:22:59] [INFO] REQ: POST /predict - Status: 200 - Czas: 14.75ms
[2025-12-20 13:22:59] [INFO] REQ: POST /predict - Status: 200 - Czas: 20.05ms
[2025-12-20 13:22:59] [INFO] REQ: POST /predict - Status: 200 - Czas: 30.45ms
[2025-12-20 13:23:00] [INFO] REQ: POST /predict - Status: 200 - Czas: 52.96ms
[2025-12-20 13:23:00] [INFO] REQ: POST /predict - Status: 200 - Czas: 54.11ms
[2025-12-20 13:23:00] [INFO] REQ: POST /predict - Status: 200 - Czas: 53.54ms
[2025-12-20 13:23:00] [INFO] REQ: POST /predict - Status: 200 - Czas: 16.30ms
[2025-12-20 13:23:00] [INFO] REQ: POST /predict - Status: 200 - Czas: 27.52ms
[2025-12-20 13:23:00] [INFO] REQ: POST /predict - Status: 200 - Czas: 41.40ms
[2025-12-20 13:23:00] [INFO] REQ: POST /predict - Status: 200 - Czas: 52.52ms
[2025-12-20 13:23:00] [INFO] REQ: POST /predict - Status: 200 - Czas: 54.92ms
[2025-12-20 13:23:00] [INFO] REQ: POST /predict - Status: 200 - Czas: 56.13ms
[2025-12-20 13:23:00] [INFO] REQ: POST /predict - Status: 200 - Czas: 13.48ms
[2025-12-20 13:23:00] [INFO] REQ: POST /predict - Status: 200 - Czas: 29.48ms
[2025-12-20 13:23:00] [INFO] REQ: POST /predict - Status: 200 - Czas: 40.98ms
[2025-12-20 13:23:00] [INFO] REQ: POST /predict - Status: 200 - Czas: 83.08ms
[2025-12-20 13:23:00] [INFO] REQ: POST /predict - Status: 200 - Czas: 64.80ms
[2025-12-20 13:23:00] [INFO] REQ: POST /predict - Status: 200 - Czas: 65.39ms
[2025-12-20 13:23:00] [INFO] REQ: POST /predict - Status: 200 - Czas: 24.46ms
[2025-12-20 13:23:00] [INFO] REQ: POST /predict - Status: 200 - Czas: 17.19ms
[2025-12-20 13:23:00] [INFO] REQ: POST /predict - Status: 200 - Czas: 48.69ms
[2025-12-20 13:23:00] [INFO] REQ: POST /predict - Status: 200 - Czas: 49.56ms
[2025-12-20 13:23:00] [INFO] REQ: POST /predict - Status: 200 - Czas: 26.93ms
[2025-12-20 13:23:00] [INFO] REQ: POST /predict - Status: 200 - Czas: 41.55ms
[2025-12-20 13:23:00] [INFO] REQ: POST /predict - Status: 200 - Czas: 73.71ms
[2025-12-20 13:23:00] [INFO] REQ: POST /predict - Status: 200 - Czas: 74.20ms
[2025-12-20 13:23:00] [INFO] REQ: POST /predict - Status: 200 - Czas: 74.44ms
[2025-12-20 13:23:00] [INFO] REQ: POST /predict - Status: 200 - Czas: 32.45ms
[2025-12-20 13:23:00] [INFO] REQ: POST /predict - Status: 200 - Czas: 37.53ms
[2025-12-20 13:23:00] [INFO] REQ: POST /predict - Status: 200 - Czas: 39.70ms
[2025-12-20 13:23:00] [INFO] REQ: POST /predict - Status: 200 - Czas: 79.17ms
[2025-12-20 13:23:00] [INFO] REQ: POST /predict - Status: 200 - Czas: 80.36ms
[2025-12-20 13:23:00] [INFO] REQ: POST /predict - Status: 200 - Czas: 58.54ms
[2025-12-20 13:23:00] [INFO] REQ: POST /predict - Status: 200 - Czas: 29.34ms
[2025-12-20 13:23:00] [INFO] REQ: POST /predict - Status: 200 - Czas: 57.31ms
[2025-12-20 13:23:00] [INFO] REQ: POST /predict - Status: 200 - Czas: 60.89ms
[2025-12-20 13:23:00] [INFO] REQ: POST /predict - Status: 200 - Czas: 61.73ms
[2025-12-20 13:23:00] [INFO] REQ: POST /predict - Status: 200 - Czas: 63.40ms
[2025-12-20 13:23:00] [INFO] REQ: POST /predict - Status: 200 - Czas: 22.65ms
[2025-12-20 13:23:00] [INFO] REQ: POST /predict - Status: 200 - Czas: 40.03ms
[2025-12-20 13:23:00] [INFO] REQ: POST /predict - Status: 200 - Czas: 40.65ms
[2025-12-20 13:23:00] [INFO] REQ: POST /predict - Status: 200 - Czas: 82.27ms
[2025-12-20 13:23:00] [INFO] REQ: POST /predict - Status: 200 - Czas: 83.28ms
[2025-12-20 13:23:00] [INFO] REQ: POST /predict - Status: 200 - Czas: 56.61ms
[2025-12-20 13:23:00] [INFO] REQ: POST /predict - Status: 200 - Czas: 24.90ms
[2025-12-20 13:23:00] [INFO] REQ: POST /predict - Status: 200 - Czas: 50.27ms
[2025-12-20 13:23:00] [INFO] REQ: POST /predict - Status: 200 - Czas: 60.68ms
[2025-12-20 13:23:00] [INFO] REQ: POST /predict - Status: 200 - Czas: 61.11ms
[2025-12-20 13:23:00] [INFO] REQ: POST /predict - Status: 200 - Czas: 48.41ms
[2025-12-20 13:23:00] [INFO] REQ: POST /predict - Status: 200 - Czas: 28.11ms
[2025-12-20 13:23:00] [INFO] REQ: POST /predict - Status: 200 - Czas: 17.45ms
[2025-12-20 13:23:00] [INFO] REQ: POST /predict - Status: 200 - Czas: 30.02ms
[2025-12-20 13:23:00] [INFO] REQ: POST /predict - Status: 200 - Czas: 42.98ms
[2025-12-20 13:23:00] [INFO] REQ: POST /predict - Status: 200 - Czas: 43.15ms
[2025-12-20 13:23:00] [INFO] REQ: POST /predict - Status: 200 - Czas: 46.95ms
[2025-12-20 13:23:00] [INFO] REQ: POST /predict - Status: 200 - Czas: 40.64ms
[2025-12-20 13:23:00] [INFO] REQ: POST /predict - Status: 200 - Czas: 38.95ms
[2025-12-20 13:23:01] [INFO] REQ: POST /predict - Status: 200 - Czas: 58.40ms
[2025-12-20 13:23:01] [INFO] REQ: POST /predict - Status: 200 - Czas: 58.55ms
[2025-12-20 13:23:01] [INFO] REQ: POST /predict - Status: 200 - Czas: 56.35ms
[2025-12-20 13:23:01] [INFO] REQ: POST /predict - Status: 200 - Czas: 36.54ms
[2025-12-20 13:23:01] [INFO] REQ: POST /predict - Status: 200 - Czas: 23.29ms
[2025-12-20 13:23:01] [INFO] REQ: POST /predict - Status: 200 - Czas: 67.20ms
[2025-12-20 13:23:01] [INFO] REQ: POST /predict - Status: 200 - Czas: 67.59ms
[2025-12-20 13:23:01] [INFO] REQ: POST /predict - Status: 200 - Czas: 55.33ms
[2025-12-20 13:23:01] [INFO] REQ: POST /predict - Status: 200 - Czas: 27.45ms
[2025-12-20 13:23:01] [INFO] REQ: POST /predict - Status: 200 - Czas: 50.73ms
[2025-12-20 13:23:01] [INFO] REQ: POST /predict - Status: 200 - Czas: 39.74ms
[2025-12-20 13:23:01] [INFO] REQ: POST /predict - Status: 200 - Czas: 61.63ms
[2025-12-20 13:23:01] [INFO] REQ: POST /predict - Status: 200 - Czas: 47.55ms
[2025-12-20 13:23:01] [INFO] REQ: POST /predict - Status: 200 - Czas: 48.09ms
[2025-12-20 13:23:01] [INFO] REQ: POST /predict - Status: 200 - Czas: 24.80ms
[2025-12-20 13:23:01] [INFO] REQ: POST /predict - Status: 200 - Czas: 51.39ms
[2025-12-20 13:23:01] [INFO] REQ: POST /predict - Status: 200 - Czas: 64.55ms
[2025-12-20 13:23:01] [INFO] REQ: POST /predict - Status: 200 - Czas: 84.30ms
[2025-12-20 13:23:01] [INFO] REQ: POST /predict - Status: 200 - Czas: 83.78ms
[2025-12-20 13:23:01] [INFO] REQ: POST /predict - Status: 200 - Czas: 13.93ms
[2025-12-20 13:23:01] [INFO] REQ: POST /predict - Status: 200 - Czas: 39.13ms
[2025-12-20 13:23:01] [INFO] REQ: POST /predict - Status: 200 - Czas: 56.73ms
[2025-12-20 13:23:01] [INFO] REQ: POST /predict - Status: 200 - Czas: 68.00ms
[2025-12-20 13:23:01] [INFO] REQ: POST /predict - Status: 200 - Czas: 60.65ms
[2025-12-20 13:23:01] [INFO] REQ: POST /predict - Status: 200 - Czas: 60.80ms
[2025-12-20 13:23:01] [INFO] REQ: POST /predict - Status: 200 - Czas: 23.55ms
[2025-12-20 13:23:01] [INFO] REQ: POST /predict - Status: 200 - Czas: 44.20ms
[2025-12-20 13:23:01] [INFO] REQ: POST /predict - Status: 200 - Czas: 57.91ms
[2025-12-20 13:23:01] [INFO] REQ: POST /predict - Status: 200 - Czas: 64.23ms
[2025-12-20 13:23:01] [INFO] REQ: POST /predict - Status: 200 - Czas: 65.32ms
[2025-12-20 13:23:01] [INFO] REQ: POST /predict - Status: 200 - Czas: 46.22ms
[2025-12-20 13:23:01] [INFO] REQ: POST /predict - Status: 200 - Czas: 47.99ms
[2025-12-20 13:23:01] [INFO] REQ: POST /predict - Status: 200 - Czas: 16.10ms
[2025-12-20 13:23:01] [INFO] REQ: POST /predict - Status: 200 - Czas: 40.24ms
[2025-12-20 13:23:01] [INFO] REQ: POST /predict - Status: 200 - Czas: 40.44ms
[2025-12-20 13:23:01] [INFO] REQ: POST /predict - Status: 200 - Czas: 39.72ms
[2025-12-20 13:23:01] [INFO] REQ: POST /predict - Status: 200 - Czas: 42.02ms
[2025-12-20 13:23:01] [INFO] REQ: POST /predict - Status: 200 - Czas: 19.83ms
[2025-12-20 13:23:01] [INFO] REQ: POST /predict - Status: 200 - Czas: 41.77ms
[2025-12-20 13:23:01] [INFO] REQ: POST /predict - Status: 200 - Czas: 43.06ms
[2025-12-20 13:23:01] [INFO] REQ: POST /predict - Status: 200 - Czas: 26.48ms
[2025-12-20 13:23:01] [INFO] REQ: POST /predict - Status: 200 - Czas: 45.94ms
[2025-12-20 13:23:01] [INFO] REQ: POST /predict - Status: 200 - Czas: 79.24ms
[2025-12-20 13:23:01] [INFO] REQ: POST /predict - Status: 200 - Czas: 79.38ms
[2025-12-20 13:23:01] [INFO] REQ: POST /predict - Status: 200 - Czas: 79.80ms
[2025-12-20 13:23:01] [INFO] REQ: POST /predict - Status: 200 - Czas: 44.89ms
[2025-12-20 13:23:01] [INFO] REQ: POST /predict - Status: 200 - Czas: 16.01ms
[2025-12-20 13:23:01] [INFO] REQ: POST /predict - Status: 200 - Czas: 29.18ms
[2025-12-20 13:23:01] [INFO] REQ: POST /predict - Status: 200 - Czas: 52.11ms
[2025-12-20 13:23:01] [INFO] REQ: POST /predict - Status: 200 - Czas: 52.63ms
[2025-12-20 13:23:01] [INFO] REQ: POST /predict - Status: 200 - Czas: 53.21ms
[2025-12-20 13:23:01] [INFO] REQ: POST /predict - Status: 200 - Czas: 14.73ms
[2025-12-20 13:23:01] [INFO] REQ: POST /predict - Status: 200 - Czas: 19.89ms
[2025-12-20 13:23:02] [INFO] REQ: POST /predict - Status: 200 - Czas: 60.58ms
[2025-12-20 13:23:02] [INFO] REQ: POST /predict - Status: 200 - Czas: 58.77ms
[2025-12-20 13:23:02] [INFO] REQ: POST /predict - Status: 200 - Czas: 59.16ms
[2025-12-20 13:23:02] [INFO] REQ: POST /predict - Status: 200 - Czas: 52.96ms
[2025-12-20 13:23:02] [INFO] REQ: POST /predict - Status: 200 - Czas: 15.09ms
[2025-12-20 13:23:02] [INFO] REQ: POST /predict - Status: 200 - Czas: 13.40ms
[2025-12-20 13:23:02] [INFO] REQ: POST /predict - Status: 200 - Czas: 30.29ms
[2025-12-20 13:23:02] [INFO] REQ: POST /predict - Status: 200 - Czas: 32.71ms
[2025-12-20 13:23:02] [INFO] REQ: POST /predict - Status: 200 - Czas: 84.89ms
[2025-12-20 13:23:02] [INFO] REQ: POST /predict - Status: 200 - Czas: 85.30ms
[2025-12-20 13:23:02] [INFO] REQ: POST /predict - Status: 200 - Czas: 85.34ms
[2025-12-20 13:23:02] [INFO] REQ: POST /predict - Status: 200 - Czas: 71.29ms
[2025-12-20 13:23:02] [INFO] REQ: POST /predict - Status: 200 - Czas: 23.13ms
[2025-12-20 13:23:02] [INFO] REQ: POST /predict - Status: 200 - Czas: 27.29ms
[2025-12-20 13:23:02] [INFO] REQ: POST /predict - Status: 200 - Czas: 50.32ms
[2025-12-20 13:23:02] [INFO] REQ: POST /predict - Status: 200 - Czas: 60.66ms
[2025-12-20 13:23:02] [INFO] REQ: POST /predict - Status: 200 - Czas: 61.25ms
[2025-12-20 13:23:02] [INFO] REQ: POST /predict - Status: 200 - Czas: 52.87ms
[2025-12-20 13:23:02] [INFO] REQ: POST /predict - Status: 200 - Czas: 30.35ms
[2025-12-20 13:23:02] [INFO] REQ: POST /predict - Status: 200 - Czas: 51.92ms
[2025-12-20 13:23:02] [INFO] REQ: POST /predict - Status: 200 - Czas: 53.02ms
[2025-12-20 13:23:02] [INFO] REQ: POST /predict - Status: 200 - Czas: 53.49ms
[2025-12-20 13:23:02] [INFO] REQ: POST /predict - Status: 200 - Czas: 68.86ms
[2025-12-20 13:23:02] [INFO] REQ: POST /predict - Status: 200 - Czas: 38.07ms
[2025-12-20 13:23:02] [INFO] REQ: POST /predict - Status: 200 - Czas: 32.97ms
[2025-12-20 13:23:02] [INFO] REQ: POST /predict - Status: 200 - Czas: 35.10ms
[2025-12-20 13:23:02] [INFO] REQ: POST /predict - Status: 200 - Czas: 52.90ms
[2025-12-20 13:23:02] [INFO] REQ: POST /predict - Status: 200 - Czas: 54.00ms
[2025-12-20 13:23:02] [INFO] REQ: POST /predict - Status: 200 - Czas: 52.90ms
[2025-12-20 13:23:02] [INFO] REQ: POST /predict - Status: 200 - Czas: 19.39ms
[2025-12-20 13:23:02] [INFO] REQ: POST /predict - Status: 200 - Czas: 23.37ms
[2025-12-20 13:23:02] [INFO] REQ: POST /predict - Status: 200 - Czas: 43.20ms
[2025-12-20 13:23:02] [INFO] REQ: POST /predict - Status: 200 - Czas: 48.52ms
[2025-12-20 13:23:02] [INFO] REQ: POST /predict - Status: 200 - Czas: 48.88ms
[2025-12-20 13:23:02] [INFO] REQ: POST /predict - Status: 200 - Czas: 23.40ms
[2025-12-20 13:23:02] [INFO] REQ: POST /predict - Status: 200 - Czas: 29.82ms
[2025-12-20 13:23:02] [INFO] REQ: POST /predict - Status: 200 - Czas: 83.04ms
[2025-12-20 13:23:02] [INFO] REQ: POST /predict - Status: 200 - Czas: 84.87ms
[2025-12-20 13:23:02] [INFO] REQ: POST /predict - Status: 200 - Czas: 82.11ms
[2025-12-20 13:23:02] [INFO] REQ: POST /predict - Status: 200 - Czas: 24.35ms
[2025-12-20 13:23:02] [INFO] REQ: POST /predict - Status: 200 - Czas: 16.52ms
[2025-12-20 13:23:02] [INFO] REQ: POST /predict - Status: 200 - Czas: 27.51ms
[2025-12-20 13:23:02] [INFO] REQ: POST /predict - Status: 200 - Czas: 49.69ms
[2025-12-20 13:23:02] [INFO] REQ: POST /predict - Status: 200 - Czas: 50.52ms
[2025-12-20 13:23:02] [INFO] REQ: POST /predict - Status: 200 - Czas: 51.89ms
[2025-12-20 13:23:02] [INFO] REQ: POST /predict - Status: 200 - Czas: 19.77ms
[2025-12-20 13:23:02] [INFO] REQ: POST /predict - Status: 200 - Czas: 20.51ms
[2025-12-20 13:23:02] [INFO] REQ: POST /predict - Status: 200 - Czas: 45.86ms
[2025-12-20 13:23:02] [INFO] REQ: POST /predict - Status: 200 - Czas: 83.12ms
[2025-12-20 13:23:02] [INFO] REQ: POST /predict - Status: 200 - Czas: 83.57ms
[2025-12-20 13:23:02] [INFO] REQ: POST /predict - Status: 200 - Czas: 83.90ms
[2025-12-20 13:23:02] [INFO] REQ: POST /predict - Status: 200 - Czas: 13.59ms
[2025-12-20 13:23:02] [INFO] REQ: POST /predict - Status: 200 - Czas: 35.20ms
[2025-12-20 13:23:02] [INFO] REQ: POST /predict - Status: 200 - Czas: 34.08ms
[2025-12-20 13:23:03] [INFO] REQ: POST /predict - Status: 200 - Czas: 57.16ms
[2025-12-20 13:23:03] [INFO] REQ: POST /predict - Status: 200 - Czas: 58.00ms
[2025-12-20 13:23:03] [INFO] REQ: POST /predict - Status: 200 - Czas: 45.19ms
[2025-12-20 13:23:03] [INFO] REQ: POST /predict - Status: 200 - Czas: 29.27ms
[2025-12-20 13:23:03] [INFO] REQ: POST /predict - Status: 200 - Czas: 37.86ms
[2025-12-20 13:23:03] [INFO] REQ: POST /predict - Status: 200 - Czas: 62.25ms
[2025-12-20 13:23:03] [INFO] REQ: POST /predict - Status: 200 - Czas: 62.39ms
[2025-12-20 13:23:03] [INFO] REQ: POST /predict - Status: 200 - Czas: 63.37ms
[2025-12-20 13:23:03] [INFO] REQ: POST /predict - Status: 200 - Czas: 44.38ms
[2025-12-20 13:23:03] [INFO] REQ: POST /predict - Status: 200 - Czas: 44.45ms
[2025-12-20 13:23:03] [INFO] REQ: POST /predict - Status: 200 - Czas: 18.31ms
[2025-12-20 13:23:03] [INFO] REQ: POST /predict - Status: 200 - Czas: 55.36ms
[2025-12-20 13:23:03] [INFO] REQ: POST /predict - Status: 200 - Czas: 57.23ms
[2025-12-20 13:23:03] [INFO] REQ: POST /predict - Status: 200 - Czas: 50.29ms
[2025-12-20 13:23:03] [INFO] REQ: POST /predict - Status: 200 - Czas: 37.18ms
[2025-12-20 13:23:03] [INFO] REQ: POST /predict - Status: 200 - Czas: 38.20ms
[2025-12-20 13:23:03] [INFO] REQ: POST /predict - Status: 200 - Czas: 39.28ms
[2025-12-20 13:23:03] [INFO] REQ: POST /predict - Status: 200 - Czas: 26.67ms
[2025-12-20 13:23:03] [INFO] REQ: POST /predict - Status: 200 - Czas: 52.65ms
[2025-12-20 13:23:03] [INFO] REQ: POST /predict - Status: 200 - Czas: 54.17ms
[2025-12-20 13:23:03] [INFO] REQ: POST /predict - Status: 200 - Czas: 26.74ms
[2025-12-20 13:23:03] [INFO] REQ: POST /predict - Status: 200 - Czas: 50.30ms
[2025-12-20 13:23:03] [INFO] REQ: POST /predict - Status: 200 - Czas: 66.45ms
[2025-12-20 13:23:03] [INFO] REQ: POST /predict - Status: 200 - Czas: 64.34ms
[2025-12-20 13:23:03] [INFO] REQ: POST /predict - Status: 200 - Czas: 85.01ms
[2025-12-20 13:23:03] [INFO] REQ: POST /predict - Status: 200 - Czas: 40.91ms
[2025-12-20 13:23:03] [INFO] REQ: POST /predict - Status: 200 - Czas: 34.52ms
[2025-12-20 13:23:03] [INFO] REQ: POST /predict - Status: 200 - Czas: 38.79ms
[2025-12-20 13:23:03] [INFO] REQ: POST /predict - Status: 200 - Czas: 39.58ms
[2025-12-20 13:23:03] [INFO] REQ: POST /predict - Status: 200 - Czas: 48.36ms
[2025-12-20 13:23:03] [INFO] REQ: POST /predict - Status: 200 - Czas: 35.48ms
[2025-12-20 13:23:03] [INFO] REQ: POST /predict - Status: 200 - Czas: 31.34ms
[2025-12-20 13:23:03] [INFO] REQ: POST /predict - Status: 200 - Czas: 16.61ms
[2025-12-20 13:23:03] [INFO] REQ: POST /predict - Status: 200 - Czas: 40.02ms
[2025-12-20 13:23:03] [INFO] REQ: POST /predict - Status: 200 - Czas: 43.71ms
[2025-12-20 13:23:03] [INFO] REQ: POST /predict - Status: 200 - Czas: 53.82ms
[2025-12-20 13:23:03] [INFO] REQ: POST /predict - Status: 200 - Czas: 54.42ms
[2025-12-20 13:23:03] [INFO] REQ: POST /predict - Status: 200 - Czas: 44.97ms
[2025-12-20 13:23:03] [INFO] REQ: POST /predict - Status: 200 - Czas: 24.18ms
[2025-12-20 13:23:03] [INFO] REQ: POST /predict - Status: 200 - Czas: 40.90ms
[2025-12-20 13:23:03] [INFO] REQ: POST /predict - Status: 200 - Czas: 91.44ms
[2025-12-20 13:23:03] [INFO] REQ: POST /predict - Status: 200 - Czas: 91.82ms
[2025-12-20 13:23:03] [INFO] REQ: POST /predict - Status: 200 - Czas: 91.21ms
[2025-12-20 13:23:03] [INFO] REQ: POST /predict - Status: 200 - Czas: 47.19ms
[2025-12-20 13:23:03] [INFO] REQ: POST /predict - Status: 200 - Czas: 56.26ms
[2025-12-20 13:23:03] [INFO] REQ: POST /predict - Status: 200 - Czas: 54.64ms
[2025-12-20 13:23:03] [INFO] REQ: POST /predict - Status: 200 - Czas: 73.09ms
[2025-12-20 13:23:03] [INFO] REQ: POST /predict - Status: 200 - Czas: 72.00ms
[2025-12-20 13:23:03] [INFO] REQ: POST /predict - Status: 200 - Czas: 18.51ms
[2025-12-20 13:23:03] [INFO] REQ: POST /predict - Status: 200 - Czas: 44.53ms
[2025-12-20 13:23:04] [INFO] REQ: POST /predict - Status: 200 - Czas: 54.62ms
[2025-12-20 13:23:04] [INFO] REQ: POST /predict - Status: 200 - Czas: 56.19ms
[2025-12-20 13:23:04] [INFO] REQ: POST /predict - Status: 200 - Czas: 65.97ms
[2025-12-20 13:23:04] [INFO] REQ: POST /predict - Status: 200 - Czas: 40.28ms
[2025-12-20 13:23:04] [INFO] REQ: POST /predict - Status: 200 - Czas: 21.84ms
[2025-12-20 13:23:04] [INFO] REQ: POST /predict - Status: 200 - Czas: 57.55ms
[2025-12-20 13:23:04] [INFO] REQ: POST /predict - Status: 200 - Czas: 58.04ms
[2025-12-20 13:23:04] [INFO] REQ: POST /predict - Status: 200 - Czas: 59.13ms
[2025-12-20 13:23:04] [INFO] REQ: POST /predict - Status: 200 - Czas: 54.45ms
[2025-12-20 13:23:04] [INFO] REQ: POST /predict - Status: 200 - Czas: 26.18ms
[2025-12-20 13:23:04] [INFO] REQ: POST /predict - Status: 200 - Czas: 57.50ms
[2025-12-20 13:23:04] [INFO] REQ: POST /predict - Status: 200 - Czas: 79.87ms
[2025-12-20 13:23:04] [INFO] REQ: POST /predict - Status: 200 - Czas: 80.35ms
[2025-12-20 13:23:04] [INFO] REQ: POST /predict - Status: 200 - Czas: 81.08ms
[2025-12-20 13:23:04] [INFO] REQ: POST /predict - Status: 200 - Czas: 47.43ms
[2025-12-20 13:23:04] [INFO] REQ: POST /predict - Status: 200 - Czas: 30.94ms
[2025-12-20 13:23:04] [INFO] REQ: POST /predict - Status: 200 - Czas: 42.85ms
[2025-12-20 13:23:04] [INFO] REQ: POST /predict - Status: 200 - Czas: 60.16ms
[2025-12-20 13:23:04] [INFO] REQ: POST /predict - Status: 200 - Czas: 60.69ms
[2025-12-20 13:23:04] [INFO] REQ: POST /predict - Status: 200 - Czas: 61.48ms
[2025-12-20 13:23:04] [INFO] REQ: POST /predict - Status: 200 - Czas: 15.72ms
[2025-12-20 13:23:04] [INFO] REQ: POST /predict - Status: 200 - Czas: 17.14ms
[2025-12-20 13:23:04] [INFO] REQ: POST /predict - Status: 200 - Czas: 35.36ms
[2025-12-20 13:23:04] [INFO] REQ: POST /predict - Status: 200 - Czas: 37.15ms
[2025-12-20 13:23:04] [INFO] REQ: POST /predict - Status: 200 - Czas: 59.48ms
[2025-12-20 13:23:04] [INFO] REQ: POST /predict - Status: 200 - Czas: 47.73ms
[2025-12-20 13:23:04] [INFO] REQ: POST /predict - Status: 200 - Czas: 30.10ms
[2025-12-20 13:23:04] [INFO] REQ: POST /predict - Status: 200 - Czas: 53.56ms
[2025-12-20 13:23:04] [INFO] REQ: POST /predict - Status: 200 - Czas: 54.08ms
[2025-12-20 13:23:04] [INFO] REQ: POST /predict - Status: 200 - Czas: 54.60ms
[2025-12-20 13:23:04] [INFO] REQ: POST /predict - Status: 200 - Czas: 66.77ms
[2025-12-20 13:23:04] [INFO] REQ: POST /predict - Status: 200 - Czas: 36.37ms
[2025-12-20 13:23:04] [INFO] REQ: POST /predict - Status: 200 - Czas: 20.90ms
[2025-12-20 13:23:04] [INFO] REQ: POST /predict - Status: 200 - Czas: 77.04ms
[2025-12-20 13:23:04] [INFO] REQ: POST /predict - Status: 200 - Czas: 75.19ms
[2025-12-20 13:23:04] [INFO] REQ: POST /predict - Status: 200 - Czas: 75.28ms
[2025-12-20 13:23:04] [INFO] REQ: POST /predict - Status: 200 - Czas: 16.24ms
[2025-12-20 13:23:04] [INFO] REQ: POST /predict - Status: 200 - Czas: 21.54ms
[2025-12-20 13:23:04] [INFO] REQ: POST /predict - Status: 200 - Czas: 18.14ms
[2025-12-20 13:23:04] [INFO] REQ: POST /predict - Status: 200 - Czas: 47.10ms
[2025-12-20 13:23:04] [INFO] REQ: POST /predict - Status: 200 - Czas: 45.33ms
[2025-12-20 13:23:04] [INFO] REQ: POST /predict - Status: 200 - Czas: 45.91ms
[2025-12-20 13:23:04] [INFO] REQ: POST /predict - Status: 200 - Czas: 16.54ms
[2025-12-20 13:23:04] [INFO] REQ: POST /predict - Status: 200 - Czas: 25.29ms
[2025-12-20 13:23:04] [INFO] REQ: POST /predict - Status: 200 - Czas: 27.24ms
[2025-12-20 13:23:04] [INFO] REQ: POST /predict - Status: 200 - Czas: 27.85ms
[2025-12-20 13:23:04] [INFO] REQ: POST /predict - Status: 200 - Czas: 71.08ms
[2025-12-20 13:23:04] [INFO] REQ: POST /predict - Status: 200 - Czas: 71.89ms
[2025-12-20 13:23:04] [INFO] REQ: POST /predict - Status: 200 - Czas: 57.63ms
[2025-12-20 13:23:04] [INFO] REQ: POST /predict - Status: 200 - Czas: 29.36ms
[2025-12-20 13:23:04] [INFO] REQ: POST /predict - Status: 200 - Czas: 50.11ms
[2025-12-20 13:23:04] [INFO] REQ: POST /predict - Status: 200 - Czas: 70.53ms
[2025-12-20 13:23:04] [INFO] REQ: POST /predict - Status: 200 - Czas: 72.36ms
[2025-12-20 13:23:04] [INFO] REQ: POST /predict - Status: 200 - Czas: 73.25ms
[2025-12-20 13:23:04] [INFO] REQ: POST /predict - Status: 200 - Czas: 66.11ms
[2025-12-20 13:23:05] [INFO] REQ: POST /predict - Status: 200 - Czas: 18.63ms
[2025-12-20 13:23:05] [INFO] REQ: POST /predict - Status: 200 - Czas: 18.18ms
[2025-12-20 13:23:05] [INFO] REQ: POST /predict - Status: 200 - Czas: 34.55ms
[2025-12-20 13:23:05] [INFO] REQ: POST /predict - Status: 200 - Czas: 49.84ms
[2025-12-20 13:23:05] [INFO] REQ: POST /predict - Status: 200 - Czas: 28.01ms
[2025-12-20 13:23:05] [INFO] REQ: POST /predict - Status: 200 - Czas: 21.88ms
[2025-12-20 13:23:05] [INFO] REQ: POST /predict - Status: 200 - Czas: 21.94ms
[2025-12-20 13:23:05] [INFO] REQ: POST /predict - Status: 200 - Czas: 40.92ms
[2025-12-20 13:23:05] [INFO] REQ: POST /predict - Status: 200 - Czas: 63.95ms
[2025-12-20 13:23:05] [INFO] REQ: POST /predict - Status: 200 - Czas: 65.32ms
[2025-12-20 13:23:05] [INFO] REQ: POST /predict - Status: 200 - Czas: 67.04ms
[2025-12-20 13:23:05] [INFO] REQ: POST /predict - Status: 200 - Czas: 16.51ms
[2025-12-20 13:23:05] [INFO] REQ: POST /predict - Status: 200 - Czas: 14.34ms
[2025-12-20 13:23:05] [INFO] REQ: POST /predict - Status: 200 - Czas: 19.06ms
[2025-12-20 13:23:05] [INFO] REQ: POST /predict - Status: 200 - Czas: 35.29ms
[2025-12-20 13:23:05] [INFO] REQ: POST /predict - Status: 200 - Czas: 61.07ms
[2025-12-20 13:23:05] [INFO] REQ: POST /predict - Status: 200 - Czas: 62.93ms
[2025-12-20 13:23:05] [INFO] REQ: POST /predict - Status: 200 - Czas: 64.19ms
[2025-12-20 13:23:05] [INFO] REQ: POST /predict - Status: 200 - Czas: 21.77ms
[2025-12-20 13:23:05] [INFO] REQ: POST /predict - Status: 200 - Czas: 39.13ms
[2025-12-20 13:23:05] [INFO] REQ: POST /predict - Status: 200 - Czas: 46.57ms
[2025-12-20 13:23:05] [INFO] REQ: POST /predict - Status: 200 - Czas: 52.20ms
[2025-12-20 13:23:05] [INFO] REQ: POST /predict - Status: 200 - Czas: 52.82ms
[2025-12-20 13:23:05] [INFO] REQ: POST /predict - Status: 200 - Czas: 54.58ms
[2025-12-20 13:23:05] [INFO] REQ: POST /predict - Status: 200 - Czas: 40.79ms
[2025-12-20 13:23:05] [INFO] REQ: POST /predict - Status: 200 - Czas: 34.25ms
[2025-12-20 13:23:05] [INFO] REQ: POST /predict - Status: 200 - Czas: 48.32ms
[2025-12-20 13:23:05] [INFO] REQ: POST /predict - Status: 200 - Czas: 49.77ms
[2025-12-20 13:23:05] [INFO] REQ: POST /predict - Status: 200 - Czas: 49.09ms
[2025-12-20 13:23:05] [INFO] REQ: POST /predict - Status: 200 - Czas: 37.79ms
[2025-12-20 13:23:05] [INFO] REQ: POST /predict - Status: 200 - Czas: 45.52ms
[2025-12-20 13:23:05] [INFO] REQ: POST /predict - Status: 200 - Czas: 53.20ms
[2025-12-20 13:23:05] [INFO] REQ: POST /predict - Status: 200 - Czas: 55.81ms
[2025-12-20 13:23:05] [INFO] REQ: POST /predict - Status: 200 - Czas: 56.71ms
[2025-12-20 13:23:05] [INFO] REQ: POST /predict - Status: 200 - Czas: 17.17ms
[2025-12-20 13:23:05] [INFO] REQ: POST /predict - Status: 200 - Czas: 57.86ms
[2025-12-20 13:23:05] [INFO] REQ: POST /predict - Status: 200 - Czas: 58.67ms
[2025-12-20 13:23:05] [INFO] REQ: POST /predict - Status: 200 - Czas: 76.65ms
[2025-12-20 13:23:05] [INFO] REQ: POST /predict - Status: 200 - Czas: 73.65ms
[2025-12-20 13:23:05] [INFO] REQ: POST /predict - Status: 200 - Czas: 29.03ms
[2025-12-20 13:23:05] [INFO] REQ: POST /predict - Status: 200 - Czas: 22.59ms
[2025-12-20 13:23:05] [INFO] REQ: POST /predict - Status: 200 - Czas: 75.84ms
[2025-12-20 13:23:05] [INFO] REQ: POST /predict - Status: 200 - Czas: 73.15ms
[2025-12-20 13:23:05] [INFO] REQ: POST /predict - Status: 200 - Czas: 72.38ms
[2025-12-20 13:23:05] [INFO] REQ: POST /predict - Status: 200 - Czas: 73.16ms
[2025-12-20 13:23:05] [INFO] REQ: POST /predict - Status: 200 - Czas: 20.31ms
[2025-12-20 13:23:05] [INFO] REQ: POST /predict - Status: 200 - Czas: 24.09ms
[2025-12-20 13:23:05] [INFO] REQ: POST /predict - Status: 200 - Czas: 59.39ms
[2025-12-20 13:23:05] [INFO] REQ: POST /predict - Status: 200 - Czas: 58.30ms
[2025-12-20 13:23:05] [INFO] REQ: POST /predict - Status: 200 - Czas: 49.46ms
[2025-12-20 13:23:05] [INFO] REQ: POST /predict - Status: 200 - Czas: 31.05ms
[2025-12-20 13:23:05] [INFO] REQ: POST /predict - Status: 200 - Czas: 25.17ms
[2025-12-20 13:23:05] [INFO] REQ: POST /predict - Status: 200 - Czas: 57.71ms
[2025-12-20 13:23:05] [INFO] REQ: POST /predict - Status: 200 - Czas: 58.12ms
[2025-12-20 13:23:05] [INFO] REQ: POST /predict - Status: 200 - Czas: 58.51ms
[2025-12-20 13:23:05] [INFO] REQ: POST /predict - Status: 200 - Czas: 59.20ms
[2025-12-20 13:23:05] [INFO] REQ: POST /predict - Status: 200 - Czas: 16.66ms
[2025-12-20 13:23:06] [INFO] REQ: POST /predict - Status: 200 - Czas: 28.79ms
[2025-12-20 13:23:06] [INFO] REQ: POST /predict - Status: 200 - Czas: 55.01ms
[2025-12-20 13:23:06] [INFO] REQ: POST /predict - Status: 200 - Czas: 55.58ms
[2025-12-20 13:23:06] [INFO] REQ: POST /predict - Status: 200 - Czas: 70.34ms
[2025-12-20 13:23:06] [INFO] REQ: POST /predict - Status: 200 - Czas: 65.62ms
[2025-12-20 13:23:06] [INFO] REQ: POST /predict - Status: 200 - Czas: 25.90ms
[2025-12-20 13:23:06] [INFO] REQ: POST /predict - Status: 200 - Czas: 80.62ms
[2025-12-20 13:23:06] [INFO] REQ: POST /predict - Status: 200 - Czas: 76.92ms
[2025-12-20 13:23:06] [INFO] REQ: POST /predict - Status: 200 - Czas: 77.39ms
[2025-12-20 13:23:06] [INFO] REQ: POST /predict - Status: 200 - Czas: 79.31ms
[2025-12-20 13:23:06] [INFO] REQ: POST /predict - Status: 200 - Czas: 21.21ms
[2025-12-20 13:23:06] [INFO] REQ: POST /predict - Status: 200 - Czas: 28.36ms
[2025-12-20 13:23:06] [INFO] REQ: POST /predict - Status: 200 - Czas: 44.93ms
[2025-12-20 13:23:06] [INFO] REQ: POST /predict - Status: 200 - Czas: 73.02ms
[2025-12-20 13:23:06] [INFO] REQ: POST /predict - Status: 200 - Czas: 69.20ms
[2025-12-20 13:23:06] [INFO] REQ: POST /predict - Status: 200 - Czas: 64.76ms
[2025-12-20 13:23:06] [INFO] REQ: POST /predict - Status: 200 - Czas: 18.29ms
[2025-12-20 13:23:06] [INFO] REQ: POST /predict - Status: 200 - Czas: 40.06ms
[2025-12-20 13:23:06] [INFO] REQ: POST /predict - Status: 200 - Czas: 40.14ms
[2025-12-20 13:23:06] [INFO] REQ: POST /predict - Status: 200 - Czas: 58.49ms
[2025-12-20 13:23:06] [INFO] REQ: POST /predict - Status: 200 - Czas: 61.93ms
[2025-12-20 13:23:06] [INFO] REQ: POST /predict - Status: 200 - Czas: 17.47ms
[2025-12-20 13:23:06] [INFO] REQ: POST /predict - Status: 200 - Czas: 28.78ms
[2025-12-20 13:23:06] [INFO] REQ: POST /predict - Status: 200 - Czas: 45.31ms
[2025-12-20 13:23:06] [INFO] REQ: POST /predict - Status: 200 - Czas: 68.95ms
[2025-12-20 13:23:06] [INFO] REQ: POST /predict - Status: 200 - Czas: 59.62ms
[2025-12-20 13:23:06] [INFO] REQ: POST /predict - Status: 200 - Czas: 60.94ms
[2025-12-20 13:23:06] [INFO] REQ: POST /predict - Status: 200 - Czas: 23.41ms
[2025-12-20 13:23:06] [INFO] REQ: POST /predict - Status: 200 - Czas: 38.73ms
[2025-12-20 13:23:06] [INFO] REQ: POST /predict - Status: 200 - Czas: 39.07ms
[2025-12-20 13:23:06] [INFO] REQ: POST /predict - Status: 200 - Czas: 69.85ms
[2025-12-20 13:23:06] [INFO] REQ: POST /predict - Status: 200 - Czas: 71.27ms
[2025-12-20 13:23:06] [INFO] REQ: POST /predict - Status: 200 - Czas: 51.52ms
[2025-12-20 13:23:06] [INFO] REQ: POST /predict - Status: 200 - Czas: 40.39ms
[2025-12-20 13:23:06] [INFO] REQ: POST /predict - Status: 200 - Czas: 40.91ms
[2025-12-20 13:23:06] [INFO] REQ: POST /predict - Status: 200 - Czas: 16.73ms
[2025-12-20 13:23:06] [INFO] REQ: POST /predict - Status: 200 - Czas: 47.06ms
[2025-12-20 13:23:06] [INFO] REQ: POST /predict - Status: 200 - Czas: 47.80ms
[2025-12-20 13:23:06] [INFO] REQ: POST /predict - Status: 200 - Czas: 23.87ms
[2025-12-20 13:23:06] [INFO] REQ: POST /predict - Status: 200 - Czas: 43.47ms
[2025-12-20 13:23:06] [INFO] REQ: POST /predict - Status: 200 - Czas: 64.51ms
[2025-12-20 13:23:06] [INFO] REQ: POST /predict - Status: 200 - Czas: 64.89ms
[2025-12-20 13:23:06] [INFO] REQ: POST /predict - Status: 200 - Czas: 65.50ms
[2025-12-20 13:23:06] [INFO] REQ: POST /predict - Status: 200 - Czas: 25.04ms
[2025-12-20 13:23:06] [INFO] REQ: POST /predict - Status: 200 - Czas: 24.31ms
[2025-12-20 13:23:06] [INFO] REQ: POST /predict - Status: 200 - Czas: 46.29ms
[2025-12-20 13:23:06] [INFO] REQ: POST /predict - Status: 200 - Czas: 83.91ms
[2025-12-20 13:23:06] [INFO] REQ: POST /predict - Status: 200 - Czas: 84.28ms
[2025-12-20 13:23:06] [INFO] REQ: POST /predict - Status: 200 - Czas: 72.75ms
[2025-12-20 13:23:06] [INFO] REQ: POST /predict - Status: 200 - Czas: 16.91ms
[2025-12-20 13:23:07] [INFO] REQ: POST /predict - Status: 200 - Czas: 55.67ms
[2025-12-20 13:23:07] [INFO] REQ: POST /predict - Status: 200 - Czas: 55.04ms
[2025-12-20 13:23:07] [INFO] REQ: POST /predict - Status: 200 - Czas: 88.20ms
[2025-12-20 13:23:07] [INFO] REQ: POST /predict - Status: 200 - Czas: 88.29ms
[2025-12-20 13:23:07] [INFO] REQ: POST /predict - Status: 200 - Czas: 19.64ms
[2025-12-20 13:23:07] [INFO] REQ: POST /predict - Status: 200 - Czas: 26.85ms
[2025-12-20 13:23:07] [INFO] REQ: POST /predict - Status: 200 - Czas: 52.12ms
[2025-12-20 13:23:07] [INFO] REQ: POST /predict - Status: 200 - Czas: 50.31ms
[2025-12-20 13:23:07] [INFO] REQ: POST /predict - Status: 200 - Czas: 60.40ms
[2025-12-20 13:23:07] [INFO] REQ: POST /predict - Status: 200 - Czas: 61.16ms
[2025-12-20 13:23:07] [INFO] REQ: POST /predict - Status: 200 - Czas: 16.40ms
[2025-12-20 13:23:07] [INFO] REQ: POST /predict - Status: 200 - Czas: 33.37ms
[2025-12-20 13:23:07] [INFO] REQ: POST /predict - Status: 200 - Czas: 68.82ms
[2025-12-20 13:23:07] [INFO] REQ: POST /predict - Status: 200 - Czas: 63.95ms
[2025-12-20 13:23:07] [INFO] REQ: POST /predict - Status: 200 - Czas: 60.13ms
[2025-12-20 13:23:07] [INFO] REQ: POST /predict - Status: 200 - Czas: 58.89ms
[2025-12-20 13:23:07] [INFO] REQ: POST /predict - Status: 200 - Czas: 19.58ms
[2025-12-20 13:23:07] [INFO] REQ: POST /predict - Status: 200 - Czas: 40.11ms
[2025-12-20 13:23:07] [INFO] REQ: POST /predict - Status: 200 - Czas: 49.29ms
[2025-12-20 13:23:07] [INFO] REQ: POST /predict - Status: 200 - Czas: 49.67ms
[2025-12-20 13:23:07] [INFO] REQ: POST /predict - Status: 200 - Czas: 69.35ms
[2025-12-20 13:23:07] [INFO] REQ: POST /predict - Status: 200 - Czas: 46.78ms
[2025-12-20 13:23:07] [INFO] REQ: POST /predict - Status: 200 - Czas: 32.20ms
[2025-12-20 13:23:07] [INFO] REQ: POST /predict - Status: 200 - Czas: 70.53ms
[2025-12-20 13:23:07] [INFO] REQ: POST /predict - Status: 200 - Czas: 71.01ms
[2025-12-20 13:23:07] [INFO] REQ: POST /predict - Status: 200 - Czas: 71.65ms
[2025-12-20 13:23:07] [INFO] REQ: POST /predict - Status: 200 - Czas: 71.87ms
[2025-12-20 13:23:07] [INFO] REQ: POST /predict - Status: 200 - Czas: 30.85ms
[2025-12-20 13:23:07] [INFO] REQ: POST /predict - Status: 200 - Czas: 20.05ms
[2025-12-20 13:23:07] [INFO] REQ: POST /predict - Status: 200 - Czas: 113.84ms
[2025-12-20 13:23:07] [INFO] REQ: POST /predict - Status: 200 - Czas: 114.27ms
[2025-12-20 13:23:07] [INFO] REQ: POST /predict - Status: 200 - Czas: 114.53ms
[2025-12-20 13:23:07] [INFO] REQ: POST /predict - Status: 200 - Czas: 112.30ms
[2025-12-20 13:23:07] [INFO] REQ: POST /predict - Status: 200 - Czas: 15.80ms
[2025-12-20 13:23:07] [INFO] REQ: POST /predict - Status: 200 - Czas: 30.23ms
[2025-12-20 13:23:07] [INFO] REQ: POST /predict - Status: 200 - Czas: 60.39ms
[2025-12-20 13:23:07] [INFO] REQ: POST /predict - Status: 200 - Czas: 57.99ms
[2025-12-20 13:23:07] [INFO] REQ: POST /predict - Status: 200 - Czas: 63.88ms
[2025-12-20 13:23:07] [INFO] REQ: POST /predict - Status: 200 - Czas: 64.75ms
[2025-12-20 13:23:07] [INFO] REQ: POST /predict - Status: 200 - Czas: 17.20ms
[2025-12-20 13:23:07] [INFO] REQ: POST /predict - Status: 200 - Czas: 38.25ms
[2025-12-20 13:23:07] [INFO] REQ: POST /predict - Status: 200 - Czas: 67.57ms
[2025-12-20 13:23:07] [INFO] REQ: POST /predict - Status: 200 - Czas: 96.07ms
[2025-12-20 13:23:07] [INFO] REQ: POST /predict - Status: 200 - Czas: 90.60ms
[2025-12-20 13:23:07] [INFO] REQ: POST /predict - Status: 200 - Czas: 94.13ms
[2025-12-20 13:23:07] [INFO] REQ: POST /predict - Status: 200 - Czas: 20.44ms
[2025-12-20 13:23:07] [INFO] REQ: POST /predict - Status: 200 - Czas: 79.12ms
[2025-12-20 13:23:07] [INFO] REQ: POST /predict - Status: 200 - Czas: 77.98ms
[2025-12-20 13:23:07] [INFO] REQ: POST /predict - Status: 200 - Czas: 78.16ms
[2025-12-20 13:23:07] [INFO] REQ: POST /predict - Status: 200 - Czas: 75.95ms
[2025-12-20 13:23:08] [INFO] REQ: POST /predict - Status: 200 - Czas: 17.02ms
[2025-12-20 13:23:08] [INFO] REQ: POST /predict - Status: 200 - Czas: 50.98ms
[2025-12-20 13:23:08] [INFO] REQ: POST /predict - Status: 200 - Czas: 50.31ms
[2025-12-20 13:23:08] [INFO] REQ: POST /predict - Status: 200 - Czas: 83.35ms
[2025-12-20 13:23:08] [INFO] REQ: POST /predict - Status: 200 - Czas: 71.82ms
[2025-12-20 13:23:08] [INFO] REQ: POST /predict - Status: 200 - Czas: 15.01ms
[2025-12-20 13:23:08] [INFO] REQ: POST /predict - Status: 200 - Czas: 15.26ms
[2025-12-20 13:23:08] [INFO] REQ: POST /predict - Status: 200 - Czas: 49.66ms
[2025-12-20 13:23:08] [INFO] REQ: POST /predict - Status: 200 - Czas: 58.32ms
[2025-12-20 13:23:08] [INFO] REQ: POST /predict - Status: 200 - Czas: 57.48ms
[2025-12-20 13:23:08] [INFO] REQ: POST /predict - Status: 200 - Czas: 25.05ms
[2025-12-20 13:23:08] [INFO] REQ: POST /predict - Status: 200 - Czas: 43.34ms
[2025-12-20 13:23:08] [INFO] REQ: POST /predict - Status: 200 - Czas: 23.79ms
[2025-12-20 13:23:08] [INFO] REQ: POST /predict - Status: 200 - Czas: 45.93ms
[2025-12-20 13:23:08] [INFO] REQ: POST /predict - Status: 200 - Czas: 46.53ms
[2025-12-20 13:23:08] [INFO] REQ: POST /predict - Status: 200 - Czas: 39.93ms
[2025-12-20 13:23:08] [INFO] REQ: POST /predict - Status: 200 - Czas: 25.70ms
[2025-12-20 13:23:08] [INFO] REQ: POST /predict - Status: 200 - Czas: 38.76ms
[2025-12-20 13:23:08] [INFO] REQ: POST /predict - Status: 200 - Czas: 39.45ms
[2025-12-20 13:23:08] [INFO] REQ: POST /predict - Status: 200 - Czas: 58.06ms
[2025-12-20 13:23:08] [INFO] REQ: POST /predict - Status: 200 - Czas: 67.83ms
[2025-12-20 13:23:08] [INFO] REQ: POST /predict - Status: 200 - Czas: 47.64ms
[2025-12-20 13:23:08] [INFO] REQ: POST /predict - Status: 200 - Czas: 40.67ms
[2025-12-20 13:23:08] [INFO] REQ: POST /predict - Status: 200 - Czas: 41.49ms
[2025-12-20 13:23:08] [INFO] REQ: POST /predict - Status: 200 - Czas: 51.85ms
[2025-12-20 13:23:08] [INFO] REQ: POST /predict - Status: 200 - Czas: 44.97ms
[2025-12-20 13:23:08] [INFO] REQ: POST /predict - Status: 200 - Czas: 45.55ms
[2025-12-20 13:23:08] [INFO] REQ: POST /predict - Status: 200 - Czas: 21.61ms
[2025-12-20 13:23:08] [INFO] REQ: POST /predict - Status: 200 - Czas: 43.97ms
[2025-12-20 13:23:08] [INFO] REQ: POST /predict - Status: 200 - Czas: 59.54ms
[2025-12-20 13:23:08] [INFO] REQ: POST /predict - Status: 200 - Czas: 60.15ms
[2025-12-20 13:23:08] [INFO] REQ: POST /predict - Status: 200 - Czas: 60.37ms
[2025-12-20 13:23:08] [INFO] REQ: POST /predict - Status: 200 - Czas: 21.91ms
[2025-12-20 13:23:08] [INFO] REQ: POST /predict - Status: 200 - Czas: 15.89ms
[2025-12-20 13:23:08] [INFO] REQ: POST /predict - Status: 200 - Czas: 32.02ms
[2025-12-20 13:23:08] [INFO] REQ: POST /predict - Status: 200 - Czas: 71.79ms
[2025-12-20 13:23:08] [INFO] REQ: POST /predict - Status: 200 - Czas: 73.61ms
[2025-12-20 13:23:08] [INFO] REQ: POST /predict - Status: 200 - Czas: 73.93ms
[2025-12-20 13:23:08] [INFO] REQ: POST /predict - Status: 200 - Czas: 22.80ms
[2025-12-20 13:23:08] [INFO] REQ: POST /predict - Status: 200 - Czas: 24.88ms
[2025-12-20 13:23:08] [INFO] REQ: POST /predict - Status: 200 - Czas: 63.93ms
[2025-12-20 13:23:08] [INFO] REQ: POST /predict - Status: 200 - Czas: 62.43ms
[2025-12-20 13:23:08] [INFO] REQ: POST /predict - Status: 200 - Czas: 62.64ms
[2025-12-20 13:23:08] [INFO] REQ: POST /predict - Status: 200 - Czas: 58.18ms
[2025-12-20 13:23:08] [INFO] REQ: POST /predict - Status: 200 - Czas: 17.50ms
[2025-12-20 13:23:08] [INFO] REQ: POST /predict - Status: 200 - Czas: 46.20ms
[2025-12-20 13:23:08] [INFO] REQ: POST /predict - Status: 200 - Czas: 79.69ms
[2025-12-20 13:23:08] [INFO] REQ: POST /predict - Status: 200 - Czas: 80.44ms
[2025-12-20 13:23:08] [INFO] REQ: POST /predict - Status: 200 - Czas: 79.97ms
[2025-12-20 13:23:08] [INFO] REQ: POST /predict - Status: 200 - Czas: 16.90ms
[2025-12-20 13:23:08] [INFO] REQ: POST /predict - Status: 200 - Czas: 26.15ms
[2025-12-20 13:23:08] [INFO] REQ: POST /predict - Status: 200 - Czas: 55.96ms
[2025-12-20 13:23:08] [INFO] REQ: POST /predict - Status: 200 - Czas: 53.49ms
[2025-12-20 13:23:09] [INFO] REQ: POST /predict - Status: 200 - Czas: 63.28ms
[2025-12-20 13:23:09] [INFO] REQ: POST /predict - Status: 200 - Czas: 64.20ms
[2025-12-20 13:23:09] [INFO] REQ: POST /predict - Status: 200 - Czas: 30.25ms
[2025-12-20 13:23:09] [INFO] REQ: POST /predict - Status: 200 - Czas: 39.15ms
[2025-12-20 13:23:09] [INFO] REQ: POST /predict - Status: 200 - Czas: 39.41ms
[2025-12-20 13:23:09] [INFO] REQ: POST /predict - Status: 200 - Czas: 51.57ms
[2025-12-20 13:23:09] [INFO] REQ: POST /predict - Status: 200 - Czas: 64.84ms
[2025-12-20 13:23:09] [INFO] REQ: POST /predict - Status: 200 - Czas: 44.43ms
[2025-12-20 13:23:09] [INFO] REQ: POST /predict - Status: 200 - Czas: 38.28ms
[2025-12-20 13:23:09] [INFO] REQ: POST /predict - Status: 200 - Czas: 39.93ms
[2025-12-20 13:23:09] [INFO] REQ: POST /predict - Status: 200 - Czas: 49.11ms
[2025-12-20 13:23:09] [INFO] REQ: POST /predict - Status: 200 - Czas: 44.09ms
[2025-12-20 13:23:09] [INFO] REQ: POST /predict - Status: 200 - Czas: 41.84ms
[2025-12-20 13:23:09] [INFO] REQ: POST /predict - Status: 200 - Czas: 16.56ms
[2025-12-20 13:23:09] [INFO] REQ: POST /predict - Status: 200 - Czas: 28.40ms
[2025-12-20 13:23:09] [INFO] REQ: POST /predict - Status: 200 - Czas: 40.73ms
[2025-12-20 13:23:09] [INFO] REQ: POST /predict - Status: 200 - Czas: 46.31ms
[2025-12-20 13:23:09] [INFO] REQ: POST /predict - Status: 200 - Czas: 48.05ms
[2025-12-20 13:23:09] [INFO] REQ: POST /predict - Status: 200 - Czas: 54.24ms
[2025-12-20 13:23:09] [INFO] REQ: POST /predict - Status: 200 - Czas: 55.28ms
[2025-12-20 13:23:09] [INFO] REQ: POST /predict - Status: 200 - Czas: 23.87ms
[2025-12-20 13:23:09] [INFO] REQ: POST /predict - Status: 200 - Czas: 21.47ms
[2025-12-20 13:23:09] [INFO] REQ: POST /predict - Status: 200 - Czas: 35.49ms
[2025-12-20 13:23:09] [INFO] REQ: POST /predict - Status: 200 - Czas: 56.14ms
[2025-12-20 13:23:09] [INFO] REQ: POST /predict - Status: 200 - Czas: 58.02ms
[2025-12-20 13:23:09] [INFO] REQ: POST /predict - Status: 200 - Czas: 13.62ms
[2025-12-20 13:23:09] [INFO] REQ: POST /predict - Status: 200 - Czas: 19.36ms
[2025-12-20 13:23:09] [INFO] REQ: POST /predict - Status: 200 - Czas: 38.22ms
[2025-12-20 13:23:09] [INFO] REQ: POST /predict - Status: 200 - Czas: 62.07ms
[2025-12-20 13:23:09] [INFO] REQ: POST /predict - Status: 200 - Czas: 63.39ms
[2025-12-20 13:23:09] [INFO] REQ: POST /predict - Status: 200 - Czas: 65.85ms
[2025-12-20 13:23:09] [INFO] REQ: POST /predict - Status: 200 - Czas: 19.44ms
[2025-12-20 13:23:09] [INFO] REQ: POST /predict - Status: 200 - Czas: 23.88ms
[2025-12-20 13:23:09] [INFO] REQ: POST /predict - Status: 200 - Czas: 23.85ms
[2025-12-20 13:23:09] [INFO] REQ: POST /predict - Status: 200 - Czas: 65.92ms
[2025-12-20 13:23:09] [INFO] REQ: POST /predict - Status: 200 - Czas: 67.16ms
[2025-12-20 13:23:09] [INFO] REQ: POST /predict - Status: 200 - Czas: 64.53ms
[2025-12-20 13:23:09] [INFO] REQ: POST /predict - Status: 200 - Czas: 56.30ms
[2025-12-20 13:23:09] [INFO] REQ: POST /predict - Status: 200 - Czas: 22.47ms
[2025-12-20 13:23:09] [INFO] REQ: POST /predict - Status: 200 - Czas: 35.30ms
[2025-12-20 13:23:09] [INFO] REQ: POST /predict - Status: 200 - Czas: 45.52ms
[2025-12-20 13:23:09] [INFO] REQ: POST /predict - Status: 200 - Czas: 46.15ms
[2025-12-20 13:23:09] [INFO] REQ: POST /predict - Status: 200 - Czas: 46.73ms
[2025-12-20 13:23:09] [INFO] REQ: POST /predict - Status: 200 - Czas: 23.55ms
[2025-12-20 13:23:09] [INFO] REQ: POST /predict - Status: 200 - Czas: 34.51ms
[2025-12-20 13:23:09] [INFO] REQ: POST /predict - Status: 200 - Czas: 63.32ms
[2025-12-20 13:23:09] [INFO] REQ: POST /predict - Status: 200 - Czas: 61.19ms
[2025-12-20 13:23:09] [INFO] REQ: POST /predict - Status: 200 - Czas: 60.14ms
[2025-12-20 13:23:09] [INFO] REQ: POST /predict - Status: 200 - Czas: 21.35ms
[2025-12-20 13:23:09] [INFO] REQ: POST /predict - Status: 200 - Czas: 41.96ms
[2025-12-20 13:23:09] [INFO] REQ: POST /predict - Status: 200 - Czas: 58.88ms
[2025-12-20 13:23:09] [INFO] REQ: POST /predict - Status: 200 - Czas: 54.09ms
[2025-12-20 13:23:09] [INFO] REQ: POST /predict - Status: 200 - Czas: 55.22ms
[2025-12-20 13:23:09] [INFO] REQ: POST /predict - Status: 200 - Czas: 15.06ms
[2025-12-20 13:23:09] [INFO] REQ: POST /predict - Status: 200 - Czas: 21.74ms
[2025-12-20 13:23:09] [INFO] REQ: POST /predict - Status: 200 - Czas: 48.43ms
[2025-12-20 13:23:09] [INFO] REQ: POST /predict - Status: 200 - Czas: 49.15ms
[2025-12-20 13:23:09] [INFO] REQ: POST /predict - Status: 200 - Czas: 72.60ms
[2025-12-20 13:23:09] [INFO] REQ: POST /predict - Status: 200 - Czas: 71.10ms
[2025-12-20 13:23:10] [INFO] REQ: POST /predict - Status: 200 - Czas: 15.37ms
[2025-12-20 13:23:10] [INFO] REQ: POST /predict - Status: 200 - Czas: 23.70ms
[2025-12-20 13:23:10] [INFO] REQ: POST /predict - Status: 200 - Czas: 40.71ms
[2025-12-20 13:23:10] [INFO] REQ: POST /predict - Status: 200 - Czas: 52.42ms
[2025-12-20 13:23:10] [INFO] REQ: POST /predict - Status: 200 - Czas: 75.35ms
[2025-12-20 13:23:10] [INFO] REQ: POST /predict - Status: 200 - Czas: 76.19ms
[2025-12-20 13:23:10] [INFO] REQ: POST /predict - Status: 200 - Czas: 18.19ms
[2025-12-20 13:23:10] [INFO] REQ: POST /predict - Status: 200 - Czas: 27.13ms
[2025-12-20 13:23:10] [INFO] REQ: POST /predict - Status: 200 - Czas: 27.70ms
[2025-12-20 13:23:10] [INFO] REQ: POST /predict - Status: 200 - Czas: 47.81ms
[2025-12-20 13:23:10] [INFO] REQ: POST /predict - Status: 200 - Czas: 48.30ms
[2025-12-20 13:23:10] [INFO] REQ: POST /predict - Status: 200 - Czas: 77.62ms
[2025-12-20 13:23:10] [INFO] REQ: POST /predict - Status: 200 - Czas: 77.67ms
[2025-12-20 13:23:10] [INFO] REQ: POST /predict - Status: 200 - Czas: 47.45ms
[2025-12-20 13:23:10] [INFO] REQ: POST /predict - Status: 200 - Czas: 42.41ms
[2025-12-20 13:23:10] [INFO] REQ: POST /predict - Status: 200 - Czas: 45.91ms
[2025-12-20 13:23:10] [INFO] REQ: POST /predict - Status: 200 - Czas: 29.97ms
[2025-12-20 13:23:10] [INFO] REQ: POST /predict - Status: 200 - Czas: 30.73ms
[2025-12-20 13:23:10] [INFO] REQ: POST /predict - Status: 200 - Czas: 47.28ms
[2025-12-20 13:23:10] [INFO] REQ: POST /predict - Status: 200 - Czas: 31.29ms
[2025-12-20 13:23:10] [INFO] REQ: POST /predict - Status: 200 - Czas: 45.43ms
[2025-12-20 13:23:10] [INFO] REQ: POST /predict - Status: 200 - Czas: 40.96ms
[2025-12-20 13:23:10] [INFO] REQ: POST /predict - Status: 200 - Czas: 74.69ms
[2025-12-20 13:23:10] [INFO] REQ: POST /predict - Status: 200 - Czas: 75.47ms
[2025-12-20 13:23:10] [INFO] REQ: POST /predict - Status: 200 - Czas: 48.74ms
[2025-12-20 13:23:10] [INFO] REQ: POST /predict - Status: 200 - Czas: 37.81ms
[2025-12-20 13:23:10] [INFO] REQ: POST /predict - Status: 200 - Czas: 45.97ms
[2025-12-20 13:23:10] [INFO] REQ: POST /predict - Status: 200 - Czas: 50.40ms
[2025-12-20 13:23:10] [INFO] REQ: POST /predict - Status: 200 - Czas: 51.23ms
[2025-12-20 13:23:10] [INFO] REQ: POST /predict - Status: 200 - Czas: 41.43ms
[2025-12-20 13:23:10] [INFO] REQ: POST /predict - Status: 200 - Czas: 25.72ms
[2025-12-20 13:23:10] [INFO] REQ: POST /predict - Status: 200 - Czas: 27.43ms
[2025-12-20 13:23:10] [INFO] REQ: POST /predict - Status: 200 - Czas: 13.77ms
[2025-12-20 13:23:10] [INFO] REQ: POST /predict - Status: 200 - Czas: 25.93ms
[2025-12-20 13:23:10] [INFO] REQ: POST /predict - Status: 200 - Czas: 31.89ms
[2025-12-20 13:23:10] [INFO] REQ: POST /predict - Status: 200 - Czas: 20.57ms
[2025-12-20 13:23:10] [INFO] REQ: POST /predict - Status: 200 - Czas: 15.39ms
[2025-12-20 13:23:10] [INFO] REQ: POST /predict - Status: 200 - Czas: 72.88ms
[2025-12-20 13:23:10] [INFO] REQ: POST /predict - Status: 200 - Czas: 69.69ms
[2025-12-20 13:23:10] [INFO] REQ: POST /predict - Status: 200 - Czas: 66.90ms
[2025-12-20 13:23:10] [INFO] REQ: POST /predict - Status: 200 - Czas: 80.37ms
[2025-12-20 13:23:10] [INFO] REQ: POST /predict - Status: 200 - Czas: 39.77ms
[2025-12-20 13:23:10] [INFO] REQ: POST /predict - Status: 200 - Czas: 57.26ms
[2025-12-20 13:23:10] [INFO] REQ: POST /predict - Status: 200 - Czas: 55.86ms
[2025-12-20 13:23:10] [INFO] REQ: POST /predict - Status: 200 - Czas: 54.78ms
[2025-12-20 13:23:10] [INFO] REQ: POST /predict - Status: 200 - Czas: 63.60ms
[2025-12-20 13:23:10] [INFO] REQ: POST /predict - Status: 200 - Czas: 16.60ms
[2025-12-20 13:23:10] [INFO] REQ: POST /predict - Status: 200 - Czas: 29.91ms
[2025-12-20 13:23:10] [INFO] REQ: POST /predict - Status: 200 - Czas: 40.97ms
[2025-12-20 13:23:10] [INFO] REQ: POST /predict - Status: 200 - Czas: 60.18ms
[2025-12-20 13:23:10] [INFO] REQ: POST /predict - Status: 200 - Czas: 60.40ms
[2025-12-20 13:23:10] [INFO] REQ: POST /predict - Status: 200 - Czas: 14.54ms
[2025-12-20 13:23:11] [INFO] REQ: POST /predict - Status: 200 - Czas: 17.05ms
[2025-12-20 13:23:11] [INFO] REQ: POST /predict - Status: 200 - Czas: 43.64ms
[2025-12-20 13:23:11] [INFO] REQ: POST /predict - Status: 200 - Czas: 55.57ms
[2025-12-20 13:23:11] [INFO] REQ: POST /predict - Status: 200 - Czas: 50.94ms
[2025-12-20 13:23:11] [INFO] REQ: POST /predict - Status: 200 - Czas: 51.61ms
[2025-12-20 13:23:11] [INFO] REQ: POST /predict - Status: 200 - Czas: 42.74ms
[2025-12-20 13:23:11] [INFO] REQ: POST /predict - Status: 200 - Czas: 44.88ms
[2025-12-20 13:23:11] [INFO] REQ: POST /predict - Status: 200 - Czas: 79.75ms
[2025-12-20 13:23:11] [INFO] REQ: POST /predict - Status: 200 - Czas: 79.45ms
[2025-12-20 13:23:11] [INFO] REQ: POST /predict - Status: 200 - Czas: 86.00ms
[2025-12-20 13:23:11] [INFO] REQ: POST /predict - Status: 200 - Czas: 26.41ms
[2025-12-20 13:23:11] [INFO] REQ: POST /predict - Status: 200 - Czas: 68.92ms
[2025-12-20 13:23:11] [INFO] REQ: POST /predict - Status: 200 - Czas: 67.73ms
[2025-12-20 13:23:11] [INFO] REQ: POST /predict - Status: 200 - Czas: 66.66ms
[2025-12-20 13:23:11] [INFO] REQ: POST /predict - Status: 200 - Czas: 58.33ms
[2025-12-20 13:23:11] [INFO] REQ: POST /predict - Status: 200 - Czas: 20.04ms
[2025-12-20 13:23:11] [INFO] REQ: POST /predict - Status: 200 - Czas: 67.94ms
[2025-12-20 13:23:11] [INFO] REQ: POST /predict - Status: 200 - Czas: 67.50ms
[2025-12-20 13:23:11] [INFO] REQ: POST /predict - Status: 200 - Czas: 65.67ms
[2025-12-20 13:23:11] [INFO] REQ: POST /predict - Status: 200 - Czas: 84.47ms
[2025-12-20 13:23:11] [INFO] REQ: POST /predict - Status: 200 - Czas: 19.39ms
[2025-12-20 13:23:11] [INFO] REQ: POST /predict - Status: 200 - Czas: 17.04ms
[2025-12-20 13:23:11] [INFO] REQ: POST /predict - Status: 200 - Czas: 41.49ms
[2025-12-20 13:23:11] [INFO] REQ: POST /predict - Status: 200 - Czas: 48.86ms
[2025-12-20 13:23:11] [INFO] REQ: POST /predict - Status: 200 - Czas: 27.67ms
[2025-12-20 13:23:11] [INFO] REQ: POST /predict - Status: 200 - Czas: 41.48ms
[2025-12-20 13:23:11] [INFO] REQ: POST /predict - Status: 200 - Czas: 44.95ms
[2025-12-20 13:23:11] [INFO] REQ: POST /predict - Status: 200 - Czas: 45.26ms
[2025-12-20 13:23:11] [INFO] REQ: POST /predict - Status: 200 - Czas: 69.72ms
[2025-12-20 13:23:11] [INFO] REQ: POST /predict - Status: 200 - Czas: 49.54ms
[2025-12-20 13:23:11] [INFO] REQ: POST /predict - Status: 200 - Czas: 49.65ms
[2025-12-20 13:23:11] [INFO] REQ: POST /predict - Status: 200 - Czas: 22.14ms
[2025-12-20 13:23:11] [INFO] REQ: POST /predict - Status: 200 - Czas: 29.20ms
[2025-12-20 13:23:11] [INFO] REQ: POST /predict - Status: 200 - Czas: 62.10ms
[2025-12-20 13:23:11] [INFO] REQ: POST /predict - Status: 200 - Czas: 61.32ms
[2025-12-20 13:23:11] [INFO] REQ: POST /predict - Status: 200 - Czas: 61.67ms
[2025-12-20 13:23:11] [INFO] REQ: POST /predict - Status: 200 - Czas: 35.80ms
[2025-12-20 13:23:11] [INFO] REQ: POST /predict - Status: 200 - Czas: 95.56ms
[2025-12-20 13:23:11] [INFO] REQ: POST /predict - Status: 200 - Czas: 94.65ms
[2025-12-20 13:23:11] [INFO] REQ: POST /predict - Status: 200 - Czas: 94.02ms
[2025-12-20 13:23:11] [INFO] REQ: POST /predict - Status: 200 - Czas: 92.06ms
[2025-12-20 13:23:11] [INFO] REQ: POST /predict - Status: 200 - Czas: 21.74ms
[2025-12-20 13:23:11] [INFO] REQ: POST /predict - Status: 200 - Czas: 31.51ms
[2025-12-20 13:23:11] [INFO] REQ: POST /predict - Status: 200 - Czas: 49.99ms
[2025-12-20 13:23:11] [INFO] REQ: POST /predict - Status: 200 - Czas: 63.79ms
[2025-12-20 13:23:11] [INFO] REQ: POST /predict - Status: 200 - Czas: 65.15ms
[2025-12-20 13:23:11] [INFO] REQ: POST /predict - Status: 200 - Czas: 31.05ms
[2025-12-20 13:23:11] [INFO] REQ: POST /predict - Status: 200 - Czas: 36.82ms
[2025-12-20 13:23:11] [INFO] REQ: POST /predict - Status: 200 - Czas: 20.38ms
[2025-12-20 13:23:12] [INFO] REQ: POST /predict - Status: 200 - Czas: 59.73ms
[2025-12-20 13:23:12] [INFO] REQ: POST /predict - Status: 200 - Czas: 59.87ms
[2025-12-20 13:23:12] [INFO] REQ: POST /predict - Status: 200 - Czas: 15.06ms
[2025-12-20 13:23:12] [INFO] REQ: POST /predict - Status: 200 - Czas: 32.24ms
[2025-12-20 13:23:12] [INFO] REQ: POST /predict - Status: 200 - Czas: 40.51ms
[2025-12-20 13:23:12] [INFO] REQ: POST /predict - Status: 200 - Czas: 57.99ms
[2025-12-20 13:23:12] [INFO] REQ: POST /predict - Status: 200 - Czas: 59.76ms
[2025-12-20 13:23:12] [INFO] REQ: POST /predict - Status: 200 - Czas: 34.30ms
[2025-12-20 13:23:12] [INFO] REQ: POST /predict - Status: 200 - Czas: 34.58ms
[2025-12-20 13:23:12] [INFO] REQ: POST /predict - Status: 200 - Czas: 62.57ms
[2025-12-20 13:23:12] [INFO] REQ: POST /predict - Status: 200 - Czas: 61.90ms
[2025-12-20 13:23:12] [INFO] REQ: POST /predict - Status: 200 - Czas: 62.13ms
[2025-12-20 13:23:12] [INFO] REQ: POST /predict - Status: 200 - Czas: 35.62ms
[2025-12-20 13:23:12] [INFO] REQ: POST /predict - Status: 200 - Czas: 39.24ms
[2025-12-20 13:23:12] [INFO] REQ: POST /predict - Status: 200 - Czas: 32.83ms
[2025-12-20 13:23:12] [INFO] REQ: POST /predict - Status: 200 - Czas: 65.40ms
[2025-12-20 13:23:12] [INFO] REQ: POST /predict - Status: 200 - Czas: 66.51ms
[2025-12-20 13:23:12] [INFO] REQ: POST /predict - Status: 200 - Czas: 53.71ms
[2025-12-20 13:23:12] [INFO] REQ: POST /predict - Status: 200 - Czas: 71.36ms
[2025-12-20 13:23:12] [INFO] REQ: POST /predict - Status: 200 - Czas: 33.42ms
[2025-12-20 13:23:12] [INFO] REQ: POST /predict - Status: 200 - Czas: 27.43ms
[2025-12-20 13:23:12] [INFO] REQ: POST /predict - Status: 200 - Czas: 38.29ms
[2025-12-20 13:23:12] [INFO] REQ: POST /predict - Status: 200 - Czas: 38.47ms
[2025-12-20 13:23:12] [INFO] REQ: POST /predict - Status: 200 - Czas: 38.77ms
[2025-12-20 13:23:12] [INFO] REQ: POST /predict - Status: 200 - Czas: 28.17ms
[2025-12-20 13:23:12] [INFO] REQ: POST /predict - Status: 200 - Czas: 90.55ms
[2025-12-20 13:23:12] [INFO] REQ: POST /predict - Status: 200 - Czas: 92.34ms
[2025-12-20 13:23:12] [INFO] REQ: POST /predict - Status: 200 - Czas: 90.67ms
[2025-12-20 13:23:12] [INFO] REQ: POST /predict - Status: 200 - Czas: 86.71ms
[2025-12-20 13:23:12] [INFO] REQ: POST /predict - Status: 200 - Czas: 31.44ms
[2025-12-20 13:23:12] [INFO] REQ: POST /predict - Status: 200 - Czas: 68.93ms
[2025-12-20 13:23:12] [INFO] REQ: POST /predict - Status: 200 - Czas: 69.84ms
[2025-12-20 13:23:12] [INFO] REQ: POST /predict - Status: 200 - Czas: 69.58ms
[2025-12-20 13:23:12] [INFO] REQ: POST /predict - Status: 200 - Czas: 69.27ms
[2025-12-20 13:23:12] [INFO] REQ: POST /predict - Status: 200 - Czas: 18.35ms
[2025-12-20 13:23:12] [INFO] REQ: POST /predict - Status: 200 - Czas: 15.31ms
[2025-12-20 13:23:12] [INFO] REQ: POST /predict - Status: 200 - Czas: 31.42ms
[2025-12-20 13:23:12] [INFO] REQ: POST /predict - Status: 200 - Czas: 42.93ms
[2025-12-20 13:23:12] [INFO] REQ: POST /predict - Status: 200 - Czas: 60.52ms
[2025-12-20 13:23:12] [INFO] REQ: POST /predict - Status: 200 - Czas: 60.44ms
[2025-12-20 13:23:12] [INFO] REQ: POST /predict - Status: 200 - Czas: 46.45ms
[2025-12-20 13:23:12] [INFO] REQ: POST /predict - Status: 200 - Czas: 26.59ms
[2025-12-20 13:23:12] [INFO] REQ: POST /predict - Status: 200 - Czas: 27.57ms
[2025-12-20 13:23:12] [INFO] REQ: POST /predict - Status: 200 - Czas: 28.71ms
[2025-12-20 13:23:12] [INFO] REQ: POST /predict - Status: 200 - Czas: 73.73ms
[2025-12-20 13:23:12] [INFO] REQ: POST /predict - Status: 200 - Czas: 74.45ms
[2025-12-20 13:23:12] [INFO] REQ: POST /predict - Status: 200 - Czas: 74.87ms
[2025-12-20 13:23:12] [INFO] REQ: POST /predict - Status: 200 - Czas: 61.80ms
[2025-12-20 13:23:12] [INFO] REQ: POST /predict - Status: 200 - Czas: 23.62ms
[2025-12-20 13:23:12] [INFO] REQ: POST /predict - Status: 200 - Czas: 16.41ms
[2025-12-20 13:23:12] [INFO] REQ: POST /predict - Status: 200 - Czas: 55.26ms
[2025-12-20 13:23:12] [INFO] REQ: POST /predict - Status: 200 - Czas: 55.59ms
[2025-12-20 13:23:12] [INFO] REQ: POST /predict - Status: 200 - Czas: 56.30ms
[2025-12-20 13:23:12] [INFO] REQ: POST /predict - Status: 200 - Czas: 14.26ms
[2025-12-20 13:23:13] [INFO] REQ: POST /predict - Status: 200 - Czas: 21.87ms
[2025-12-20 13:23:13] [INFO] REQ: POST /predict - Status: 200 - Czas: 16.57ms
[2025-12-20 13:23:13] [INFO] REQ: POST /predict - Status: 200 - Czas: 52.82ms
[2025-12-20 13:23:13] [INFO] REQ: POST /predict - Status: 200 - Czas: 53.59ms
[2025-12-20 13:23:13] [INFO] REQ: POST /predict - Status: 200 - Czas: 54.08ms
[2025-12-20 13:23:13] [INFO] REQ: POST /predict - Status: 200 - Czas: 14.29ms
[2025-12-20 13:23:13] [INFO] REQ: POST /predict - Status: 200 - Czas: 14.68ms
[2025-12-20 13:23:13] [INFO] REQ: POST /predict - Status: 200 - Czas: 20.98ms
[2025-12-20 13:23:13] [INFO] REQ: POST /predict - Status: 200 - Czas: 31.64ms
[2025-12-20 13:23:13] [INFO] REQ: POST /predict - Status: 200 - Czas: 50.76ms
[2025-12-20 13:23:13] [INFO] REQ: POST /predict - Status: 200 - Czas: 47.80ms
[2025-12-20 13:23:13] [INFO] REQ: POST /predict - Status: 200 - Czas: 49.43ms
[2025-12-20 13:23:13] [INFO] REQ: POST /predict - Status: 200 - Czas: 36.54ms
[2025-12-20 13:23:13] [INFO] REQ: POST /predict - Status: 200 - Czas: 35.79ms
[2025-12-20 13:23:13] [INFO] REQ: POST /predict - Status: 200 - Czas: 72.31ms
[2025-12-20 13:23:13] [INFO] REQ: POST /predict - Status: 200 - Czas: 72.50ms
[2025-12-20 13:23:13] [INFO] REQ: POST /predict - Status: 200 - Czas: 80.14ms
[2025-12-20 13:23:13] [INFO] REQ: POST /predict - Status: 200 - Czas: 20.73ms
[2025-12-20 13:23:13] [INFO] REQ: POST /predict - Status: 200 - Czas: 38.19ms
[2025-12-20 13:23:13] [INFO] REQ: POST /predict - Status: 200 - Czas: 66.16ms
[2025-12-20 13:23:13] [INFO] REQ: POST /predict - Status: 200 - Czas: 63.16ms
[2025-12-20 13:23:13] [INFO] REQ: POST /predict - Status: 200 - Czas: 61.90ms
[2025-12-20 13:23:13] [INFO] REQ: POST /predict - Status: 200 - Czas: 29.45ms
[2025-12-20 13:23:13] [INFO] REQ: POST /predict - Status: 200 - Czas: 48.11ms
[2025-12-20 13:23:13] [INFO] REQ: POST /predict - Status: 200 - Czas: 85.81ms
[2025-12-20 13:23:13] [INFO] REQ: POST /predict - Status: 200 - Czas: 86.15ms
[2025-12-20 13:23:13] [INFO] REQ: POST /predict - Status: 200 - Czas: 103.34ms
[2025-12-20 13:23:13] [INFO] REQ: POST /predict - Status: 200 - Czas: 17.24ms
[2025-12-20 13:23:13] [INFO] REQ: POST /predict - Status: 200 - Czas: 60.70ms
[2025-12-20 13:23:13] [INFO] REQ: POST /predict - Status: 200 - Czas: 60.88ms
[2025-12-20 13:23:13] [INFO] REQ: POST /predict - Status: 200 - Czas: 61.33ms
[2025-12-20 13:23:13] [INFO] REQ: POST /predict - Status: 200 - Czas: 70.49ms
[2025-12-20 13:23:13] [INFO] REQ: POST /predict - Status: 200 - Czas: 32.70ms
[2025-12-20 13:23:13] [INFO] REQ: POST /predict - Status: 200 - Czas: 21.52ms
[2025-12-20 13:23:13] [INFO] REQ: POST /predict - Status: 200 - Czas: 43.20ms
[2025-12-20 13:23:13] [INFO] REQ: POST /predict - Status: 200 - Czas: 41.71ms
[2025-12-20 13:23:13] [INFO] REQ: POST /predict - Status: 200 - Czas: 36.76ms
[2025-12-20 13:23:13] [INFO] REQ: POST /predict - Status: 200 - Czas: 26.60ms
[2025-12-20 13:23:13] [INFO] REQ: POST /predict - Status: 200 - Czas: 67.81ms
[2025-12-20 13:23:13] [INFO] REQ: POST /predict - Status: 200 - Czas: 67.57ms
[2025-12-20 13:23:13] [INFO] REQ: POST /predict - Status: 200 - Czas: 79.79ms
[2025-12-20 13:23:13] [INFO] REQ: POST /predict - Status: 200 - Czas: 82.05ms
[2025-12-20 13:23:13] [INFO] REQ: POST /predict - Status: 200 - Czas: 22.17ms
[2025-12-20 13:23:13] [INFO] REQ: POST /predict - Status: 200 - Czas: 57.66ms
[2025-12-20 13:23:13] [INFO] REQ: POST /predict - Status: 200 - Czas: 58.99ms
[2025-12-20 13:23:13] [INFO] REQ: POST /predict - Status: 200 - Czas: 90.61ms
[2025-12-20 13:23:13] [INFO] REQ: POST /predict - Status: 200 - Czas: 86.59ms
[2025-12-20 13:23:13] [INFO] REQ: POST /predict - Status: 200 - Czas: 47.86ms
[2025-12-20 13:23:13] [INFO] REQ: POST /predict - Status: 200 - Czas: 30.47ms
[2025-12-20 13:23:14] [INFO] REQ: POST /predict - Status: 200 - Czas: 77.67ms
[2025-12-20 13:23:14] [INFO] REQ: POST /predict - Status: 200 - Czas: 77.19ms
[2025-12-20 13:23:14] [INFO] REQ: POST /predict - Status: 200 - Czas: 74.50ms
[2025-12-20 13:23:14] [INFO] REQ: POST /predict - Status: 200 - Czas: 73.12ms
[2025-12-20 13:23:14] [INFO] REQ: POST /predict - Status: 200 - Czas: 62.55ms
[2025-12-20 13:23:14] [INFO] REQ: POST /predict - Status: 200 - Czas: 62.29ms
[2025-12-20 13:23:14] [INFO] REQ: POST /predict - Status: 200 - Czas: 121.45ms
[2025-12-20 13:23:14] [INFO] REQ: POST /predict - Status: 200 - Czas: 120.75ms
[2025-12-20 13:23:14] [INFO] REQ: POST /predict - Status: 200 - Czas: 119.47ms
[2025-12-20 13:23:14] [INFO] REQ: POST /predict - Status: 200 - Czas: 23.55ms
[2025-12-20 13:23:14] [INFO] REQ: POST /predict - Status: 200 - Czas: 37.06ms
[2025-12-20 13:23:14] [INFO] REQ: POST /predict - Status: 200 - Czas: 66.86ms
[2025-12-20 13:23:14] [INFO] REQ: POST /predict - Status: 200 - Czas: 68.19ms
[2025-12-20 13:23:14] [INFO] REQ: POST /predict - Status: 200 - Czas: 69.17ms
[2025-12-20 13:23:14] [INFO] REQ: POST /predict - Status: 200 - Czas: 28.49ms
[2025-12-20 13:23:14] [INFO] REQ: POST /predict - Status: 200 - Czas: 50.76ms
[2025-12-20 13:23:14] [INFO] REQ: POST /predict - Status: 200 - Czas: 51.34ms
[2025-12-20 13:23:14] [INFO] REQ: POST /predict - Status: 200 - Czas: 75.39ms
[2025-12-20 13:23:14] [INFO] REQ: POST /predict - Status: 200 - Czas: 75.70ms
[2025-12-20 13:23:14] [INFO] REQ: POST /predict - Status: 200 - Czas: 47.57ms
[2025-12-20 13:23:14] [INFO] REQ: POST /predict - Status: 200 - Czas: 39.48ms
[2025-12-20 13:23:14] [INFO] REQ: POST /predict - Status: 200 - Czas: 47.26ms
[2025-12-20 13:23:14] [INFO] REQ: POST /predict - Status: 200 - Czas: 75.86ms
[2025-12-20 13:23:14] [INFO] REQ: POST /predict - Status: 200 - Czas: 72.66ms
[2025-12-20 13:23:14] [INFO] REQ: POST /predict - Status: 200 - Czas: 63.74ms
[2025-12-20 13:23:14] [INFO] REQ: POST /predict - Status: 200 - Czas: 20.29ms
[2025-12-20 13:23:14] [INFO] REQ: POST /predict - Status: 200 - Czas: 42.62ms
[2025-12-20 13:23:14] [INFO] REQ: POST /predict - Status: 200 - Czas: 79.41ms
[2025-12-20 13:23:14] [INFO] REQ: POST /predict - Status: 200 - Czas: 79.90ms
[2025-12-20 13:23:14] [INFO] REQ: POST /predict - Status: 200 - Czas: 80.03ms
[2025-12-20 13:23:14] [INFO] REQ: POST /predict - Status: 200 - Czas: 21.48ms
[2025-12-20 13:23:14] [INFO] REQ: POST /predict - Status: 200 - Czas: 42.68ms
[2025-12-20 13:23:14] [INFO] REQ: POST /predict - Status: 200 - Czas: 44.72ms
[2025-12-20 13:23:14] [INFO] REQ: POST /predict - Status: 200 - Czas: 73.52ms
[2025-12-20 13:23:14] [INFO] REQ: POST /predict - Status: 200 - Czas: 72.31ms
[2025-12-20 13:23:14] [INFO] REQ: POST /predict - Status: 200 - Czas: 53.48ms
[2025-12-20 13:23:14] [INFO] REQ: POST /predict - Status: 200 - Czas: 17.14ms
[2025-12-20 13:23:14] [INFO] REQ: POST /predict - Status: 200 - Czas: 47.19ms
[2025-12-20 13:23:14] [INFO] REQ: POST /predict - Status: 200 - Czas: 46.90ms
[2025-12-20 13:23:14] [INFO] REQ: POST /predict - Status: 200 - Czas: 49.12ms
[2025-12-20 13:23:14] [INFO] REQ: POST /predict - Status: 200 - Czas: 30.68ms
[2025-12-20 13:23:14] [INFO] REQ: POST /predict - Status: 200 - Czas: 18.16ms
[2025-12-20 13:23:14] [INFO] REQ: POST /predict - Status: 200 - Czas: 35.74ms
[2025-12-20 13:23:14] [INFO] REQ: POST /predict - Status: 200 - Czas: 52.00ms
[2025-12-20 13:23:14] [INFO] REQ: POST /predict - Status: 200 - Czas: 73.26ms
[2025-12-20 13:23:14] [INFO] REQ: POST /predict - Status: 200 - Czas: 55.42ms
[2025-12-20 13:23:14] [INFO] REQ: POST /predict - Status: 200 - Czas: 62.14ms
[2025-12-20 13:23:15] [INFO] REQ: POST /predict - Status: 200 - Czas: 52.37ms
[2025-12-20 13:23:15] [INFO] REQ: POST /predict - Status: 200 - Czas: 43.21ms
[2025-12-20 13:23:15] [INFO] REQ: POST /predict - Status: 200 - Czas: 34.67ms
[2025-12-20 13:23:15] [INFO] REQ: POST /predict - Status: 200 - Czas: 43.38ms
[2025-12-20 13:23:15] [INFO] REQ: POST /predict - Status: 200 - Czas: 42.02ms
[2025-12-20 13:23:15] [INFO] REQ: POST /predict - Status: 200 - Czas: 49.56ms
[2025-12-20 13:23:15] [INFO] REQ: POST /predict - Status: 200 - Czas: 35.39ms
[2025-12-20 13:23:15] [INFO] REQ: POST /predict - Status: 200 - Czas: 30.15ms
[2025-12-20 13:23:15] [INFO] REQ: POST /predict - Status: 200 - Czas: 34.55ms
[2025-12-20 13:23:15] [INFO] REQ: POST /predict - Status: 200 - Czas: 49.84ms
[2025-12-20 13:23:15] [INFO] REQ: POST /predict - Status: 200 - Czas: 50.25ms
[2025-12-20 13:23:15] [INFO] REQ: POST /predict - Status: 200 - Czas: 49.82ms
[2025-12-20 13:23:15] [INFO] REQ: POST /predict - Status: 200 - Czas: 29.57ms
[2025-12-20 13:23:15] [INFO] REQ: POST /predict - Status: 200 - Czas: 23.51ms
[2025-12-20 13:23:15] [INFO] REQ: POST /predict - Status: 200 - Czas: 24.13ms
[2025-12-20 13:23:15] [INFO] REQ: POST /predict - Status: 200 - Czas: 65.16ms
[2025-12-20 13:23:15] [INFO] REQ: POST /predict - Status: 200 - Czas: 62.17ms
[2025-12-20 13:23:15] [INFO] REQ: POST /predict - Status: 200 - Czas: 62.72ms
[2025-12-20 13:23:15] [INFO] REQ: POST /predict - Status: 200 - Czas: 85.11ms
[2025-12-20 13:23:15] [INFO] REQ: POST /predict - Status: 200 - Czas: 13.74ms
[2025-12-20 13:23:15] [INFO] REQ: POST /predict - Status: 200 - Czas: 23.55ms
[2025-12-20 13:23:15] [INFO] REQ: POST /predict - Status: 200 - Czas: 43.99ms
[2025-12-20 13:23:15] [INFO] REQ: POST /predict - Status: 200 - Czas: 66.95ms
[2025-12-20 13:23:15] [INFO] REQ: POST /predict - Status: 200 - Czas: 87.52ms
[2025-12-20 13:23:15] [INFO] REQ: POST /predict - Status: 200 - Czas: 87.06ms
[2025-12-20 13:23:15] [INFO] REQ: POST /predict - Status: 200 - Czas: 21.51ms
[2025-12-20 13:23:15] [INFO] REQ: POST /predict - Status: 200 - Czas: 38.30ms
[2025-12-20 13:23:15] [INFO] REQ: POST /predict - Status: 200 - Czas: 68.56ms
[2025-12-20 13:23:15] [INFO] REQ: POST /predict - Status: 200 - Czas: 51.79ms
[2025-12-20 13:23:15] [INFO] REQ: POST /predict - Status: 200 - Czas: 51.98ms
[2025-12-20 13:23:15] [INFO] REQ: POST /predict - Status: 200 - Czas: 15.05ms
[2025-12-20 13:23:15] [INFO] REQ: POST /predict - Status: 200 - Czas: 19.45ms
[2025-12-20 13:23:15] [INFO] REQ: POST /predict - Status: 200 - Czas: 27.32ms
[2025-12-20 13:23:15] [INFO] REQ: POST /predict - Status: 200 - Czas: 48.01ms
[2025-12-20 13:23:15] [INFO] REQ: POST /predict - Status: 200 - Czas: 83.04ms
[2025-12-20 13:23:15] [INFO] REQ: POST /predict - Status: 200 - Czas: 83.21ms
[2025-12-20 13:23:15] [INFO] REQ: POST /predict - Status: 200 - Czas: 65.41ms
[2025-12-20 13:23:15] [INFO] REQ: POST /predict - Status: 200 - Czas: 24.89ms
[2025-12-20 13:23:15] [INFO] REQ: POST /predict - Status: 200 - Czas: 67.00ms
[2025-12-20 13:23:15] [INFO] REQ: POST /predict - Status: 200 - Czas: 68.80ms
[2025-12-20 13:23:15] [INFO] REQ: POST /predict - Status: 200 - Czas: 67.67ms
[2025-12-20 13:23:15] [INFO] REQ: POST /predict - Status: 200 - Czas: 71.24ms
[2025-12-20 13:23:15] [INFO] REQ: POST /predict - Status: 200 - Czas: 26.91ms
[2025-12-20 13:23:15] [INFO] REQ: POST /predict - Status: 200 - Czas: 21.01ms
[2025-12-20 13:23:15] [INFO] REQ: POST /predict - Status: 200 - Czas: 81.38ms
[2025-12-20 13:23:15] [INFO] REQ: POST /predict - Status: 200 - Czas: 81.55ms
[2025-12-20 13:23:15] [INFO] REQ: POST /predict - Status: 200 - Czas: 81.68ms
[2025-12-20 13:23:15] [INFO] REQ: POST /predict - Status: 200 - Czas: 16.63ms
[2025-12-20 13:23:15] [INFO] REQ: POST /predict - Status: 200 - Czas: 28.11ms
[2025-12-20 13:23:15] [INFO] REQ: POST /predict - Status: 200 - Czas: 42.94ms
[2025-12-20 13:23:15] [INFO] REQ: POST /predict - Status: 200 - Czas: 59.90ms
[2025-12-20 13:23:16] [INFO] REQ: POST /predict - Status: 200 - Czas: 63.89ms
[2025-12-20 13:23:16] [INFO] REQ: POST /predict - Status: 200 - Czas: 64.78ms
[2025-12-20 13:23:16] [INFO] REQ: POST /predict - Status: 200 - Czas: 28.93ms
[2025-12-20 13:23:16] [INFO] REQ: POST /predict - Status: 200 - Czas: 27.23ms
[2025-12-20 13:23:16] [INFO] REQ: POST /predict - Status: 200 - Czas: 27.78ms
[2025-12-20 13:23:16] [INFO] REQ: POST /predict - Status: 200 - Czas: 54.23ms
[2025-12-20 13:23:16] [INFO] REQ: POST /predict - Status: 200 - Czas: 53.16ms
[2025-12-20 13:23:16] [INFO] REQ: POST /predict - Status: 200 - Czas: 43.35ms
[2025-12-20 13:23:16] [INFO] REQ: POST /predict - Status: 200 - Czas: 63.28ms
[2025-12-20 13:23:16] [INFO] REQ: POST /predict - Status: 200 - Czas: 32.56ms
[2025-12-20 13:23:16] [INFO] REQ: POST /predict - Status: 200 - Czas: 77.31ms
[2025-12-20 13:23:16] [INFO] REQ: POST /predict - Status: 200 - Czas: 79.45ms
[2025-12-20 13:23:16] [INFO] REQ: POST /predict - Status: 200 - Czas: 68.40ms
[2025-12-20 13:23:16] [INFO] REQ: POST /predict - Status: 200 - Czas: 70.38ms
[2025-12-20 13:23:16] [INFO] REQ: POST /predict - Status: 200 - Czas: 21.70ms
[2025-12-20 13:23:16] [INFO] REQ: POST /predict - Status: 200 - Czas: 67.48ms
[2025-12-20 13:23:16] [INFO] REQ: POST /predict - Status: 200 - Czas: 93.27ms
[2025-12-20 13:23:16] [INFO] REQ: POST /predict - Status: 200 - Czas: 58.20ms
[2025-12-20 13:23:16] [INFO] REQ: POST /predict - Status: 200 - Czas: 73.84ms
[2025-12-20 13:23:16] [INFO] REQ: POST /predict - Status: 200 - Czas: 74.67ms
[2025-12-20 13:23:16] [INFO] REQ: POST /predict - Status: 200 - Czas: 33.10ms
[2025-12-20 13:23:16] [INFO] REQ: POST /predict - Status: 200 - Czas: 33.93ms
[2025-12-20 13:23:16] [INFO] REQ: POST /predict - Status: 200 - Czas: 23.17ms
[2025-12-20 13:23:16] [INFO] REQ: POST /predict - Status: 200 - Czas: 56.86ms
[2025-12-20 13:23:16] [INFO] REQ: POST /predict - Status: 200 - Czas: 57.81ms
[2025-12-20 13:23:16] [INFO] REQ: POST /predict - Status: 200 - Czas: 26.10ms
[2025-12-20 13:23:16] [INFO] REQ: POST /predict - Status: 200 - Czas: 43.47ms
[2025-12-20 13:23:16] [INFO] REQ: POST /predict - Status: 200 - Czas: 66.11ms
[2025-12-20 13:23:16] [INFO] REQ: POST /predict - Status: 200 - Czas: 66.30ms
[2025-12-20 13:23:16] [INFO] REQ: POST /predict - Status: 200 - Czas: 67.58ms
[2025-12-20 13:23:16] [INFO] REQ: POST /predict - Status: 200 - Czas: 18.15ms
[2025-12-20 13:23:16] [INFO] REQ: POST /predict - Status: 200 - Czas: 31.08ms
[2025-12-20 13:23:16] [INFO] REQ: POST /predict - Status: 200 - Czas: 29.73ms
[2025-12-20 13:23:16] [INFO] REQ: POST /predict - Status: 200 - Czas: 43.87ms
[2025-12-20 13:23:16] [INFO] REQ: POST /predict - Status: 200 - Czas: 50.92ms
[2025-12-20 13:23:16] [INFO] REQ: POST /predict - Status: 200 - Czas: 53.43ms
[2025-12-20 13:23:16] [INFO] REQ: POST /predict - Status: 200 - Czas: 24.83ms
[2025-12-20 13:23:16] [INFO] REQ: POST /predict - Status: 200 - Czas: 47.28ms
[2025-12-20 13:23:16] [INFO] REQ: POST /predict - Status: 200 - Czas: 46.94ms
[2025-12-20 13:23:16] [INFO] REQ: POST /predict - Status: 200 - Czas: 77.33ms
[2025-12-20 13:23:16] [INFO] REQ: POST /predict - Status: 200 - Czas: 77.67ms
[2025-12-20 13:23:16] [INFO] REQ: POST /predict - Status: 200 - Czas: 54.35ms
[2025-12-20 13:23:16] [INFO] REQ: POST /predict - Status: 200 - Czas: 67.35ms
[2025-12-20 13:23:16] [INFO] REQ: POST /predict - Status: 200 - Czas: 70.96ms
[2025-12-20 13:23:16] [INFO] REQ: POST /predict - Status: 200 - Czas: 71.65ms
[2025-12-20 13:23:16] [INFO] REQ: POST /predict - Status: 200 - Czas: 71.90ms
[2025-12-20 13:23:16] [INFO] REQ: POST /predict - Status: 200 - Czas: 22.75ms
[2025-12-20 13:23:16] [INFO] REQ: POST /predict - Status: 200 - Czas: 35.23ms
[2025-12-20 13:23:16] [INFO] REQ: POST /predict - Status: 200 - Czas: 70.96ms
[2025-12-20 13:23:16] [INFO] REQ: POST /predict - Status: 200 - Czas: 72.45ms
[2025-12-20 13:23:16] [INFO] REQ: POST /predict - Status: 200 - Czas: 73.03ms
[2025-12-20 13:23:16] [INFO] REQ: POST /predict - Status: 200 - Czas: 19.69ms
[2025-12-20 13:23:17] [INFO] REQ: POST /predict - Status: 200 - Czas: 41.18ms
[2025-12-20 13:23:17] [INFO] REQ: POST /predict - Status: 200 - Czas: 40.88ms
[2025-12-20 13:23:17] [INFO] REQ: POST /predict - Status: 200 - Czas: 51.14ms
[2025-12-20 13:23:17] [INFO] REQ: POST /predict - Status: 200 - Czas: 51.38ms
[2025-12-20 13:23:17] [INFO] REQ: POST /predict - Status: 200 - Czas: 48.83ms
[2025-12-20 13:23:17] [INFO] REQ: POST /predict - Status: 200 - Czas: 41.55ms
[2025-12-20 13:23:17] [INFO] REQ: POST /predict - Status: 200 - Czas: 23.16ms
[2025-12-20 13:23:17] [INFO] REQ: POST /predict - Status: 200 - Czas: 43.96ms
[2025-12-20 13:23:17] [INFO] REQ: POST /predict - Status: 200 - Czas: 44.13ms
[2025-12-20 13:23:17] [INFO] REQ: POST /predict - Status: 200 - Czas: 48.55ms
[2025-12-20 13:23:17] [INFO] REQ: POST /predict - Status: 200 - Czas: 49.95ms
[2025-12-20 13:23:17] [INFO] REQ: POST /predict - Status: 200 - Czas: 25.25ms
[2025-12-20 13:23:17] [INFO] REQ: POST /predict - Status: 200 - Czas: 30.14ms
[2025-12-20 13:23:17] [INFO] REQ: POST /predict - Status: 200 - Czas: 30.45ms
[2025-12-20 13:23:17] [INFO] REQ: POST /predict - Status: 200 - Czas: 56.71ms
[2025-12-20 13:23:17] [INFO] REQ: POST /predict - Status: 200 - Czas: 56.87ms
[2025-12-20 13:23:17] [INFO] REQ: POST /predict - Status: 200 - Czas: 40.72ms
[2025-12-20 13:23:17] [INFO] REQ: POST /predict - Status: 200 - Czas: 23.23ms
[2025-12-20 13:23:17] [INFO] REQ: POST /predict - Status: 200 - Czas: 50.72ms
[2025-12-20 13:23:17] [INFO] REQ: POST /predict - Status: 200 - Czas: 47.41ms
[2025-12-20 13:23:17] [INFO] REQ: POST /predict - Status: 200 - Czas: 58.24ms
[2025-12-20 13:23:17] [INFO] REQ: POST /predict - Status: 200 - Czas: 58.05ms
[2025-12-20 13:23:17] [INFO] REQ: POST /predict - Status: 200 - Czas: 31.67ms
[2025-12-20 13:23:17] [INFO] REQ: POST /predict - Status: 200 - Czas: 42.05ms
[2025-12-20 13:23:17] [INFO] REQ: POST /predict - Status: 200 - Czas: 40.94ms
[2025-12-20 13:23:17] [INFO] REQ: POST /predict - Status: 200 - Czas: 41.32ms
[2025-12-20 13:23:17] [INFO] REQ: POST /predict - Status: 200 - Czas: 14.61ms
[2025-12-20 13:23:17] [INFO] REQ: POST /predict - Status: 200 - Czas: 19.88ms
[2025-12-20 13:23:17] [INFO] REQ: POST /predict - Status: 200 - Czas: 43.82ms
[2025-12-20 13:23:17] [INFO] REQ: POST /predict - Status: 200 - Czas: 42.96ms
[2025-12-20 13:23:17] [INFO] REQ: POST /predict - Status: 200 - Czas: 54.11ms
[2025-12-20 13:23:17] [INFO] REQ: POST /predict - Status: 200 - Czas: 53.76ms
[2025-12-20 13:23:17] [INFO] REQ: POST /predict - Status: 200 - Czas: 14.76ms
