[2025-12-20 13:16:12] [INFO] [Ray] Initializing service... Loading models...
[2025-12-20 13:16:12] [INFO] ML model and tokenizer loaded successfully.
[2025-12-20 13:16:12] [INFO] [Ray] Models loaded successfully.
[2025-12-20 13:19:31] [INFO] REQ: POST /predict - Status: 200 - Czas: 42.78ms
[2025-12-20 13:19:31] [INFO] REQ: POST /predict - Status: 200 - Czas: 45.41ms
[2025-12-20 13:19:31] [INFO] REQ: POST /predict - Status: 200 - Czas: 43.02ms
[2025-12-20 13:19:31] [INFO] REQ: POST /predict - Status: 200 - Czas: 41.01ms
[2025-12-20 13:19:31] [INFO] REQ: POST /predict - Status: 200 - Czas: 46.58ms
[2025-12-20 13:19:31] [INFO] REQ: POST /predict - Status: 200 - Czas: 10.95ms
[2025-12-20 13:19:31] [INFO] REQ: POST /predict - Status: 200 - Czas: 11.45ms
[2025-12-20 13:19:31] [INFO] REQ: POST /predict - Status: 200 - Czas: 18.43ms
[2025-12-20 13:19:31] [INFO] REQ: POST /predict - Status: 200 - Czas: 15.20ms
[2025-12-20 13:19:31] [INFO] REQ: POST /predict - Status: 200 - Czas: 12.10ms
[2025-12-20 13:19:31] [INFO] REQ: POST /predict - Status: 200 - Czas: 9.97ms
[2025-12-20 13:19:31] [INFO] REQ: POST /predict - Status: 200 - Czas: 23.15ms
[2025-12-20 13:19:31] [INFO] REQ: POST /predict - Status: 200 - Czas: 20.79ms
[2025-12-20 13:19:31] [INFO] REQ: POST /predict - Status: 200 - Czas: 18.76ms
[2025-12-20 13:19:31] [INFO] REQ: POST /predict - Status: 200 - Czas: 15.35ms
[2025-12-20 13:19:31] [INFO] REQ: POST /predict - Status: 200 - Czas: 25.89ms
[2025-12-20 13:19:31] [INFO] REQ: POST /predict - Status: 200 - Czas: 24.57ms
[2025-12-20 13:19:31] [INFO] REQ: POST /predict - Status: 200 - Czas: 37.24ms
[2025-12-20 13:19:31] [INFO] REQ: POST /predict - Status: 200 - Czas: 31.60ms
[2025-12-20 13:19:31] [INFO] REQ: POST /predict - Status: 200 - Czas: 30.02ms
[2025-12-20 13:19:31] [INFO] REQ: POST /predict - Status: 200 - Czas: 7.46ms
[2025-12-20 13:19:31] [INFO] REQ: POST /predict - Status: 200 - Czas: 8.56ms
[2025-12-20 13:19:31] [INFO] REQ: POST /predict - Status: 200 - Czas: 11.59ms
[2025-12-20 13:19:31] [INFO] REQ: POST /predict - Status: 200 - Czas: 15.95ms
[2025-12-20 13:19:31] [INFO] REQ: POST /predict - Status: 200 - Czas: 31.79ms
[2025-12-20 13:19:31] [INFO] REQ: POST /predict - Status: 200 - Czas: 34.60ms
[2025-12-20 13:19:31] [INFO] REQ: POST /predict - Status: 200 - Czas: 31.56ms
[2025-12-20 13:19:31] [INFO] REQ: POST /predict - Status: 200 - Czas: 26.40ms
[2025-12-20 13:19:32] [INFO] REQ: POST /predict - Status: 200 - Czas: 11.12ms
[2025-12-20 13:19:32] [INFO] REQ: POST /predict - Status: 200 - Czas: 15.70ms
[2025-12-20 13:19:32] [INFO] REQ: POST /predict - Status: 200 - Czas: 17.54ms
[2025-12-20 13:19:32] [INFO] REQ: POST /predict - Status: 200 - Czas: 26.19ms
[2025-12-20 13:19:32] [INFO] REQ: POST /predict - Status: 200 - Czas: 27.22ms
[2025-12-20 13:19:32] [INFO] REQ: POST /predict - Status: 200 - Czas: 23.73ms
[2025-12-20 13:19:32] [INFO] REQ: POST /predict - Status: 200 - Czas: 28.52ms
[2025-12-20 13:19:32] [INFO] REQ: POST /predict - Status: 200 - Czas: 31.39ms
[2025-12-20 13:19:32] [INFO] REQ: POST /predict - Status: 200 - Czas: 17.14ms
[2025-12-20 13:19:32] [INFO] REQ: POST /predict - Status: 200 - Czas: 19.49ms
[2025-12-20 13:19:32] [INFO] REQ: POST /predict - Status: 200 - Czas: 16.25ms
[2025-12-20 13:19:32] [INFO] REQ: POST /predict - Status: 200 - Czas: 19.55ms
[2025-12-20 13:19:32] [INFO] REQ: POST /predict - Status: 200 - Czas: 16.24ms
[2025-12-20 13:19:32] [INFO] REQ: POST /predict - Status: 200 - Czas: 18.67ms
[2025-12-20 13:19:32] [INFO] REQ: POST /predict - Status: 200 - Czas: 24.82ms
[2025-12-20 13:19:32] [INFO] REQ: POST /predict - Status: 200 - Czas: 15.87ms
[2025-12-20 13:19:32] [INFO] REQ: POST /predict - Status: 200 - Czas: 11.71ms
[2025-12-20 13:19:32] [INFO] REQ: POST /predict - Status: 200 - Czas: 14.29ms
[2025-12-20 13:19:32] [INFO] REQ: POST /predict - Status: 200 - Czas: 20.33ms
[2025-12-20 13:19:32] [INFO] REQ: POST /predict - Status: 200 - Czas: 22.62ms
[2025-12-20 13:19:32] [INFO] REQ: POST /predict - Status: 200 - Czas: 20.11ms
[2025-12-20 13:19:32] [INFO] REQ: POST /predict - Status: 200 - Czas: 5.26ms
[2025-12-20 13:19:32] [INFO] REQ: POST /predict - Status: 200 - Czas: 5.16ms
[2025-12-20 13:19:32] [INFO] REQ: POST /predict - Status: 200 - Czas: 7.75ms
[2025-12-20 13:19:32] [INFO] REQ: POST /predict - Status: 200 - Czas: 9.69ms
[2025-12-20 13:19:32] [INFO] REQ: POST /predict - Status: 200 - Czas: 16.84ms
[2025-12-20 13:19:32] [INFO] REQ: POST /predict - Status: 200 - Czas: 18.77ms
[2025-12-20 13:19:32] [INFO] REQ: POST /predict - Status: 200 - Czas: 15.41ms
[2025-12-20 13:19:32] [INFO] REQ: POST /predict - Status: 200 - Czas: 3.42ms
[2025-12-20 13:19:32] [INFO] REQ: POST /predict - Status: 200 - Czas: 12.77ms
[2025-12-20 13:19:32] [INFO] REQ: POST /predict - Status: 200 - Czas: 17.25ms
[2025-12-20 13:19:32] [INFO] REQ: POST /predict - Status: 200 - Czas: 15.76ms
[2025-12-20 13:19:32] [INFO] REQ: POST /predict - Status: 200 - Czas: 15.69ms
[2025-12-20 13:19:32] [INFO] REQ: POST /predict - Status: 200 - Czas: 15.10ms
[2025-12-20 13:19:32] [INFO] REQ: POST /predict - Status: 200 - Czas: 14.01ms
[2025-12-20 13:19:32] [INFO] REQ: POST /predict - Status: 200 - Czas: 11.37ms
[2025-12-20 13:19:32] [INFO] REQ: POST /predict - Status: 200 - Czas: 16.33ms
[2025-12-20 13:19:32] [INFO] REQ: POST /predict - Status: 200 - Czas: 18.71ms
[2025-12-20 13:19:32] [INFO] REQ: POST /predict - Status: 200 - Czas: 17.78ms
[2025-12-20 13:19:32] [INFO] REQ: POST /predict - Status: 200 - Czas: 13.84ms
[2025-12-20 13:19:32] [INFO] REQ: POST /predict - Status: 200 - Czas: 18.63ms
[2025-12-20 13:19:32] [INFO] REQ: POST /predict - Status: 200 - Czas: 22.73ms
[2025-12-20 13:19:32] [INFO] REQ: POST /predict - Status: 200 - Czas: 25.40ms
[2025-12-20 13:19:32] [INFO] REQ: POST /predict - Status: 200 - Czas: 24.98ms
[2025-12-20 13:19:32] [INFO] REQ: POST /predict - Status: 200 - Czas: 6.28ms
[2025-12-20 13:19:32] [INFO] REQ: POST /predict - Status: 200 - Czas: 8.99ms
[2025-12-20 13:19:32] [INFO] REQ: POST /predict - Status: 200 - Czas: 7.80ms
[2025-12-20 13:19:32] [INFO] REQ: POST /predict - Status: 200 - Czas: 10.98ms
[2025-12-20 13:19:32] [INFO] REQ: POST /predict - Status: 200 - Czas: 14.58ms
[2025-12-20 13:19:32] [INFO] REQ: POST /predict - Status: 200 - Czas: 15.87ms
[2025-12-20 13:19:32] [INFO] REQ: POST /predict - Status: 200 - Czas: 6.45ms
[2025-12-20 13:19:32] [INFO] REQ: POST /predict - Status: 200 - Czas: 10.54ms
[2025-12-20 13:19:32] [INFO] REQ: POST /predict - Status: 200 - Czas: 12.95ms
[2025-12-20 13:19:32] [INFO] REQ: POST /predict - Status: 200 - Czas: 13.76ms
[2025-12-20 13:19:32] [INFO] REQ: POST /predict - Status: 200 - Czas: 12.30ms
[2025-12-20 13:19:32] [INFO] REQ: POST /predict - Status: 200 - Czas: 13.22ms
[2025-12-20 13:19:32] [INFO] REQ: POST /predict - Status: 200 - Czas: 13.97ms
[2025-12-20 13:19:32] [INFO] REQ: POST /predict - Status: 200 - Czas: 18.53ms
[2025-12-20 13:19:32] [INFO] REQ: POST /predict - Status: 200 - Czas: 25.05ms
[2025-12-20 13:19:32] [INFO] REQ: POST /predict - Status: 200 - Czas: 27.64ms
[2025-12-20 13:19:32] [INFO] REQ: POST /predict - Status: 200 - Czas: 27.32ms
[2025-12-20 13:19:32] [INFO] REQ: POST /predict - Status: 200 - Czas: 5.44ms
[2025-12-20 13:19:32] [INFO] REQ: POST /predict - Status: 200 - Czas: 6.71ms
[2025-12-20 13:19:32] [INFO] REQ: POST /predict - Status: 200 - Czas: 16.04ms
[2025-12-20 13:19:32] [INFO] REQ: POST /predict - Status: 200 - Czas: 18.28ms
[2025-12-20 13:19:32] [INFO] REQ: POST /predict - Status: 200 - Czas: 17.42ms
[2025-12-20 13:19:32] [INFO] REQ: POST /predict - Status: 200 - Czas: 15.19ms
[2025-12-20 13:19:32] [INFO] REQ: POST /predict - Status: 200 - Czas: 5.44ms
[2025-12-20 13:19:32] [INFO] REQ: POST /predict - Status: 200 - Czas: 6.46ms
[2025-12-20 13:19:32] [INFO] REQ: POST /predict - Status: 200 - Czas: 8.73ms
[2025-12-20 13:19:32] [INFO] REQ: POST /predict - Status: 200 - Czas: 8.03ms
[2025-12-20 13:19:32] [INFO] REQ: POST /predict - Status: 200 - Czas: 11.29ms
[2025-12-20 13:19:32] [INFO] REQ: POST /predict - Status: 200 - Czas: 10.60ms
[2025-12-20 13:19:32] [INFO] REQ: POST /predict - Status: 200 - Czas: 13.66ms
[2025-12-20 13:19:32] [INFO] REQ: POST /predict - Status: 200 - Czas: 10.75ms
[2025-12-20 13:19:32] [INFO] REQ: POST /predict - Status: 200 - Czas: 7.97ms
[2025-12-20 13:19:32] [INFO] REQ: POST /predict - Status: 200 - Czas: 8.38ms
[2025-12-20 13:19:32] [INFO] REQ: POST /predict - Status: 200 - Czas: 15.61ms
[2025-12-20 13:19:32] [INFO] REQ: POST /predict - Status: 200 - Czas: 19.19ms
[2025-12-20 13:19:32] [INFO] REQ: POST /predict - Status: 200 - Czas: 14.27ms
[2025-12-20 13:19:32] [INFO] REQ: POST /predict - Status: 200 - Czas: 13.61ms
[2025-12-20 13:19:32] [INFO] REQ: POST /predict - Status: 200 - Czas: 20.01ms
[2025-12-20 13:19:32] [INFO] REQ: POST /predict - Status: 200 - Czas: 23.90ms
[2025-12-20 13:19:32] [INFO] REQ: POST /predict - Status: 200 - Czas: 25.70ms
[2025-12-20 13:19:32] [INFO] REQ: POST /predict - Status: 200 - Czas: 22.50ms
[2025-12-20 13:19:32] [INFO] REQ: POST /predict - Status: 200 - Czas: 5.87ms
[2025-12-20 13:19:32] [INFO] REQ: POST /predict - Status: 200 - Czas: 8.36ms
[2025-12-20 13:19:32] [INFO] REQ: POST /predict - Status: 200 - Czas: 23.73ms
[2025-12-20 13:19:32] [INFO] REQ: POST /predict - Status: 200 - Czas: 23.25ms
[2025-12-20 13:19:32] [INFO] REQ: POST /predict - Status: 200 - Czas: 11.67ms
[2025-12-20 13:19:32] [INFO] REQ: POST /predict - Status: 200 - Czas: 11.73ms
[2025-12-20 13:19:32] [INFO] REQ: POST /predict - Status: 200 - Czas: 7.25ms
[2025-12-20 13:19:32] [INFO] REQ: POST /predict - Status: 200 - Czas: 7.15ms
[2025-12-20 13:19:32] [INFO] REQ: POST /predict - Status: 200 - Czas: 11.37ms
[2025-12-20 13:19:32] [INFO] REQ: POST /predict - Status: 200 - Czas: 15.21ms
[2025-12-20 13:19:32] [INFO] REQ: POST /predict - Status: 200 - Czas: 15.36ms
[2025-12-20 13:19:32] [INFO] REQ: POST /predict - Status: 200 - Czas: 15.29ms
[2025-12-20 13:19:32] [INFO] REQ: POST /predict - Status: 200 - Czas: 14.90ms
[2025-12-20 13:19:32] [INFO] REQ: POST /predict - Status: 200 - Czas: 13.58ms
[2025-12-20 13:19:32] [INFO] REQ: POST /predict - Status: 200 - Czas: 16.13ms
[2025-12-20 13:19:32] [INFO] REQ: POST /predict - Status: 200 - Czas: 16.50ms
[2025-12-20 13:19:32] [INFO] REQ: POST /predict - Status: 200 - Czas: 22.58ms
[2025-12-20 13:19:32] [INFO] REQ: POST /predict - Status: 200 - Czas: 23.14ms
[2025-12-20 13:19:32] [INFO] REQ: POST /predict - Status: 200 - Czas: 22.10ms
[2025-12-20 13:19:32] [INFO] REQ: POST /predict - Status: 200 - Czas: 26.71ms
[2025-12-20 13:19:32] [INFO] REQ: POST /predict - Status: 200 - Czas: 28.71ms
[2025-12-20 13:19:32] [INFO] REQ: POST /predict - Status: 200 - Czas: 29.57ms
[2025-12-20 13:19:32] [INFO] REQ: POST /predict - Status: 200 - Czas: 31.24ms
[2025-12-20 13:19:32] [INFO] REQ: POST /predict - Status: 200 - Czas: 28.43ms
[2025-12-20 13:19:32] [INFO] REQ: POST /predict - Status: 200 - Czas: 15.42ms
[2025-12-20 13:19:32] [INFO] REQ: POST /predict - Status: 200 - Czas: 19.68ms
[2025-12-20 13:19:32] [INFO] REQ: POST /predict - Status: 200 - Czas: 22.02ms
[2025-12-20 13:19:32] [INFO] REQ: POST /predict - Status: 200 - Czas: 26.14ms
[2025-12-20 13:19:32] [INFO] REQ: POST /predict - Status: 200 - Czas: 21.49ms
[2025-12-20 13:19:32] [INFO] REQ: POST /predict - Status: 200 - Czas: 7.68ms
[2025-12-20 13:19:32] [INFO] REQ: POST /predict - Status: 200 - Czas: 8.03ms
[2025-12-20 13:19:32] [INFO] REQ: POST /predict - Status: 200 - Czas: 10.71ms
[2025-12-20 13:19:32] [INFO] REQ: POST /predict - Status: 200 - Czas: 10.92ms
[2025-12-20 13:19:32] [INFO] REQ: POST /predict - Status: 200 - Czas: 11.29ms
[2025-12-20 13:19:32] [INFO] REQ: POST /predict - Status: 200 - Czas: 11.34ms
[2025-12-20 13:19:32] [INFO] REQ: POST /predict - Status: 200 - Czas: 10.02ms
[2025-12-20 13:19:32] [INFO] REQ: POST /predict - Status: 200 - Czas: 14.09ms
[2025-12-20 13:19:32] [INFO] REQ: POST /predict - Status: 200 - Czas: 18.11ms
[2025-12-20 13:19:32] [INFO] REQ: POST /predict - Status: 200 - Czas: 11.99ms
[2025-12-20 13:19:32] [INFO] REQ: POST /predict - Status: 200 - Czas: 3.08ms
[2025-12-20 13:19:32] [INFO] REQ: POST /predict - Status: 200 - Czas: 7.83ms
[2025-12-20 13:19:32] [INFO] REQ: POST /predict - Status: 200 - Czas: 11.24ms
[2025-12-20 13:19:32] [INFO] REQ: POST /predict - Status: 200 - Czas: 14.67ms
[2025-12-20 13:19:32] [INFO] REQ: POST /predict - Status: 200 - Czas: 20.15ms
[2025-12-20 13:19:32] [INFO] REQ: POST /predict - Status: 200 - Czas: 18.51ms
[2025-12-20 13:19:32] [INFO] REQ: POST /predict - Status: 200 - Czas: 4.91ms
[2025-12-20 13:19:32] [INFO] REQ: POST /predict - Status: 200 - Czas: 11.42ms
[2025-12-20 13:19:32] [INFO] REQ: POST /predict - Status: 200 - Czas: 13.18ms
[2025-12-20 13:19:32] [INFO] REQ: POST /predict - Status: 200 - Czas: 15.27ms
[2025-12-20 13:19:32] [INFO] REQ: POST /predict - Status: 200 - Czas: 18.12ms
[2025-12-20 13:19:32] [INFO] REQ: POST /predict - Status: 200 - Czas: 16.11ms
[2025-12-20 13:19:33] [INFO] REQ: POST /predict - Status: 200 - Czas: 14.59ms
[2025-12-20 13:19:33] [INFO] REQ: POST /predict - Status: 200 - Czas: 23.97ms
[2025-12-20 13:19:33] [INFO] REQ: POST /predict - Status: 200 - Czas: 22.11ms
[2025-12-20 13:19:33] [INFO] REQ: POST /predict - Status: 200 - Czas: 18.91ms
[2025-12-20 13:19:33] [INFO] REQ: POST /predict - Status: 200 - Czas: 22.11ms
[2025-12-20 13:19:33] [INFO] REQ: POST /predict - Status: 200 - Czas: 13.50ms
[2025-12-20 13:19:33] [INFO] REQ: POST /predict - Status: 200 - Czas: 15.04ms
[2025-12-20 13:19:33] [INFO] REQ: POST /predict - Status: 200 - Czas: 17.47ms
[2025-12-20 13:19:33] [INFO] REQ: POST /predict - Status: 200 - Czas: 20.13ms
[2025-12-20 13:19:33] [INFO] REQ: POST /predict - Status: 200 - Czas: 21.11ms
[2025-12-20 13:19:33] [INFO] REQ: POST /predict - Status: 200 - Czas: 10.80ms
[2025-12-20 13:19:33] [INFO] REQ: POST /predict - Status: 200 - Czas: 11.16ms
[2025-12-20 13:19:33] [INFO] REQ: POST /predict - Status: 200 - Czas: 13.81ms
[2025-12-20 13:19:33] [INFO] REQ: POST /predict - Status: 200 - Czas: 14.47ms
[2025-12-20 13:19:33] [INFO] REQ: POST /predict - Status: 200 - Czas: 9.30ms
[2025-12-20 13:19:33] [INFO] REQ: POST /predict - Status: 200 - Czas: 7.29ms
[2025-12-20 13:19:33] [INFO] REQ: POST /predict - Status: 200 - Czas: 9.60ms
[2025-12-20 13:19:33] [INFO] REQ: POST /predict - Status: 200 - Czas: 12.64ms
[2025-12-20 13:19:33] [INFO] REQ: POST /predict - Status: 200 - Czas: 15.89ms
[2025-12-20 13:19:33] [INFO] REQ: POST /predict - Status: 200 - Czas: 10.35ms
[2025-12-20 13:19:33] [INFO] REQ: POST /predict - Status: 200 - Czas: 8.14ms
[2025-12-20 13:19:33] [INFO] REQ: POST /predict - Status: 200 - Czas: 6.86ms
[2025-12-20 13:19:33] [INFO] REQ: POST /predict - Status: 200 - Czas: 7.85ms
[2025-12-20 13:19:33] [INFO] REQ: POST /predict - Status: 200 - Czas: 7.88ms
[2025-12-20 13:19:33] [INFO] REQ: POST /predict - Status: 200 - Czas: 9.67ms
[2025-12-20 13:19:33] [INFO] REQ: POST /predict - Status: 200 - Czas: 13.02ms
[2025-12-20 13:19:33] [INFO] REQ: POST /predict - Status: 200 - Czas: 20.50ms
[2025-12-20 13:19:33] [INFO] REQ: POST /predict - Status: 200 - Czas: 22.33ms
[2025-12-20 13:19:33] [INFO] REQ: POST /predict - Status: 200 - Czas: 20.17ms
[2025-12-20 13:19:33] [INFO] REQ: POST /predict - Status: 200 - Czas: 17.76ms
[2025-12-20 13:19:33] [INFO] REQ: POST /predict - Status: 200 - Czas: 18.45ms
[2025-12-20 13:19:33] [INFO] REQ: POST /predict - Status: 200 - Czas: 11.31ms
[2025-12-20 13:19:33] [INFO] REQ: POST /predict - Status: 200 - Czas: 7.37ms
[2025-12-20 13:19:33] [INFO] REQ: POST /predict - Status: 200 - Czas: 9.74ms
[2025-12-20 13:19:33] [INFO] REQ: POST /predict - Status: 200 - Czas: 15.32ms
[2025-12-20 13:19:33] [INFO] REQ: POST /predict - Status: 200 - Czas: 17.68ms
[2025-12-20 13:19:33] [INFO] REQ: POST /predict - Status: 200 - Czas: 16.92ms
[2025-12-20 13:19:33] [INFO] REQ: POST /predict - Status: 200 - Czas: 17.03ms
[2025-12-20 13:19:33] [INFO] REQ: POST /predict - Status: 200 - Czas: 18.62ms
[2025-12-20 13:19:33] [INFO] REQ: POST /predict - Status: 200 - Czas: 12.82ms
[2025-12-20 13:19:33] [INFO] REQ: POST /predict - Status: 200 - Czas: 12.66ms
[2025-12-20 13:19:33] [INFO] REQ: POST /predict - Status: 200 - Czas: 20.26ms
[2025-12-20 13:19:33] [INFO] REQ: POST /predict - Status: 200 - Czas: 16.78ms
[2025-12-20 13:19:33] [INFO] REQ: POST /predict - Status: 200 - Czas: 16.78ms
[2025-12-20 13:19:33] [INFO] REQ: POST /predict - Status: 200 - Czas: 8.32ms
[2025-12-20 13:19:33] [INFO] REQ: POST /predict - Status: 200 - Czas: 10.35ms
[2025-12-20 13:19:33] [INFO] REQ: POST /predict - Status: 200 - Czas: 11.10ms
[2025-12-20 13:19:33] [INFO] REQ: POST /predict - Status: 200 - Czas: 11.30ms
[2025-12-20 13:19:33] [INFO] REQ: POST /predict - Status: 200 - Czas: 12.17ms
[2025-12-20 13:19:33] [INFO] REQ: POST /predict - Status: 200 - Czas: 9.97ms
[2025-12-20 13:19:33] [INFO] REQ: POST /predict - Status: 200 - Czas: 16.34ms
[2025-12-20 13:19:33] [INFO] REQ: POST /predict - Status: 200 - Czas: 13.70ms
[2025-12-20 13:19:33] [INFO] REQ: POST /predict - Status: 200 - Czas: 16.10ms
[2025-12-20 13:19:33] [INFO] REQ: POST /predict - Status: 200 - Czas: 15.37ms
[2025-12-20 13:19:33] [INFO] REQ: POST /predict - Status: 200 - Czas: 9.66ms
[2025-12-20 13:19:33] [INFO] REQ: POST /predict - Status: 200 - Czas: 17.83ms
[2025-12-20 13:19:33] [INFO] REQ: POST /predict - Status: 200 - Czas: 21.48ms
[2025-12-20 13:19:33] [INFO] REQ: POST /predict - Status: 200 - Czas: 19.58ms
[2025-12-20 13:19:33] [INFO] REQ: POST /predict - Status: 200 - Czas: 20.94ms
[2025-12-20 13:19:33] [INFO] REQ: POST /predict - Status: 200 - Czas: 10.10ms
[2025-12-20 13:19:33] [INFO] REQ: POST /predict - Status: 200 - Czas: 9.23ms
[2025-12-20 13:19:33] [INFO] REQ: POST /predict - Status: 200 - Czas: 12.97ms
[2025-12-20 13:19:33] [INFO] REQ: POST /predict - Status: 200 - Czas: 18.10ms
[2025-12-20 13:19:33] [INFO] REQ: POST /predict - Status: 200 - Czas: 15.43ms
[2025-12-20 13:19:33] [INFO] REQ: POST /predict - Status: 200 - Czas: 13.98ms
[2025-12-20 13:19:33] [INFO] REQ: POST /predict - Status: 200 - Czas: 13.70ms
[2025-12-20 13:19:33] [INFO] REQ: POST /predict - Status: 200 - Czas: 18.32ms
[2025-12-20 13:19:33] [INFO] REQ: POST /predict - Status: 200 - Czas: 15.22ms
[2025-12-20 13:19:33] [INFO] REQ: POST /predict - Status: 200 - Czas: 17.58ms
[2025-12-20 13:19:33] [INFO] REQ: POST /predict - Status: 200 - Czas: 12.98ms
[2025-12-20 13:19:33] [INFO] REQ: POST /predict - Status: 200 - Czas: 17.07ms
[2025-12-20 13:19:33] [INFO] REQ: POST /predict - Status: 200 - Czas: 8.97ms
[2025-12-20 13:19:33] [INFO] REQ: POST /predict - Status: 200 - Czas: 11.64ms
[2025-12-20 13:19:33] [INFO] REQ: POST /predict - Status: 200 - Czas: 13.75ms
[2025-12-20 13:19:33] [INFO] REQ: POST /predict - Status: 200 - Czas: 16.35ms
[2025-12-20 13:19:33] [INFO] REQ: POST /predict - Status: 200 - Czas: 11.60ms
[2025-12-20 13:19:33] [INFO] REQ: POST /predict - Status: 200 - Czas: 7.63ms
[2025-12-20 13:19:33] [INFO] REQ: POST /predict - Status: 200 - Czas: 7.00ms
[2025-12-20 13:19:33] [INFO] REQ: POST /predict - Status: 200 - Czas: 5.32ms
[2025-12-20 13:19:33] [INFO] REQ: POST /predict - Status: 200 - Czas: 6.13ms
[2025-12-20 13:19:33] [INFO] REQ: POST /predict - Status: 200 - Czas: 9.29ms
[2025-12-20 13:19:33] [INFO] REQ: POST /predict - Status: 200 - Czas: 7.49ms
[2025-12-20 13:19:33] [INFO] REQ: POST /predict - Status: 200 - Czas: 5.38ms
[2025-12-20 13:19:33] [INFO] REQ: POST /predict - Status: 200 - Czas: 13.15ms
[2025-12-20 13:19:33] [INFO] REQ: POST /predict - Status: 200 - Czas: 15.71ms
[2025-12-20 13:19:33] [INFO] REQ: POST /predict - Status: 200 - Czas: 13.85ms
[2025-12-20 13:19:33] [INFO] REQ: POST /predict - Status: 200 - Czas: 13.24ms
[2025-12-20 13:19:33] [INFO] REQ: POST /predict - Status: 200 - Czas: 15.66ms
[2025-12-20 13:19:33] [INFO] REQ: POST /predict - Status: 200 - Czas: 6.80ms
[2025-12-20 13:19:33] [INFO] REQ: POST /predict - Status: 200 - Czas: 8.70ms
[2025-12-20 13:19:33] [INFO] REQ: POST /predict - Status: 200 - Czas: 12.59ms
[2025-12-20 13:19:33] [INFO] REQ: POST /predict - Status: 200 - Czas: 20.15ms
[2025-12-20 13:19:33] [INFO] REQ: POST /predict - Status: 200 - Czas: 21.23ms
[2025-12-20 13:19:33] [INFO] REQ: POST /predict - Status: 200 - Czas: 20.67ms
[2025-12-20 13:19:33] [INFO] REQ: POST /predict - Status: 200 - Czas: 26.62ms
[2025-12-20 13:19:33] [INFO] REQ: POST /predict - Status: 200 - Czas: 21.19ms
[2025-12-20 13:19:33] [INFO] REQ: POST /predict - Status: 200 - Czas: 16.78ms
[2025-12-20 13:19:33] [INFO] REQ: POST /predict - Status: 200 - Czas: 4.01ms
[2025-12-20 13:19:33] [INFO] REQ: POST /predict - Status: 200 - Czas: 10.24ms
[2025-12-20 13:19:33] [INFO] REQ: POST /predict - Status: 200 - Czas: 17.86ms
[2025-12-20 13:19:33] [INFO] REQ: POST /predict - Status: 200 - Czas: 20.89ms
[2025-12-20 13:19:33] [INFO] REQ: POST /predict - Status: 200 - Czas: 19.03ms
[2025-12-20 13:19:33] [INFO] REQ: POST /predict - Status: 200 - Czas: 21.84ms
[2025-12-20 13:19:33] [INFO] REQ: POST /predict - Status: 200 - Czas: 6.50ms
[2025-12-20 13:19:33] [INFO] REQ: POST /predict - Status: 200 - Czas: 11.53ms
[2025-12-20 13:19:33] [INFO] REQ: POST /predict - Status: 200 - Czas: 19.40ms
[2025-12-20 13:19:33] [INFO] REQ: POST /predict - Status: 200 - Czas: 20.29ms
[2025-12-20 13:19:33] [INFO] REQ: POST /predict - Status: 200 - Czas: 16.35ms
[2025-12-20 13:19:33] [INFO] REQ: POST /predict - Status: 200 - Czas: 16.82ms
[2025-12-20 13:19:33] [INFO] REQ: POST /predict - Status: 200 - Czas: 12.77ms
[2025-12-20 13:19:33] [INFO] REQ: POST /predict - Status: 200 - Czas: 12.59ms
[2025-12-20 13:19:33] [INFO] REQ: POST /predict - Status: 200 - Czas: 20.36ms
[2025-12-20 13:19:33] [INFO] REQ: POST /predict - Status: 200 - Czas: 19.16ms
[2025-12-20 13:19:33] [INFO] REQ: POST /predict - Status: 200 - Czas: 16.46ms
[2025-12-20 13:19:33] [INFO] REQ: POST /predict - Status: 200 - Czas: 5.68ms
[2025-12-20 13:19:33] [INFO] REQ: POST /predict - Status: 200 - Czas: 15.82ms
[2025-12-20 13:19:33] [INFO] REQ: POST /predict - Status: 200 - Czas: 18.31ms
[2025-12-20 13:19:33] [INFO] REQ: POST /predict - Status: 200 - Czas: 18.36ms
[2025-12-20 13:19:33] [INFO] REQ: POST /predict - Status: 200 - Czas: 19.79ms
[2025-12-20 13:19:33] [INFO] REQ: POST /predict - Status: 200 - Czas: 24.91ms
[2025-12-20 13:19:33] [INFO] REQ: POST /predict - Status: 200 - Czas: 15.89ms
[2025-12-20 13:19:33] [INFO] REQ: POST /predict - Status: 200 - Czas: 14.02ms
[2025-12-20 13:19:33] [INFO] REQ: POST /predict - Status: 200 - Czas: 12.16ms
[2025-12-20 13:19:33] [INFO] REQ: POST /predict - Status: 200 - Czas: 17.62ms
[2025-12-20 13:19:33] [INFO] REQ: POST /predict - Status: 200 - Czas: 20.98ms
[2025-12-20 13:19:33] [INFO] REQ: POST /predict - Status: 200 - Czas: 15.48ms
[2025-12-20 13:19:33] [INFO] REQ: POST /predict - Status: 200 - Czas: 8.94ms
[2025-12-20 13:19:33] [INFO] REQ: POST /predict - Status: 200 - Czas: 8.84ms
[2025-12-20 13:19:33] [INFO] REQ: POST /predict - Status: 200 - Czas: 12.85ms
[2025-12-20 13:19:33] [INFO] REQ: POST /predict - Status: 200 - Czas: 12.08ms
[2025-12-20 13:19:33] [INFO] REQ: POST /predict - Status: 200 - Czas: 16.12ms
[2025-12-20 13:19:33] [INFO] REQ: POST /predict - Status: 200 - Czas: 14.52ms
[2025-12-20 13:19:33] [INFO] REQ: POST /predict - Status: 200 - Czas: 12.00ms
[2025-12-20 13:19:33] [INFO] REQ: POST /predict - Status: 200 - Czas: 16.28ms
[2025-12-20 13:19:33] [INFO] REQ: POST /predict - Status: 200 - Czas: 15.40ms
[2025-12-20 13:19:33] [INFO] REQ: POST /predict - Status: 200 - Czas: 14.75ms
[2025-12-20 13:19:33] [INFO] REQ: POST /predict - Status: 200 - Czas: 15.04ms
[2025-12-20 13:19:33] [INFO] REQ: POST /predict - Status: 200 - Czas: 5.20ms
[2025-12-20 13:19:33] [INFO] REQ: POST /predict - Status: 200 - Czas: 7.54ms
[2025-12-20 13:19:33] [INFO] REQ: POST /predict - Status: 200 - Czas: 11.81ms
[2025-12-20 13:19:33] [INFO] REQ: POST /predict - Status: 200 - Czas: 12.91ms
[2025-12-20 13:19:33] [INFO] REQ: POST /predict - Status: 200 - Czas: 12.13ms
[2025-12-20 13:19:33] [INFO] REQ: POST /predict - Status: 200 - Czas: 19.30ms
[2025-12-20 13:19:33] [INFO] REQ: POST /predict - Status: 200 - Czas: 16.63ms
[2025-12-20 13:19:33] [INFO] REQ: POST /predict - Status: 200 - Czas: 16.74ms
[2025-12-20 13:19:33] [INFO] REQ: POST /predict - Status: 200 - Czas: 19.19ms
[2025-12-20 13:19:33] [INFO] REQ: POST /predict - Status: 200 - Czas: 16.63ms
[2025-12-20 13:19:34] [INFO] REQ: POST /predict - Status: 200 - Czas: 17.87ms
[2025-12-20 13:19:34] [INFO] REQ: POST /predict - Status: 200 - Czas: 18.26ms
[2025-12-20 13:19:34] [INFO] REQ: POST /predict - Status: 200 - Czas: 20.88ms
[2025-12-20 13:19:34] [INFO] REQ: POST /predict - Status: 200 - Czas: 25.65ms
[2025-12-20 13:19:34] [INFO] REQ: POST /predict - Status: 200 - Czas: 23.76ms
[2025-12-20 13:19:34] [INFO] REQ: POST /predict - Status: 200 - Czas: 5.95ms
[2025-12-20 13:19:34] [INFO] REQ: POST /predict - Status: 200 - Czas: 9.34ms
[2025-12-20 13:19:34] [INFO] REQ: POST /predict - Status: 200 - Czas: 19.06ms
[2025-12-20 13:19:34] [INFO] REQ: POST /predict - Status: 200 - Czas: 19.47ms
[2025-12-20 13:19:34] [INFO] REQ: POST /predict - Status: 200 - Czas: 16.11ms
[2025-12-20 13:19:34] [INFO] REQ: POST /predict - Status: 200 - Czas: 5.70ms
[2025-12-20 13:19:34] [INFO] REQ: POST /predict - Status: 200 - Czas: 20.54ms
[2025-12-20 13:19:34] [INFO] REQ: POST /predict - Status: 200 - Czas: 29.59ms
[2025-12-20 13:19:34] [INFO] REQ: POST /predict - Status: 200 - Czas: 31.18ms
[2025-12-20 13:19:34] [INFO] REQ: POST /predict - Status: 200 - Czas: 26.93ms
[2025-12-20 13:19:34] [INFO] REQ: POST /predict - Status: 200 - Czas: 26.98ms
[2025-12-20 13:19:34] [INFO] REQ: POST /predict - Status: 200 - Czas: 19.57ms
[2025-12-20 13:19:34] [INFO] REQ: POST /predict - Status: 200 - Czas: 22.03ms
[2025-12-20 13:19:34] [INFO] REQ: POST /predict - Status: 200 - Czas: 22.51ms
[2025-12-20 13:19:34] [INFO] REQ: POST /predict - Status: 200 - Czas: 20.88ms
[2025-12-20 13:19:34] [INFO] REQ: POST /predict - Status: 200 - Czas: 22.31ms
[2025-12-20 13:19:34] [INFO] REQ: POST /predict - Status: 200 - Czas: 88.79ms
[2025-12-20 13:19:34] [INFO] REQ: POST /predict - Status: 200 - Czas: 88.86ms
[2025-12-20 13:19:34] [INFO] REQ: POST /predict - Status: 200 - Czas: 85.44ms
[2025-12-20 13:19:34] [INFO] REQ: POST /predict - Status: 200 - Czas: 84.99ms
[2025-12-20 13:19:34] [INFO] REQ: POST /predict - Status: 200 - Czas: 12.88ms
[2025-12-20 13:19:34] [INFO] REQ: POST /predict - Status: 200 - Czas: 12.23ms
[2025-12-20 13:19:34] [INFO] REQ: POST /predict - Status: 200 - Czas: 20.86ms
[2025-12-20 13:19:34] [INFO] REQ: POST /predict - Status: 200 - Czas: 20.25ms
[2025-12-20 13:19:34] [INFO] REQ: POST /predict - Status: 200 - Czas: 17.43ms
[2025-12-20 13:19:34] [INFO] REQ: POST /predict - Status: 200 - Czas: 15.04ms
[2025-12-20 13:19:34] [INFO] REQ: POST /predict - Status: 200 - Czas: 5.77ms
[2025-12-20 13:19:34] [INFO] REQ: POST /predict - Status: 200 - Czas: 13.24ms
[2025-12-20 13:19:34] [INFO] REQ: POST /predict - Status: 200 - Czas: 15.83ms
[2025-12-20 13:19:34] [INFO] REQ: POST /predict - Status: 200 - Czas: 19.91ms
[2025-12-20 13:19:34] [INFO] REQ: POST /predict - Status: 200 - Czas: 22.57ms
[2025-12-20 13:19:34] [INFO] REQ: POST /predict - Status: 200 - Czas: 22.78ms
[2025-12-20 13:19:34] [INFO] REQ: POST /predict - Status: 200 - Czas: 12.20ms
[2025-12-20 13:19:34] [INFO] REQ: POST /predict - Status: 200 - Czas: 19.06ms
[2025-12-20 13:19:34] [INFO] REQ: POST /predict - Status: 200 - Czas: 19.24ms
[2025-12-20 13:19:34] [INFO] REQ: POST /predict - Status: 200 - Czas: 22.42ms
[2025-12-20 13:19:34] [INFO] REQ: POST /predict - Status: 200 - Czas: 20.86ms
[2025-12-20 13:19:34] [INFO] REQ: POST /predict - Status: 200 - Czas: 7.48ms
[2025-12-20 13:19:34] [INFO] REQ: POST /predict - Status: 200 - Czas: 11.94ms
[2025-12-20 13:19:34] [INFO] REQ: POST /predict - Status: 200 - Czas: 16.82ms
[2025-12-20 13:19:34] [INFO] REQ: POST /predict - Status: 200 - Czas: 16.45ms
[2025-12-20 13:19:34] [INFO] REQ: POST /predict - Status: 200 - Czas: 12.51ms
[2025-12-20 13:19:34] [INFO] REQ: POST /predict - Status: 200 - Czas: 15.89ms
[2025-12-20 13:19:34] [INFO] REQ: POST /predict - Status: 200 - Czas: 9.23ms
[2025-12-20 13:19:34] [INFO] REQ: POST /predict - Status: 200 - Czas: 14.56ms
[2025-12-20 13:19:34] [INFO] REQ: POST /predict - Status: 200 - Czas: 16.64ms
[2025-12-20 13:19:34] [INFO] REQ: POST /predict - Status: 200 - Czas: 18.66ms
[2025-12-20 13:19:34] [INFO] REQ: POST /predict - Status: 200 - Czas: 18.10ms
[2025-12-20 13:19:34] [INFO] REQ: POST /predict - Status: 200 - Czas: 7.74ms
[2025-12-20 13:19:34] [INFO] REQ: POST /predict - Status: 200 - Czas: 17.66ms
[2025-12-20 13:19:34] [INFO] REQ: POST /predict - Status: 200 - Czas: 16.15ms
[2025-12-20 13:19:34] [INFO] REQ: POST /predict - Status: 200 - Czas: 15.42ms
[2025-12-20 13:19:34] [INFO] REQ: POST /predict - Status: 200 - Czas: 16.67ms
[2025-12-20 13:19:34] [INFO] REQ: POST /predict - Status: 200 - Czas: 15.98ms
[2025-12-20 13:19:34] [INFO] REQ: POST /predict - Status: 200 - Czas: 9.64ms
[2025-12-20 13:19:34] [INFO] REQ: POST /predict - Status: 200 - Czas: 15.94ms
[2025-12-20 13:19:34] [INFO] REQ: POST /predict - Status: 200 - Czas: 18.57ms
[2025-12-20 13:19:34] [INFO] REQ: POST /predict - Status: 200 - Czas: 13.67ms
[2025-12-20 13:19:34] [INFO] REQ: POST /predict - Status: 200 - Czas: 14.94ms
[2025-12-20 13:19:34] [INFO] REQ: POST /predict - Status: 200 - Czas: 8.07ms
[2025-12-20 13:19:34] [INFO] REQ: POST /predict - Status: 200 - Czas: 12.66ms
[2025-12-20 13:19:34] [INFO] REQ: POST /predict - Status: 200 - Czas: 9.47ms
[2025-12-20 13:19:34] [INFO] REQ: POST /predict - Status: 200 - Czas: 10.37ms
[2025-12-20 13:19:34] [INFO] REQ: POST /predict - Status: 200 - Czas: 13.19ms
[2025-12-20 13:19:34] [INFO] REQ: POST /predict - Status: 200 - Czas: 10.51ms
[2025-12-20 13:19:34] [INFO] REQ: POST /predict - Status: 200 - Czas: 14.24ms
[2025-12-20 13:19:34] [INFO] REQ: POST /predict - Status: 200 - Czas: 12.90ms
[2025-12-20 13:19:34] [INFO] REQ: POST /predict - Status: 200 - Czas: 10.65ms
[2025-12-20 13:19:34] [INFO] REQ: POST /predict - Status: 200 - Czas: 9.98ms
[2025-12-20 13:19:34] [INFO] REQ: POST /predict - Status: 200 - Czas: 21.06ms
[2025-12-20 13:19:34] [INFO] REQ: POST /predict - Status: 200 - Czas: 27.22ms
[2025-12-20 13:19:34] [INFO] REQ: POST /predict - Status: 200 - Czas: 27.60ms
[2025-12-20 13:19:34] [INFO] REQ: POST /predict - Status: 200 - Czas: 29.08ms
[2025-12-20 13:19:34] [INFO] REQ: POST /predict - Status: 200 - Czas: 29.01ms
[2025-12-20 13:19:34] [INFO] REQ: POST /predict - Status: 200 - Czas: 20.51ms
[2025-12-20 13:19:34] [INFO] REQ: POST /predict - Status: 200 - Czas: 26.49ms
[2025-12-20 13:19:34] [INFO] REQ: POST /predict - Status: 200 - Czas: 23.09ms
[2025-12-20 13:19:34] [INFO] REQ: POST /predict - Status: 200 - Czas: 28.03ms
[2025-12-20 13:19:34] [INFO] REQ: POST /predict - Status: 200 - Czas: 25.89ms
[2025-12-20 13:19:34] [INFO] REQ: POST /predict - Status: 200 - Czas: 11.06ms
[2025-12-20 13:19:34] [INFO] REQ: POST /predict - Status: 200 - Czas: 13.04ms
[2025-12-20 13:19:34] [INFO] REQ: POST /predict - Status: 200 - Czas: 13.46ms
[2025-12-20 13:19:34] [INFO] REQ: POST /predict - Status: 200 - Czas: 13.24ms
[2025-12-20 13:19:34] [INFO] REQ: POST /predict - Status: 200 - Czas: 8.54ms
[2025-12-20 13:19:34] [INFO] REQ: POST /predict - Status: 200 - Czas: 20.93ms
[2025-12-20 13:19:34] [INFO] REQ: POST /predict - Status: 200 - Czas: 23.52ms
[2025-12-20 13:19:34] [INFO] REQ: POST /predict - Status: 200 - Czas: 23.09ms
[2025-12-20 13:19:34] [INFO] REQ: POST /predict - Status: 200 - Czas: 24.04ms
[2025-12-20 13:19:34] [INFO] REQ: POST /predict - Status: 200 - Czas: 17.53ms
[2025-12-20 13:19:34] [INFO] REQ: POST /predict - Status: 200 - Czas: 3.69ms
[2025-12-20 13:19:34] [INFO] REQ: POST /predict - Status: 200 - Czas: 6.22ms
[2025-12-20 13:19:34] [INFO] REQ: POST /predict - Status: 200 - Czas: 15.88ms
[2025-12-20 13:19:34] [INFO] REQ: POST /predict - Status: 200 - Czas: 12.54ms
[2025-12-20 13:19:34] [INFO] REQ: POST /predict - Status: 200 - Czas: 15.57ms
[2025-12-20 13:19:34] [INFO] REQ: POST /predict - Status: 200 - Czas: 19.59ms
[2025-12-20 13:19:34] [INFO] REQ: POST /predict - Status: 200 - Czas: 14.48ms
[2025-12-20 13:19:34] [INFO] REQ: POST /predict - Status: 200 - Czas: 8.80ms
[2025-12-20 13:19:34] [INFO] REQ: POST /predict - Status: 200 - Czas: 14.79ms
[2025-12-20 13:19:34] [INFO] REQ: POST /predict - Status: 200 - Czas: 13.47ms
[2025-12-20 13:19:34] [INFO] REQ: POST /predict - Status: 200 - Czas: 13.24ms
[2025-12-20 13:19:34] [INFO] REQ: POST /predict - Status: 200 - Czas: 12.92ms
[2025-12-20 13:19:34] [INFO] REQ: POST /predict - Status: 200 - Czas: 11.77ms
[2025-12-20 13:19:34] [INFO] REQ: POST /predict - Status: 200 - Czas: 8.96ms
[2025-12-20 13:19:34] [INFO] REQ: POST /predict - Status: 200 - Czas: 13.49ms
[2025-12-20 13:19:34] [INFO] REQ: POST /predict - Status: 200 - Czas: 13.47ms
[2025-12-20 13:19:34] [INFO] REQ: POST /predict - Status: 200 - Czas: 13.94ms
[2025-12-20 13:19:34] [INFO] REQ: POST /predict - Status: 200 - Czas: 18.22ms
[2025-12-20 13:19:34] [INFO] REQ: POST /predict - Status: 200 - Czas: 22.96ms
[2025-12-20 13:19:34] [INFO] REQ: POST /predict - Status: 200 - Czas: 21.40ms
[2025-12-20 13:19:34] [INFO] REQ: POST /predict - Status: 200 - Czas: 25.05ms
[2025-12-20 13:19:34] [INFO] REQ: POST /predict - Status: 200 - Czas: 23.31ms
[2025-12-20 13:19:34] [INFO] REQ: POST /predict - Status: 200 - Czas: 9.81ms
[2025-12-20 13:19:34] [INFO] REQ: POST /predict - Status: 200 - Czas: 11.05ms
[2025-12-20 13:19:34] [INFO] REQ: POST /predict - Status: 200 - Czas: 16.41ms
[2025-12-20 13:19:34] [INFO] REQ: POST /predict - Status: 200 - Czas: 13.84ms
[2025-12-20 13:19:34] [INFO] REQ: POST /predict - Status: 200 - Czas: 13.08ms
[2025-12-20 13:19:34] [INFO] REQ: POST /predict - Status: 200 - Czas: 9.89ms
[2025-12-20 13:19:34] [INFO] REQ: POST /predict - Status: 200 - Czas: 6.89ms
[2025-12-20 13:19:34] [INFO] REQ: POST /predict - Status: 200 - Czas: 5.37ms
[2025-12-20 13:19:34] [INFO] REQ: POST /predict - Status: 200 - Czas: 9.01ms
[2025-12-20 13:19:34] [INFO] REQ: POST /predict - Status: 200 - Czas: 8.25ms
[2025-12-20 13:19:35] [INFO] REQ: POST /predict - Status: 200 - Czas: 11.30ms
[2025-12-20 13:19:35] [INFO] REQ: POST /predict - Status: 200 - Czas: 10.33ms
[2025-12-20 13:19:35] [INFO] REQ: POST /predict - Status: 200 - Czas: 13.70ms
[2025-12-20 13:19:35] [INFO] REQ: POST /predict - Status: 200 - Czas: 16.93ms
[2025-12-20 13:19:35] [INFO] REQ: POST /predict - Status: 200 - Czas: 10.84ms
[2025-12-20 13:19:35] [INFO] REQ: POST /predict - Status: 200 - Czas: 7.31ms
[2025-12-20 13:19:35] [INFO] REQ: POST /predict - Status: 200 - Czas: 13.96ms
[2025-12-20 13:19:35] [INFO] REQ: POST /predict - Status: 200 - Czas: 17.58ms
[2025-12-20 13:19:35] [INFO] REQ: POST /predict - Status: 200 - Czas: 17.34ms
[2025-12-20 13:19:35] [INFO] REQ: POST /predict - Status: 200 - Czas: 17.45ms
[2025-12-20 13:19:35] [INFO] REQ: POST /predict - Status: 200 - Czas: 13.83ms
[2025-12-20 13:19:35] [INFO] REQ: POST /predict - Status: 200 - Czas: 18.97ms
[2025-12-20 13:19:35] [INFO] REQ: POST /predict - Status: 200 - Czas: 26.05ms
[2025-12-20 13:19:35] [INFO] REQ: POST /predict - Status: 200 - Czas: 20.20ms
[2025-12-20 13:19:35] [INFO] REQ: POST /predict - Status: 200 - Czas: 24.61ms
[2025-12-20 13:19:35] [INFO] REQ: POST /predict - Status: 200 - Czas: 18.61ms
[2025-12-20 13:19:35] [INFO] REQ: POST /predict - Status: 200 - Czas: 16.34ms
[2025-12-20 13:19:35] [INFO] REQ: POST /predict - Status: 200 - Czas: 14.97ms
[2025-12-20 13:19:35] [INFO] REQ: POST /predict - Status: 200 - Czas: 13.35ms
[2025-12-20 13:19:35] [INFO] REQ: POST /predict - Status: 200 - Czas: 12.88ms
[2025-12-20 13:19:35] [INFO] REQ: POST /predict - Status: 200 - Czas: 11.56ms
[2025-12-20 13:19:35] [INFO] REQ: POST /predict - Status: 200 - Czas: 14.90ms
[2025-12-20 13:19:35] [INFO] REQ: POST /predict - Status: 200 - Czas: 16.75ms
[2025-12-20 13:19:35] [INFO] REQ: POST /predict - Status: 200 - Czas: 20.49ms
[2025-12-20 13:19:35] [INFO] REQ: POST /predict - Status: 200 - Czas: 21.46ms
[2025-12-20 13:19:35] [INFO] REQ: POST /predict - Status: 200 - Czas: 10.60ms
[2025-12-20 13:19:35] [INFO] REQ: POST /predict - Status: 200 - Czas: 25.27ms
[2025-12-20 13:19:35] [INFO] REQ: POST /predict - Status: 200 - Czas: 22.93ms
[2025-12-20 13:19:35] [INFO] REQ: POST /predict - Status: 200 - Czas: 30.65ms
[2025-12-20 13:19:35] [INFO] REQ: POST /predict - Status: 200 - Czas: 29.15ms
[2025-12-20 13:19:35] [INFO] REQ: POST /predict - Status: 200 - Czas: 4.35ms
[2025-12-20 13:19:35] [INFO] REQ: POST /predict - Status: 200 - Czas: 13.63ms
[2025-12-20 13:19:35] [INFO] REQ: POST /predict - Status: 200 - Czas: 18.08ms
[2025-12-20 13:19:35] [INFO] REQ: POST /predict - Status: 200 - Czas: 17.78ms
[2025-12-20 13:19:35] [INFO] REQ: POST /predict - Status: 200 - Czas: 16.27ms
[2025-12-20 13:19:35] [INFO] REQ: POST /predict - Status: 200 - Czas: 14.78ms
[2025-12-20 13:19:35] [INFO] REQ: POST /predict - Status: 200 - Czas: 13.56ms
[2025-12-20 13:19:35] [INFO] REQ: POST /predict - Status: 200 - Czas: 18.83ms
[2025-12-20 13:19:35] [INFO] REQ: POST /predict - Status: 200 - Czas: 23.17ms
[2025-12-20 13:19:35] [INFO] REQ: POST /predict - Status: 200 - Czas: 22.58ms
[2025-12-20 13:19:35] [INFO] REQ: POST /predict - Status: 200 - Czas: 23.03ms
[2025-12-20 13:19:35] [INFO] REQ: POST /predict - Status: 200 - Czas: 10.45ms
[2025-12-20 13:19:35] [INFO] REQ: POST /predict - Status: 200 - Czas: 17.07ms
[2025-12-20 13:19:35] [INFO] REQ: POST /predict - Status: 200 - Czas: 21.34ms
[2025-12-20 13:19:35] [INFO] REQ: POST /predict - Status: 200 - Czas: 24.28ms
[2025-12-20 13:19:35] [INFO] REQ: POST /predict - Status: 200 - Czas: 20.72ms
[2025-12-20 13:19:35] [INFO] REQ: POST /predict - Status: 200 - Czas: 17.72ms
[2025-12-20 13:19:35] [INFO] REQ: POST /predict - Status: 200 - Czas: 19.76ms
[2025-12-20 13:19:35] [INFO] REQ: POST /predict - Status: 200 - Czas: 14.74ms
[2025-12-20 13:19:35] [INFO] REQ: POST /predict - Status: 200 - Czas: 14.80ms
[2025-12-20 13:19:35] [INFO] REQ: POST /predict - Status: 200 - Czas: 12.98ms
[2025-12-20 13:19:35] [INFO] REQ: POST /predict - Status: 200 - Czas: 13.89ms
[2025-12-20 13:19:35] [INFO] REQ: POST /predict - Status: 200 - Czas: 13.58ms
[2025-12-20 13:19:35] [INFO] REQ: POST /predict - Status: 200 - Czas: 13.56ms
[2025-12-20 13:19:35] [INFO] REQ: POST /predict - Status: 200 - Czas: 12.68ms
[2025-12-20 13:19:35] [INFO] REQ: POST /predict - Status: 200 - Czas: 7.69ms
[2025-12-20 13:19:35] [INFO] REQ: POST /predict - Status: 200 - Czas: 14.65ms
[2025-12-20 13:19:35] [INFO] REQ: POST /predict - Status: 200 - Czas: 16.12ms
[2025-12-20 13:19:35] [INFO] REQ: POST /predict - Status: 200 - Czas: 12.97ms
[2025-12-20 13:19:35] [INFO] REQ: POST /predict - Status: 200 - Czas: 13.38ms
[2025-12-20 13:19:35] [INFO] REQ: POST /predict - Status: 200 - Czas: 9.22ms
[2025-12-20 13:19:35] [INFO] REQ: POST /predict - Status: 200 - Czas: 10.08ms
[2025-12-20 13:19:35] [INFO] REQ: POST /predict - Status: 200 - Czas: 9.69ms
[2025-12-20 13:19:35] [INFO] REQ: POST /predict - Status: 200 - Czas: 13.31ms
[2025-12-20 13:19:35] [INFO] REQ: POST /predict - Status: 200 - Czas: 15.52ms
[2025-12-20 13:19:35] [INFO] REQ: POST /predict - Status: 200 - Czas: 15.68ms
[2025-12-20 13:19:35] [INFO] REQ: POST /predict - Status: 200 - Czas: 10.10ms
[2025-12-20 13:19:35] [INFO] REQ: POST /predict - Status: 200 - Czas: 9.30ms
[2025-12-20 13:19:35] [INFO] REQ: POST /predict - Status: 200 - Czas: 10.17ms
[2025-12-20 13:19:35] [INFO] REQ: POST /predict - Status: 200 - Czas: 9.45ms
[2025-12-20 13:19:35] [INFO] REQ: POST /predict - Status: 200 - Czas: 10.57ms
[2025-12-20 13:19:35] [INFO] REQ: POST /predict - Status: 200 - Czas: 10.30ms
[2025-12-20 13:19:35] [INFO] REQ: POST /predict - Status: 200 - Czas: 15.21ms
[2025-12-20 13:19:35] [INFO] REQ: POST /predict - Status: 200 - Czas: 16.39ms
[2025-12-20 13:19:35] [INFO] REQ: POST /predict - Status: 200 - Czas: 14.34ms
[2025-12-20 13:19:35] [INFO] REQ: POST /predict - Status: 200 - Czas: 17.26ms
[2025-12-20 13:19:35] [INFO] REQ: POST /predict - Status: 200 - Czas: 20.29ms
[2025-12-20 13:19:35] [INFO] REQ: POST /predict - Status: 200 - Czas: 19.30ms
[2025-12-20 13:19:35] [INFO] REQ: POST /predict - Status: 200 - Czas: 17.46ms
[2025-12-20 13:19:35] [INFO] REQ: POST /predict - Status: 200 - Czas: 17.96ms
[2025-12-20 13:19:35] [INFO] REQ: POST /predict - Status: 200 - Czas: 18.07ms
[2025-12-20 13:19:35] [INFO] REQ: POST /predict - Status: 200 - Czas: 13.52ms
[2025-12-20 13:19:35] [INFO] REQ: POST /predict - Status: 200 - Czas: 18.01ms
[2025-12-20 13:19:35] [INFO] REQ: POST /predict - Status: 200 - Czas: 22.43ms
[2025-12-20 13:19:35] [INFO] REQ: POST /predict - Status: 200 - Czas: 19.73ms
[2025-12-20 13:19:35] [INFO] REQ: POST /predict - Status: 200 - Czas: 18.23ms
[2025-12-20 13:19:35] [INFO] REQ: POST /predict - Status: 200 - Czas: 6.78ms
[2025-12-20 13:19:35] [INFO] REQ: POST /predict - Status: 200 - Czas: 20.87ms
[2025-12-20 13:19:35] [INFO] REQ: POST /predict - Status: 200 - Czas: 23.25ms
[2025-12-20 13:19:35] [INFO] REQ: POST /predict - Status: 200 - Czas: 23.66ms
[2025-12-20 13:19:35] [INFO] REQ: POST /predict - Status: 200 - Czas: 21.44ms
[2025-12-20 13:19:35] [INFO] REQ: POST /predict - Status: 200 - Czas: 20.98ms
[2025-12-20 13:19:35] [INFO] REQ: POST /predict - Status: 200 - Czas: 21.17ms
[2025-12-20 13:19:35] [INFO] REQ: POST /predict - Status: 200 - Czas: 21.56ms
[2025-12-20 13:19:35] [INFO] REQ: POST /predict - Status: 200 - Czas: 24.61ms
[2025-12-20 13:19:35] [INFO] REQ: POST /predict - Status: 200 - Czas: 28.15ms
[2025-12-20 13:19:35] [INFO] REQ: POST /predict - Status: 200 - Czas: 24.86ms
[2025-12-20 13:19:35] [INFO] REQ: POST /predict - Status: 200 - Czas: 8.51ms
[2025-12-20 13:19:35] [INFO] REQ: POST /predict - Status: 200 - Czas: 9.70ms
[2025-12-20 13:19:35] [INFO] REQ: POST /predict - Status: 200 - Czas: 17.91ms
[2025-12-20 13:19:35] [INFO] REQ: POST /predict - Status: 200 - Czas: 17.47ms
[2025-12-20 13:19:35] [INFO] REQ: POST /predict - Status: 200 - Czas: 14.68ms
[2025-12-20 13:19:35] [INFO] REQ: POST /predict - Status: 200 - Czas: 9.52ms
[2025-12-20 13:19:35] [INFO] REQ: POST /predict - Status: 200 - Czas: 7.60ms
[2025-12-20 13:19:35] [INFO] REQ: POST /predict - Status: 200 - Czas: 7.33ms
[2025-12-20 13:19:35] [INFO] REQ: POST /predict - Status: 200 - Czas: 11.89ms
[2025-12-20 13:19:35] [INFO] REQ: POST /predict - Status: 200 - Czas: 12.04ms
[2025-12-20 13:19:35] [INFO] REQ: POST /predict - Status: 200 - Czas: 12.88ms
[2025-12-20 13:19:35] [INFO] REQ: POST /predict - Status: 200 - Czas: 14.13ms
[2025-12-20 13:19:35] [INFO] REQ: POST /predict - Status: 200 - Czas: 13.13ms
[2025-12-20 13:19:35] [INFO] REQ: POST /predict - Status: 200 - Czas: 5.89ms
[2025-12-20 13:19:35] [INFO] REQ: POST /predict - Status: 200 - Czas: 10.27ms
[2025-12-20 13:19:35] [INFO] REQ: POST /predict - Status: 200 - Czas: 13.91ms
[2025-12-20 13:19:35] [INFO] REQ: POST /predict - Status: 200 - Czas: 15.88ms
[2025-12-20 13:19:35] [INFO] REQ: POST /predict - Status: 200 - Czas: 15.68ms
[2025-12-20 13:19:35] [INFO] REQ: POST /predict - Status: 200 - Czas: 17.42ms
[2025-12-20 13:19:35] [INFO] REQ: POST /predict - Status: 200 - Czas: 9.65ms
[2025-12-20 13:19:35] [INFO] REQ: POST /predict - Status: 200 - Czas: 11.81ms
[2025-12-20 13:19:35] [INFO] REQ: POST /predict - Status: 200 - Czas: 12.62ms
[2025-12-20 13:19:35] [INFO] REQ: POST /predict - Status: 200 - Czas: 14.61ms
[2025-12-20 13:19:35] [INFO] REQ: POST /predict - Status: 200 - Czas: 14.25ms
[2025-12-20 13:19:35] [INFO] REQ: POST /predict - Status: 200 - Czas: 13.14ms
[2025-12-20 13:19:35] [INFO] REQ: POST /predict - Status: 200 - Czas: 5.66ms
[2025-12-20 13:19:35] [INFO] REQ: POST /predict - Status: 200 - Czas: 9.96ms
[2025-12-20 13:19:35] [INFO] REQ: POST /predict - Status: 200 - Czas: 7.60ms
[2025-12-20 13:19:35] [INFO] REQ: POST /predict - Status: 200 - Czas: 5.33ms
[2025-12-20 13:19:35] [INFO] REQ: POST /predict - Status: 200 - Czas: 11.09ms
[2025-12-20 13:19:35] [INFO] REQ: POST /predict - Status: 200 - Czas: 10.35ms
[2025-12-20 13:19:35] [INFO] REQ: POST /predict - Status: 200 - Czas: 9.93ms
[2025-12-20 13:19:35] [INFO] REQ: POST /predict - Status: 200 - Czas: 10.54ms
[2025-12-20 13:19:35] [INFO] REQ: POST /predict - Status: 200 - Czas: 11.12ms
[2025-12-20 13:19:35] [INFO] REQ: POST /predict - Status: 200 - Czas: 6.02ms
[2025-12-20 13:19:35] [INFO] REQ: POST /predict - Status: 200 - Czas: 14.18ms
[2025-12-20 13:19:35] [INFO] REQ: POST /predict - Status: 200 - Czas: 14.55ms
[2025-12-20 13:19:35] [INFO] REQ: POST /predict - Status: 200 - Czas: 20.30ms
[2025-12-20 13:19:35] [INFO] REQ: POST /predict - Status: 200 - Czas: 18.93ms
[2025-12-20 13:19:35] [INFO] REQ: POST /predict - Status: 200 - Czas: 19.04ms
[2025-12-20 13:19:36] [INFO] REQ: POST /predict - Status: 200 - Czas: 4.90ms
[2025-12-20 13:19:36] [INFO] REQ: POST /predict - Status: 200 - Czas: 8.45ms
[2025-12-20 13:19:36] [INFO] REQ: POST /predict - Status: 200 - Czas: 16.43ms
[2025-12-20 13:19:36] [INFO] REQ: POST /predict - Status: 200 - Czas: 24.83ms
[2025-12-20 13:19:36] [INFO] REQ: POST /predict - Status: 200 - Czas: 25.11ms
[2025-12-20 13:19:36] [INFO] REQ: POST /predict - Status: 200 - Czas: 22.46ms
[2025-12-20 13:19:36] [INFO] REQ: POST /predict - Status: 200 - Czas: 6.18ms
[2025-12-20 13:19:36] [INFO] REQ: POST /predict - Status: 200 - Czas: 8.92ms
[2025-12-20 13:19:36] [INFO] REQ: POST /predict - Status: 200 - Czas: 12.24ms
[2025-12-20 13:19:36] [INFO] REQ: POST /predict - Status: 200 - Czas: 17.86ms
[2025-12-20 13:19:36] [INFO] REQ: POST /predict - Status: 200 - Czas: 18.04ms
[2025-12-20 13:19:36] [INFO] REQ: POST /predict - Status: 200 - Czas: 18.17ms
[2025-12-20 13:19:36] [INFO] REQ: POST /predict - Status: 200 - Czas: 12.93ms
[2025-12-20 13:19:36] [INFO] REQ: POST /predict - Status: 200 - Czas: 10.57ms
[2025-12-20 13:19:36] [INFO] REQ: POST /predict - Status: 200 - Czas: 16.88ms
[2025-12-20 13:19:36] [INFO] REQ: POST /predict - Status: 200 - Czas: 20.25ms
[2025-12-20 13:19:36] [INFO] REQ: POST /predict - Status: 200 - Czas: 17.95ms
[2025-12-20 13:19:36] [INFO] REQ: POST /predict - Status: 200 - Czas: 13.52ms
[2025-12-20 13:19:36] [INFO] REQ: POST /predict - Status: 200 - Czas: 13.66ms
[2025-12-20 13:19:36] [INFO] REQ: POST /predict - Status: 200 - Czas: 7.83ms
[2025-12-20 13:19:36] [INFO] REQ: POST /predict - Status: 200 - Czas: 10.86ms
[2025-12-20 13:19:36] [INFO] REQ: POST /predict - Status: 200 - Czas: 11.90ms
[2025-12-20 13:19:36] [INFO] REQ: POST /predict - Status: 200 - Czas: 11.62ms
[2025-12-20 13:19:36] [INFO] REQ: POST /predict - Status: 200 - Czas: 14.78ms
[2025-12-20 13:19:36] [INFO] REQ: POST /predict - Status: 200 - Czas: 13.63ms
[2025-12-20 13:19:36] [INFO] REQ: POST /predict - Status: 200 - Czas: 14.96ms
[2025-12-20 13:19:36] [INFO] REQ: POST /predict - Status: 200 - Czas: 19.03ms
[2025-12-20 13:19:36] [INFO] REQ: POST /predict - Status: 200 - Czas: 15.28ms
[2025-12-20 13:19:36] [INFO] REQ: POST /predict - Status: 200 - Czas: 15.56ms
[2025-12-20 13:19:36] [INFO] REQ: POST /predict - Status: 200 - Czas: 10.82ms
[2025-12-20 13:19:36] [INFO] REQ: POST /predict - Status: 200 - Czas: 16.43ms
[2025-12-20 13:19:36] [INFO] REQ: POST /predict - Status: 200 - Czas: 18.57ms
[2025-12-20 13:19:36] [INFO] REQ: POST /predict - Status: 200 - Czas: 18.46ms
[2025-12-20 13:19:36] [INFO] REQ: POST /predict - Status: 200 - Czas: 18.59ms
[2025-12-20 13:19:36] [INFO] REQ: POST /predict - Status: 200 - Czas: 4.15ms
[2025-12-20 13:19:36] [INFO] REQ: POST /predict - Status: 200 - Czas: 11.44ms
[2025-12-20 13:19:36] [INFO] REQ: POST /predict - Status: 200 - Czas: 11.49ms
[2025-12-20 13:19:36] [INFO] REQ: POST /predict - Status: 200 - Czas: 18.04ms
[2025-12-20 13:19:36] [INFO] REQ: POST /predict - Status: 200 - Czas: 18.30ms
[2025-12-20 13:19:36] [INFO] REQ: POST /predict - Status: 200 - Czas: 18.16ms
[2025-12-20 13:19:36] [INFO] REQ: POST /predict - Status: 200 - Czas: 11.07ms
[2025-12-20 13:19:36] [INFO] REQ: POST /predict - Status: 200 - Czas: 12.01ms
[2025-12-20 13:19:36] [INFO] REQ: POST /predict - Status: 200 - Czas: 10.12ms
[2025-12-20 13:19:36] [INFO] REQ: POST /predict - Status: 200 - Czas: 15.95ms
[2025-12-20 13:19:36] [INFO] REQ: POST /predict - Status: 200 - Czas: 19.30ms
[2025-12-20 13:19:36] [INFO] REQ: POST /predict - Status: 200 - Czas: 14.54ms
[2025-12-20 13:19:36] [INFO] REQ: POST /predict - Status: 200 - Czas: 6.89ms
[2025-12-20 13:19:36] [INFO] REQ: POST /predict - Status: 200 - Czas: 8.08ms
[2025-12-20 13:19:36] [INFO] REQ: POST /predict - Status: 200 - Czas: 12.97ms
[2025-12-20 13:19:36] [INFO] REQ: POST /predict - Status: 200 - Czas: 13.72ms
[2025-12-20 13:19:36] [INFO] REQ: POST /predict - Status: 200 - Czas: 17.31ms
[2025-12-20 13:19:36] [INFO] REQ: POST /predict - Status: 200 - Czas: 13.04ms
[2025-12-20 13:19:36] [INFO] REQ: POST /predict - Status: 200 - Czas: 11.27ms
[2025-12-20 13:19:36] [INFO] REQ: POST /predict - Status: 200 - Czas: 13.89ms
[2025-12-20 13:19:36] [INFO] REQ: POST /predict - Status: 200 - Czas: 12.95ms
[2025-12-20 13:19:36] [INFO] REQ: POST /predict - Status: 200 - Czas: 18.11ms
[2025-12-20 13:19:36] [INFO] REQ: POST /predict - Status: 200 - Czas: 23.28ms
[2025-12-20 13:19:36] [INFO] REQ: POST /predict - Status: 200 - Czas: 8.89ms
[2025-12-20 13:19:36] [INFO] REQ: POST /predict - Status: 200 - Czas: 11.51ms
[2025-12-20 13:19:36] [INFO] REQ: POST /predict - Status: 200 - Czas: 9.08ms
[2025-12-20 13:19:36] [INFO] REQ: POST /predict - Status: 200 - Czas: 9.68ms
[2025-12-20 13:19:36] [INFO] REQ: POST /predict - Status: 200 - Czas: 6.05ms
[2025-12-20 13:19:36] [INFO] REQ: POST /predict - Status: 200 - Czas: 8.33ms
[2025-12-20 13:19:36] [INFO] REQ: POST /predict - Status: 200 - Czas: 7.87ms
[2025-12-20 13:19:36] [INFO] REQ: POST /predict - Status: 200 - Czas: 11.31ms
[2025-12-20 13:19:36] [INFO] REQ: POST /predict - Status: 200 - Czas: 17.76ms
[2025-12-20 13:19:36] [INFO] REQ: POST /predict - Status: 200 - Czas: 19.20ms
[2025-12-20 13:19:36] [INFO] REQ: POST /predict - Status: 200 - Czas: 16.22ms
[2025-12-20 13:19:36] [INFO] REQ: POST /predict - Status: 200 - Czas: 11.20ms
[2025-12-20 13:19:36] [INFO] REQ: POST /predict - Status: 200 - Czas: 8.92ms
[2025-12-20 13:19:36] [INFO] REQ: POST /predict - Status: 200 - Czas: 7.05ms
[2025-12-20 13:19:36] [INFO] REQ: POST /predict - Status: 200 - Czas: 11.79ms
[2025-12-20 13:19:36] [INFO] REQ: POST /predict - Status: 200 - Czas: 17.95ms
[2025-12-20 13:19:36] [INFO] REQ: POST /predict - Status: 200 - Czas: 15.92ms
[2025-12-20 13:19:36] [INFO] REQ: POST /predict - Status: 200 - Czas: 14.95ms
[2025-12-20 13:19:36] [INFO] REQ: POST /predict - Status: 200 - Czas: 17.23ms
[2025-12-20 13:19:36] [INFO] REQ: POST /predict - Status: 200 - Czas: 11.54ms
[2025-12-20 13:19:36] [INFO] REQ: POST /predict - Status: 200 - Czas: 6.71ms
[2025-12-20 13:19:36] [INFO] REQ: POST /predict - Status: 200 - Czas: 7.56ms
[2025-12-20 13:19:36] [INFO] REQ: POST /predict - Status: 200 - Czas: 6.24ms
[2025-12-20 13:19:36] [INFO] REQ: POST /predict - Status: 200 - Czas: 12.83ms
[2025-12-20 13:19:36] [INFO] REQ: POST /predict - Status: 200 - Czas: 21.98ms
[2025-12-20 13:19:36] [INFO] REQ: POST /predict - Status: 200 - Czas: 22.72ms
[2025-12-20 13:19:36] [INFO] REQ: POST /predict - Status: 200 - Czas: 23.03ms
[2025-12-20 13:19:36] [INFO] REQ: POST /predict - Status: 200 - Czas: 18.41ms
[2025-12-20 13:19:36] [INFO] REQ: POST /predict - Status: 200 - Czas: 9.23ms
[2025-12-20 13:19:36] [INFO] REQ: POST /predict - Status: 200 - Czas: 10.06ms
[2025-12-20 13:19:36] [INFO] REQ: POST /predict - Status: 200 - Czas: 13.03ms
[2025-12-20 13:19:36] [INFO] REQ: POST /predict - Status: 200 - Czas: 16.20ms
[2025-12-20 13:19:36] [INFO] REQ: POST /predict - Status: 200 - Czas: 15.57ms
[2025-12-20 13:19:36] [INFO] REQ: POST /predict - Status: 200 - Czas: 18.32ms
[2025-12-20 13:19:36] [INFO] REQ: POST /predict - Status: 200 - Czas: 9.74ms
[2025-12-20 13:19:36] [INFO] REQ: POST /predict - Status: 200 - Czas: 11.08ms
[2025-12-20 13:19:36] [INFO] REQ: POST /predict - Status: 200 - Czas: 11.34ms
[2025-12-20 13:19:36] [INFO] REQ: POST /predict - Status: 200 - Czas: 12.24ms
[2025-12-20 13:19:36] [INFO] REQ: POST /predict - Status: 200 - Czas: 13.48ms
[2025-12-20 13:19:36] [INFO] REQ: POST /predict - Status: 200 - Czas: 13.20ms
[2025-12-20 13:19:36] [INFO] REQ: POST /predict - Status: 200 - Czas: 11.72ms
[2025-12-20 13:19:36] [INFO] REQ: POST /predict - Status: 200 - Czas: 8.54ms
[2025-12-20 13:19:36] [INFO] REQ: POST /predict - Status: 200 - Czas: 7.24ms
[2025-12-20 13:19:36] [INFO] REQ: POST /predict - Status: 200 - Czas: 8.68ms
[2025-12-20 13:19:36] [INFO] REQ: POST /predict - Status: 200 - Czas: 15.02ms
[2025-12-20 13:19:36] [INFO] REQ: POST /predict - Status: 200 - Czas: 19.18ms
[2025-12-20 13:19:36] [INFO] REQ: POST /predict - Status: 200 - Czas: 17.87ms
[2025-12-20 13:19:36] [INFO] REQ: POST /predict - Status: 200 - Czas: 14.78ms
[2025-12-20 13:19:36] [INFO] REQ: POST /predict - Status: 200 - Czas: 7.38ms
[2025-12-20 13:19:36] [INFO] REQ: POST /predict - Status: 200 - Czas: 7.58ms
[2025-12-20 13:19:36] [INFO] REQ: POST /predict - Status: 200 - Czas: 11.36ms
[2025-12-20 13:19:36] [INFO] REQ: POST /predict - Status: 200 - Czas: 11.79ms
[2025-12-20 13:19:36] [INFO] REQ: POST /predict - Status: 200 - Czas: 11.74ms
[2025-12-20 13:19:36] [INFO] REQ: POST /predict - Status: 200 - Czas: 11.06ms
[2025-12-20 13:19:36] [INFO] REQ: POST /predict - Status: 200 - Czas: 5.85ms
[2025-12-20 13:19:36] [INFO] REQ: POST /predict - Status: 200 - Czas: 14.51ms
[2025-12-20 13:19:36] [INFO] REQ: POST /predict - Status: 200 - Czas: 20.29ms
[2025-12-20 13:19:36] [INFO] REQ: POST /predict - Status: 200 - Czas: 19.24ms
[2025-12-20 13:19:36] [INFO] REQ: POST /predict - Status: 200 - Czas: 20.89ms
[2025-12-20 13:19:36] [INFO] REQ: POST /predict - Status: 200 - Czas: 19.05ms
[2025-12-20 13:19:36] [INFO] REQ: POST /predict - Status: 200 - Czas: 9.94ms
[2025-12-20 13:19:36] [INFO] REQ: POST /predict - Status: 200 - Czas: 12.10ms
[2025-12-20 13:19:36] [INFO] REQ: POST /predict - Status: 200 - Czas: 12.51ms
[2025-12-20 13:19:36] [INFO] REQ: POST /predict - Status: 200 - Czas: 16.08ms
[2025-12-20 13:19:36] [INFO] REQ: POST /predict - Status: 200 - Czas: 13.93ms
[2025-12-20 13:19:36] [INFO] REQ: POST /predict - Status: 200 - Czas: 14.88ms
[2025-12-20 13:19:36] [INFO] REQ: POST /predict - Status: 200 - Czas: 18.04ms
[2025-12-20 13:19:36] [INFO] REQ: POST /predict - Status: 200 - Czas: 16.71ms
[2025-12-20 13:19:36] [INFO] REQ: POST /predict - Status: 200 - Czas: 14.38ms
[2025-12-20 13:19:36] [INFO] REQ: POST /predict - Status: 200 - Czas: 7.62ms
[2025-12-20 13:19:36] [INFO] REQ: POST /predict - Status: 200 - Czas: 9.08ms
[2025-12-20 13:19:36] [INFO] REQ: POST /predict - Status: 200 - Czas: 12.99ms
[2025-12-20 13:19:36] [INFO] REQ: POST /predict - Status: 200 - Czas: 15.95ms
[2025-12-20 13:19:36] [INFO] REQ: POST /predict - Status: 200 - Czas: 15.64ms
[2025-12-20 13:19:36] [INFO] REQ: POST /predict - Status: 200 - Czas: 6.83ms
[2025-12-20 13:19:36] [INFO] REQ: POST /predict - Status: 200 - Czas: 11.14ms
[2025-12-20 13:19:36] [INFO] REQ: POST /predict - Status: 200 - Czas: 11.12ms
[2025-12-20 13:19:36] [INFO] REQ: POST /predict - Status: 200 - Czas: 11.64ms
[2025-12-20 13:19:36] [INFO] REQ: POST /predict - Status: 200 - Czas: 8.94ms
[2025-12-20 13:19:36] [INFO] REQ: POST /predict - Status: 200 - Czas: 14.77ms
[2025-12-20 13:19:36] [INFO] REQ: POST /predict - Status: 200 - Czas: 13.08ms
[2025-12-20 13:19:36] [INFO] REQ: POST /predict - Status: 200 - Czas: 18.11ms
[2025-12-20 13:19:36] [INFO] REQ: POST /predict - Status: 200 - Czas: 11.49ms
[2025-12-20 13:19:36] [INFO] REQ: POST /predict - Status: 200 - Czas: 13.25ms
[2025-12-20 13:19:36] [INFO] REQ: POST /predict - Status: 200 - Czas: 17.01ms
[2025-12-20 13:19:36] [INFO] REQ: POST /predict - Status: 200 - Czas: 25.26ms
[2025-12-20 13:19:36] [INFO] REQ: POST /predict - Status: 200 - Czas: 30.26ms
[2025-12-20 13:19:36] [INFO] REQ: POST /predict - Status: 200 - Czas: 30.33ms
[2025-12-20 13:19:36] [INFO] REQ: POST /predict - Status: 200 - Czas: 25.04ms
[2025-12-20 13:19:37] [INFO] REQ: POST /predict - Status: 200 - Czas: 16.65ms
[2025-12-20 13:19:37] [INFO] REQ: POST /predict - Status: 200 - Czas: 12.61ms
[2025-12-20 13:19:37] [INFO] REQ: POST /predict - Status: 200 - Czas: 16.58ms
[2025-12-20 13:19:37] [INFO] REQ: POST /predict - Status: 200 - Czas: 24.52ms
[2025-12-20 13:19:37] [INFO] REQ: POST /predict - Status: 200 - Czas: 21.40ms
[2025-12-20 13:19:37] [INFO] REQ: POST /predict - Status: 200 - Czas: 16.06ms
[2025-12-20 13:19:37] [INFO] REQ: POST /predict - Status: 200 - Czas: 15.99ms
[2025-12-20 13:19:37] [INFO] REQ: POST /predict - Status: 200 - Czas: 13.76ms
[2025-12-20 13:19:37] [INFO] REQ: POST /predict - Status: 200 - Czas: 13.44ms
[2025-12-20 13:19:37] [INFO] REQ: POST /predict - Status: 200 - Czas: 12.31ms
[2025-12-20 13:19:37] [INFO] REQ: POST /predict - Status: 200 - Czas: 14.53ms
[2025-12-20 13:19:37] [INFO] REQ: POST /predict - Status: 200 - Czas: 14.49ms
[2025-12-20 13:19:37] [INFO] REQ: POST /predict - Status: 200 - Czas: 21.05ms
[2025-12-20 13:19:37] [INFO] REQ: POST /predict - Status: 200 - Czas: 18.06ms
[2025-12-20 13:19:37] [INFO] REQ: POST /predict - Status: 200 - Czas: 17.26ms
[2025-12-20 13:19:37] [INFO] REQ: POST /predict - Status: 200 - Czas: 20.01ms
[2025-12-20 13:19:37] [INFO] REQ: POST /predict - Status: 200 - Czas: 21.60ms
[2025-12-20 13:19:37] [INFO] REQ: POST /predict - Status: 200 - Czas: 21.79ms
[2025-12-20 13:19:37] [INFO] REQ: POST /predict - Status: 200 - Czas: 20.83ms
[2025-12-20 13:19:37] [INFO] REQ: POST /predict - Status: 200 - Czas: 5.11ms
[2025-12-20 13:19:37] [INFO] REQ: POST /predict - Status: 200 - Czas: 16.38ms
[2025-12-20 13:19:37] [INFO] REQ: POST /predict - Status: 200 - Czas: 18.97ms
[2025-12-20 13:19:37] [INFO] REQ: POST /predict - Status: 200 - Czas: 19.35ms
[2025-12-20 13:19:37] [INFO] REQ: POST /predict - Status: 200 - Czas: 16.18ms
[2025-12-20 13:19:37] [INFO] REQ: POST /predict - Status: 200 - Czas: 14.27ms
[2025-12-20 13:19:37] [INFO] REQ: POST /predict - Status: 200 - Czas: 13.48ms
[2025-12-20 13:19:37] [INFO] REQ: POST /predict - Status: 200 - Czas: 14.59ms
[2025-12-20 13:19:37] [INFO] REQ: POST /predict - Status: 200 - Czas: 17.05ms
[2025-12-20 13:19:37] [INFO] REQ: POST /predict - Status: 200 - Czas: 21.23ms
[2025-12-20 13:19:37] [INFO] REQ: POST /predict - Status: 200 - Czas: 19.57ms
[2025-12-20 13:19:37] [INFO] REQ: POST /predict - Status: 200 - Czas: 10.39ms
[2025-12-20 13:19:37] [INFO] REQ: POST /predict - Status: 200 - Czas: 64.93ms
[2025-12-20 13:19:37] [INFO] REQ: POST /predict - Status: 200 - Czas: 65.27ms
[2025-12-20 13:19:37] [INFO] REQ: POST /predict - Status: 200 - Czas: 68.26ms
[2025-12-20 13:19:37] [INFO] REQ: POST /predict - Status: 200 - Czas: 67.54ms
[2025-12-20 13:19:37] [INFO] REQ: POST /predict - Status: 200 - Czas: 16.02ms
[2025-12-20 13:19:37] [INFO] REQ: POST /predict - Status: 200 - Czas: 12.21ms
[2025-12-20 13:19:37] [INFO] REQ: POST /predict - Status: 200 - Czas: 12.92ms
[2025-12-20 13:19:37] [INFO] REQ: POST /predict - Status: 200 - Czas: 12.40ms
[2025-12-20 13:19:37] [INFO] REQ: POST /predict - Status: 200 - Czas: 12.28ms
[2025-12-20 13:19:37] [INFO] REQ: POST /predict - Status: 200 - Czas: 13.05ms
[2025-12-20 13:19:37] [INFO] REQ: POST /predict - Status: 200 - Czas: 14.58ms
[2025-12-20 13:19:37] [INFO] REQ: POST /predict - Status: 200 - Czas: 13.86ms
[2025-12-20 13:19:37] [INFO] REQ: POST /predict - Status: 200 - Czas: 12.76ms
[2025-12-20 13:19:37] [INFO] REQ: POST /predict - Status: 200 - Czas: 14.80ms
[2025-12-20 13:19:37] [INFO] REQ: POST /predict - Status: 200 - Czas: 18.52ms
[2025-12-20 13:19:37] [INFO] REQ: POST /predict - Status: 200 - Czas: 18.29ms
[2025-12-20 13:19:37] [INFO] REQ: POST /predict - Status: 200 - Czas: 21.32ms
[2025-12-20 13:19:37] [INFO] REQ: POST /predict - Status: 200 - Czas: 26.98ms
[2025-12-20 13:19:37] [INFO] REQ: POST /predict - Status: 200 - Czas: 24.00ms
[2025-12-20 13:19:37] [INFO] REQ: POST /predict - Status: 200 - Czas: 8.94ms
[2025-12-20 13:19:37] [INFO] REQ: POST /predict - Status: 200 - Czas: 9.19ms
[2025-12-20 13:19:37] [INFO] REQ: POST /predict - Status: 200 - Czas: 10.44ms
[2025-12-20 13:19:37] [INFO] REQ: POST /predict - Status: 200 - Czas: 11.58ms
[2025-12-20 13:19:37] [INFO] REQ: POST /predict - Status: 200 - Czas: 14.38ms
[2025-12-20 13:19:37] [INFO] REQ: POST /predict - Status: 200 - Czas: 15.57ms
[2025-12-20 13:19:37] [INFO] REQ: POST /predict - Status: 200 - Czas: 12.93ms
[2025-12-20 13:19:37] [INFO] REQ: POST /predict - Status: 200 - Czas: 11.14ms
[2025-12-20 13:19:37] [INFO] REQ: POST /predict - Status: 200 - Czas: 15.60ms
[2025-12-20 13:19:37] [INFO] REQ: POST /predict - Status: 200 - Czas: 26.26ms
[2025-12-20 13:19:37] [INFO] REQ: POST /predict - Status: 200 - Czas: 26.30ms
[2025-12-20 13:19:37] [INFO] REQ: POST /predict - Status: 200 - Czas: 31.33ms
[2025-12-20 13:19:37] [INFO] REQ: POST /predict - Status: 200 - Czas: 33.15ms
[2025-12-20 13:19:37] [INFO] REQ: POST /predict - Status: 200 - Czas: 10.00ms
[2025-12-20 13:19:37] [INFO] REQ: POST /predict - Status: 200 - Czas: 14.98ms
[2025-12-20 13:19:37] [INFO] REQ: POST /predict - Status: 200 - Czas: 14.26ms
[2025-12-20 13:19:37] [INFO] REQ: POST /predict - Status: 200 - Czas: 15.79ms
[2025-12-20 13:19:37] [INFO] REQ: POST /predict - Status: 200 - Czas: 14.86ms
[2025-12-20 13:19:37] [INFO] REQ: POST /predict - Status: 200 - Czas: 15.41ms
[2025-12-20 13:19:37] [INFO] REQ: POST /predict - Status: 200 - Czas: 20.24ms
[2025-12-20 13:19:37] [INFO] REQ: POST /predict - Status: 200 - Czas: 24.76ms
[2025-12-20 13:19:37] [INFO] REQ: POST /predict - Status: 200 - Czas: 23.81ms
[2025-12-20 13:19:37] [INFO] REQ: POST /predict - Status: 200 - Czas: 23.09ms
[2025-12-20 13:19:37] [INFO] REQ: POST /predict - Status: 200 - Czas: 9.60ms
[2025-12-20 13:19:37] [INFO] REQ: POST /predict - Status: 200 - Czas: 10.31ms
[2025-12-20 13:19:37] [INFO] REQ: POST /predict - Status: 200 - Czas: 15.16ms
[2025-12-20 13:19:37] [INFO] REQ: POST /predict - Status: 200 - Czas: 22.10ms
[2025-12-20 13:19:37] [INFO] REQ: POST /predict - Status: 200 - Czas: 22.26ms
[2025-12-20 13:19:37] [INFO] REQ: POST /predict - Status: 200 - Czas: 17.53ms
[2025-12-20 13:19:37] [INFO] REQ: POST /predict - Status: 200 - Czas: 6.88ms
[2025-12-20 13:19:37] [INFO] REQ: POST /predict - Status: 200 - Czas: 5.23ms
[2025-12-20 13:19:37] [INFO] REQ: POST /predict - Status: 200 - Czas: 7.01ms
[2025-12-20 13:19:37] [INFO] REQ: POST /predict - Status: 200 - Czas: 13.57ms
[2025-12-20 13:19:37] [INFO] REQ: POST /predict - Status: 200 - Czas: 13.36ms
[2025-12-20 13:19:37] [INFO] REQ: POST /predict - Status: 200 - Czas: 15.24ms
[2025-12-20 13:19:37] [INFO] REQ: POST /predict - Status: 200 - Czas: 8.43ms
[2025-12-20 13:19:37] [INFO] REQ: POST /predict - Status: 200 - Czas: 13.07ms
[2025-12-20 13:19:37] [INFO] REQ: POST /predict - Status: 200 - Czas: 14.33ms
[2025-12-20 13:19:37] [INFO] REQ: POST /predict - Status: 200 - Czas: 17.93ms
[2025-12-20 13:19:37] [INFO] REQ: POST /predict - Status: 200 - Czas: 21.75ms
[2025-12-20 13:19:37] [INFO] REQ: POST /predict - Status: 200 - Czas: 20.79ms
[2025-12-20 13:19:37] [INFO] REQ: POST /predict - Status: 200 - Czas: 6.98ms
[2025-12-20 13:19:37] [INFO] REQ: POST /predict - Status: 200 - Czas: 7.24ms
[2025-12-20 13:19:37] [INFO] REQ: POST /predict - Status: 200 - Czas: 6.03ms
[2025-12-20 13:19:37] [INFO] REQ: POST /predict - Status: 200 - Czas: 5.08ms
[2025-12-20 13:19:37] [INFO] REQ: POST /predict - Status: 200 - Czas: 11.79ms
[2025-12-20 13:19:37] [INFO] REQ: POST /predict - Status: 200 - Czas: 13.59ms
[2025-12-20 13:19:37] [INFO] REQ: POST /predict - Status: 200 - Czas: 16.63ms
[2025-12-20 13:19:37] [INFO] REQ: POST /predict - Status: 200 - Czas: 16.81ms
[2025-12-20 13:19:37] [INFO] REQ: POST /predict - Status: 200 - Czas: 18.09ms
[2025-12-20 13:19:37] [INFO] REQ: POST /predict - Status: 200 - Czas: 16.29ms
[2025-12-20 13:19:37] [INFO] REQ: POST /predict - Status: 200 - Czas: 18.26ms
[2025-12-20 13:19:37] [INFO] REQ: POST /predict - Status: 200 - Czas: 20.13ms
[2025-12-20 13:19:37] [INFO] REQ: POST /predict - Status: 200 - Czas: 22.49ms
[2025-12-20 13:19:37] [INFO] REQ: POST /predict - Status: 200 - Czas: 21.42ms
[2025-12-20 13:19:37] [INFO] REQ: POST /predict - Status: 200 - Czas: 8.58ms
[2025-12-20 13:19:37] [INFO] REQ: POST /predict - Status: 200 - Czas: 22.10ms
[2025-12-20 13:19:37] [INFO] REQ: POST /predict - Status: 200 - Czas: 21.28ms
[2025-12-20 13:19:37] [INFO] REQ: POST /predict - Status: 200 - Czas: 20.13ms
[2025-12-20 13:19:37] [INFO] REQ: POST /predict - Status: 200 - Czas: 17.83ms
[2025-12-20 13:19:37] [INFO] REQ: POST /predict - Status: 200 - Czas: 12.99ms
[2025-12-20 13:19:37] [INFO] REQ: POST /predict - Status: 200 - Czas: 10.50ms
[2025-12-20 13:19:37] [INFO] REQ: POST /predict - Status: 200 - Czas: 14.92ms
[2025-12-20 13:19:37] [INFO] REQ: POST /predict - Status: 200 - Czas: 15.23ms
[2025-12-20 13:19:37] [INFO] REQ: POST /predict - Status: 200 - Czas: 12.62ms
[2025-12-20 13:19:37] [INFO] REQ: POST /predict - Status: 200 - Czas: 15.61ms
[2025-12-20 13:19:37] [INFO] REQ: POST /predict - Status: 200 - Czas: 8.32ms
[2025-12-20 13:19:37] [INFO] REQ: POST /predict - Status: 200 - Czas: 9.52ms
[2025-12-20 13:19:38] [INFO] REQ: POST /predict - Status: 200 - Czas: 17.32ms
[2025-12-20 13:19:38] [INFO] REQ: POST /predict - Status: 200 - Czas: 23.69ms
[2025-12-20 13:19:38] [INFO] REQ: POST /predict - Status: 200 - Czas: 26.21ms
[2025-12-20 13:19:38] [INFO] REQ: POST /predict - Status: 200 - Czas: 16.94ms
[2025-12-20 13:19:38] [INFO] REQ: POST /predict - Status: 200 - Czas: 10.69ms
[2025-12-20 13:19:38] [INFO] REQ: POST /predict - Status: 200 - Czas: 11.92ms
[2025-12-20 13:19:38] [INFO] REQ: POST /predict - Status: 200 - Czas: 11.58ms
[2025-12-20 13:19:38] [INFO] REQ: POST /predict - Status: 200 - Czas: 12.03ms
[2025-12-20 13:19:38] [INFO] REQ: POST /predict - Status: 200 - Czas: 11.64ms
[2025-12-20 13:19:38] [INFO] REQ: POST /predict - Status: 200 - Czas: 11.77ms
[2025-12-20 13:19:38] [INFO] REQ: POST /predict - Status: 200 - Czas: 10.27ms
[2025-12-20 13:19:38] [INFO] REQ: POST /predict - Status: 200 - Czas: 12.12ms
[2025-12-20 13:19:38] [INFO] REQ: POST /predict - Status: 200 - Czas: 14.34ms
[2025-12-20 13:19:38] [INFO] REQ: POST /predict - Status: 200 - Czas: 16.97ms
[2025-12-20 13:19:38] [INFO] REQ: POST /predict - Status: 200 - Czas: 18.81ms
[2025-12-20 13:19:38] [INFO] REQ: POST /predict - Status: 200 - Czas: 7.91ms
[2025-12-20 13:19:38] [INFO] REQ: POST /predict - Status: 200 - Czas: 6.96ms
[2025-12-20 13:19:38] [INFO] REQ: POST /predict - Status: 200 - Czas: 13.34ms
[2025-12-20 13:19:38] [INFO] REQ: POST /predict - Status: 200 - Czas: 16.05ms
[2025-12-20 13:19:38] [INFO] REQ: POST /predict - Status: 200 - Czas: 16.60ms
[2025-12-20 13:19:38] [INFO] REQ: POST /predict - Status: 200 - Czas: 16.64ms
[2025-12-20 13:19:38] [INFO] REQ: POST /predict - Status: 200 - Czas: 12.31ms
[2025-12-20 13:19:38] [INFO] REQ: POST /predict - Status: 200 - Czas: 13.00ms
[2025-12-20 13:19:38] [INFO] REQ: POST /predict - Status: 200 - Czas: 15.05ms
[2025-12-20 13:19:38] [INFO] REQ: POST /predict - Status: 200 - Czas: 14.97ms
[2025-12-20 13:19:38] [INFO] REQ: POST /predict - Status: 200 - Czas: 17.90ms
[2025-12-20 13:19:38] [INFO] REQ: POST /predict - Status: 200 - Czas: 16.51ms
[2025-12-20 13:19:38] [INFO] REQ: POST /predict - Status: 200 - Czas: 18.75ms
[2025-12-20 13:19:38] [INFO] REQ: POST /predict - Status: 200 - Czas: 19.80ms
[2025-12-20 13:19:38] [INFO] REQ: POST /predict - Status: 200 - Czas: 18.08ms
[2025-12-20 13:19:38] [INFO] REQ: POST /predict - Status: 200 - Czas: 18.33ms
[2025-12-20 13:19:38] [INFO] REQ: POST /predict - Status: 200 - Czas: 14.57ms
[2025-12-20 13:19:38] [INFO] REQ: POST /predict - Status: 200 - Czas: 8.42ms
[2025-12-20 13:19:38] [INFO] REQ: POST /predict - Status: 200 - Czas: 10.87ms
[2025-12-20 13:19:38] [INFO] REQ: POST /predict - Status: 200 - Czas: 15.92ms
[2025-12-20 13:19:38] [INFO] REQ: POST /predict - Status: 200 - Czas: 18.50ms
[2025-12-20 13:19:38] [INFO] REQ: POST /predict - Status: 200 - Czas: 18.68ms
[2025-12-20 13:19:38] [INFO] REQ: POST /predict - Status: 200 - Czas: 6.12ms
[2025-12-20 13:19:38] [INFO] REQ: POST /predict - Status: 200 - Czas: 5.98ms
[2025-12-20 13:19:38] [INFO] REQ: POST /predict - Status: 200 - Czas: 8.58ms
[2025-12-20 13:19:38] [INFO] REQ: POST /predict - Status: 200 - Czas: 7.81ms
[2025-12-20 13:19:38] [INFO] REQ: POST /predict - Status: 200 - Czas: 15.63ms
[2025-12-20 13:19:38] [INFO] REQ: POST /predict - Status: 200 - Czas: 17.01ms
[2025-12-20 13:19:38] [INFO] REQ: POST /predict - Status: 200 - Czas: 16.74ms
[2025-12-20 13:19:38] [INFO] REQ: POST /predict - Status: 200 - Czas: 11.98ms
[2025-12-20 13:19:38] [INFO] REQ: POST /predict - Status: 200 - Czas: 8.86ms
[2025-12-20 13:19:38] [INFO] REQ: POST /predict - Status: 200 - Czas: 16.43ms
[2025-12-20 13:19:38] [INFO] REQ: POST /predict - Status: 200 - Czas: 15.53ms
[2025-12-20 13:19:38] [INFO] REQ: POST /predict - Status: 200 - Czas: 18.33ms
[2025-12-20 13:19:38] [INFO] REQ: POST /predict - Status: 200 - Czas: 16.42ms
[2025-12-20 13:19:38] [INFO] REQ: POST /predict - Status: 200 - Czas: 12.21ms
[2025-12-20 13:19:38] [INFO] REQ: POST /predict - Status: 200 - Czas: 11.68ms
[2025-12-20 13:19:38] [INFO] REQ: POST /predict - Status: 200 - Czas: 14.31ms
[2025-12-20 13:19:38] [INFO] REQ: POST /predict - Status: 200 - Czas: 17.17ms
[2025-12-20 13:19:38] [INFO] REQ: POST /predict - Status: 200 - Czas: 14.59ms
[2025-12-20 13:19:38] [INFO] REQ: POST /predict - Status: 200 - Czas: 20.31ms
[2025-12-20 13:19:38] [INFO] REQ: POST /predict - Status: 200 - Czas: 9.71ms
[2025-12-20 13:19:38] [INFO] REQ: POST /predict - Status: 200 - Czas: 11.86ms
[2025-12-20 13:19:38] [INFO] REQ: POST /predict - Status: 200 - Czas: 12.14ms
[2025-12-20 13:19:38] [INFO] REQ: POST /predict - Status: 200 - Czas: 14.35ms
[2025-12-20 13:19:38] [INFO] REQ: POST /predict - Status: 200 - Czas: 8.19ms
[2025-12-20 13:19:38] [INFO] REQ: POST /predict - Status: 200 - Czas: 9.71ms
[2025-12-20 13:19:38] [INFO] REQ: POST /predict - Status: 200 - Czas: 10.86ms
[2025-12-20 13:19:38] [INFO] REQ: POST /predict - Status: 200 - Czas: 14.72ms
[2025-12-20 13:19:38] [INFO] REQ: POST /predict - Status: 200 - Czas: 18.67ms
[2025-12-20 13:19:38] [INFO] REQ: POST /predict - Status: 200 - Czas: 18.31ms
[2025-12-20 13:19:38] [INFO] REQ: POST /predict - Status: 200 - Czas: 12.64ms
[2025-12-20 13:19:38] [INFO] REQ: POST /predict - Status: 200 - Czas: 6.35ms
[2025-12-20 13:19:38] [INFO] REQ: POST /predict - Status: 200 - Czas: 16.25ms
[2025-12-20 13:19:38] [INFO] REQ: POST /predict - Status: 200 - Czas: 16.51ms
[2025-12-20 13:19:38] [INFO] REQ: POST /predict - Status: 200 - Czas: 17.49ms
[2025-12-20 13:19:38] [INFO] REQ: POST /predict - Status: 200 - Czas: 18.18ms
[2025-12-20 13:19:38] [INFO] REQ: POST /predict - Status: 200 - Czas: 16.37ms
[2025-12-20 13:19:38] [INFO] REQ: POST /predict - Status: 200 - Czas: 8.07ms
[2025-12-20 13:19:38] [INFO] REQ: POST /predict - Status: 200 - Czas: 10.62ms
[2025-12-20 13:19:38] [INFO] REQ: POST /predict - Status: 200 - Czas: 11.91ms
[2025-12-20 13:19:38] [INFO] REQ: POST /predict - Status: 200 - Czas: 10.07ms
[2025-12-20 13:19:38] [INFO] REQ: POST /predict - Status: 200 - Czas: 15.06ms
[2025-12-20 13:19:38] [INFO] REQ: POST /predict - Status: 200 - Czas: 12.04ms
[2025-12-20 13:19:38] [INFO] REQ: POST /predict - Status: 200 - Czas: 4.70ms
[2025-12-20 13:19:38] [INFO] REQ: POST /predict - Status: 200 - Czas: 6.14ms
[2025-12-20 13:19:38] [INFO] REQ: POST /predict - Status: 200 - Czas: 8.04ms
[2025-12-20 13:19:38] [INFO] REQ: POST /predict - Status: 200 - Czas: 11.34ms
[2025-12-20 13:19:38] [INFO] REQ: POST /predict - Status: 200 - Czas: 15.85ms
[2025-12-20 13:19:38] [INFO] REQ: POST /predict - Status: 200 - Czas: 17.66ms
[2025-12-20 13:19:38] [INFO] REQ: POST /predict - Status: 200 - Czas: 13.98ms
[2025-12-20 13:19:38] [INFO] REQ: POST /predict - Status: 200 - Czas: 11.07ms
[2025-12-20 13:19:38] [INFO] REQ: POST /predict - Status: 200 - Czas: 9.71ms
[2025-12-20 13:19:38] [INFO] REQ: POST /predict - Status: 200 - Czas: 14.01ms
[2025-12-20 13:19:38] [INFO] REQ: POST /predict - Status: 200 - Czas: 15.35ms
[2025-12-20 13:19:38] [INFO] REQ: POST /predict - Status: 200 - Czas: 15.43ms
[2025-12-20 13:19:38] [INFO] REQ: POST /predict - Status: 200 - Czas: 15.45ms
[2025-12-20 13:19:38] [INFO] REQ: POST /predict - Status: 200 - Czas: 11.02ms
[2025-12-20 13:19:38] [INFO] REQ: POST /predict - Status: 200 - Czas: 14.50ms
[2025-12-20 13:19:38] [INFO] REQ: POST /predict - Status: 200 - Czas: 21.03ms
[2025-12-20 13:19:38] [INFO] REQ: POST /predict - Status: 200 - Czas: 19.34ms
[2025-12-20 13:19:38] [INFO] REQ: POST /predict - Status: 200 - Czas: 20.10ms
[2025-12-20 13:19:38] [INFO] REQ: POST /predict - Status: 200 - Czas: 15.93ms
[2025-12-20 13:19:38] [INFO] REQ: POST /predict - Status: 200 - Czas: 17.66ms
[2025-12-20 13:19:38] [INFO] REQ: POST /predict - Status: 200 - Czas: 17.78ms
[2025-12-20 13:19:38] [INFO] REQ: POST /predict - Status: 200 - Czas: 20.12ms
[2025-12-20 13:19:38] [INFO] REQ: POST /predict - Status: 200 - Czas: 20.37ms
[2025-12-20 13:19:38] [INFO] REQ: POST /predict - Status: 200 - Czas: 11.82ms
[2025-12-20 13:19:38] [INFO] REQ: POST /predict - Status: 200 - Czas: 11.09ms
[2025-12-20 13:19:38] [INFO] REQ: POST /predict - Status: 200 - Czas: 13.96ms
[2025-12-20 13:19:38] [INFO] REQ: POST /predict - Status: 200 - Czas: 15.91ms
[2025-12-20 13:19:38] [INFO] REQ: POST /predict - Status: 200 - Czas: 15.21ms
[2025-12-20 13:19:38] [INFO] REQ: POST /predict - Status: 200 - Czas: 11.93ms
[2025-12-20 13:19:38] [INFO] REQ: POST /predict - Status: 200 - Czas: 12.83ms
[2025-12-20 13:19:38] [INFO] REQ: POST /predict - Status: 200 - Czas: 14.27ms
[2025-12-20 13:19:38] [INFO] REQ: POST /predict - Status: 200 - Czas: 15.51ms
[2025-12-20 13:19:38] [INFO] REQ: POST /predict - Status: 200 - Czas: 15.94ms
[2025-12-20 13:19:38] [INFO] REQ: POST /predict - Status: 200 - Czas: 17.10ms
[2025-12-20 13:19:38] [INFO] REQ: POST /predict - Status: 200 - Czas: 9.18ms
[2025-12-20 13:19:38] [INFO] REQ: POST /predict - Status: 200 - Czas: 9.54ms
[2025-12-20 13:19:38] [INFO] REQ: POST /predict - Status: 200 - Czas: 12.68ms
[2025-12-20 13:19:38] [INFO] REQ: POST /predict - Status: 200 - Czas: 14.27ms
[2025-12-20 13:19:38] [INFO] REQ: POST /predict - Status: 200 - Czas: 8.73ms
[2025-12-20 13:19:38] [INFO] REQ: POST /predict - Status: 200 - Czas: 8.74ms
[2025-12-20 13:19:38] [INFO] REQ: POST /predict - Status: 200 - Czas: 9.86ms
[2025-12-20 13:19:38] [INFO] REQ: POST /predict - Status: 200 - Czas: 6.72ms
[2025-12-20 13:19:38] [INFO] REQ: POST /predict - Status: 200 - Czas: 8.80ms
[2025-12-20 13:19:38] [INFO] REQ: POST /predict - Status: 200 - Czas: 7.39ms
[2025-12-20 13:19:38] [INFO] REQ: POST /predict - Status: 200 - Czas: 10.40ms
[2025-12-20 13:19:38] [INFO] REQ: POST /predict - Status: 200 - Czas: 7.13ms
[2025-12-20 13:19:38] [INFO] REQ: POST /predict - Status: 200 - Czas: 9.47ms
[2025-12-20 13:19:38] [INFO] REQ: POST /predict - Status: 200 - Czas: 8.42ms
[2025-12-20 13:19:38] [INFO] REQ: POST /predict - Status: 200 - Czas: 5.76ms
[2025-12-20 13:19:38] [INFO] REQ: POST /predict - Status: 200 - Czas: 11.87ms
[2025-12-20 13:19:38] [INFO] REQ: POST /predict - Status: 200 - Czas: 12.13ms
[2025-12-20 13:19:38] [INFO] REQ: POST /predict - Status: 200 - Czas: 13.81ms
[2025-12-20 13:19:38] [INFO] REQ: POST /predict - Status: 200 - Czas: 15.42ms
[2025-12-20 13:19:38] [INFO] REQ: POST /predict - Status: 200 - Czas: 8.85ms
[2025-12-20 13:19:38] [INFO] REQ: POST /predict - Status: 200 - Czas: 15.81ms
[2025-12-20 13:19:38] [INFO] REQ: POST /predict - Status: 200 - Czas: 11.18ms
[2025-12-20 13:19:38] [INFO] REQ: POST /predict - Status: 200 - Czas: 11.58ms
[2025-12-20 13:19:38] [INFO] REQ: POST /predict - Status: 200 - Czas: 18.07ms
[2025-12-20 13:19:38] [INFO] REQ: POST /predict - Status: 200 - Czas: 16.07ms
[2025-12-20 13:19:38] [INFO] REQ: POST /predict - Status: 200 - Czas: 17.34ms
[2025-12-20 13:19:38] [INFO] REQ: POST /predict - Status: 200 - Czas: 17.57ms
[2025-12-20 13:19:38] [INFO] REQ: POST /predict - Status: 200 - Czas: 16.18ms
[2025-12-20 13:19:38] [INFO] REQ: POST /predict - Status: 200 - Czas: 11.23ms
[2025-12-20 13:19:38] [INFO] REQ: POST /predict - Status: 200 - Czas: 21.73ms
[2025-12-20 13:19:38] [INFO] REQ: POST /predict - Status: 200 - Czas: 27.42ms
[2025-12-20 13:19:39] [INFO] REQ: POST /predict - Status: 200 - Czas: 23.40ms
[2025-12-20 13:19:39] [INFO] REQ: POST /predict - Status: 200 - Czas: 24.84ms
[2025-12-20 13:19:39] [INFO] REQ: POST /predict - Status: 200 - Czas: 14.20ms
[2025-12-20 13:19:39] [INFO] REQ: POST /predict - Status: 200 - Czas: 14.19ms
[2025-12-20 13:19:39] [INFO] REQ: POST /predict - Status: 200 - Czas: 19.20ms
[2025-12-20 13:19:39] [INFO] REQ: POST /predict - Status: 200 - Czas: 22.17ms
[2025-12-20 13:19:39] [INFO] REQ: POST /predict - Status: 200 - Czas: 22.42ms
[2025-12-20 13:19:39] [INFO] REQ: POST /predict - Status: 200 - Czas: 18.51ms
[2025-12-20 13:19:39] [INFO] REQ: POST /predict - Status: 200 - Czas: 8.85ms
[2025-12-20 13:19:39] [INFO] REQ: POST /predict - Status: 200 - Czas: 11.97ms
[2025-12-20 13:19:39] [INFO] REQ: POST /predict - Status: 200 - Czas: 19.18ms
[2025-12-20 13:19:39] [INFO] REQ: POST /predict - Status: 200 - Czas: 21.38ms
[2025-12-20 13:19:39] [INFO] REQ: POST /predict - Status: 200 - Czas: 19.74ms
[2025-12-20 13:19:39] [INFO] REQ: POST /predict - Status: 200 - Czas: 6.37ms
[2025-12-20 13:19:39] [INFO] REQ: POST /predict - Status: 200 - Czas: 4.80ms
[2025-12-20 13:19:39] [INFO] REQ: POST /predict - Status: 200 - Czas: 9.30ms
[2025-12-20 13:19:39] [INFO] REQ: POST /predict - Status: 200 - Czas: 14.48ms
[2025-12-20 13:19:39] [INFO] REQ: POST /predict - Status: 200 - Czas: 15.00ms
[2025-12-20 13:19:39] [INFO] REQ: POST /predict - Status: 200 - Czas: 10.97ms
[2025-12-20 13:19:39] [INFO] REQ: POST /predict - Status: 200 - Czas: 9.82ms
[2025-12-20 13:19:39] [INFO] REQ: POST /predict - Status: 200 - Czas: 12.85ms
[2025-12-20 13:19:39] [INFO] REQ: POST /predict - Status: 200 - Czas: 13.15ms
[2025-12-20 13:19:39] [INFO] REQ: POST /predict - Status: 200 - Czas: 21.53ms
[2025-12-20 13:19:39] [INFO] REQ: POST /predict - Status: 200 - Czas: 20.46ms
[2025-12-20 13:19:39] [INFO] REQ: POST /predict - Status: 200 - Czas: 22.43ms
[2025-12-20 13:19:39] [INFO] REQ: POST /predict - Status: 200 - Czas: 14.78ms
[2025-12-20 13:19:39] [INFO] REQ: POST /predict - Status: 200 - Czas: 14.94ms
[2025-12-20 13:19:39] [INFO] REQ: POST /predict - Status: 200 - Czas: 7.75ms
[2025-12-20 13:19:39] [INFO] REQ: POST /predict - Status: 200 - Czas: 10.53ms
[2025-12-20 13:19:39] [INFO] REQ: POST /predict - Status: 200 - Czas: 10.54ms
[2025-12-20 13:19:39] [INFO] REQ: POST /predict - Status: 200 - Czas: 11.77ms
[2025-12-20 13:19:39] [INFO] REQ: POST /predict - Status: 200 - Czas: 14.35ms
[2025-12-20 13:19:39] [INFO] REQ: POST /predict - Status: 200 - Czas: 7.65ms
[2025-12-20 13:19:39] [INFO] REQ: POST /predict - Status: 200 - Czas: 9.78ms
[2025-12-20 13:19:39] [INFO] REQ: POST /predict - Status: 200 - Czas: 9.48ms
[2025-12-20 13:19:39] [INFO] REQ: POST /predict - Status: 200 - Czas: 7.80ms
[2025-12-20 13:19:39] [INFO] REQ: POST /predict - Status: 200 - Czas: 13.67ms
[2025-12-20 13:19:39] [INFO] REQ: POST /predict - Status: 200 - Czas: 20.32ms
[2025-12-20 13:19:39] [INFO] REQ: POST /predict - Status: 200 - Czas: 17.33ms
[2025-12-20 13:19:39] [INFO] REQ: POST /predict - Status: 200 - Czas: 13.04ms
[2025-12-20 13:19:39] [INFO] REQ: POST /predict - Status: 200 - Czas: 13.38ms
[2025-12-20 13:19:39] [INFO] REQ: POST /predict - Status: 200 - Czas: 12.31ms
[2025-12-20 13:19:39] [INFO] REQ: POST /predict - Status: 200 - Czas: 13.35ms
[2025-12-20 13:19:39] [INFO] REQ: POST /predict - Status: 200 - Czas: 13.25ms
[2025-12-20 13:19:39] [INFO] REQ: POST /predict - Status: 200 - Czas: 17.03ms
[2025-12-20 13:19:39] [INFO] REQ: POST /predict - Status: 200 - Czas: 13.64ms
[2025-12-20 13:19:39] [INFO] REQ: POST /predict - Status: 200 - Czas: 16.91ms
[2025-12-20 13:19:39] [INFO] REQ: POST /predict - Status: 200 - Czas: 16.04ms
[2025-12-20 13:19:39] [INFO] REQ: POST /predict - Status: 200 - Czas: 17.60ms
[2025-12-20 13:19:39] [INFO] REQ: POST /predict - Status: 200 - Czas: 17.18ms
[2025-12-20 13:19:39] [INFO] REQ: POST /predict - Status: 200 - Czas: 14.26ms
[2025-12-20 13:19:39] [INFO] REQ: POST /predict - Status: 200 - Czas: 13.23ms
[2025-12-20 13:19:39] [INFO] REQ: POST /predict - Status: 200 - Czas: 11.69ms
[2025-12-20 13:19:39] [INFO] REQ: POST /predict - Status: 200 - Czas: 12.52ms
[2025-12-20 13:19:39] [INFO] REQ: POST /predict - Status: 200 - Czas: 11.55ms
[2025-12-20 13:19:39] [INFO] REQ: POST /predict - Status: 200 - Czas: 9.73ms
[2025-12-20 13:19:39] [INFO] REQ: POST /predict - Status: 200 - Czas: 7.81ms
[2025-12-20 13:19:39] [INFO] REQ: POST /predict - Status: 200 - Czas: 8.72ms
[2025-12-20 13:19:39] [INFO] REQ: POST /predict - Status: 200 - Czas: 11.00ms
[2025-12-20 13:19:39] [INFO] REQ: POST /predict - Status: 200 - Czas: 10.77ms
[2025-12-20 13:19:39] [INFO] REQ: POST /predict - Status: 200 - Czas: 14.41ms
[2025-12-20 13:19:39] [INFO] REQ: POST /predict - Status: 200 - Czas: 12.73ms
[2025-12-20 13:19:39] [INFO] REQ: POST /predict - Status: 200 - Czas: 11.64ms
[2025-12-20 13:19:39] [INFO] REQ: POST /predict - Status: 200 - Czas: 11.05ms
[2025-12-20 13:19:39] [INFO] REQ: POST /predict - Status: 200 - Czas: 20.06ms
[2025-12-20 13:19:39] [INFO] REQ: POST /predict - Status: 200 - Czas: 23.69ms
[2025-12-20 13:19:39] [INFO] REQ: POST /predict - Status: 200 - Czas: 28.53ms
[2025-12-20 13:19:39] [INFO] REQ: POST /predict - Status: 200 - Czas: 36.61ms
[2025-12-20 13:19:39] [INFO] REQ: POST /predict - Status: 200 - Czas: 34.24ms
[2025-12-20 13:19:39] [INFO] REQ: POST /predict - Status: 200 - Czas: 15.86ms
[2025-12-20 13:19:39] [INFO] REQ: POST /predict - Status: 200 - Czas: 20.16ms
[2025-12-20 13:19:39] [INFO] REQ: POST /predict - Status: 200 - Czas: 24.42ms
[2025-12-20 13:19:39] [INFO] REQ: POST /predict - Status: 200 - Czas: 22.46ms
[2025-12-20 13:19:39] [INFO] REQ: POST /predict - Status: 200 - Czas: 21.23ms
[2025-12-20 13:19:39] [INFO] REQ: POST /predict - Status: 200 - Czas: 13.79ms
[2025-12-20 13:19:39] [INFO] REQ: POST /predict - Status: 200 - Czas: 18.48ms
[2025-12-20 13:19:39] [INFO] REQ: POST /predict - Status: 200 - Czas: 28.02ms
[2025-12-20 13:19:39] [INFO] REQ: POST /predict - Status: 200 - Czas: 26.61ms
[2025-12-20 13:19:39] [INFO] REQ: POST /predict - Status: 200 - Czas: 22.22ms
[2025-12-20 13:19:39] [INFO] REQ: POST /predict - Status: 200 - Czas: 12.38ms
[2025-12-20 13:19:39] [INFO] REQ: POST /predict - Status: 200 - Czas: 15.24ms
[2025-12-20 13:19:39] [INFO] REQ: POST /predict - Status: 200 - Czas: 13.62ms
[2025-12-20 13:19:39] [INFO] REQ: POST /predict - Status: 200 - Czas: 11.95ms
[2025-12-20 13:19:39] [INFO] REQ: POST /predict - Status: 200 - Czas: 16.51ms
[2025-12-20 13:19:39] [INFO] REQ: POST /predict - Status: 200 - Czas: 17.36ms
[2025-12-20 13:19:39] [INFO] REQ: POST /predict - Status: 200 - Czas: 11.55ms
[2025-12-20 13:19:39] [INFO] REQ: POST /predict - Status: 200 - Czas: 12.32ms
[2025-12-20 13:19:39] [INFO] REQ: POST /predict - Status: 200 - Czas: 13.97ms
[2025-12-20 13:19:39] [INFO] REQ: POST /predict - Status: 200 - Czas: 22.05ms
[2025-12-20 13:19:39] [INFO] REQ: POST /predict - Status: 200 - Czas: 20.69ms
[2025-12-20 13:19:39] [INFO] REQ: POST /predict - Status: 200 - Czas: 8.21ms
[2025-12-20 13:19:39] [INFO] REQ: POST /predict - Status: 200 - Czas: 13.32ms
[2025-12-20 13:19:39] [INFO] REQ: POST /predict - Status: 200 - Czas: 15.34ms
[2025-12-20 13:19:39] [INFO] REQ: POST /predict - Status: 200 - Czas: 16.76ms
[2025-12-20 13:19:39] [INFO] REQ: POST /predict - Status: 200 - Czas: 16.05ms
[2025-12-20 13:19:39] [INFO] REQ: POST /predict - Status: 200 - Czas: 10.77ms
[2025-12-20 13:19:39] [INFO] REQ: POST /predict - Status: 200 - Czas: 10.01ms
[2025-12-20 13:19:39] [INFO] REQ: POST /predict - Status: 200 - Czas: 19.32ms
[2025-12-20 13:19:39] [INFO] REQ: POST /predict - Status: 200 - Czas: 18.83ms
[2025-12-20 13:19:39] [INFO] REQ: POST /predict - Status: 200 - Czas: 20.61ms
[2025-12-20 13:19:39] [INFO] REQ: POST /predict - Status: 200 - Czas: 22.34ms
[2025-12-20 13:19:39] [INFO] REQ: POST /predict - Status: 200 - Czas: 25.53ms
[2025-12-20 13:19:39] [INFO] REQ: POST /predict - Status: 200 - Czas: 28.90ms
[2025-12-20 13:19:39] [INFO] REQ: POST /predict - Status: 200 - Czas: 25.95ms
[2025-12-20 13:19:39] [INFO] REQ: POST /predict - Status: 200 - Czas: 19.45ms
[2025-12-20 13:19:39] [INFO] REQ: POST /predict - Status: 200 - Czas: 17.25ms
[2025-12-20 13:19:39] [INFO] REQ: POST /predict - Status: 200 - Czas: 20.58ms
[2025-12-20 13:19:39] [INFO] REQ: POST /predict - Status: 200 - Czas: 19.46ms
[2025-12-20 13:19:39] [INFO] REQ: POST /predict - Status: 200 - Czas: 14.67ms
[2025-12-20 13:19:39] [INFO] REQ: POST /predict - Status: 200 - Czas: 14.88ms
[2025-12-20 13:19:39] [INFO] REQ: POST /predict - Status: 200 - Czas: 9.04ms
[2025-12-20 13:19:39] [INFO] REQ: POST /predict - Status: 200 - Czas: 12.00ms
[2025-12-20 13:19:39] [INFO] REQ: POST /predict - Status: 200 - Czas: 11.03ms
[2025-12-20 13:19:39] [INFO] REQ: POST /predict - Status: 200 - Czas: 11.21ms
[2025-12-20 13:19:39] [INFO] REQ: POST /predict - Status: 200 - Czas: 13.05ms
[2025-12-20 13:19:39] [INFO] REQ: POST /predict - Status: 200 - Czas: 16.86ms
[2025-12-20 13:19:39] [INFO] REQ: POST /predict - Status: 200 - Czas: 17.63ms
[2025-12-20 13:19:39] [INFO] REQ: POST /predict - Status: 200 - Czas: 18.87ms
[2025-12-20 13:19:39] [INFO] REQ: POST /predict - Status: 200 - Czas: 16.35ms
[2025-12-20 13:19:39] [INFO] REQ: POST /predict - Status: 200 - Czas: 21.75ms
[2025-12-20 13:19:39] [INFO] REQ: POST /predict - Status: 200 - Czas: 11.86ms
[2025-12-20 13:19:39] [INFO] REQ: POST /predict - Status: 200 - Czas: 13.08ms
[2025-12-20 13:19:39] [INFO] REQ: POST /predict - Status: 200 - Czas: 15.92ms
[2025-12-20 13:19:39] [INFO] REQ: POST /predict - Status: 200 - Czas: 14.38ms
[2025-12-20 13:19:39] [INFO] REQ: POST /predict - Status: 200 - Czas: 12.46ms
[2025-12-20 13:19:40] [INFO] REQ: POST /predict - Status: 200 - Czas: 4.88ms
[2025-12-20 13:19:40] [INFO] REQ: POST /predict - Status: 200 - Czas: 7.12ms
[2025-12-20 13:19:40] [INFO] REQ: POST /predict - Status: 200 - Czas: 6.20ms
[2025-12-20 13:19:40] [INFO] REQ: POST /predict - Status: 200 - Czas: 9.18ms
[2025-12-20 13:19:40] [INFO] REQ: POST /predict - Status: 200 - Czas: 5.13ms
[2025-12-20 13:19:40] [INFO] REQ: POST /predict - Status: 200 - Czas: 4.49ms
[2025-12-20 13:19:40] [INFO] REQ: POST /predict - Status: 200 - Czas: 13.01ms
[2025-12-20 13:19:40] [INFO] REQ: POST /predict - Status: 200 - Czas: 18.44ms
[2025-12-20 13:19:40] [INFO] REQ: POST /predict - Status: 200 - Czas: 22.69ms
[2025-12-20 13:19:40] [INFO] REQ: POST /predict - Status: 200 - Czas: 22.25ms
[2025-12-20 13:19:40] [INFO] REQ: POST /predict - Status: 200 - Czas: 24.16ms
[2025-12-20 13:19:40] [INFO] REQ: POST /predict - Status: 200 - Czas: 19.92ms
[2025-12-20 13:19:40] [INFO] REQ: POST /predict - Status: 200 - Czas: 19.28ms
[2025-12-20 13:19:40] [INFO] REQ: POST /predict - Status: 200 - Czas: 20.84ms
[2025-12-20 13:19:40] [INFO] REQ: POST /predict - Status: 200 - Czas: 20.06ms
[2025-12-20 13:19:40] [INFO] REQ: POST /predict - Status: 200 - Czas: 19.76ms
[2025-12-20 13:19:40] [INFO] REQ: POST /predict - Status: 200 - Czas: 9.59ms
[2025-12-20 13:19:40] [INFO] REQ: POST /predict - Status: 200 - Czas: 13.69ms
[2025-12-20 13:19:40] [INFO] REQ: POST /predict - Status: 200 - Czas: 20.70ms
[2025-12-20 13:19:40] [INFO] REQ: POST /predict - Status: 200 - Czas: 23.97ms
[2025-12-20 13:19:40] [INFO] REQ: POST /predict - Status: 200 - Czas: 24.07ms
[2025-12-20 13:19:40] [INFO] REQ: POST /predict - Status: 200 - Czas: 20.11ms
[2025-12-20 13:19:40] [INFO] REQ: POST /predict - Status: 200 - Czas: 16.18ms
[2025-12-20 13:19:40] [INFO] REQ: POST /predict - Status: 200 - Czas: 20.36ms
[2025-12-20 13:19:40] [INFO] REQ: POST /predict - Status: 200 - Czas: 20.51ms
[2025-12-20 13:19:40] [INFO] REQ: POST /predict - Status: 200 - Czas: 20.92ms
[2025-12-20 13:19:40] [INFO] REQ: POST /predict - Status: 200 - Czas: 24.95ms
[2025-12-20 13:19:40] [INFO] REQ: POST /predict - Status: 200 - Czas: 7.36ms
[2025-12-20 13:19:40] [INFO] REQ: POST /predict - Status: 200 - Czas: 5.19ms
[2025-12-20 13:19:40] [INFO] REQ: POST /predict - Status: 200 - Czas: 9.17ms
[2025-12-20 13:19:40] [INFO] REQ: POST /predict - Status: 200 - Czas: 10.88ms
[2025-12-20 13:19:40] [INFO] REQ: POST /predict - Status: 200 - Czas: 14.72ms
[2025-12-20 13:19:40] [INFO] REQ: POST /predict - Status: 200 - Czas: 12.32ms
[2025-12-20 13:19:40] [INFO] REQ: POST /predict - Status: 200 - Czas: 13.99ms
[2025-12-20 13:19:40] [INFO] REQ: POST /predict - Status: 200 - Czas: 9.78ms
[2025-12-20 13:19:40] [INFO] REQ: POST /predict - Status: 200 - Czas: 11.41ms
[2025-12-20 13:19:40] [INFO] REQ: POST /predict - Status: 200 - Czas: 11.48ms
[2025-12-20 13:19:40] [INFO] REQ: POST /predict - Status: 200 - Czas: 18.39ms
[2025-12-20 13:19:40] [INFO] REQ: POST /predict - Status: 200 - Czas: 15.12ms
[2025-12-20 13:19:40] [INFO] REQ: POST /predict - Status: 200 - Czas: 5.95ms
[2025-12-20 13:19:40] [INFO] REQ: POST /predict - Status: 200 - Czas: 5.18ms
[2025-12-20 13:19:40] [INFO] REQ: POST /predict - Status: 200 - Czas: 11.28ms
[2025-12-20 13:19:40] [INFO] REQ: POST /predict - Status: 200 - Czas: 15.18ms
[2025-12-20 13:19:40] [INFO] REQ: POST /predict - Status: 200 - Czas: 19.63ms
[2025-12-20 13:19:40] [INFO] REQ: POST /predict - Status: 200 - Czas: 18.60ms
[2025-12-20 13:19:40] [INFO] REQ: POST /predict - Status: 200 - Czas: 16.34ms
[2025-12-20 13:19:40] [INFO] REQ: POST /predict - Status: 200 - Czas: 7.24ms
[2025-12-20 13:19:40] [INFO] REQ: POST /predict - Status: 200 - Czas: 12.67ms
[2025-12-20 13:19:40] [INFO] REQ: POST /predict - Status: 200 - Czas: 13.08ms
[2025-12-20 13:19:40] [INFO] REQ: POST /predict - Status: 200 - Czas: 10.12ms
[2025-12-20 13:19:40] [INFO] REQ: POST /predict - Status: 200 - Czas: 10.60ms
[2025-12-20 13:19:40] [INFO] REQ: POST /predict - Status: 200 - Czas: 12.55ms
[2025-12-20 13:19:40] [INFO] REQ: POST /predict - Status: 200 - Czas: 14.15ms
[2025-12-20 13:19:40] [INFO] REQ: POST /predict - Status: 200 - Czas: 13.75ms
[2025-12-20 13:19:40] [INFO] REQ: POST /predict - Status: 200 - Czas: 15.37ms
[2025-12-20 13:19:40] [INFO] REQ: POST /predict - Status: 200 - Czas: 16.79ms
[2025-12-20 13:19:40] [INFO] REQ: POST /predict - Status: 200 - Czas: 7.35ms
[2025-12-20 13:19:40] [INFO] REQ: POST /predict - Status: 200 - Czas: 8.12ms
[2025-12-20 13:19:40] [INFO] REQ: POST /predict - Status: 200 - Czas: 14.13ms
[2025-12-20 13:19:40] [INFO] REQ: POST /predict - Status: 200 - Czas: 12.43ms
[2025-12-20 13:19:40] [INFO] REQ: POST /predict - Status: 200 - Czas: 9.16ms
[2025-12-20 13:19:40] [INFO] REQ: POST /predict - Status: 200 - Czas: 5.46ms
[2025-12-20 13:19:40] [INFO] REQ: POST /predict - Status: 200 - Czas: 17.27ms
[2025-12-20 13:19:40] [INFO] REQ: POST /predict - Status: 200 - Czas: 17.21ms
[2025-12-20 13:19:40] [INFO] REQ: POST /predict - Status: 200 - Czas: 20.40ms
[2025-12-20 13:19:40] [INFO] REQ: POST /predict - Status: 200 - Czas: 18.12ms
[2025-12-20 13:19:40] [INFO] REQ: POST /predict - Status: 200 - Czas: 17.80ms
[2025-12-20 13:19:40] [INFO] REQ: POST /predict - Status: 200 - Czas: 5.47ms
[2025-12-20 13:19:40] [INFO] REQ: POST /predict - Status: 200 - Czas: 10.21ms
[2025-12-20 13:19:40] [INFO] REQ: POST /predict - Status: 200 - Czas: 9.78ms
[2025-12-20 13:19:40] [INFO] REQ: POST /predict - Status: 200 - Czas: 13.61ms
[2025-12-20 13:19:40] [INFO] REQ: POST /predict - Status: 200 - Czas: 13.91ms
[2025-12-20 13:19:40] [INFO] REQ: POST /predict - Status: 200 - Czas: 14.52ms
[2025-12-20 13:19:40] [INFO] REQ: POST /predict - Status: 200 - Czas: 13.56ms
[2025-12-20 13:19:40] [INFO] REQ: POST /predict - Status: 200 - Czas: 14.86ms
[2025-12-20 13:19:40] [INFO] REQ: POST /predict - Status: 200 - Czas: 17.07ms
[2025-12-20 13:19:40] [INFO] REQ: POST /predict - Status: 200 - Czas: 14.85ms
[2025-12-20 13:19:40] [INFO] REQ: POST /predict - Status: 200 - Czas: 11.57ms
[2025-12-20 13:19:40] [INFO] REQ: POST /predict - Status: 200 - Czas: 11.58ms
[2025-12-20 13:19:40] [INFO] REQ: POST /predict - Status: 200 - Czas: 15.77ms
[2025-12-20 13:19:40] [INFO] REQ: POST /predict - Status: 200 - Czas: 17.47ms
[2025-12-20 13:19:40] [INFO] REQ: POST /predict - Status: 200 - Czas: 17.28ms
[2025-12-20 13:19:40] [INFO] REQ: POST /predict - Status: 200 - Czas: 80.33ms
[2025-12-20 13:19:40] [INFO] REQ: POST /predict - Status: 200 - Czas: 75.82ms
[2025-12-20 13:19:40] [INFO] REQ: POST /predict - Status: 200 - Czas: 78.46ms
[2025-12-20 13:19:40] [INFO] REQ: POST /predict - Status: 200 - Czas: 75.42ms
[2025-12-20 13:19:40] [INFO] REQ: POST /predict - Status: 200 - Czas: 7.48ms
[2025-12-20 13:19:40] [INFO] REQ: POST /predict - Status: 200 - Czas: 15.74ms
[2025-12-20 13:19:40] [INFO] REQ: POST /predict - Status: 200 - Czas: 19.61ms
[2025-12-20 13:19:40] [INFO] REQ: POST /predict - Status: 200 - Czas: 17.51ms
[2025-12-20 13:19:40] [INFO] REQ: POST /predict - Status: 200 - Czas: 14.23ms
[2025-12-20 13:19:40] [INFO] REQ: POST /predict - Status: 200 - Czas: 9.88ms
[2025-12-20 13:19:40] [INFO] REQ: POST /predict - Status: 200 - Czas: 10.91ms
[2025-12-20 13:19:40] [INFO] REQ: POST /predict - Status: 200 - Czas: 11.30ms
[2025-12-20 13:19:40] [INFO] REQ: POST /predict - Status: 200 - Czas: 16.21ms
[2025-12-20 13:19:40] [INFO] REQ: POST /predict - Status: 200 - Czas: 15.25ms
[2025-12-20 13:19:40] [INFO] REQ: POST /predict - Status: 200 - Czas: 16.21ms
[2025-12-20 13:19:40] [INFO] REQ: POST /predict - Status: 200 - Czas: 9.04ms
[2025-12-20 13:19:40] [INFO] REQ: POST /predict - Status: 200 - Czas: 12.03ms
[2025-12-20 13:19:40] [INFO] REQ: POST /predict - Status: 200 - Czas: 14.07ms
[2025-12-20 13:19:40] [INFO] REQ: POST /predict - Status: 200 - Czas: 12.81ms
[2025-12-20 13:19:40] [INFO] REQ: POST /predict - Status: 200 - Czas: 12.53ms
[2025-12-20 13:19:40] [INFO] REQ: POST /predict - Status: 200 - Czas: 15.32ms
[2025-12-20 13:19:40] [INFO] REQ: POST /predict - Status: 200 - Czas: 21.42ms
[2025-12-20 13:19:40] [INFO] REQ: POST /predict - Status: 200 - Czas: 23.01ms
[2025-12-20 13:19:40] [INFO] REQ: POST /predict - Status: 200 - Czas: 22.87ms
[2025-12-20 13:19:40] [INFO] REQ: POST /predict - Status: 200 - Czas: 25.40ms
[2025-12-20 13:19:40] [INFO] REQ: POST /predict - Status: 200 - Czas: 8.00ms
[2025-12-20 13:19:40] [INFO] REQ: POST /predict - Status: 200 - Czas: 14.31ms
[2025-12-20 13:19:40] [INFO] REQ: POST /predict - Status: 200 - Czas: 15.12ms
[2025-12-20 13:19:40] [INFO] REQ: POST /predict - Status: 200 - Czas: 14.31ms
[2025-12-20 13:19:40] [INFO] REQ: POST /predict - Status: 200 - Czas: 12.06ms
[2025-12-20 13:19:40] [INFO] REQ: POST /predict - Status: 200 - Czas: 4.63ms
[2025-12-20 13:19:40] [INFO] REQ: POST /predict - Status: 200 - Czas: 8.45ms
[2025-12-20 13:19:40] [INFO] REQ: POST /predict - Status: 200 - Czas: 13.16ms
[2025-12-20 13:19:40] [INFO] REQ: POST /predict - Status: 200 - Czas: 18.76ms
[2025-12-20 13:19:40] [INFO] REQ: POST /predict - Status: 200 - Czas: 17.51ms
[2025-12-20 13:19:40] [INFO] REQ: POST /predict - Status: 200 - Czas: 15.86ms
[2025-12-20 13:19:40] [INFO] REQ: POST /predict - Status: 200 - Czas: 11.37ms
[2025-12-20 13:19:40] [INFO] REQ: POST /predict - Status: 200 - Czas: 13.52ms
[2025-12-20 13:19:40] [INFO] REQ: POST /predict - Status: 200 - Czas: 16.03ms
[2025-12-20 13:19:40] [INFO] REQ: POST /predict - Status: 200 - Czas: 16.73ms
[2025-12-20 13:19:40] [INFO] REQ: POST /predict - Status: 200 - Czas: 17.49ms
[2025-12-20 13:19:40] [INFO] REQ: POST /predict - Status: 200 - Czas: 15.73ms
[2025-12-20 13:19:40] [INFO] REQ: POST /predict - Status: 200 - Czas: 17.04ms
[2025-12-20 13:19:40] [INFO] REQ: POST /predict - Status: 200 - Czas: 22.33ms
[2025-12-20 13:19:40] [INFO] REQ: POST /predict - Status: 200 - Czas: 24.76ms
[2025-12-20 13:19:40] [INFO] REQ: POST /predict - Status: 200 - Czas: 19.82ms
[2025-12-20 13:19:40] [INFO] REQ: POST /predict - Status: 200 - Czas: 15.90ms
[2025-12-20 13:19:40] [INFO] REQ: POST /predict - Status: 200 - Czas: 21.10ms
[2025-12-20 13:19:40] [INFO] REQ: POST /predict - Status: 200 - Czas: 22.08ms
[2025-12-20 13:19:41] [INFO] REQ: POST /predict - Status: 200 - Czas: 21.61ms
[2025-12-20 13:19:41] [INFO] REQ: POST /predict - Status: 200 - Czas: 14.06ms
[2025-12-20 13:19:41] [INFO] REQ: POST /predict - Status: 200 - Czas: 8.25ms
[2025-12-20 13:19:41] [INFO] REQ: POST /predict - Status: 200 - Czas: 20.47ms
[2025-12-20 13:19:41] [INFO] REQ: POST /predict - Status: 200 - Czas: 21.61ms
[2025-12-20 13:19:41] [INFO] REQ: POST /predict - Status: 200 - Czas: 21.55ms
[2025-12-20 13:19:41] [INFO] REQ: POST /predict - Status: 200 - Czas: 16.90ms
[2025-12-20 13:19:41] [INFO] REQ: POST /predict - Status: 200 - Czas: 6.32ms
[2025-12-20 13:19:41] [INFO] REQ: POST /predict - Status: 200 - Czas: 12.03ms
[2025-12-20 13:19:41] [INFO] REQ: POST /predict - Status: 200 - Czas: 13.18ms
[2025-12-20 13:19:41] [INFO] REQ: POST /predict - Status: 200 - Czas: 15.27ms
[2025-12-20 13:19:41] [INFO] REQ: POST /predict - Status: 200 - Czas: 11.71ms
[2025-12-20 13:19:41] [INFO] REQ: POST /predict - Status: 200 - Czas: 12.97ms
[2025-12-20 13:19:41] [INFO] REQ: POST /predict - Status: 200 - Czas: 16.31ms
[2025-12-20 13:19:41] [INFO] REQ: POST /predict - Status: 200 - Czas: 15.89ms
[2025-12-20 13:19:41] [INFO] REQ: POST /predict - Status: 200 - Czas: 20.19ms
[2025-12-20 13:19:41] [INFO] REQ: POST /predict - Status: 200 - Czas: 17.56ms
[2025-12-20 13:19:41] [INFO] REQ: POST /predict - Status: 200 - Czas: 8.57ms
[2025-12-20 13:19:41] [INFO] REQ: POST /predict - Status: 200 - Czas: 12.37ms
[2025-12-20 13:19:41] [INFO] REQ: POST /predict - Status: 200 - Czas: 11.70ms
[2025-12-20 13:19:41] [INFO] REQ: POST /predict - Status: 200 - Czas: 11.98ms
[2025-12-20 13:19:41] [INFO] REQ: POST /predict - Status: 200 - Czas: 13.52ms
[2025-12-20 13:19:41] [INFO] REQ: POST /predict - Status: 200 - Czas: 10.41ms
[2025-12-20 13:19:41] [INFO] REQ: POST /predict - Status: 200 - Czas: 15.15ms
[2025-12-20 13:19:41] [INFO] REQ: POST /predict - Status: 200 - Czas: 13.60ms
[2025-12-20 13:19:41] [INFO] REQ: POST /predict - Status: 200 - Czas: 10.98ms
[2025-12-20 13:19:41] [INFO] REQ: POST /predict - Status: 200 - Czas: 9.63ms
[2025-12-20 13:19:41] [INFO] REQ: POST /predict - Status: 200 - Czas: 10.46ms
[2025-12-20 13:19:41] [INFO] REQ: POST /predict - Status: 200 - Czas: 12.04ms
[2025-12-20 13:19:41] [INFO] REQ: POST /predict - Status: 200 - Czas: 14.39ms
[2025-12-20 13:19:41] [INFO] REQ: POST /predict - Status: 200 - Czas: 13.91ms
[2025-12-20 13:19:41] [INFO] REQ: POST /predict - Status: 200 - Czas: 16.83ms
[2025-12-20 13:19:41] [INFO] REQ: POST /predict - Status: 200 - Czas: 5.88ms
[2025-12-20 13:19:41] [INFO] REQ: POST /predict - Status: 200 - Czas: 10.97ms
[2025-12-20 13:19:41] [INFO] REQ: POST /predict - Status: 200 - Czas: 12.18ms
[2025-12-20 13:19:41] [INFO] REQ: POST /predict - Status: 200 - Czas: 9.44ms
[2025-12-20 13:19:41] [INFO] REQ: POST /predict - Status: 200 - Czas: 11.30ms
[2025-12-20 13:19:41] [INFO] REQ: POST /predict - Status: 200 - Czas: 7.16ms
[2025-12-20 13:19:41] [INFO] REQ: POST /predict - Status: 200 - Czas: 11.21ms
[2025-12-20 13:19:41] [INFO] REQ: POST /predict - Status: 200 - Czas: 12.20ms
[2025-12-20 13:19:41] [INFO] REQ: POST /predict - Status: 200 - Czas: 12.84ms
[2025-12-20 13:19:41] [INFO] REQ: POST /predict - Status: 200 - Czas: 6.40ms
[2025-12-20 13:19:41] [INFO] REQ: POST /predict - Status: 200 - Czas: 12.79ms
[2025-12-20 13:19:41] [INFO] REQ: POST /predict - Status: 200 - Czas: 19.58ms
[2025-12-20 13:19:41] [INFO] REQ: POST /predict - Status: 200 - Czas: 17.79ms
[2025-12-20 13:19:41] [INFO] REQ: POST /predict - Status: 200 - Czas: 18.36ms
[2025-12-20 13:19:41] [INFO] REQ: POST /predict - Status: 200 - Czas: 4.19ms
[2025-12-20 13:19:41] [INFO] REQ: POST /predict - Status: 200 - Czas: 10.28ms
[2025-12-20 13:19:41] [INFO] REQ: POST /predict - Status: 200 - Czas: 15.84ms
[2025-12-20 13:19:41] [INFO] REQ: POST /predict - Status: 200 - Czas: 17.96ms
[2025-12-20 13:19:41] [INFO] REQ: POST /predict - Status: 200 - Czas: 20.75ms
[2025-12-20 13:19:41] [INFO] REQ: POST /predict - Status: 200 - Czas: 20.43ms
[2025-12-20 13:19:41] [INFO] REQ: POST /predict - Status: 200 - Czas: 5.59ms
[2025-12-20 13:19:41] [INFO] REQ: POST /predict - Status: 200 - Czas: 7.18ms
[2025-12-20 13:19:41] [INFO] REQ: POST /predict - Status: 200 - Czas: 9.78ms
[2025-12-20 13:19:41] [INFO] REQ: POST /predict - Status: 200 - Czas: 14.80ms
[2025-12-20 13:19:41] [INFO] REQ: POST /predict - Status: 200 - Czas: 16.07ms
[2025-12-20 13:19:41] [INFO] REQ: POST /predict - Status: 200 - Czas: 8.27ms
[2025-12-20 13:19:41] [INFO] REQ: POST /predict - Status: 200 - Czas: 8.87ms
[2025-12-20 13:19:41] [INFO] REQ: POST /predict - Status: 200 - Czas: 6.01ms
[2025-12-20 13:19:41] [INFO] REQ: POST /predict - Status: 200 - Czas: 9.86ms
[2025-12-20 13:19:41] [INFO] REQ: POST /predict - Status: 200 - Czas: 9.54ms
[2025-12-20 13:19:41] [INFO] REQ: POST /predict - Status: 200 - Czas: 28.32ms
[2025-12-20 13:19:41] [INFO] REQ: POST /predict - Status: 200 - Czas: 29.19ms
[2025-12-20 13:19:41] [INFO] REQ: POST /predict - Status: 200 - Czas: 19.63ms
[2025-12-20 13:19:41] [INFO] REQ: POST /predict - Status: 200 - Czas: 9.13ms
[2025-12-20 13:19:41] [INFO] REQ: POST /predict - Status: 200 - Czas: 9.24ms
[2025-12-20 13:19:41] [INFO] REQ: POST /predict - Status: 200 - Czas: 7.43ms
[2025-12-20 13:19:41] [INFO] REQ: POST /predict - Status: 200 - Czas: 12.23ms
[2025-12-20 13:19:41] [INFO] REQ: POST /predict - Status: 200 - Czas: 13.93ms
[2025-12-20 13:19:41] [INFO] REQ: POST /predict - Status: 200 - Czas: 10.56ms
[2025-12-20 13:19:41] [INFO] REQ: POST /predict - Status: 200 - Czas: 10.52ms
[2025-12-20 13:19:41] [INFO] REQ: POST /predict - Status: 200 - Czas: 15.70ms
[2025-12-20 13:19:41] [INFO] REQ: POST /predict - Status: 200 - Czas: 18.23ms
[2025-12-20 13:19:41] [INFO] REQ: POST /predict - Status: 200 - Czas: 22.90ms
[2025-12-20 13:19:41] [INFO] REQ: POST /predict - Status: 200 - Czas: 23.19ms
[2025-12-20 13:19:41] [INFO] REQ: POST /predict - Status: 200 - Czas: 23.41ms
[2025-12-20 13:19:41] [INFO] REQ: POST /predict - Status: 200 - Czas: 4.87ms
[2025-12-20 13:19:41] [INFO] REQ: POST /predict - Status: 200 - Czas: 7.47ms
[2025-12-20 13:19:41] [INFO] REQ: POST /predict - Status: 200 - Czas: 12.28ms
[2025-12-20 13:19:41] [INFO] REQ: POST /predict - Status: 200 - Czas: 15.03ms
[2025-12-20 13:19:41] [INFO] REQ: POST /predict - Status: 200 - Czas: 11.26ms
[2025-12-20 13:19:41] [INFO] REQ: POST /predict - Status: 200 - Czas: 7.03ms
[2025-12-20 13:19:41] [INFO] REQ: POST /predict - Status: 200 - Czas: 7.04ms
[2025-12-20 13:19:41] [INFO] REQ: POST /predict - Status: 200 - Czas: 11.00ms
[2025-12-20 13:19:41] [INFO] REQ: POST /predict - Status: 200 - Czas: 13.62ms
[2025-12-20 13:19:41] [INFO] REQ: POST /predict - Status: 200 - Czas: 14.53ms
[2025-12-20 13:19:41] [INFO] REQ: POST /predict - Status: 200 - Czas: 13.18ms
[2025-12-20 13:19:41] [INFO] REQ: POST /predict - Status: 200 - Czas: 7.10ms
[2025-12-20 13:19:41] [INFO] REQ: POST /predict - Status: 200 - Czas: 6.19ms
[2025-12-20 13:19:41] [INFO] REQ: POST /predict - Status: 200 - Czas: 9.85ms
[2025-12-20 13:19:41] [INFO] REQ: POST /predict - Status: 200 - Czas: 11.55ms
[2025-12-20 13:19:41] [INFO] REQ: POST /predict - Status: 200 - Czas: 13.57ms
[2025-12-20 13:19:41] [INFO] REQ: POST /predict - Status: 200 - Czas: 14.44ms
[2025-12-20 13:19:41] [INFO] REQ: POST /predict - Status: 200 - Czas: 12.28ms
[2025-12-20 13:19:41] [INFO] REQ: POST /predict - Status: 200 - Czas: 7.55ms
[2025-12-20 13:19:41] [INFO] REQ: POST /predict - Status: 200 - Czas: 13.16ms
[2025-12-20 13:19:41] [INFO] REQ: POST /predict - Status: 200 - Czas: 17.27ms
[2025-12-20 13:19:41] [INFO] REQ: POST /predict - Status: 200 - Czas: 16.01ms
[2025-12-20 13:19:41] [INFO] REQ: POST /predict - Status: 200 - Czas: 17.82ms
[2025-12-20 13:19:41] [INFO] REQ: POST /predict - Status: 200 - Czas: 6.75ms
[2025-12-20 13:19:41] [INFO] REQ: POST /predict - Status: 200 - Czas: 7.14ms
[2025-12-20 13:19:41] [INFO] REQ: POST /predict - Status: 200 - Czas: 13.76ms
[2025-12-20 13:19:41] [INFO] REQ: POST /predict - Status: 200 - Czas: 15.34ms
[2025-12-20 13:19:41] [INFO] REQ: POST /predict - Status: 200 - Czas: 14.24ms
[2025-12-20 13:19:41] [INFO] REQ: POST /predict - Status: 200 - Czas: 13.06ms
[2025-12-20 13:19:41] [INFO] REQ: POST /predict - Status: 200 - Czas: 3.26ms
[2025-12-20 13:19:41] [INFO] REQ: POST /predict - Status: 200 - Czas: 11.32ms
[2025-12-20 13:19:41] [INFO] REQ: POST /predict - Status: 200 - Czas: 15.42ms
[2025-12-20 13:19:41] [INFO] REQ: POST /predict - Status: 200 - Czas: 13.28ms
[2025-12-20 13:19:41] [INFO] REQ: POST /predict - Status: 200 - Czas: 17.63ms
[2025-12-20 13:19:41] [INFO] REQ: POST /predict - Status: 200 - Czas: 16.55ms
[2025-12-20 13:19:41] [INFO] REQ: POST /predict - Status: 200 - Czas: 9.19ms
[2025-12-20 13:19:41] [INFO] REQ: POST /predict - Status: 200 - Czas: 10.86ms
[2025-12-20 13:19:41] [INFO] REQ: POST /predict - Status: 200 - Czas: 11.35ms
[2025-12-20 13:19:41] [INFO] REQ: POST /predict - Status: 200 - Czas: 13.69ms
[2025-12-20 13:19:41] [INFO] REQ: POST /predict - Status: 200 - Czas: 15.58ms
[2025-12-20 13:19:41] [INFO] REQ: POST /predict - Status: 200 - Czas: 9.07ms
[2025-12-20 13:19:41] [INFO] REQ: POST /predict - Status: 200 - Czas: 9.86ms
[2025-12-20 13:19:41] [INFO] REQ: POST /predict - Status: 200 - Czas: 14.03ms
[2025-12-20 13:19:41] [INFO] REQ: POST /predict - Status: 200 - Czas: 18.53ms
[2025-12-20 13:19:41] [INFO] REQ: POST /predict - Status: 200 - Czas: 19.06ms
[2025-12-20 13:19:41] [INFO] REQ: POST /predict - Status: 200 - Czas: 15.96ms
[2025-12-20 13:19:41] [INFO] REQ: POST /predict - Status: 200 - Czas: 6.55ms
[2025-12-20 13:19:41] [INFO] REQ: POST /predict - Status: 200 - Czas: 14.69ms
[2025-12-20 13:19:41] [INFO] REQ: POST /predict - Status: 200 - Czas: 14.75ms
[2025-12-20 13:19:41] [INFO] REQ: POST /predict - Status: 200 - Czas: 18.62ms
[2025-12-20 13:19:41] [INFO] REQ: POST /predict - Status: 200 - Czas: 16.17ms
[2025-12-20 13:19:41] [INFO] REQ: POST /predict - Status: 200 - Czas: 13.57ms
[2025-12-20 13:19:41] [INFO] REQ: POST /predict - Status: 200 - Czas: 9.90ms
[2025-12-20 13:19:41] [INFO] REQ: POST /predict - Status: 200 - Czas: 11.77ms
[2025-12-20 13:19:41] [INFO] REQ: POST /predict - Status: 200 - Czas: 15.25ms
[2025-12-20 13:19:41] [INFO] REQ: POST /predict - Status: 200 - Czas: 22.48ms
[2025-12-20 13:19:41] [INFO] REQ: POST /predict - Status: 200 - Czas: 21.44ms
[2025-12-20 13:19:41] [INFO] REQ: POST /predict - Status: 200 - Czas: 19.84ms
[2025-12-20 13:19:41] [INFO] REQ: POST /predict - Status: 200 - Czas: 12.49ms
[2025-12-20 13:19:42] [INFO] REQ: POST /predict - Status: 200 - Czas: 8.82ms
[2025-12-20 13:19:42] [INFO] REQ: POST /predict - Status: 200 - Czas: 12.14ms
[2025-12-20 13:19:42] [INFO] REQ: POST /predict - Status: 200 - Czas: 14.15ms
[2025-12-20 13:19:42] [INFO] REQ: POST /predict - Status: 200 - Czas: 13.06ms
[2025-12-20 13:19:42] [INFO] REQ: POST /predict - Status: 200 - Czas: 12.97ms
[2025-12-20 13:19:42] [INFO] REQ: POST /predict - Status: 200 - Czas: 8.33ms
[2025-12-20 13:19:42] [INFO] REQ: POST /predict - Status: 200 - Czas: 11.27ms
[2025-12-20 13:19:42] [INFO] REQ: POST /predict - Status: 200 - Czas: 14.34ms
[2025-12-20 13:19:42] [INFO] REQ: POST /predict - Status: 200 - Czas: 16.34ms
[2025-12-20 13:19:42] [INFO] REQ: POST /predict - Status: 200 - Czas: 18.87ms
[2025-12-20 13:19:42] [INFO] REQ: POST /predict - Status: 200 - Czas: 18.98ms
[2025-12-20 13:19:42] [INFO] REQ: POST /predict - Status: 200 - Czas: 16.89ms
[2025-12-20 13:19:42] [INFO] REQ: POST /predict - Status: 200 - Czas: 22.85ms
[2025-12-20 13:19:42] [INFO] REQ: POST /predict - Status: 200 - Czas: 22.98ms
[2025-12-20 13:19:42] [INFO] REQ: POST /predict - Status: 200 - Czas: 22.98ms
[2025-12-20 13:19:42] [INFO] REQ: POST /predict - Status: 200 - Czas: 16.94ms
[2025-12-20 13:19:42] [INFO] REQ: POST /predict - Status: 200 - Czas: 19.07ms
[2025-12-20 13:19:42] [INFO] REQ: POST /predict - Status: 200 - Czas: 18.21ms
[2025-12-20 13:19:42] [INFO] REQ: POST /predict - Status: 200 - Czas: 25.48ms
[2025-12-20 13:19:42] [INFO] REQ: POST /predict - Status: 200 - Czas: 30.63ms
[2025-12-20 13:19:42] [INFO] REQ: POST /predict - Status: 200 - Czas: 11.10ms
[2025-12-20 13:19:42] [INFO] REQ: POST /predict - Status: 200 - Czas: 8.93ms
[2025-12-20 13:19:42] [INFO] REQ: POST /predict - Status: 200 - Czas: 11.25ms
[2025-12-20 13:19:42] [INFO] REQ: POST /predict - Status: 200 - Czas: 12.37ms
[2025-12-20 13:19:42] [INFO] REQ: POST /predict - Status: 200 - Czas: 17.04ms
[2025-12-20 13:19:42] [INFO] REQ: POST /predict - Status: 200 - Czas: 15.32ms
[2025-12-20 13:19:42] [INFO] REQ: POST /predict - Status: 200 - Czas: 11.44ms
[2025-12-20 13:19:42] [INFO] REQ: POST /predict - Status: 200 - Czas: 10.55ms
[2025-12-20 13:19:42] [INFO] REQ: POST /predict - Status: 200 - Czas: 9.29ms
[2025-12-20 13:19:42] [INFO] REQ: POST /predict - Status: 200 - Czas: 13.95ms
[2025-12-20 13:19:42] [INFO] REQ: POST /predict - Status: 200 - Czas: 14.32ms
[2025-12-20 13:19:42] [INFO] REQ: POST /predict - Status: 200 - Czas: 11.34ms
[2025-12-20 13:19:42] [INFO] REQ: POST /predict - Status: 200 - Czas: 16.01ms
[2025-12-20 13:19:42] [INFO] REQ: POST /predict - Status: 200 - Czas: 9.08ms
[2025-12-20 13:19:42] [INFO] REQ: POST /predict - Status: 200 - Czas: 16.11ms
[2025-12-20 13:19:42] [INFO] REQ: POST /predict - Status: 200 - Czas: 14.58ms
[2025-12-20 13:19:42] [INFO] REQ: POST /predict - Status: 200 - Czas: 15.35ms
[2025-12-20 13:19:42] [INFO] REQ: POST /predict - Status: 200 - Czas: 14.13ms
[2025-12-20 13:19:42] [INFO] REQ: POST /predict - Status: 200 - Czas: 14.18ms
[2025-12-20 13:19:42] [INFO] REQ: POST /predict - Status: 200 - Czas: 9.66ms
[2025-12-20 13:19:42] [INFO] REQ: POST /predict - Status: 200 - Czas: 18.62ms
[2025-12-20 13:19:42] [INFO] REQ: POST /predict - Status: 200 - Czas: 21.77ms
[2025-12-20 13:19:42] [INFO] REQ: POST /predict - Status: 200 - Czas: 18.89ms
[2025-12-20 13:19:42] [INFO] REQ: POST /predict - Status: 200 - Czas: 18.90ms
[2025-12-20 13:19:42] [INFO] REQ: POST /predict - Status: 200 - Czas: 6.08ms
[2025-12-20 13:19:42] [INFO] REQ: POST /predict - Status: 200 - Czas: 11.38ms
[2025-12-20 13:19:42] [INFO] REQ: POST /predict - Status: 200 - Czas: 13.51ms
[2025-12-20 13:19:42] [INFO] REQ: POST /predict - Status: 200 - Czas: 15.06ms
[2025-12-20 13:19:42] [INFO] REQ: POST /predict - Status: 200 - Czas: 12.78ms
[2025-12-20 13:19:42] [INFO] REQ: POST /predict - Status: 200 - Czas: 14.42ms
[2025-12-20 13:19:42] [INFO] REQ: POST /predict - Status: 200 - Czas: 11.66ms
[2025-12-20 13:19:42] [INFO] REQ: POST /predict - Status: 200 - Czas: 15.28ms
[2025-12-20 13:19:42] [INFO] REQ: POST /predict - Status: 200 - Czas: 19.36ms
[2025-12-20 13:19:42] [INFO] REQ: POST /predict - Status: 200 - Czas: 24.90ms
[2025-12-20 13:19:42] [INFO] REQ: POST /predict - Status: 200 - Czas: 23.55ms
[2025-12-20 13:19:42] [INFO] REQ: POST /predict - Status: 200 - Czas: 6.24ms
[2025-12-20 13:19:42] [INFO] REQ: POST /predict - Status: 200 - Czas: 18.02ms
[2025-12-20 13:19:42] [INFO] REQ: POST /predict - Status: 200 - Czas: 17.92ms
[2025-12-20 13:19:42] [INFO] REQ: POST /predict - Status: 200 - Czas: 20.27ms
[2025-12-20 13:19:42] [INFO] REQ: POST /predict - Status: 200 - Czas: 19.76ms
[2025-12-20 13:19:42] [INFO] REQ: POST /predict - Status: 200 - Czas: 16.89ms
[2025-12-20 13:19:42] [INFO] REQ: POST /predict - Status: 200 - Czas: 7.83ms
[2025-12-20 13:19:42] [INFO] REQ: POST /predict - Status: 200 - Czas: 8.01ms
[2025-12-20 13:19:42] [INFO] REQ: POST /predict - Status: 200 - Czas: 8.20ms
[2025-12-20 13:19:42] [INFO] REQ: POST /predict - Status: 200 - Czas: 7.90ms
[2025-12-20 13:19:42] [INFO] REQ: POST /predict - Status: 200 - Czas: 7.19ms
[2025-12-20 13:19:42] [INFO] REQ: POST /predict - Status: 200 - Czas: 12.71ms
[2025-12-20 13:19:42] [INFO] REQ: POST /predict - Status: 200 - Czas: 13.32ms
[2025-12-20 13:19:42] [INFO] REQ: POST /predict - Status: 200 - Czas: 16.73ms
[2025-12-20 13:19:42] [INFO] REQ: POST /predict - Status: 200 - Czas: 16.71ms
[2025-12-20 13:19:42] [INFO] REQ: POST /predict - Status: 200 - Czas: 15.55ms
[2025-12-20 13:19:42] [INFO] REQ: POST /predict - Status: 200 - Czas: 11.37ms
[2025-12-20 13:19:42] [INFO] REQ: POST /predict - Status: 200 - Czas: 3.26ms
[2025-12-20 13:19:42] [INFO] REQ: POST /predict - Status: 200 - Czas: 8.55ms
[2025-12-20 13:19:42] [INFO] REQ: POST /predict - Status: 200 - Czas: 10.26ms
[2025-12-20 13:19:42] [INFO] REQ: POST /predict - Status: 200 - Czas: 9.31ms
[2025-12-20 13:19:42] [INFO] REQ: POST /predict - Status: 200 - Czas: 15.74ms
[2025-12-20 13:19:42] [INFO] REQ: POST /predict - Status: 200 - Czas: 14.16ms
[2025-12-20 13:19:42] [INFO] REQ: POST /predict - Status: 200 - Czas: 9.43ms
[2025-12-20 13:19:42] [INFO] REQ: POST /predict - Status: 200 - Czas: 12.05ms
[2025-12-20 13:19:42] [INFO] REQ: POST /predict - Status: 200 - Czas: 14.07ms
[2025-12-20 13:19:42] [INFO] REQ: POST /predict - Status: 200 - Czas: 8.89ms
[2025-12-20 13:19:42] [INFO] REQ: POST /predict - Status: 200 - Czas: 12.54ms
[2025-12-20 13:19:42] [INFO] REQ: POST /predict - Status: 200 - Czas: 12.44ms
[2025-12-20 13:19:42] [INFO] REQ: POST /predict - Status: 200 - Czas: 14.98ms
[2025-12-20 13:19:42] [INFO] REQ: POST /predict - Status: 200 - Czas: 19.69ms
[2025-12-20 13:19:42] [INFO] REQ: POST /predict - Status: 200 - Czas: 17.17ms
[2025-12-20 13:19:42] [INFO] REQ: POST /predict - Status: 200 - Czas: 13.44ms
[2025-12-20 13:19:42] [INFO] REQ: POST /predict - Status: 200 - Czas: 14.75ms
[2025-12-20 13:19:42] [INFO] REQ: POST /predict - Status: 200 - Czas: 9.77ms
[2025-12-20 13:19:42] [INFO] REQ: POST /predict - Status: 200 - Czas: 9.95ms
[2025-12-20 13:19:42] [INFO] REQ: POST /predict - Status: 200 - Czas: 10.85ms
[2025-12-20 13:19:42] [INFO] REQ: POST /predict - Status: 200 - Czas: 10.05ms
[2025-12-20 13:19:42] [INFO] REQ: POST /predict - Status: 200 - Czas: 10.96ms
[2025-12-20 13:19:42] [INFO] REQ: POST /predict - Status: 200 - Czas: 14.91ms
[2025-12-20 13:19:42] [INFO] REQ: POST /predict - Status: 200 - Czas: 17.34ms
[2025-12-20 13:19:42] [INFO] REQ: POST /predict - Status: 200 - Czas: 16.03ms
[2025-12-20 13:19:42] [INFO] REQ: POST /predict - Status: 200 - Czas: 32.61ms
[2025-12-20 13:19:42] [INFO] REQ: POST /predict - Status: 200 - Czas: 34.42ms
[2025-12-20 13:19:42] [INFO] REQ: POST /predict - Status: 200 - Czas: 13.44ms
[2025-12-20 13:19:42] [INFO] REQ: POST /predict - Status: 200 - Czas: 16.83ms
[2025-12-20 13:19:42] [INFO] REQ: POST /predict - Status: 200 - Czas: 15.11ms
[2025-12-20 13:19:42] [INFO] REQ: POST /predict - Status: 200 - Czas: 14.40ms
[2025-12-20 13:19:42] [INFO] REQ: POST /predict - Status: 200 - Czas: 12.29ms
[2025-12-20 13:19:42] [INFO] REQ: POST /predict - Status: 200 - Czas: 11.30ms
[2025-12-20 13:19:42] [INFO] REQ: POST /predict - Status: 200 - Czas: 11.81ms
[2025-12-20 13:19:42] [INFO] REQ: POST /predict - Status: 200 - Czas: 15.09ms
[2025-12-20 13:19:42] [INFO] REQ: POST /predict - Status: 200 - Czas: 16.62ms
[2025-12-20 13:19:42] [INFO] REQ: POST /predict - Status: 200 - Czas: 17.49ms
[2025-12-20 13:19:42] [INFO] REQ: POST /predict - Status: 200 - Czas: 12.20ms
[2025-12-20 13:19:42] [INFO] REQ: POST /predict - Status: 200 - Czas: 18.33ms
[2025-12-20 13:19:42] [INFO] REQ: POST /predict - Status: 200 - Czas: 17.75ms
[2025-12-20 13:19:42] [INFO] REQ: POST /predict - Status: 200 - Czas: 18.64ms
[2025-12-20 13:19:42] [INFO] REQ: POST /predict - Status: 200 - Czas: 15.91ms
[2025-12-20 13:19:42] [INFO] REQ: POST /predict - Status: 200 - Czas: 11.12ms
[2025-12-20 13:19:42] [INFO] REQ: POST /predict - Status: 200 - Czas: 10.44ms
[2025-12-20 13:19:42] [INFO] REQ: POST /predict - Status: 200 - Czas: 13.07ms
[2025-12-20 13:19:42] [INFO] REQ: POST /predict - Status: 200 - Czas: 11.05ms
[2025-12-20 13:19:42] [INFO] REQ: POST /predict - Status: 200 - Czas: 11.69ms
[2025-12-20 13:19:42] [INFO] REQ: POST /predict - Status: 200 - Czas: 16.74ms
[2025-12-20 13:19:42] [INFO] REQ: POST /predict - Status: 200 - Czas: 28.40ms
[2025-12-20 13:19:42] [INFO] REQ: POST /predict - Status: 200 - Czas: 23.70ms
[2025-12-20 13:19:42] [INFO] REQ: POST /predict - Status: 200 - Czas: 22.04ms
[2025-12-20 13:19:42] [INFO] REQ: POST /predict - Status: 200 - Czas: 16.20ms
[2025-12-20 13:19:42] [INFO] REQ: POST /predict - Status: 200 - Czas: 14.62ms
[2025-12-20 13:19:42] [INFO] REQ: POST /predict - Status: 200 - Czas: 17.58ms
[2025-12-20 13:19:42] [INFO] REQ: POST /predict - Status: 200 - Czas: 14.92ms
[2025-12-20 13:19:42] [INFO] REQ: POST /predict - Status: 200 - Czas: 13.50ms
[2025-12-20 13:19:42] [INFO] REQ: POST /predict - Status: 200 - Czas: 12.78ms
[2025-12-20 13:19:42] [INFO] REQ: POST /predict - Status: 200 - Czas: 11.64ms
[2025-12-20 13:19:42] [INFO] REQ: POST /predict - Status: 200 - Czas: 12.77ms
[2025-12-20 13:19:42] [INFO] REQ: POST /predict - Status: 200 - Czas: 15.15ms
[2025-12-20 13:19:42] [INFO] REQ: POST /predict - Status: 200 - Czas: 22.97ms
[2025-12-20 13:19:42] [INFO] REQ: POST /predict - Status: 200 - Czas: 22.30ms
[2025-12-20 13:19:42] [INFO] REQ: POST /predict - Status: 200 - Czas: 11.39ms
[2025-12-20 13:19:42] [INFO] REQ: POST /predict - Status: 200 - Czas: 11.53ms
[2025-12-20 13:19:42] [INFO] REQ: POST /predict - Status: 200 - Czas: 16.09ms
[2025-12-20 13:19:42] [INFO] REQ: POST /predict - Status: 200 - Czas: 15.40ms
[2025-12-20 13:19:42] [INFO] REQ: POST /predict - Status: 200 - Czas: 15.08ms
[2025-12-20 13:19:42] [INFO] REQ: POST /predict - Status: 200 - Czas: 4.20ms
[2025-12-20 13:19:42] [INFO] REQ: POST /predict - Status: 200 - Czas: 11.31ms
[2025-12-20 13:19:43] [INFO] REQ: POST /predict - Status: 200 - Czas: 12.84ms
[2025-12-20 13:19:43] [INFO] REQ: POST /predict - Status: 200 - Czas: 12.25ms
[2025-12-20 13:19:43] [INFO] REQ: POST /predict - Status: 200 - Czas: 15.68ms
[2025-12-20 13:19:43] [INFO] REQ: POST /predict - Status: 200 - Czas: 17.01ms
[2025-12-20 13:19:43] [INFO] REQ: POST /predict - Status: 200 - Czas: 7.68ms
[2025-12-20 13:19:43] [INFO] REQ: POST /predict - Status: 200 - Czas: 12.29ms
[2025-12-20 13:19:43] [INFO] REQ: POST /predict - Status: 200 - Czas: 14.56ms
[2025-12-20 13:19:43] [INFO] REQ: POST /predict - Status: 200 - Czas: 12.43ms
[2025-12-20 13:19:43] [INFO] REQ: POST /predict - Status: 200 - Czas: 8.42ms
[2025-12-20 13:19:43] [INFO] REQ: POST /predict - Status: 200 - Czas: 10.29ms
[2025-12-20 13:19:43] [INFO] REQ: POST /predict - Status: 200 - Czas: 16.30ms
[2025-12-20 13:19:43] [INFO] REQ: POST /predict - Status: 200 - Czas: 15.06ms
[2025-12-20 13:19:43] [INFO] REQ: POST /predict - Status: 200 - Czas: 18.77ms
[2025-12-20 13:19:43] [INFO] REQ: POST /predict - Status: 200 - Czas: 17.74ms
[2025-12-20 13:19:43] [INFO] REQ: POST /predict - Status: 200 - Czas: 9.88ms
[2025-12-20 13:19:43] [INFO] REQ: POST /predict - Status: 200 - Czas: 14.97ms
[2025-12-20 13:19:43] [INFO] REQ: POST /predict - Status: 200 - Czas: 16.87ms
[2025-12-20 13:19:43] [INFO] REQ: POST /predict - Status: 200 - Czas: 16.20ms
[2025-12-20 13:19:43] [INFO] REQ: POST /predict - Status: 200 - Czas: 13.86ms
[2025-12-20 13:19:43] [INFO] REQ: POST /predict - Status: 200 - Czas: 12.82ms
[2025-12-20 13:19:43] [INFO] REQ: POST /predict - Status: 200 - Czas: 19.17ms
[2025-12-20 13:19:43] [INFO] REQ: POST /predict - Status: 200 - Czas: 20.66ms
[2025-12-20 13:19:43] [INFO] REQ: POST /predict - Status: 200 - Czas: 21.62ms
[2025-12-20 13:19:43] [INFO] REQ: POST /predict - Status: 200 - Czas: 18.35ms
[2025-12-20 13:19:43] [INFO] REQ: POST /predict - Status: 200 - Czas: 16.48ms
[2025-12-20 13:19:43] [INFO] REQ: POST /predict - Status: 200 - Czas: 20.67ms
[2025-12-20 13:19:43] [INFO] REQ: POST /predict - Status: 200 - Czas: 21.62ms
[2025-12-20 13:19:43] [INFO] REQ: POST /predict - Status: 200 - Czas: 23.36ms
[2025-12-20 13:19:43] [INFO] REQ: POST /predict - Status: 200 - Czas: 21.12ms
[2025-12-20 13:19:43] [INFO] REQ: POST /predict - Status: 200 - Czas: 6.07ms
[2025-12-20 13:19:43] [INFO] REQ: POST /predict - Status: 200 - Czas: 10.79ms
[2025-12-20 13:19:43] [INFO] REQ: POST /predict - Status: 200 - Czas: 10.05ms
[2025-12-20 13:19:43] [INFO] REQ: POST /predict - Status: 200 - Czas: 5.92ms
[2025-12-20 13:19:43] [INFO] REQ: POST /predict - Status: 200 - Czas: 8.73ms
[2025-12-20 13:19:43] [INFO] REQ: POST /predict - Status: 200 - Czas: 5.70ms
[2025-12-20 13:19:43] [INFO] REQ: POST /predict - Status: 200 - Czas: 6.53ms
[2025-12-20 13:19:43] [INFO] REQ: POST /predict - Status: 200 - Czas: 12.93ms
[2025-12-20 13:19:43] [INFO] REQ: POST /predict - Status: 200 - Czas: 14.31ms
[2025-12-20 13:19:43] [INFO] REQ: POST /predict - Status: 200 - Czas: 13.47ms
[2025-12-20 13:19:43] [INFO] REQ: POST /predict - Status: 200 - Czas: 10.38ms
[2025-12-20 13:19:43] [INFO] REQ: POST /predict - Status: 200 - Czas: 12.75ms
[2025-12-20 13:19:43] [INFO] REQ: POST /predict - Status: 200 - Czas: 16.37ms
[2025-12-20 13:19:43] [INFO] REQ: POST /predict - Status: 200 - Czas: 17.22ms
[2025-12-20 13:19:43] [INFO] REQ: POST /predict - Status: 200 - Czas: 6.39ms
[2025-12-20 13:19:43] [INFO] REQ: POST /predict - Status: 200 - Czas: 9.58ms
[2025-12-20 13:19:43] [INFO] REQ: POST /predict - Status: 200 - Czas: 12.28ms
[2025-12-20 13:19:43] [INFO] REQ: POST /predict - Status: 200 - Czas: 13.46ms
[2025-12-20 13:19:43] [INFO] REQ: POST /predict - Status: 200 - Czas: 19.96ms
[2025-12-20 13:19:43] [INFO] REQ: POST /predict - Status: 200 - Czas: 18.06ms
[2025-12-20 13:19:43] [INFO] REQ: POST /predict - Status: 200 - Czas: 6.05ms
[2025-12-20 13:19:43] [INFO] REQ: POST /predict - Status: 200 - Czas: 7.28ms
[2025-12-20 13:19:43] [INFO] REQ: POST /predict - Status: 200 - Czas: 9.64ms
[2025-12-20 13:19:43] [INFO] REQ: POST /predict - Status: 200 - Czas: 10.96ms
[2025-12-20 13:19:43] [INFO] REQ: POST /predict - Status: 200 - Czas: 18.50ms
[2025-12-20 13:19:43] [INFO] REQ: POST /predict - Status: 200 - Czas: 23.24ms
[2025-12-20 13:19:43] [INFO] REQ: POST /predict - Status: 200 - Czas: 19.77ms
[2025-12-20 13:19:43] [INFO] REQ: POST /predict - Status: 200 - Czas: 22.19ms
[2025-12-20 13:19:43] [INFO] REQ: POST /predict - Status: 200 - Czas: 12.76ms
[2025-12-20 13:19:43] [INFO] REQ: POST /predict - Status: 200 - Czas: 14.84ms
[2025-12-20 13:19:43] [INFO] REQ: POST /predict - Status: 200 - Czas: 22.36ms
[2025-12-20 13:19:43] [INFO] REQ: POST /predict - Status: 200 - Czas: 26.44ms
[2025-12-20 13:19:43] [INFO] REQ: POST /predict - Status: 200 - Czas: 25.65ms
[2025-12-20 13:19:43] [INFO] REQ: POST /predict - Status: 200 - Czas: 6.57ms
[2025-12-20 13:19:43] [INFO] REQ: POST /predict - Status: 200 - Czas: 9.26ms
[2025-12-20 13:19:43] [INFO] REQ: POST /predict - Status: 200 - Czas: 16.59ms
[2025-12-20 13:19:43] [INFO] REQ: POST /predict - Status: 200 - Czas: 21.77ms
[2025-12-20 13:19:43] [INFO] REQ: POST /predict - Status: 200 - Czas: 21.46ms
[2025-12-20 13:19:43] [INFO] REQ: POST /predict - Status: 200 - Czas: 23.25ms
[2025-12-20 13:19:43] [INFO] REQ: POST /predict - Status: 200 - Czas: 11.98ms
[2025-12-20 13:19:43] [INFO] REQ: POST /predict - Status: 200 - Czas: 9.60ms
[2025-12-20 13:19:43] [INFO] REQ: POST /predict - Status: 200 - Czas: 8.38ms
[2025-12-20 13:19:43] [INFO] REQ: POST /predict - Status: 200 - Czas: 11.33ms
[2025-12-20 13:19:43] [INFO] REQ: POST /predict - Status: 200 - Czas: 11.85ms
[2025-12-20 13:19:43] [INFO] REQ: POST /predict - Status: 200 - Czas: 13.95ms
[2025-12-20 13:19:43] [INFO] REQ: POST /predict - Status: 200 - Czas: 10.68ms
[2025-12-20 13:19:43] [INFO] REQ: POST /predict - Status: 200 - Czas: 13.81ms
[2025-12-20 13:19:43] [INFO] REQ: POST /predict - Status: 200 - Czas: 15.35ms
[2025-12-20 13:19:43] [INFO] REQ: POST /predict - Status: 200 - Czas: 19.22ms
[2025-12-20 13:19:43] [INFO] REQ: POST /predict - Status: 200 - Czas: 16.47ms
[2025-12-20 13:19:43] [INFO] REQ: POST /predict - Status: 200 - Czas: 12.20ms
[2025-12-20 13:19:43] [INFO] REQ: POST /predict - Status: 200 - Czas: 12.88ms
[2025-12-20 13:19:43] [INFO] REQ: POST /predict - Status: 200 - Czas: 13.82ms
[2025-12-20 13:19:43] [INFO] REQ: POST /predict - Status: 200 - Czas: 15.43ms
[2025-12-20 13:19:43] [INFO] REQ: POST /predict - Status: 200 - Czas: 12.75ms
[2025-12-20 13:19:43] [INFO] REQ: POST /predict - Status: 200 - Czas: 10.53ms
[2025-12-20 13:19:43] [INFO] REQ: POST /predict - Status: 200 - Czas: 12.76ms
[2025-12-20 13:19:43] [INFO] REQ: POST /predict - Status: 200 - Czas: 20.71ms
[2025-12-20 13:19:43] [INFO] REQ: POST /predict - Status: 200 - Czas: 22.75ms
[2025-12-20 13:19:43] [INFO] REQ: POST /predict - Status: 200 - Czas: 22.29ms
[2025-12-20 13:19:43] [INFO] REQ: POST /predict - Status: 200 - Czas: 9.45ms
[2025-12-20 13:19:43] [INFO] REQ: POST /predict - Status: 200 - Czas: 7.33ms
[2025-12-20 13:19:43] [INFO] REQ: POST /predict - Status: 200 - Czas: 51.32ms
[2025-12-20 13:19:43] [INFO] REQ: POST /predict - Status: 200 - Czas: 9.19ms
[2025-12-20 13:19:43] [INFO] REQ: POST /predict - Status: 200 - Czas: 8.73ms
[2025-12-20 13:19:43] [INFO] REQ: POST /predict - Status: 200 - Czas: 9.07ms
[2025-12-20 13:19:43] [INFO] REQ: POST /predict - Status: 200 - Czas: 6.88ms
[2025-12-20 13:19:43] [INFO] REQ: POST /predict - Status: 200 - Czas: 7.38ms
[2025-12-20 13:19:43] [INFO] REQ: POST /predict - Status: 200 - Czas: 12.26ms
[2025-12-20 13:19:43] [INFO] REQ: POST /predict - Status: 200 - Czas: 16.34ms
[2025-12-20 13:19:43] [INFO] REQ: POST /predict - Status: 200 - Czas: 17.04ms
[2025-12-20 13:19:43] [INFO] REQ: POST /predict - Status: 200 - Czas: 18.73ms
[2025-12-20 13:19:43] [INFO] REQ: POST /predict - Status: 200 - Czas: 6.67ms
[2025-12-20 13:19:43] [INFO] REQ: POST /predict - Status: 200 - Czas: 6.09ms
[2025-12-20 13:19:43] [INFO] REQ: POST /predict - Status: 200 - Czas: 9.05ms
[2025-12-20 13:19:43] [INFO] REQ: POST /predict - Status: 200 - Czas: 11.24ms
[2025-12-20 13:19:43] [INFO] REQ: POST /predict - Status: 200 - Czas: 15.89ms
[2025-12-20 13:19:43] [INFO] REQ: POST /predict - Status: 200 - Czas: 15.15ms
[2025-12-20 13:19:43] [INFO] REQ: POST /predict - Status: 200 - Czas: 17.80ms
[2025-12-20 13:19:43] [INFO] REQ: POST /predict - Status: 200 - Czas: 4.47ms
[2025-12-20 13:19:43] [INFO] REQ: POST /predict - Status: 200 - Czas: 18.51ms
[2025-12-20 13:19:43] [INFO] REQ: POST /predict - Status: 200 - Czas: 20.32ms
[2025-12-20 13:19:43] [INFO] REQ: POST /predict - Status: 200 - Czas: 23.03ms
[2025-12-20 13:19:43] [INFO] REQ: POST /predict - Status: 200 - Czas: 24.32ms
[2025-12-20 13:19:43] [INFO] REQ: POST /predict - Status: 200 - Czas: 22.26ms
[2025-12-20 13:19:43] [INFO] REQ: POST /predict - Status: 200 - Czas: 8.38ms
[2025-12-20 13:19:43] [INFO] REQ: POST /predict - Status: 200 - Czas: 6.87ms
[2025-12-20 13:19:43] [INFO] REQ: POST /predict - Status: 200 - Czas: 8.92ms
[2025-12-20 13:19:43] [INFO] REQ: POST /predict - Status: 200 - Czas: 11.58ms
[2025-12-20 13:19:43] [INFO] REQ: POST /predict - Status: 200 - Czas: 10.03ms
[2025-12-20 13:19:43] [INFO] REQ: POST /predict - Status: 200 - Czas: 14.94ms
[2025-12-20 13:19:43] [INFO] REQ: POST /predict - Status: 200 - Czas: 13.32ms
[2025-12-20 13:19:43] [INFO] REQ: POST /predict - Status: 200 - Czas: 14.09ms
[2025-12-20 13:19:43] [INFO] REQ: POST /predict - Status: 200 - Czas: 18.64ms
[2025-12-20 13:19:43] [INFO] REQ: POST /predict - Status: 200 - Czas: 22.55ms
[2025-12-20 13:19:43] [INFO] REQ: POST /predict - Status: 200 - Czas: 22.55ms
[2025-12-20 13:19:43] [INFO] REQ: POST /predict - Status: 200 - Czas: 22.39ms
[2025-12-20 13:19:43] [INFO] REQ: POST /predict - Status: 200 - Czas: 6.24ms
[2025-12-20 13:19:43] [INFO] REQ: POST /predict - Status: 200 - Czas: 4.83ms
[2025-12-20 13:19:43] [INFO] REQ: POST /predict - Status: 200 - Czas: 9.61ms
[2025-12-20 13:19:43] [INFO] REQ: POST /predict - Status: 200 - Czas: 10.55ms
[2025-12-20 13:19:43] [INFO] REQ: POST /predict - Status: 200 - Czas: 12.75ms
[2025-12-20 13:19:43] [INFO] REQ: POST /predict - Status: 200 - Czas: 14.61ms
[2025-12-20 13:19:43] [INFO] REQ: POST /predict - Status: 200 - Czas: 17.52ms
[2025-12-20 13:19:43] [INFO] REQ: POST /predict - Status: 200 - Czas: 5.72ms
[2025-12-20 13:19:43] [INFO] REQ: POST /predict - Status: 200 - Czas: 7.62ms
[2025-12-20 13:19:43] [INFO] REQ: POST /predict - Status: 200 - Czas: 14.95ms
[2025-12-20 13:19:43] [INFO] REQ: POST /predict - Status: 200 - Czas: 13.26ms
[2025-12-20 13:19:43] [INFO] REQ: POST /predict - Status: 200 - Czas: 17.94ms
[2025-12-20 13:19:43] [INFO] REQ: POST /predict - Status: 200 - Czas: 12.56ms
[2025-12-20 13:19:43] [INFO] REQ: POST /predict - Status: 200 - Czas: 5.18ms
[2025-12-20 13:19:44] [INFO] REQ: POST /predict - Status: 200 - Czas: 6.10ms
[2025-12-20 13:19:44] [INFO] REQ: POST /predict - Status: 200 - Czas: 8.80ms
[2025-12-20 13:19:44] [INFO] REQ: POST /predict - Status: 200 - Czas: 12.61ms
[2025-12-20 13:19:44] [INFO] REQ: POST /predict - Status: 200 - Czas: 11.81ms
[2025-12-20 13:19:44] [INFO] REQ: POST /predict - Status: 200 - Czas: 11.34ms
[2025-12-20 13:19:44] [INFO] REQ: POST /predict - Status: 200 - Czas: 12.31ms
[2025-12-20 13:19:44] [INFO] REQ: POST /predict - Status: 200 - Czas: 10.96ms
[2025-12-20 13:19:44] [INFO] REQ: POST /predict - Status: 200 - Czas: 19.23ms
[2025-12-20 13:19:44] [INFO] REQ: POST /predict - Status: 200 - Czas: 22.05ms
[2025-12-20 13:19:44] [INFO] REQ: POST /predict - Status: 200 - Czas: 20.84ms
[2025-12-20 13:19:44] [INFO] REQ: POST /predict - Status: 200 - Czas: 10.80ms
[2025-12-20 13:19:44] [INFO] REQ: POST /predict - Status: 200 - Czas: 11.76ms
[2025-12-20 13:19:44] [INFO] REQ: POST /predict - Status: 200 - Czas: 12.78ms
[2025-12-20 13:19:44] [INFO] REQ: POST /predict - Status: 200 - Czas: 9.96ms
[2025-12-20 13:19:44] [INFO] REQ: POST /predict - Status: 200 - Czas: 6.74ms
[2025-12-20 13:19:44] [INFO] REQ: POST /predict - Status: 200 - Czas: 9.26ms
[2025-12-20 13:19:44] [INFO] REQ: POST /predict - Status: 200 - Czas: 11.04ms
[2025-12-20 13:19:44] [INFO] REQ: POST /predict - Status: 200 - Czas: 16.00ms
[2025-12-20 13:19:44] [INFO] REQ: POST /predict - Status: 200 - Czas: 15.35ms
[2025-12-20 13:19:44] [INFO] REQ: POST /predict - Status: 200 - Czas: 15.26ms
[2025-12-20 13:19:44] [INFO] REQ: POST /predict - Status: 200 - Czas: 14.47ms
[2025-12-20 13:19:44] [INFO] REQ: POST /predict - Status: 200 - Czas: 11.16ms
[2025-12-20 13:19:44] [INFO] REQ: POST /predict - Status: 200 - Czas: 8.44ms
[2025-12-20 13:19:44] [INFO] REQ: POST /predict - Status: 200 - Czas: 9.10ms
[2025-12-20 13:19:44] [INFO] REQ: POST /predict - Status: 200 - Czas: 6.74ms
[2025-12-20 13:19:44] [INFO] REQ: POST /predict - Status: 200 - Czas: 8.53ms
[2025-12-20 13:19:44] [INFO] REQ: POST /predict - Status: 200 - Czas: 19.77ms
[2025-12-20 13:19:44] [INFO] REQ: POST /predict - Status: 200 - Czas: 20.28ms
[2025-12-20 13:19:44] [INFO] REQ: POST /predict - Status: 200 - Czas: 18.41ms
[2025-12-20 13:19:44] [INFO] REQ: POST /predict - Status: 200 - Czas: 16.73ms
[2025-12-20 13:19:44] [INFO] REQ: POST /predict - Status: 200 - Czas: 5.03ms
[2025-12-20 13:19:44] [INFO] REQ: POST /predict - Status: 200 - Czas: 15.40ms
[2025-12-20 13:19:44] [INFO] REQ: POST /predict - Status: 200 - Czas: 21.04ms
[2025-12-20 13:19:44] [INFO] REQ: POST /predict - Status: 200 - Czas: 24.20ms
[2025-12-20 13:19:44] [INFO] REQ: POST /predict - Status: 200 - Czas: 25.62ms
[2025-12-20 13:19:44] [INFO] REQ: POST /predict - Status: 200 - Czas: 21.29ms
[2025-12-20 13:19:44] [INFO] REQ: POST /predict - Status: 200 - Czas: 10.92ms
[2025-12-20 13:19:44] [INFO] REQ: POST /predict - Status: 200 - Czas: 15.68ms
[2025-12-20 13:19:44] [INFO] REQ: POST /predict - Status: 200 - Czas: 11.43ms
[2025-12-20 13:19:44] [INFO] REQ: POST /predict - Status: 200 - Czas: 12.84ms
[2025-12-20 13:19:44] [INFO] REQ: POST /predict - Status: 200 - Czas: 12.63ms
[2025-12-20 13:19:44] [INFO] REQ: POST /predict - Status: 200 - Czas: 11.35ms
[2025-12-20 13:19:44] [INFO] REQ: POST /predict - Status: 200 - Czas: 10.55ms
[2025-12-20 13:19:44] [INFO] REQ: POST /predict - Status: 200 - Czas: 4.95ms
[2025-12-20 13:19:44] [INFO] REQ: POST /predict - Status: 200 - Czas: 7.63ms
[2025-12-20 13:19:44] [INFO] REQ: POST /predict - Status: 200 - Czas: 8.23ms
[2025-12-20 13:19:44] [INFO] REQ: POST /predict - Status: 200 - Czas: 12.77ms
[2025-12-20 13:19:44] [INFO] REQ: POST /predict - Status: 200 - Czas: 11.32ms
[2025-12-20 13:19:44] [INFO] REQ: POST /predict - Status: 200 - Czas: 11.10ms
[2025-12-20 13:19:44] [INFO] REQ: POST /predict - Status: 200 - Czas: 6.75ms
[2025-12-20 13:19:44] [INFO] REQ: POST /predict - Status: 200 - Czas: 5.52ms
[2025-12-20 13:19:44] [INFO] REQ: POST /predict - Status: 200 - Czas: 15.23ms
[2025-12-20 13:19:44] [INFO] REQ: POST /predict - Status: 200 - Czas: 14.07ms
[2025-12-20 13:19:44] [INFO] REQ: POST /predict - Status: 200 - Czas: 17.70ms
[2025-12-20 13:19:44] [INFO] REQ: POST /predict - Status: 200 - Czas: 21.80ms
[2025-12-20 13:19:44] [INFO] REQ: POST /predict - Status: 200 - Czas: 22.02ms
[2025-12-20 13:19:44] [INFO] REQ: POST /predict - Status: 200 - Czas: 9.29ms
[2025-12-20 13:19:44] [INFO] REQ: POST /predict - Status: 200 - Czas: 14.34ms
[2025-12-20 13:19:44] [INFO] REQ: POST /predict - Status: 200 - Czas: 13.37ms
[2025-12-20 13:19:44] [INFO] REQ: POST /predict - Status: 200 - Czas: 16.91ms
[2025-12-20 13:19:44] [INFO] REQ: POST /predict - Status: 200 - Czas: 18.38ms
[2025-12-20 13:19:44] [INFO] REQ: POST /predict - Status: 200 - Czas: 15.53ms
[2025-12-20 13:19:44] [INFO] REQ: POST /predict - Status: 200 - Czas: 15.96ms
[2025-12-20 13:19:44] [INFO] REQ: POST /predict - Status: 200 - Czas: 19.82ms
[2025-12-20 13:19:44] [INFO] REQ: POST /predict - Status: 200 - Czas: 21.31ms
[2025-12-20 13:19:44] [INFO] REQ: POST /predict - Status: 200 - Czas: 21.12ms
[2025-12-20 13:19:44] [INFO] REQ: POST /predict - Status: 200 - Czas: 14.28ms
[2025-12-20 13:19:44] [INFO] REQ: POST /predict - Status: 200 - Czas: 18.23ms
[2025-12-20 13:19:44] [INFO] REQ: POST /predict - Status: 200 - Czas: 22.00ms
[2025-12-20 13:19:44] [INFO] REQ: POST /predict - Status: 200 - Czas: 20.43ms
[2025-12-20 13:19:44] [INFO] REQ: POST /predict - Status: 200 - Czas: 23.50ms
[2025-12-20 13:19:44] [INFO] REQ: POST /predict - Status: 200 - Czas: 9.44ms
[2025-12-20 13:19:44] [INFO] REQ: POST /predict - Status: 200 - Czas: 17.27ms
[2025-12-20 13:19:44] [INFO] REQ: POST /predict - Status: 200 - Czas: 15.20ms
[2025-12-20 13:19:44] [INFO] REQ: POST /predict - Status: 200 - Czas: 14.80ms
[2025-12-20 13:19:44] [INFO] REQ: POST /predict - Status: 200 - Czas: 17.00ms
[2025-12-20 13:19:44] [INFO] REQ: POST /predict - Status: 200 - Czas: 11.23ms
[2025-12-20 13:19:44] [INFO] REQ: POST /predict - Status: 200 - Czas: 12.35ms
[2025-12-20 13:19:44] [INFO] REQ: POST /predict - Status: 200 - Czas: 17.87ms
[2025-12-20 13:19:44] [INFO] REQ: POST /predict - Status: 200 - Czas: 19.07ms
[2025-12-20 13:19:44] [INFO] REQ: POST /predict - Status: 200 - Czas: 7.44ms
[2025-12-20 13:19:44] [INFO] REQ: POST /predict - Status: 200 - Czas: 10.55ms
[2025-12-20 13:19:44] [INFO] REQ: POST /predict - Status: 200 - Czas: 12.10ms
[2025-12-20 13:19:44] [INFO] REQ: POST /predict - Status: 200 - Czas: 9.19ms
[2025-12-20 13:19:44] [INFO] REQ: POST /predict - Status: 200 - Czas: 8.41ms
[2025-12-20 13:19:44] [INFO] REQ: POST /predict - Status: 200 - Czas: 15.19ms
[2025-12-20 13:19:44] [INFO] REQ: POST /predict - Status: 200 - Czas: 11.89ms
[2025-12-20 13:19:44] [INFO] REQ: POST /predict - Status: 200 - Czas: 22.89ms
[2025-12-20 13:19:44] [INFO] REQ: POST /predict - Status: 200 - Czas: 19.95ms
[2025-12-20 13:19:44] [INFO] REQ: POST /predict - Status: 200 - Czas: 19.25ms
[2025-12-20 13:19:44] [INFO] REQ: POST /predict - Status: 200 - Czas: 10.24ms
[2025-12-20 13:19:44] [INFO] REQ: POST /predict - Status: 200 - Czas: 11.57ms
[2025-12-20 13:19:44] [INFO] REQ: POST /predict - Status: 200 - Czas: 15.22ms
[2025-12-20 13:19:44] [INFO] REQ: POST /predict - Status: 200 - Czas: 12.22ms
[2025-12-20 13:19:44] [INFO] REQ: POST /predict - Status: 200 - Czas: 15.52ms
[2025-12-20 13:19:44] [INFO] REQ: POST /predict - Status: 200 - Czas: 16.73ms
[2025-12-20 13:19:44] [INFO] REQ: POST /predict - Status: 200 - Czas: 12.30ms
[2025-12-20 13:19:44] [INFO] REQ: POST /predict - Status: 200 - Czas: 9.13ms
[2025-12-20 13:19:44] [INFO] REQ: POST /predict - Status: 200 - Czas: 8.23ms
[2025-12-20 13:19:44] [INFO] REQ: POST /predict - Status: 200 - Czas: 9.32ms
[2025-12-20 13:19:44] [INFO] REQ: POST /predict - Status: 200 - Czas: 11.58ms
[2025-12-20 13:19:44] [INFO] REQ: POST /predict - Status: 200 - Czas: 12.68ms
[2025-12-20 13:19:44] [INFO] REQ: POST /predict - Status: 200 - Czas: 15.05ms
[2025-12-20 13:19:44] [INFO] REQ: POST /predict - Status: 200 - Czas: 14.94ms
[2025-12-20 13:19:44] [INFO] REQ: POST /predict - Status: 200 - Czas: 13.42ms
[2025-12-20 13:19:44] [INFO] REQ: POST /predict - Status: 200 - Czas: 4.33ms
[2025-12-20 13:19:44] [INFO] REQ: POST /predict - Status: 200 - Czas: 5.56ms
[2025-12-20 13:19:44] [INFO] REQ: POST /predict - Status: 200 - Czas: 9.55ms
[2025-12-20 13:19:44] [INFO] REQ: POST /predict - Status: 200 - Czas: 12.09ms
[2025-12-20 13:19:44] [INFO] REQ: POST /predict - Status: 200 - Czas: 18.65ms
[2025-12-20 13:19:44] [INFO] REQ: POST /predict - Status: 200 - Czas: 25.03ms
[2025-12-20 13:19:44] [INFO] REQ: POST /predict - Status: 200 - Czas: 19.37ms
[2025-12-20 13:19:44] [INFO] REQ: POST /predict - Status: 200 - Czas: 16.03ms
[2025-12-20 13:19:44] [INFO] REQ: POST /predict - Status: 200 - Czas: 4.35ms
[2025-12-20 13:19:44] [INFO] REQ: POST /predict - Status: 200 - Czas: 13.62ms
[2025-12-20 13:19:44] [INFO] REQ: POST /predict - Status: 200 - Czas: 23.96ms
[2025-12-20 13:19:44] [INFO] REQ: POST /predict - Status: 200 - Czas: 25.37ms
[2025-12-20 13:19:44] [INFO] REQ: POST /predict - Status: 200 - Czas: 24.63ms
[2025-12-20 13:19:44] [INFO] REQ: POST /predict - Status: 200 - Czas: 24.47ms
[2025-12-20 13:19:44] [INFO] REQ: POST /predict - Status: 200 - Czas: 6.59ms
[2025-12-20 13:19:45] [INFO] REQ: POST /predict - Status: 200 - Czas: 8.93ms
[2025-12-20 13:19:45] [INFO] REQ: POST /predict - Status: 200 - Czas: 13.45ms
[2025-12-20 13:19:45] [INFO] REQ: POST /predict - Status: 200 - Czas: 12.29ms
[2025-12-20 13:19:45] [INFO] REQ: POST /predict - Status: 200 - Czas: 10.27ms
[2025-12-20 13:19:45] [INFO] REQ: POST /predict - Status: 200 - Czas: 6.23ms
[2025-12-20 13:19:45] [INFO] REQ: POST /predict - Status: 200 - Czas: 13.24ms
[2025-12-20 13:19:45] [INFO] REQ: POST /predict - Status: 200 - Czas: 14.53ms
[2025-12-20 13:19:45] [INFO] REQ: POST /predict - Status: 200 - Czas: 18.41ms
[2025-12-20 13:19:45] [INFO] REQ: POST /predict - Status: 200 - Czas: 17.08ms
[2025-12-20 13:19:45] [INFO] REQ: POST /predict - Status: 200 - Czas: 18.66ms
[2025-12-20 13:19:45] [INFO] REQ: POST /predict - Status: 200 - Czas: 12.36ms
[2025-12-20 13:19:45] [INFO] REQ: POST /predict - Status: 200 - Czas: 17.51ms
[2025-12-20 13:19:45] [INFO] REQ: POST /predict - Status: 200 - Czas: 16.59ms
[2025-12-20 13:19:45] [INFO] REQ: POST /predict - Status: 200 - Czas: 17.33ms
[2025-12-20 13:19:45] [INFO] REQ: POST /predict - Status: 200 - Czas: 17.52ms
[2025-12-20 13:19:45] [INFO] REQ: POST /predict - Status: 200 - Czas: 9.18ms
[2025-12-20 13:19:45] [INFO] REQ: POST /predict - Status: 200 - Czas: 10.94ms
[2025-12-20 13:19:45] [INFO] REQ: POST /predict - Status: 200 - Czas: 13.65ms
[2025-12-20 13:19:45] [INFO] REQ: POST /predict - Status: 200 - Czas: 14.90ms
[2025-12-20 13:19:45] [INFO] REQ: POST /predict - Status: 200 - Czas: 12.39ms
[2025-12-20 13:19:45] [INFO] REQ: POST /predict - Status: 200 - Czas: 10.54ms
[2025-12-20 13:19:45] [INFO] REQ: POST /predict - Status: 200 - Czas: 10.99ms
[2025-12-20 13:19:45] [INFO] REQ: POST /predict - Status: 200 - Czas: 16.31ms
[2025-12-20 13:19:45] [INFO] REQ: POST /predict - Status: 200 - Czas: 20.09ms
[2025-12-20 13:19:45] [INFO] REQ: POST /predict - Status: 200 - Czas: 20.37ms
[2025-12-20 13:19:45] [INFO] REQ: POST /predict - Status: 200 - Czas: 11.98ms
[2025-12-20 13:19:45] [INFO] REQ: POST /predict - Status: 200 - Czas: 7.79ms
[2025-12-20 13:19:45] [INFO] REQ: POST /predict - Status: 200 - Czas: 9.30ms
[2025-12-20 13:19:45] [INFO] REQ: POST /predict - Status: 200 - Czas: 6.81ms
[2025-12-20 13:19:45] [INFO] REQ: POST /predict - Status: 200 - Czas: 10.11ms
[2025-12-20 13:19:45] [INFO] REQ: POST /predict - Status: 200 - Czas: 10.01ms
[2025-12-20 13:19:45] [INFO] REQ: POST /predict - Status: 200 - Czas: 13.47ms
[2025-12-20 13:19:45] [INFO] REQ: POST /predict - Status: 200 - Czas: 11.28ms
[2025-12-20 13:19:45] [INFO] REQ: POST /predict - Status: 200 - Czas: 14.46ms
[2025-12-20 13:19:45] [INFO] REQ: POST /predict - Status: 200 - Czas: 14.89ms
[2025-12-20 13:19:45] [INFO] REQ: POST /predict - Status: 200 - Czas: 14.18ms
[2025-12-20 13:19:45] [INFO] REQ: POST /predict - Status: 200 - Czas: 18.84ms
[2025-12-20 13:19:45] [INFO] REQ: POST /predict - Status: 200 - Czas: 17.43ms
[2025-12-20 13:19:45] [INFO] REQ: POST /predict - Status: 200 - Czas: 19.91ms
[2025-12-20 13:19:45] [INFO] REQ: POST /predict - Status: 200 - Czas: 20.16ms
[2025-12-20 13:19:45] [INFO] REQ: POST /predict - Status: 200 - Czas: 19.47ms
[2025-12-20 13:19:45] [INFO] REQ: POST /predict - Status: 200 - Czas: 17.81ms
[2025-12-20 13:19:45] [INFO] REQ: POST /predict - Status: 200 - Czas: 5.64ms
[2025-12-20 13:19:45] [INFO] REQ: POST /predict - Status: 200 - Czas: 4.69ms
[2025-12-20 13:19:45] [INFO] REQ: POST /predict - Status: 200 - Czas: 6.18ms
[2025-12-20 13:19:45] [INFO] REQ: POST /predict - Status: 200 - Czas: 9.21ms
[2025-12-20 13:19:45] [INFO] REQ: POST /predict - Status: 200 - Czas: 15.75ms
[2025-12-20 13:19:45] [INFO] REQ: POST /predict - Status: 200 - Czas: 12.79ms
[2025-12-20 13:19:45] [INFO] REQ: POST /predict - Status: 200 - Czas: 12.74ms
[2025-12-20 13:19:45] [INFO] REQ: POST /predict - Status: 200 - Czas: 12.30ms
[2025-12-20 13:19:45] [INFO] REQ: POST /predict - Status: 200 - Czas: 5.50ms
[2025-12-20 13:19:45] [INFO] REQ: POST /predict - Status: 200 - Czas: 10.68ms
[2025-12-20 13:19:45] [INFO] REQ: POST /predict - Status: 200 - Czas: 10.42ms
[2025-12-20 13:19:45] [INFO] REQ: POST /predict - Status: 200 - Czas: 10.92ms
[2025-12-20 13:19:45] [INFO] REQ: POST /predict - Status: 200 - Czas: 9.88ms
[2025-12-20 13:19:45] [INFO] REQ: POST /predict - Status: 200 - Czas: 9.36ms
[2025-12-20 13:19:45] [INFO] REQ: POST /predict - Status: 200 - Czas: 11.42ms
[2025-12-20 13:19:45] [INFO] REQ: POST /predict - Status: 200 - Czas: 10.90ms
[2025-12-20 13:19:45] [INFO] REQ: POST /predict - Status: 200 - Czas: 16.75ms
[2025-12-20 13:19:45] [INFO] REQ: POST /predict - Status: 200 - Czas: 17.12ms
[2025-12-20 13:19:45] [INFO] REQ: POST /predict - Status: 200 - Czas: 20.31ms
[2025-12-20 13:19:45] [INFO] REQ: POST /predict - Status: 200 - Czas: 10.75ms
[2025-12-20 13:19:45] [INFO] REQ: POST /predict - Status: 200 - Czas: 10.45ms
[2025-12-20 13:19:45] [INFO] REQ: POST /predict - Status: 200 - Czas: 16.62ms
[2025-12-20 13:19:45] [INFO] REQ: POST /predict - Status: 200 - Czas: 13.30ms
[2025-12-20 13:19:45] [INFO] REQ: POST /predict - Status: 200 - Czas: 12.53ms
[2025-12-20 13:19:45] [INFO] REQ: POST /predict - Status: 200 - Czas: 10.60ms
[2025-12-20 13:19:45] [INFO] REQ: POST /predict - Status: 200 - Czas: 8.91ms
[2025-12-20 13:19:45] [INFO] REQ: POST /predict - Status: 200 - Czas: 11.44ms
[2025-12-20 13:19:45] [INFO] REQ: POST /predict - Status: 200 - Czas: 14.59ms
[2025-12-20 13:19:45] [INFO] REQ: POST /predict - Status: 200 - Czas: 12.71ms
[2025-12-20 13:19:45] [INFO] REQ: POST /predict - Status: 200 - Czas: 16.40ms
[2025-12-20 13:19:45] [INFO] REQ: POST /predict - Status: 200 - Czas: 15.08ms
[2025-12-20 13:19:45] [INFO] REQ: POST /predict - Status: 200 - Czas: 10.88ms
[2025-12-20 13:19:45] [INFO] REQ: POST /predict - Status: 200 - Czas: 8.96ms
[2025-12-20 13:19:45] [INFO] REQ: POST /predict - Status: 200 - Czas: 11.40ms
[2025-12-20 13:19:45] [INFO] REQ: POST /predict - Status: 200 - Czas: 17.21ms
[2025-12-20 13:19:45] [INFO] REQ: POST /predict - Status: 200 - Czas: 17.70ms
[2025-12-20 13:19:45] [INFO] REQ: POST /predict - Status: 200 - Czas: 12.80ms
[2025-12-20 13:19:45] [INFO] REQ: POST /predict - Status: 200 - Czas: 11.68ms
[2025-12-20 13:19:45] [INFO] REQ: POST /predict - Status: 200 - Czas: 13.90ms
[2025-12-20 13:19:45] [INFO] REQ: POST /predict - Status: 200 - Czas: 12.24ms
[2025-12-20 13:19:45] [INFO] REQ: POST /predict - Status: 200 - Czas: 20.06ms
[2025-12-20 13:19:45] [INFO] REQ: POST /predict - Status: 200 - Czas: 16.66ms
[2025-12-20 13:19:45] [INFO] REQ: POST /predict - Status: 200 - Czas: 11.04ms
[2025-12-20 13:19:45] [INFO] REQ: POST /predict - Status: 200 - Czas: 10.26ms
[2025-12-20 13:19:45] [INFO] REQ: POST /predict - Status: 200 - Czas: 13.50ms
[2025-12-20 13:19:45] [INFO] REQ: POST /predict - Status: 200 - Czas: 22.44ms
[2025-12-20 13:19:45] [INFO] REQ: POST /predict - Status: 200 - Czas: 23.37ms
[2025-12-20 13:19:45] [INFO] REQ: POST /predict - Status: 200 - Czas: 5.82ms
[2025-12-20 13:19:45] [INFO] REQ: POST /predict - Status: 200 - Czas: 8.41ms
[2025-12-20 13:19:45] [INFO] REQ: POST /predict - Status: 200 - Czas: 13.14ms
[2025-12-20 13:19:45] [INFO] REQ: POST /predict - Status: 200 - Czas: 15.40ms
[2025-12-20 13:19:45] [INFO] REQ: POST /predict - Status: 200 - Czas: 15.70ms
[2025-12-20 13:19:45] [INFO] REQ: POST /predict - Status: 200 - Czas: 16.37ms
[2025-12-20 13:19:45] [INFO] REQ: POST /predict - Status: 200 - Czas: 17.46ms
[2025-12-20 13:19:45] [INFO] REQ: POST /predict - Status: 200 - Czas: 15.20ms
[2025-12-20 13:19:45] [INFO] REQ: POST /predict - Status: 200 - Czas: 15.34ms
[2025-12-20 13:19:45] [INFO] REQ: POST /predict - Status: 200 - Czas: 16.28ms
[2025-12-20 13:19:45] [INFO] REQ: POST /predict - Status: 200 - Czas: 18.44ms
[2025-12-20 13:19:45] [INFO] REQ: POST /predict - Status: 200 - Czas: 13.32ms
[2025-12-20 13:19:45] [INFO] REQ: POST /predict - Status: 200 - Czas: 19.61ms
[2025-12-20 13:19:45] [INFO] REQ: POST /predict - Status: 200 - Czas: 20.08ms
[2025-12-20 13:19:45] [INFO] REQ: POST /predict - Status: 200 - Czas: 12.98ms
[2025-12-20 13:19:45] [INFO] REQ: POST /predict - Status: 200 - Czas: 16.53ms
[2025-12-20 13:19:45] [INFO] REQ: POST /predict - Status: 200 - Czas: 16.84ms
[2025-12-20 13:19:45] [INFO] REQ: POST /predict - Status: 200 - Czas: 5.40ms
[2025-12-20 13:19:45] [INFO] REQ: POST /predict - Status: 200 - Czas: 12.07ms
[2025-12-20 13:19:45] [INFO] REQ: POST /predict - Status: 200 - Czas: 12.12ms
[2025-12-20 13:19:45] [INFO] REQ: POST /predict - Status: 200 - Czas: 10.33ms
[2025-12-20 13:19:45] [INFO] REQ: POST /predict - Status: 200 - Czas: 11.38ms
[2025-12-20 13:19:45] [INFO] REQ: POST /predict - Status: 200 - Czas: 10.23ms
[2025-12-20 13:19:45] [INFO] REQ: POST /predict - Status: 200 - Czas: 11.78ms
[2025-12-20 13:19:45] [INFO] REQ: POST /predict - Status: 200 - Czas: 15.54ms
[2025-12-20 13:19:45] [INFO] REQ: POST /predict - Status: 200 - Czas: 19.08ms
[2025-12-20 13:19:45] [INFO] REQ: POST /predict - Status: 200 - Czas: 18.32ms
[2025-12-20 13:19:45] [INFO] REQ: POST /predict - Status: 200 - Czas: 7.47ms
[2025-12-20 13:19:45] [INFO] REQ: POST /predict - Status: 200 - Czas: 18.70ms
[2025-12-20 13:19:45] [INFO] REQ: POST /predict - Status: 200 - Czas: 21.74ms
[2025-12-20 13:19:45] [INFO] REQ: POST /predict - Status: 200 - Czas: 21.82ms
[2025-12-20 13:19:45] [INFO] REQ: POST /predict - Status: 200 - Czas: 21.96ms
[2025-12-20 13:19:45] [INFO] REQ: POST /predict - Status: 200 - Czas: 8.05ms
[2025-12-20 13:19:45] [INFO] REQ: POST /predict - Status: 200 - Czas: 6.97ms
[2025-12-20 13:19:45] [INFO] REQ: POST /predict - Status: 200 - Czas: 12.84ms
[2025-12-20 13:19:45] [INFO] REQ: POST /predict - Status: 200 - Czas: 14.40ms
[2025-12-20 13:19:45] [INFO] REQ: POST /predict - Status: 200 - Czas: 15.07ms
[2025-12-20 13:19:45] [INFO] REQ: POST /predict - Status: 200 - Czas: 13.12ms
[2025-12-20 13:19:45] [INFO] REQ: POST /predict - Status: 200 - Czas: 12.51ms
[2025-12-20 13:19:45] [INFO] REQ: POST /predict - Status: 200 - Czas: 15.14ms
[2025-12-20 13:19:45] [INFO] REQ: POST /predict - Status: 200 - Czas: 15.09ms
[2025-12-20 13:19:45] [INFO] REQ: POST /predict - Status: 200 - Czas: 16.56ms
[2025-12-20 13:19:45] [INFO] REQ: POST /predict - Status: 200 - Czas: 6.99ms
[2025-12-20 13:19:45] [INFO] REQ: POST /predict - Status: 200 - Czas: 14.96ms
[2025-12-20 13:19:45] [INFO] REQ: POST /predict - Status: 200 - Czas: 14.71ms
[2025-12-20 13:19:45] [INFO] REQ: POST /predict - Status: 200 - Czas: 17.65ms
[2025-12-20 13:19:45] [INFO] REQ: POST /predict - Status: 200 - Czas: 21.59ms
[2025-12-20 13:19:45] [INFO] REQ: POST /predict - Status: 200 - Czas: 21.09ms
[2025-12-20 13:19:45] [INFO] REQ: POST /predict - Status: 200 - Czas: 7.75ms
[2025-12-20 13:19:45] [INFO] REQ: POST /predict - Status: 200 - Czas: 19.14ms
[2025-12-20 13:19:46] [INFO] REQ: POST /predict - Status: 200 - Czas: 20.74ms
[2025-12-20 13:19:46] [INFO] REQ: POST /predict - Status: 200 - Czas: 21.60ms
[2025-12-20 13:19:46] [INFO] REQ: POST /predict - Status: 200 - Czas: 19.63ms
[2025-12-20 13:19:46] [INFO] REQ: POST /predict - Status: 200 - Czas: 17.43ms
[2025-12-20 13:19:46] [INFO] REQ: POST /predict - Status: 200 - Czas: 19.94ms
[2025-12-20 13:19:46] [INFO] REQ: POST /predict - Status: 200 - Czas: 22.29ms
[2025-12-20 13:19:46] [INFO] REQ: POST /predict - Status: 200 - Czas: 23.77ms
[2025-12-20 13:19:46] [INFO] REQ: POST /predict - Status: 200 - Czas: 24.47ms
[2025-12-20 13:19:46] [INFO] REQ: POST /predict - Status: 200 - Czas: 24.10ms
[2025-12-20 13:19:46] [INFO] REQ: POST /predict - Status: 200 - Czas: 22.14ms
[2025-12-20 13:19:46] [INFO] REQ: POST /predict - Status: 200 - Czas: 24.03ms
[2025-12-20 13:19:46] [INFO] REQ: POST /predict - Status: 200 - Czas: 23.39ms
[2025-12-20 13:19:46] [INFO] REQ: POST /predict - Status: 200 - Czas: 19.28ms
[2025-12-20 13:19:46] [INFO] REQ: POST /predict - Status: 200 - Czas: 21.53ms
[2025-12-20 13:19:46] [INFO] REQ: POST /predict - Status: 200 - Czas: 13.25ms
[2025-12-20 13:19:46] [INFO] REQ: POST /predict - Status: 200 - Czas: 14.78ms
[2025-12-20 13:19:46] [INFO] REQ: POST /predict - Status: 200 - Czas: 15.72ms
[2025-12-20 13:19:46] [INFO] REQ: POST /predict - Status: 200 - Czas: 17.48ms
[2025-12-20 13:19:46] [INFO] REQ: POST /predict - Status: 200 - Czas: 16.70ms
[2025-12-20 13:19:46] [INFO] REQ: POST /predict - Status: 200 - Czas: 5.95ms
[2025-12-20 13:19:46] [INFO] REQ: POST /predict - Status: 200 - Czas: 14.54ms
[2025-12-20 13:19:46] [INFO] REQ: POST /predict - Status: 200 - Czas: 15.31ms
[2025-12-20 13:19:46] [INFO] REQ: POST /predict - Status: 200 - Czas: 20.25ms
[2025-12-20 13:19:46] [INFO] REQ: POST /predict - Status: 200 - Czas: 21.15ms
[2025-12-20 13:19:46] [INFO] REQ: POST /predict - Status: 200 - Czas: 23.70ms
[2025-12-20 13:19:46] [INFO] REQ: POST /predict - Status: 200 - Czas: 12.71ms
[2025-12-20 13:19:46] [INFO] REQ: POST /predict - Status: 200 - Czas: 12.94ms
[2025-12-20 13:19:46] [INFO] REQ: POST /predict - Status: 200 - Czas: 18.68ms
[2025-12-20 13:19:46] [INFO] REQ: POST /predict - Status: 200 - Czas: 11.44ms
[2025-12-20 13:19:46] [INFO] REQ: POST /predict - Status: 200 - Czas: 14.75ms
[2025-12-20 13:19:46] [INFO] REQ: POST /predict - Status: 200 - Czas: 14.39ms
[2025-12-20 13:19:46] [INFO] REQ: POST /predict - Status: 200 - Czas: 16.81ms
[2025-12-20 13:19:46] [INFO] REQ: POST /predict - Status: 200 - Czas: 18.35ms
[2025-12-20 13:19:46] [INFO] REQ: POST /predict - Status: 200 - Czas: 17.97ms
[2025-12-20 13:19:46] [INFO] REQ: POST /predict - Status: 200 - Czas: 16.39ms
[2025-12-20 13:19:46] [INFO] REQ: POST /predict - Status: 200 - Czas: 9.51ms
[2025-12-20 13:19:46] [INFO] REQ: POST /predict - Status: 200 - Czas: 16.20ms
[2025-12-20 13:19:46] [INFO] REQ: POST /predict - Status: 200 - Czas: 15.91ms
[2025-12-20 13:19:46] [INFO] REQ: POST /predict - Status: 200 - Czas: 13.77ms
[2025-12-20 13:19:46] [INFO] REQ: POST /predict - Status: 200 - Czas: 11.15ms
[2025-12-20 13:19:46] [INFO] REQ: POST /predict - Status: 200 - Czas: 21.76ms
[2025-12-20 13:19:46] [INFO] REQ: POST /predict - Status: 200 - Czas: 24.64ms
[2025-12-20 13:19:46] [INFO] REQ: POST /predict - Status: 200 - Czas: 24.56ms
[2025-12-20 13:19:46] [INFO] REQ: POST /predict - Status: 200 - Czas: 24.02ms
[2025-12-20 13:19:46] [INFO] REQ: POST /predict - Status: 200 - Czas: 22.68ms
[2025-12-20 13:19:46] [INFO] REQ: POST /predict - Status: 200 - Czas: 10.53ms
[2025-12-20 13:19:46] [INFO] REQ: POST /predict - Status: 200 - Czas: 12.82ms
[2025-12-20 13:19:46] [INFO] REQ: POST /predict - Status: 200 - Czas: 16.44ms
[2025-12-20 13:19:46] [INFO] REQ: POST /predict - Status: 200 - Czas: 14.06ms
[2025-12-20 13:19:46] [INFO] REQ: POST /predict - Status: 200 - Czas: 8.22ms
[2025-12-20 13:19:46] [INFO] REQ: POST /predict - Status: 200 - Czas: 6.21ms
[2025-12-20 13:19:46] [INFO] REQ: POST /predict - Status: 200 - Czas: 6.51ms
[2025-12-20 13:19:46] [INFO] REQ: POST /predict - Status: 200 - Czas: 8.22ms
[2025-12-20 13:19:46] [INFO] REQ: POST /predict - Status: 200 - Czas: 7.65ms
[2025-12-20 13:19:46] [INFO] REQ: POST /predict - Status: 200 - Czas: 8.78ms
[2025-12-20 13:19:46] [INFO] REQ: POST /predict - Status: 200 - Czas: 12.74ms
[2025-12-20 13:19:46] [INFO] REQ: POST /predict - Status: 200 - Czas: 18.33ms
[2025-12-20 13:19:46] [INFO] REQ: POST /predict - Status: 200 - Czas: 11.78ms
[2025-12-20 13:19:46] [INFO] REQ: POST /predict - Status: 200 - Czas: 10.49ms
[2025-12-20 13:19:46] [INFO] REQ: POST /predict - Status: 200 - Czas: 9.07ms
[2025-12-20 13:19:46] [INFO] REQ: POST /predict - Status: 200 - Czas: 5.47ms
[2025-12-20 13:19:46] [INFO] REQ: POST /predict - Status: 200 - Czas: 7.16ms
[2025-12-20 13:19:46] [INFO] REQ: POST /predict - Status: 200 - Czas: 12.18ms
[2025-12-20 13:19:46] [INFO] REQ: POST /predict - Status: 200 - Czas: 16.20ms
[2025-12-20 13:19:46] [INFO] REQ: POST /predict - Status: 200 - Czas: 20.17ms
[2025-12-20 13:19:46] [INFO] REQ: POST /predict - Status: 200 - Czas: 18.77ms
[2025-12-20 13:19:46] [INFO] REQ: POST /predict - Status: 200 - Czas: 12.13ms
[2025-12-20 13:19:46] [INFO] REQ: POST /predict - Status: 200 - Czas: 17.32ms
[2025-12-20 13:19:46] [INFO] REQ: POST /predict - Status: 200 - Czas: 17.67ms
[2025-12-20 13:19:46] [INFO] REQ: POST /predict - Status: 200 - Czas: 14.59ms
[2025-12-20 13:19:46] [INFO] REQ: POST /predict - Status: 200 - Czas: 18.05ms
[2025-12-20 13:19:46] [INFO] REQ: POST /predict - Status: 200 - Czas: 15.45ms
[2025-12-20 13:19:46] [INFO] REQ: POST /predict - Status: 200 - Czas: 10.88ms
[2025-12-20 13:19:46] [INFO] REQ: POST /predict - Status: 200 - Czas: 16.85ms
[2025-12-20 13:19:46] [INFO] REQ: POST /predict - Status: 200 - Czas: 16.85ms
[2025-12-20 13:19:46] [INFO] REQ: POST /predict - Status: 200 - Czas: 16.20ms
[2025-12-20 13:19:46] [INFO] REQ: POST /predict - Status: 200 - Czas: 14.60ms
[2025-12-20 13:19:46] [INFO] REQ: POST /predict - Status: 200 - Czas: 4.89ms
[2025-12-20 13:19:46] [INFO] REQ: POST /predict - Status: 200 - Czas: 9.62ms
[2025-12-20 13:19:46] [INFO] REQ: POST /predict - Status: 200 - Czas: 8.69ms
[2025-12-20 13:19:46] [INFO] REQ: POST /predict - Status: 200 - Czas: 14.19ms
[2025-12-20 13:19:46] [INFO] REQ: POST /predict - Status: 200 - Czas: 13.46ms
[2025-12-20 13:19:46] [INFO] REQ: POST /predict - Status: 200 - Czas: 15.20ms
[2025-12-20 13:19:46] [INFO] REQ: POST /predict - Status: 200 - Czas: 12.55ms
[2025-12-20 13:19:46] [INFO] REQ: POST /predict - Status: 200 - Czas: 10.43ms
[2025-12-20 13:19:46] [INFO] REQ: POST /predict - Status: 200 - Czas: 6.70ms
[2025-12-20 13:19:46] [INFO] REQ: POST /predict - Status: 200 - Czas: 11.70ms
[2025-12-20 13:19:46] [INFO] REQ: POST /predict - Status: 200 - Czas: 12.48ms
[2025-12-20 13:19:46] [INFO] REQ: POST /predict - Status: 200 - Czas: 18.14ms
[2025-12-20 13:19:46] [INFO] REQ: POST /predict - Status: 200 - Czas: 12.65ms
[2025-12-20 13:19:46] [INFO] REQ: POST /predict - Status: 200 - Czas: 10.25ms
[2025-12-20 13:19:46] [INFO] REQ: POST /predict - Status: 200 - Czas: 9.35ms
[2025-12-20 13:19:46] [INFO] REQ: POST /predict - Status: 200 - Czas: 10.60ms
[2025-12-20 13:19:46] [INFO] REQ: POST /predict - Status: 200 - Czas: 5.31ms
[2025-12-20 13:19:46] [INFO] REQ: POST /predict - Status: 200 - Czas: 10.28ms
[2025-12-20 13:19:46] [INFO] REQ: POST /predict - Status: 200 - Czas: 19.99ms
[2025-12-20 13:19:46] [INFO] REQ: POST /predict - Status: 200 - Czas: 16.35ms
[2025-12-20 13:19:46] [INFO] REQ: POST /predict - Status: 200 - Czas: 18.87ms
[2025-12-20 13:19:46] [INFO] REQ: POST /predict - Status: 200 - Czas: 7.05ms
[2025-12-20 13:19:46] [INFO] REQ: POST /predict - Status: 200 - Czas: 13.24ms
[2025-12-20 13:19:46] [INFO] REQ: POST /predict - Status: 200 - Czas: 12.26ms
[2025-12-20 13:19:46] [INFO] REQ: POST /predict - Status: 200 - Czas: 12.51ms
[2025-12-20 13:19:46] [INFO] REQ: POST /predict - Status: 200 - Czas: 15.63ms
[2025-12-20 13:19:46] [INFO] REQ: POST /predict - Status: 200 - Czas: 11.78ms
[2025-12-20 13:19:46] [INFO] REQ: POST /predict - Status: 200 - Czas: 9.22ms
[2025-12-20 13:19:46] [INFO] REQ: POST /predict - Status: 200 - Czas: 10.46ms
[2025-12-20 13:19:46] [INFO] REQ: POST /predict - Status: 200 - Czas: 11.75ms
[2025-12-20 13:19:46] [INFO] REQ: POST /predict - Status: 200 - Czas: 10.86ms
[2025-12-20 13:19:46] [INFO] REQ: POST /predict - Status: 200 - Czas: 12.23ms
[2025-12-20 13:19:46] [INFO] REQ: POST /predict - Status: 200 - Czas: 13.62ms
[2025-12-20 13:19:46] [INFO] REQ: POST /predict - Status: 200 - Czas: 11.09ms
[2025-12-20 13:19:46] [INFO] REQ: POST /predict - Status: 200 - Czas: 11.27ms
[2025-12-20 13:19:46] [INFO] REQ: POST /predict - Status: 200 - Czas: 21.12ms
[2025-12-20 13:19:46] [INFO] REQ: POST /predict - Status: 200 - Czas: 21.10ms
[2025-12-20 13:19:46] [INFO] REQ: POST /predict - Status: 200 - Czas: 26.33ms
[2025-12-20 13:19:46] [INFO] REQ: POST /predict - Status: 200 - Czas: 26.73ms
[2025-12-20 13:19:46] [INFO] REQ: POST /predict - Status: 200 - Czas: 10.85ms
[2025-12-20 13:19:46] [INFO] REQ: POST /predict - Status: 200 - Czas: 9.74ms
[2025-12-20 13:19:46] [INFO] REQ: POST /predict - Status: 200 - Czas: 12.14ms
[2025-12-20 13:19:46] [INFO] REQ: POST /predict - Status: 200 - Czas: 14.34ms
[2025-12-20 13:19:46] [INFO] REQ: POST /predict - Status: 200 - Czas: 15.43ms
[2025-12-20 13:19:46] [INFO] REQ: POST /predict - Status: 200 - Czas: 12.80ms
[2025-12-20 13:19:46] [INFO] REQ: POST /predict - Status: 200 - Czas: 4.67ms
[2025-12-20 13:19:46] [INFO] REQ: POST /predict - Status: 200 - Czas: 17.05ms
[2025-12-20 13:19:46] [INFO] REQ: POST /predict - Status: 200 - Czas: 19.40ms
[2025-12-20 13:19:46] [INFO] REQ: POST /predict - Status: 200 - Czas: 25.07ms
[2025-12-20 13:19:46] [INFO] REQ: POST /predict - Status: 200 - Czas: 21.04ms
[2025-12-20 13:19:46] [INFO] REQ: POST /predict - Status: 200 - Czas: 20.57ms
[2025-12-20 13:19:46] [INFO] REQ: POST /predict - Status: 200 - Czas: 16.11ms
[2025-12-20 13:19:46] [INFO] REQ: POST /predict - Status: 200 - Czas: 18.73ms
[2025-12-20 13:19:46] [INFO] REQ: POST /predict - Status: 200 - Czas: 22.57ms
[2025-12-20 13:19:46] [INFO] REQ: POST /predict - Status: 200 - Czas: 17.21ms
[2025-12-20 13:19:46] [INFO] REQ: POST /predict - Status: 200 - Czas: 9.63ms
[2025-12-20 13:19:46] [INFO] REQ: POST /predict - Status: 200 - Czas: 15.13ms
[2025-12-20 13:19:46] [INFO] REQ: POST /predict - Status: 200 - Czas: 12.87ms
[2025-12-20 13:19:46] [INFO] REQ: POST /predict - Status: 200 - Czas: 13.12ms
[2025-12-20 13:19:46] [INFO] REQ: POST /predict - Status: 200 - Czas: 10.74ms
[2025-12-20 13:19:47] [INFO] REQ: POST /predict - Status: 200 - Czas: 14.79ms
[2025-12-20 13:19:47] [INFO] REQ: POST /predict - Status: 200 - Czas: 17.62ms
[2025-12-20 13:19:47] [INFO] REQ: POST /predict - Status: 200 - Czas: 21.00ms
[2025-12-20 13:19:47] [INFO] REQ: POST /predict - Status: 200 - Czas: 18.66ms
[2025-12-20 13:19:47] [INFO] REQ: POST /predict - Status: 200 - Czas: 17.20ms
[2025-12-20 13:19:47] [INFO] REQ: POST /predict - Status: 200 - Czas: 9.89ms
[2025-12-20 13:19:47] [INFO] REQ: POST /predict - Status: 200 - Czas: 13.11ms
[2025-12-20 13:19:47] [INFO] REQ: POST /predict - Status: 200 - Czas: 15.83ms
[2025-12-20 13:19:47] [INFO] REQ: POST /predict - Status: 200 - Czas: 17.57ms
[2025-12-20 13:19:47] [INFO] REQ: POST /predict - Status: 200 - Czas: 21.10ms
[2025-12-20 13:19:47] [INFO] REQ: POST /predict - Status: 200 - Czas: 9.10ms
[2025-12-20 13:19:47] [INFO] REQ: POST /predict - Status: 200 - Czas: 12.75ms
[2025-12-20 13:19:47] [INFO] REQ: POST /predict - Status: 200 - Czas: 12.30ms
[2025-12-20 13:19:47] [INFO] REQ: POST /predict - Status: 200 - Czas: 15.31ms
[2025-12-20 13:19:47] [INFO] REQ: POST /predict - Status: 200 - Czas: 13.71ms
[2025-12-20 13:19:47] [INFO] REQ: POST /predict - Status: 200 - Czas: 4.44ms
[2025-12-20 13:19:47] [INFO] REQ: POST /predict - Status: 200 - Czas: 10.74ms
[2025-12-20 13:19:47] [INFO] REQ: POST /predict - Status: 200 - Czas: 9.67ms
[2025-12-20 13:19:47] [INFO] REQ: POST /predict - Status: 200 - Czas: 14.23ms
[2025-12-20 13:19:47] [INFO] REQ: POST /predict - Status: 200 - Czas: 16.35ms
[2025-12-20 13:19:47] [INFO] REQ: POST /predict - Status: 200 - Czas: 16.51ms
[2025-12-20 13:19:47] [INFO] REQ: POST /predict - Status: 200 - Czas: 17.48ms
[2025-12-20 13:19:47] [INFO] REQ: POST /predict - Status: 200 - Czas: 28.53ms
[2025-12-20 13:19:47] [INFO] REQ: POST /predict - Status: 200 - Czas: 26.58ms
[2025-12-20 13:19:47] [INFO] REQ: POST /predict - Status: 200 - Czas: 25.74ms
[2025-12-20 13:19:47] [INFO] REQ: POST /predict - Status: 200 - Czas: 24.88ms
[2025-12-20 13:19:47] [INFO] REQ: POST /predict - Status: 200 - Czas: 7.39ms
[2025-12-20 13:19:47] [INFO] REQ: POST /predict - Status: 200 - Czas: 16.88ms
[2025-12-20 13:19:47] [INFO] REQ: POST /predict - Status: 200 - Czas: 19.62ms
[2025-12-20 13:19:47] [INFO] REQ: POST /predict - Status: 200 - Czas: 22.75ms
[2025-12-20 13:19:47] [INFO] REQ: POST /predict - Status: 200 - Czas: 20.22ms
[2025-12-20 13:19:47] [INFO] REQ: POST /predict - Status: 200 - Czas: 14.21ms
[2025-12-20 13:19:47] [INFO] REQ: POST /predict - Status: 200 - Czas: 12.87ms
[2025-12-20 13:19:47] [INFO] REQ: POST /predict - Status: 200 - Czas: 16.33ms
[2025-12-20 13:19:47] [INFO] REQ: POST /predict - Status: 200 - Czas: 17.64ms
[2025-12-20 13:19:47] [INFO] REQ: POST /predict - Status: 200 - Czas: 23.54ms
[2025-12-20 13:19:47] [INFO] REQ: POST /predict - Status: 200 - Czas: 25.26ms
[2025-12-20 13:19:47] [INFO] REQ: POST /predict - Status: 200 - Czas: 8.47ms
[2025-12-20 13:19:47] [INFO] REQ: POST /predict - Status: 200 - Czas: 13.65ms
[2025-12-20 13:19:47] [INFO] REQ: POST /predict - Status: 200 - Czas: 14.86ms
[2025-12-20 13:19:47] [INFO] REQ: POST /predict - Status: 200 - Czas: 8.86ms
[2025-12-20 13:19:47] [INFO] REQ: POST /predict - Status: 200 - Czas: 15.78ms
[2025-12-20 13:19:47] [INFO] REQ: POST /predict - Status: 200 - Czas: 14.76ms
[2025-12-20 13:19:47] [INFO] REQ: POST /predict - Status: 200 - Czas: 16.81ms
[2025-12-20 13:19:47] [INFO] REQ: POST /predict - Status: 200 - Czas: 14.30ms
[2025-12-20 13:19:47] [INFO] REQ: POST /predict - Status: 200 - Czas: 19.69ms
[2025-12-20 13:19:47] [INFO] REQ: POST /predict - Status: 200 - Czas: 20.42ms
[2025-12-20 13:19:47] [INFO] REQ: POST /predict - Status: 200 - Czas: 18.59ms
[2025-12-20 13:19:47] [INFO] REQ: POST /predict - Status: 200 - Czas: 20.54ms
[2025-12-20 13:19:47] [INFO] REQ: POST /predict - Status: 200 - Czas: 21.08ms
[2025-12-20 13:19:47] [INFO] REQ: POST /predict - Status: 200 - Czas: 11.75ms
[2025-12-20 13:19:47] [INFO] REQ: POST /predict - Status: 200 - Czas: 17.29ms
[2025-12-20 13:19:47] [INFO] REQ: POST /predict - Status: 200 - Czas: 18.90ms
[2025-12-20 13:19:47] [INFO] REQ: POST /predict - Status: 200 - Czas: 21.99ms
[2025-12-20 13:19:47] [INFO] REQ: POST /predict - Status: 200 - Czas: 22.71ms
[2025-12-20 13:19:47] [INFO] REQ: POST /predict - Status: 200 - Czas: 18.30ms
[2025-12-20 13:19:47] [INFO] REQ: POST /predict - Status: 200 - Czas: 11.40ms
[2025-12-20 13:19:47] [INFO] REQ: POST /predict - Status: 200 - Czas: 11.52ms
[2025-12-20 13:19:47] [INFO] REQ: POST /predict - Status: 200 - Czas: 10.38ms
[2025-12-20 13:19:47] [INFO] REQ: POST /predict - Status: 200 - Czas: 6.43ms
[2025-12-20 13:19:47] [INFO] REQ: POST /predict - Status: 200 - Czas: 56.02ms
[2025-12-20 13:19:47] [INFO] REQ: POST /predict - Status: 200 - Czas: 12.36ms
[2025-12-20 13:19:47] [INFO] REQ: POST /predict - Status: 200 - Czas: 11.41ms
[2025-12-20 13:19:47] [INFO] REQ: POST /predict - Status: 200 - Czas: 12.42ms
[2025-12-20 13:19:47] [INFO] REQ: POST /predict - Status: 200 - Czas: 8.77ms
[2025-12-20 13:19:47] [INFO] REQ: POST /predict - Status: 200 - Czas: 10.21ms
[2025-12-20 13:19:47] [INFO] REQ: POST /predict - Status: 200 - Czas: 11.98ms
[2025-12-20 13:19:47] [INFO] REQ: POST /predict - Status: 200 - Czas: 14.61ms
[2025-12-20 13:19:47] [INFO] REQ: POST /predict - Status: 200 - Czas: 20.64ms
[2025-12-20 13:19:47] [INFO] REQ: POST /predict - Status: 200 - Czas: 21.04ms
[2025-12-20 13:19:47] [INFO] REQ: POST /predict - Status: 200 - Czas: 8.08ms
[2025-12-20 13:19:47] [INFO] REQ: POST /predict - Status: 200 - Czas: 7.10ms
[2025-12-20 13:19:47] [INFO] REQ: POST /predict - Status: 200 - Czas: 7.60ms
[2025-12-20 13:19:47] [INFO] REQ: POST /predict - Status: 200 - Czas: 8.90ms
[2025-12-20 13:19:47] [INFO] REQ: POST /predict - Status: 200 - Czas: 7.00ms
[2025-12-20 13:19:47] [INFO] REQ: POST /predict - Status: 200 - Czas: 5.34ms
[2025-12-20 13:19:47] [INFO] REQ: POST /predict - Status: 200 - Czas: 10.90ms
[2025-12-20 13:19:47] [INFO] REQ: POST /predict - Status: 200 - Czas: 17.08ms
[2025-12-20 13:19:47] [INFO] REQ: POST /predict - Status: 200 - Czas: 19.06ms
[2025-12-20 13:19:47] [INFO] REQ: POST /predict - Status: 200 - Czas: 10.28ms
[2025-12-20 13:19:47] [INFO] REQ: POST /predict - Status: 200 - Czas: 13.15ms
[2025-12-20 13:19:47] [INFO] REQ: POST /predict - Status: 200 - Czas: 9.27ms
[2025-12-20 13:19:47] [INFO] REQ: POST /predict - Status: 200 - Czas: 10.12ms
[2025-12-20 13:19:47] [INFO] REQ: POST /predict - Status: 200 - Czas: 12.98ms
[2025-12-20 13:19:47] [INFO] REQ: POST /predict - Status: 200 - Czas: 12.63ms
[2025-12-20 13:19:47] [INFO] REQ: POST /predict - Status: 200 - Czas: 10.92ms
[2025-12-20 13:19:47] [INFO] REQ: POST /predict - Status: 200 - Czas: 17.30ms
[2025-12-20 13:19:47] [INFO] REQ: POST /predict - Status: 200 - Czas: 20.45ms
[2025-12-20 13:19:47] [INFO] REQ: POST /predict - Status: 200 - Czas: 21.56ms
[2025-12-20 13:19:47] [INFO] REQ: POST /predict - Status: 200 - Czas: 22.28ms
[2025-12-20 13:19:47] [INFO] REQ: POST /predict - Status: 200 - Czas: 39.98ms
[2025-12-20 13:19:47] [INFO] REQ: POST /predict - Status: 200 - Czas: 5.85ms
[2025-12-20 13:19:47] [INFO] REQ: POST /predict - Status: 200 - Czas: 4.86ms
[2025-12-20 13:19:47] [INFO] REQ: POST /predict - Status: 200 - Czas: 5.99ms
[2025-12-20 13:19:47] [INFO] REQ: POST /predict - Status: 200 - Czas: 8.61ms
[2025-12-20 13:19:47] [INFO] REQ: POST /predict - Status: 200 - Czas: 9.16ms
[2025-12-20 13:19:47] [INFO] REQ: POST /predict - Status: 200 - Czas: 5.67ms
[2025-12-20 13:19:47] [INFO] REQ: POST /predict - Status: 200 - Czas: 4.76ms
[2025-12-20 13:19:47] [INFO] REQ: POST /predict - Status: 200 - Czas: 5.67ms
[2025-12-20 13:19:47] [INFO] REQ: POST /predict - Status: 200 - Czas: 9.84ms
[2025-12-20 13:19:47] [INFO] REQ: POST /predict - Status: 200 - Czas: 10.24ms
[2025-12-20 13:19:47] [INFO] REQ: POST /predict - Status: 200 - Czas: 16.92ms
[2025-12-20 13:19:47] [INFO] REQ: POST /predict - Status: 200 - Czas: 16.21ms
[2025-12-20 13:19:47] [INFO] REQ: POST /predict - Status: 200 - Czas: 15.39ms
[2025-12-20 13:19:47] [INFO] REQ: POST /predict - Status: 200 - Czas: 17.23ms
[2025-12-20 13:19:47] [INFO] REQ: POST /predict - Status: 200 - Czas: 18.75ms
[2025-12-20 13:19:47] [INFO] REQ: POST /predict - Status: 200 - Czas: 10.92ms
[2025-12-20 13:19:47] [INFO] REQ: POST /predict - Status: 200 - Czas: 5.89ms
[2025-12-20 13:19:47] [INFO] REQ: POST /predict - Status: 200 - Czas: 14.06ms
[2025-12-20 13:19:47] [INFO] REQ: POST /predict - Status: 200 - Czas: 20.82ms
[2025-12-20 13:19:47] [INFO] REQ: POST /predict - Status: 200 - Czas: 23.12ms
[2025-12-20 13:19:47] [INFO] REQ: POST /predict - Status: 200 - Czas: 16.90ms
[2025-12-20 13:19:47] [INFO] REQ: POST /predict - Status: 200 - Czas: 19.17ms
[2025-12-20 13:19:47] [INFO] REQ: POST /predict - Status: 200 - Czas: 14.26ms
[2025-12-20 13:19:47] [INFO] REQ: POST /predict - Status: 200 - Czas: 17.74ms
[2025-12-20 13:19:47] [INFO] REQ: POST /predict - Status: 200 - Czas: 18.42ms
[2025-12-20 13:19:47] [INFO] REQ: POST /predict - Status: 200 - Czas: 16.10ms
[2025-12-20 13:19:47] [INFO] REQ: POST /predict - Status: 200 - Czas: 9.85ms
[2025-12-20 13:19:47] [INFO] REQ: POST /predict - Status: 200 - Czas: 11.15ms
[2025-12-20 13:19:47] [INFO] REQ: POST /predict - Status: 200 - Czas: 12.39ms
[2025-12-20 13:19:47] [INFO] REQ: POST /predict - Status: 200 - Czas: 15.90ms
[2025-12-20 13:19:47] [INFO] REQ: POST /predict - Status: 200 - Czas: 14.45ms
[2025-12-20 13:19:47] [INFO] REQ: POST /predict - Status: 200 - Czas: 11.94ms
[2025-12-20 13:19:47] [INFO] REQ: POST /predict - Status: 200 - Czas: 15.27ms
[2025-12-20 13:19:47] [INFO] REQ: POST /predict - Status: 200 - Czas: 15.05ms
[2025-12-20 13:19:47] [INFO] REQ: POST /predict - Status: 200 - Czas: 16.38ms
[2025-12-20 13:19:47] [INFO] REQ: POST /predict - Status: 200 - Czas: 14.96ms
[2025-12-20 13:19:47] [INFO] REQ: POST /predict - Status: 200 - Czas: 7.32ms
[2025-12-20 13:19:48] [INFO] REQ: POST /predict - Status: 200 - Czas: 14.27ms
[2025-12-20 13:19:48] [INFO] REQ: POST /predict - Status: 200 - Czas: 15.77ms
[2025-12-20 13:19:48] [INFO] REQ: POST /predict - Status: 200 - Czas: 20.30ms
[2025-12-20 13:19:48] [INFO] REQ: POST /predict - Status: 200 - Czas: 18.42ms
[2025-12-20 13:19:48] [INFO] REQ: POST /predict - Status: 200 - Czas: 4.14ms
[2025-12-20 13:19:48] [INFO] REQ: POST /predict - Status: 200 - Czas: 9.80ms
[2025-12-20 13:19:48] [INFO] REQ: POST /predict - Status: 200 - Czas: 10.74ms
[2025-12-20 13:19:48] [INFO] REQ: POST /predict - Status: 200 - Czas: 12.37ms
[2025-12-20 13:19:48] [INFO] REQ: POST /predict - Status: 200 - Czas: 14.92ms
[2025-12-20 13:19:48] [INFO] REQ: POST /predict - Status: 200 - Czas: 16.58ms
[2025-12-20 13:19:48] [INFO] REQ: POST /predict - Status: 200 - Czas: 8.66ms
[2025-12-20 13:19:48] [INFO] REQ: POST /predict - Status: 200 - Czas: 11.37ms
[2025-12-20 13:19:48] [INFO] REQ: POST /predict - Status: 200 - Czas: 15.37ms
[2025-12-20 13:19:48] [INFO] REQ: POST /predict - Status: 200 - Czas: 13.69ms
[2025-12-20 13:19:48] [INFO] REQ: POST /predict - Status: 200 - Czas: 9.24ms
[2025-12-20 13:19:48] [INFO] REQ: POST /predict - Status: 200 - Czas: 13.95ms
[2025-12-20 13:19:48] [INFO] REQ: POST /predict - Status: 200 - Czas: 26.26ms
[2025-12-20 13:19:48] [INFO] REQ: POST /predict - Status: 200 - Czas: 23.07ms
[2025-12-20 13:19:48] [INFO] REQ: POST /predict - Status: 200 - Czas: 22.42ms
[2025-12-20 13:19:48] [INFO] REQ: POST /predict - Status: 200 - Czas: 30.28ms
[2025-12-20 13:19:48] [INFO] REQ: POST /predict - Status: 200 - Czas: 12.30ms
[2025-12-20 13:19:48] [INFO] REQ: POST /predict - Status: 200 - Czas: 14.61ms
[2025-12-20 13:19:48] [INFO] REQ: POST /predict - Status: 200 - Czas: 17.17ms
[2025-12-20 13:19:48] [INFO] REQ: POST /predict - Status: 200 - Czas: 17.20ms
[2025-12-20 13:19:48] [INFO] REQ: POST /predict - Status: 200 - Czas: 16.95ms
[2025-12-20 13:19:48] [INFO] REQ: POST /predict - Status: 200 - Czas: 6.58ms
[2025-12-20 13:19:48] [INFO] REQ: POST /predict - Status: 200 - Czas: 17.13ms
[2025-12-20 13:19:48] [INFO] REQ: POST /predict - Status: 200 - Czas: 19.16ms
[2025-12-20 13:19:48] [INFO] REQ: POST /predict - Status: 200 - Czas: 22.75ms
[2025-12-20 13:19:48] [INFO] REQ: POST /predict - Status: 200 - Czas: 24.16ms
[2025-12-20 13:19:48] [INFO] REQ: POST /predict - Status: 200 - Czas: 23.58ms
[2025-12-20 13:19:48] [INFO] REQ: POST /predict - Status: 200 - Czas: 11.93ms
[2025-12-20 13:19:48] [INFO] REQ: POST /predict - Status: 200 - Czas: 12.50ms
[2025-12-20 13:19:48] [INFO] REQ: POST /predict - Status: 200 - Czas: 16.04ms
[2025-12-20 13:19:48] [INFO] REQ: POST /predict - Status: 200 - Czas: 14.05ms
[2025-12-20 13:19:48] [INFO] REQ: POST /predict - Status: 200 - Czas: 16.02ms
[2025-12-20 13:19:48] [INFO] REQ: POST /predict - Status: 200 - Czas: 10.66ms
[2025-12-20 13:19:48] [INFO] REQ: POST /predict - Status: 200 - Czas: 11.86ms
[2025-12-20 13:19:48] [INFO] REQ: POST /predict - Status: 200 - Czas: 18.61ms
[2025-12-20 13:19:48] [INFO] REQ: POST /predict - Status: 200 - Czas: 19.98ms
[2025-12-20 13:19:48] [INFO] REQ: POST /predict - Status: 200 - Czas: 9.95ms
[2025-12-20 13:19:48] [INFO] REQ: POST /predict - Status: 200 - Czas: 5.24ms
[2025-12-20 13:19:48] [INFO] REQ: POST /predict - Status: 200 - Czas: 7.19ms
[2025-12-20 13:19:48] [INFO] REQ: POST /predict - Status: 200 - Czas: 13.59ms
[2025-12-20 13:19:48] [INFO] REQ: POST /predict - Status: 200 - Czas: 13.54ms
[2025-12-20 13:19:48] [INFO] REQ: POST /predict - Status: 200 - Czas: 10.79ms
[2025-12-20 13:19:48] [INFO] REQ: POST /predict - Status: 200 - Czas: 13.77ms
[2025-12-20 13:19:48] [INFO] REQ: POST /predict - Status: 200 - Czas: 13.95ms
[2025-12-20 13:19:48] [INFO] REQ: POST /predict - Status: 200 - Czas: 14.99ms
[2025-12-20 13:19:48] [INFO] REQ: POST /predict - Status: 200 - Czas: 19.56ms
[2025-12-20 13:19:48] [INFO] REQ: POST /predict - Status: 200 - Czas: 19.08ms
[2025-12-20 13:19:48] [INFO] REQ: POST /predict - Status: 200 - Czas: 21.61ms
[2025-12-20 13:19:48] [INFO] REQ: POST /predict - Status: 200 - Czas: 19.96ms
[2025-12-20 13:19:48] [INFO] REQ: POST /predict - Status: 200 - Czas: 8.82ms
[2025-12-20 13:19:48] [INFO] REQ: POST /predict - Status: 200 - Czas: 9.92ms
[2025-12-20 13:19:48] [INFO] REQ: POST /predict - Status: 200 - Czas: 18.22ms
[2025-12-20 13:19:48] [INFO] REQ: POST /predict - Status: 200 - Czas: 18.47ms
[2025-12-20 13:19:48] [INFO] REQ: POST /predict - Status: 200 - Czas: 20.39ms
[2025-12-20 13:19:48] [INFO] REQ: POST /predict - Status: 200 - Czas: 8.75ms
[2025-12-20 13:19:48] [INFO] REQ: POST /predict - Status: 200 - Czas: 13.03ms
[2025-12-20 13:19:48] [INFO] REQ: POST /predict - Status: 200 - Czas: 16.14ms
[2025-12-20 13:19:48] [INFO] REQ: POST /predict - Status: 200 - Czas: 24.38ms
[2025-12-20 13:19:48] [INFO] REQ: POST /predict - Status: 200 - Czas: 26.52ms
[2025-12-20 13:19:48] [INFO] REQ: POST /predict - Status: 200 - Czas: 8.07ms
[2025-12-20 13:19:48] [INFO] REQ: POST /predict - Status: 200 - Czas: 17.20ms
[2025-12-20 13:19:48] [INFO] REQ: POST /predict - Status: 200 - Czas: 10.01ms
[2025-12-20 13:19:48] [INFO] REQ: POST /predict - Status: 200 - Czas: 14.38ms
[2025-12-20 13:19:48] [INFO] REQ: POST /predict - Status: 200 - Czas: 16.15ms
[2025-12-20 13:19:48] [INFO] REQ: POST /predict - Status: 200 - Czas: 17.44ms
[2025-12-20 13:19:48] [INFO] REQ: POST /predict - Status: 200 - Czas: 14.67ms
[2025-12-20 13:19:48] [INFO] REQ: POST /predict - Status: 200 - Czas: 13.45ms
[2025-12-20 13:19:48] [INFO] REQ: POST /predict - Status: 200 - Czas: 17.90ms
[2025-12-20 13:19:48] [INFO] REQ: POST /predict - Status: 200 - Czas: 20.24ms
[2025-12-20 13:19:48] [INFO] REQ: POST /predict - Status: 200 - Czas: 27.20ms
[2025-12-20 13:19:48] [INFO] REQ: POST /predict - Status: 200 - Czas: 29.26ms
[2025-12-20 13:19:48] [INFO] REQ: POST /predict - Status: 200 - Czas: 12.52ms
[2025-12-20 13:19:48] [INFO] REQ: POST /predict - Status: 200 - Czas: 15.82ms
[2025-12-20 13:19:48] [INFO] REQ: POST /predict - Status: 200 - Czas: 19.13ms
[2025-12-20 13:19:48] [INFO] REQ: POST /predict - Status: 200 - Czas: 18.04ms
[2025-12-20 13:19:48] [INFO] REQ: POST /predict - Status: 200 - Czas: 6.82ms
[2025-12-20 13:19:48] [INFO] REQ: POST /predict - Status: 200 - Czas: 6.28ms
[2025-12-20 13:19:48] [INFO] REQ: POST /predict - Status: 200 - Czas: 10.42ms
[2025-12-20 13:19:48] [INFO] REQ: POST /predict - Status: 200 - Czas: 7.65ms
[2025-12-20 13:19:48] [INFO] REQ: POST /predict - Status: 200 - Czas: 7.06ms
[2025-12-20 13:19:48] [INFO] REQ: POST /predict - Status: 200 - Czas: 8.52ms
[2025-12-20 13:19:48] [INFO] REQ: POST /predict - Status: 200 - Czas: 8.04ms
[2025-12-20 13:19:48] [INFO] REQ: POST /predict - Status: 200 - Czas: 10.61ms
[2025-12-20 13:19:48] [INFO] REQ: POST /predict - Status: 200 - Czas: 13.99ms
[2025-12-20 13:19:48] [INFO] REQ: POST /predict - Status: 200 - Czas: 16.63ms
[2025-12-20 13:19:48] [INFO] REQ: POST /predict - Status: 200 - Czas: 9.36ms
[2025-12-20 13:19:48] [INFO] REQ: POST /predict - Status: 200 - Czas: 7.83ms
[2025-12-20 13:19:48] [INFO] REQ: POST /predict - Status: 200 - Czas: 9.34ms
[2025-12-20 13:19:48] [INFO] REQ: POST /predict - Status: 200 - Czas: 13.31ms
[2025-12-20 13:19:48] [INFO] REQ: POST /predict - Status: 200 - Czas: 15.20ms
[2025-12-20 13:19:48] [INFO] REQ: POST /predict - Status: 200 - Czas: 15.06ms
[2025-12-20 13:19:48] [INFO] REQ: POST /predict - Status: 200 - Czas: 14.93ms
[2025-12-20 13:19:48] [INFO] REQ: POST /predict - Status: 200 - Czas: 4.39ms
[2025-12-20 13:19:48] [INFO] REQ: POST /predict - Status: 200 - Czas: 9.82ms
[2025-12-20 13:19:48] [INFO] REQ: POST /predict - Status: 200 - Czas: 11.42ms
[2025-12-20 13:19:48] [INFO] REQ: POST /predict - Status: 200 - Czas: 11.73ms
[2025-12-20 13:19:48] [INFO] REQ: POST /predict - Status: 200 - Czas: 17.31ms
[2025-12-20 13:19:48] [INFO] REQ: POST /predict - Status: 200 - Czas: 14.50ms
[2025-12-20 13:19:48] [INFO] REQ: POST /predict - Status: 200 - Czas: 13.60ms
[2025-12-20 13:19:48] [INFO] REQ: POST /predict - Status: 200 - Czas: 5.53ms
[2025-12-20 13:19:48] [INFO] REQ: POST /predict - Status: 200 - Czas: 8.73ms
[2025-12-20 13:19:48] [INFO] REQ: POST /predict - Status: 200 - Czas: 9.28ms
[2025-12-20 13:19:48] [INFO] REQ: POST /predict - Status: 200 - Czas: 9.63ms
[2025-12-20 13:19:48] [INFO] REQ: POST /predict - Status: 200 - Czas: 14.12ms
[2025-12-20 13:19:48] [INFO] REQ: POST /predict - Status: 200 - Czas: 14.06ms
[2025-12-20 13:19:48] [INFO] REQ: POST /predict - Status: 200 - Czas: 9.68ms
[2025-12-20 13:19:48] [INFO] REQ: POST /predict - Status: 200 - Czas: 10.43ms
[2025-12-20 13:19:48] [INFO] REQ: POST /predict - Status: 200 - Czas: 12.79ms
[2025-12-20 13:19:48] [INFO] REQ: POST /predict - Status: 200 - Czas: 18.67ms
[2025-12-20 13:19:48] [INFO] REQ: POST /predict - Status: 200 - Czas: 22.43ms
[2025-12-20 13:19:48] [INFO] REQ: POST /predict - Status: 200 - Czas: 20.61ms
[2025-12-20 13:19:48] [INFO] REQ: POST /predict - Status: 200 - Czas: 19.37ms
[2025-12-20 13:19:48] [INFO] REQ: POST /predict - Status: 200 - Czas: 3.58ms
[2025-12-20 13:19:48] [INFO] REQ: POST /predict - Status: 200 - Czas: 4.93ms
[2025-12-20 13:19:48] [INFO] REQ: POST /predict - Status: 200 - Czas: 7.82ms
[2025-12-20 13:19:48] [INFO] REQ: POST /predict - Status: 200 - Czas: 4.76ms
[2025-12-20 13:19:48] [INFO] REQ: POST /predict - Status: 200 - Czas: 4.04ms
[2025-12-20 13:19:48] [INFO] REQ: POST /predict - Status: 200 - Czas: 14.20ms
[2025-12-20 13:19:48] [INFO] REQ: POST /predict - Status: 200 - Czas: 15.23ms
[2025-12-20 13:19:48] [INFO] REQ: POST /predict - Status: 200 - Czas: 20.08ms
[2025-12-20 13:19:48] [INFO] REQ: POST /predict - Status: 200 - Czas: 19.66ms
[2025-12-20 13:19:48] [INFO] REQ: POST /predict - Status: 200 - Czas: 13.89ms
[2025-12-20 13:19:48] [INFO] REQ: POST /predict - Status: 200 - Czas: 11.95ms
[2025-12-20 13:19:49] [INFO] REQ: POST /predict - Status: 200 - Czas: 15.84ms
[2025-12-20 13:19:49] [INFO] REQ: POST /predict - Status: 200 - Czas: 21.85ms
[2025-12-20 13:19:49] [INFO] REQ: POST /predict - Status: 200 - Czas: 25.14ms
[2025-12-20 13:19:49] [INFO] REQ: POST /predict - Status: 200 - Czas: 24.41ms
[2025-12-20 13:19:49] [INFO] REQ: POST /predict - Status: 200 - Czas: 8.65ms
[2025-12-20 13:19:49] [INFO] REQ: POST /predict - Status: 200 - Czas: 13.43ms
[2025-12-20 13:19:49] [INFO] REQ: POST /predict - Status: 200 - Czas: 18.48ms
[2025-12-20 13:19:49] [INFO] REQ: POST /predict - Status: 200 - Czas: 19.31ms
[2025-12-20 13:19:49] [INFO] REQ: POST /predict - Status: 200 - Czas: 18.66ms
[2025-12-20 13:19:49] [INFO] REQ: POST /predict - Status: 200 - Czas: 20.78ms
[2025-12-20 13:19:49] [INFO] REQ: POST /predict - Status: 200 - Czas: 19.47ms
[2025-12-20 13:19:49] [INFO] REQ: POST /predict - Status: 200 - Czas: 17.68ms
[2025-12-20 13:19:49] [INFO] REQ: POST /predict - Status: 200 - Czas: 18.93ms
[2025-12-20 13:19:49] [INFO] REQ: POST /predict - Status: 200 - Czas: 15.57ms
[2025-12-20 13:19:49] [INFO] REQ: POST /predict - Status: 200 - Czas: 19.14ms
[2025-12-20 13:19:49] [INFO] REQ: POST /predict - Status: 200 - Czas: 21.15ms
[2025-12-20 13:19:49] [INFO] REQ: POST /predict - Status: 200 - Czas: 27.23ms
[2025-12-20 13:19:49] [INFO] REQ: POST /predict - Status: 200 - Czas: 28.47ms
[2025-12-20 13:19:49] [INFO] REQ: POST /predict - Status: 200 - Czas: 25.93ms
[2025-12-20 13:19:49] [INFO] REQ: POST /predict - Status: 200 - Czas: 9.47ms
[2025-12-20 13:19:49] [INFO] REQ: POST /predict - Status: 200 - Czas: 9.92ms
[2025-12-20 13:19:49] [INFO] REQ: POST /predict - Status: 200 - Czas: 10.05ms
[2025-12-20 13:19:49] [INFO] REQ: POST /predict - Status: 200 - Czas: 11.38ms
[2025-12-20 13:19:49] [INFO] REQ: POST /predict - Status: 200 - Czas: 8.37ms
[2025-12-20 13:19:49] [INFO] REQ: POST /predict - Status: 200 - Czas: 12.35ms
[2025-12-20 13:19:49] [INFO] REQ: POST /predict - Status: 200 - Czas: 16.60ms
[2025-12-20 13:19:49] [INFO] REQ: POST /predict - Status: 200 - Czas: 19.95ms
[2025-12-20 13:19:49] [INFO] REQ: POST /predict - Status: 200 - Czas: 23.02ms
[2025-12-20 13:19:49] [INFO] REQ: POST /predict - Status: 200 - Czas: 21.58ms
[2025-12-20 13:19:49] [INFO] REQ: POST /predict - Status: 200 - Czas: 13.63ms
[2025-12-20 13:19:49] [INFO] REQ: POST /predict - Status: 200 - Czas: 13.60ms
[2025-12-20 13:19:49] [INFO] REQ: POST /predict - Status: 200 - Czas: 13.42ms
[2025-12-20 13:19:49] [INFO] REQ: POST /predict - Status: 200 - Czas: 14.92ms
[2025-12-20 13:19:49] [INFO] REQ: POST /predict - Status: 200 - Czas: 16.52ms
[2025-12-20 13:19:49] [INFO] REQ: POST /predict - Status: 200 - Czas: 8.18ms
[2025-12-20 13:19:49] [INFO] REQ: POST /predict - Status: 200 - Czas: 12.20ms
[2025-12-20 13:19:49] [INFO] REQ: POST /predict - Status: 200 - Czas: 15.47ms
[2025-12-20 13:19:49] [INFO] REQ: POST /predict - Status: 200 - Czas: 12.93ms
[2025-12-20 13:19:49] [INFO] REQ: POST /predict - Status: 200 - Czas: 14.93ms
[2025-12-20 13:19:49] [INFO] REQ: POST /predict - Status: 200 - Czas: 17.07ms
[2025-12-20 13:19:49] [INFO] REQ: POST /predict - Status: 200 - Czas: 12.10ms
[2025-12-20 13:19:49] [INFO] REQ: POST /predict - Status: 200 - Czas: 8.51ms
[2025-12-20 13:19:49] [INFO] REQ: POST /predict - Status: 200 - Czas: 15.87ms
[2025-12-20 13:19:49] [INFO] REQ: POST /predict - Status: 200 - Czas: 12.14ms
[2025-12-20 13:19:49] [INFO] REQ: POST /predict - Status: 200 - Czas: 10.18ms
[2025-12-20 13:19:49] [INFO] REQ: POST /predict - Status: 200 - Czas: 12.21ms
[2025-12-20 13:19:49] [INFO] REQ: POST /predict - Status: 200 - Czas: 8.97ms
[2025-12-20 13:19:49] [INFO] REQ: POST /predict - Status: 200 - Czas: 17.24ms
[2025-12-20 13:19:49] [INFO] REQ: POST /predict - Status: 200 - Czas: 18.65ms
[2025-12-20 13:19:49] [INFO] REQ: POST /predict - Status: 200 - Czas: 17.77ms
[2025-12-20 13:19:49] [INFO] REQ: POST /predict - Status: 200 - Czas: 19.31ms
[2025-12-20 13:19:49] [INFO] REQ: POST /predict - Status: 200 - Czas: 9.21ms
[2025-12-20 13:19:49] [INFO] REQ: POST /predict - Status: 200 - Czas: 18.06ms
[2025-12-20 13:19:49] [INFO] REQ: POST /predict - Status: 200 - Czas: 18.70ms
[2025-12-20 13:19:49] [INFO] REQ: POST /predict - Status: 200 - Czas: 18.69ms
[2025-12-20 13:19:49] [INFO] REQ: POST /predict - Status: 200 - Czas: 21.37ms
[2025-12-20 13:19:49] [INFO] REQ: POST /predict - Status: 200 - Czas: 21.11ms
[2025-12-20 13:19:49] [INFO] REQ: POST /predict - Status: 200 - Czas: 7.63ms
[2025-12-20 13:19:49] [INFO] REQ: POST /predict - Status: 200 - Czas: 12.26ms
[2025-12-20 13:19:49] [INFO] REQ: POST /predict - Status: 200 - Czas: 15.37ms
[2025-12-20 13:19:49] [INFO] REQ: POST /predict - Status: 200 - Czas: 15.00ms
[2025-12-20 13:19:49] [INFO] REQ: POST /predict - Status: 200 - Czas: 13.86ms
[2025-12-20 13:19:49] [INFO] REQ: POST /predict - Status: 200 - Czas: 14.92ms
[2025-12-20 13:19:49] [INFO] REQ: POST /predict - Status: 200 - Czas: 12.62ms
[2025-12-20 13:19:49] [INFO] REQ: POST /predict - Status: 200 - Czas: 13.37ms
[2025-12-20 13:19:49] [INFO] REQ: POST /predict - Status: 200 - Czas: 18.58ms
[2025-12-20 13:19:49] [INFO] REQ: POST /predict - Status: 200 - Czas: 16.91ms
[2025-12-20 13:19:49] [INFO] REQ: POST /predict - Status: 200 - Czas: 16.33ms
[2025-12-20 13:19:49] [INFO] REQ: POST /predict - Status: 200 - Czas: 9.62ms
[2025-12-20 13:19:49] [INFO] REQ: POST /predict - Status: 200 - Czas: 12.53ms
[2025-12-20 13:19:49] [INFO] REQ: POST /predict - Status: 200 - Czas: 13.12ms
[2025-12-20 13:19:49] [INFO] REQ: POST /predict - Status: 200 - Czas: 13.86ms
[2025-12-20 13:19:49] [INFO] REQ: POST /predict - Status: 200 - Czas: 10.45ms
[2025-12-20 13:19:49] [INFO] REQ: POST /predict - Status: 200 - Czas: 10.58ms
[2025-12-20 13:19:49] [INFO] REQ: POST /predict - Status: 200 - Czas: 9.82ms
[2025-12-20 13:19:49] [INFO] REQ: POST /predict - Status: 200 - Czas: 12.53ms
[2025-12-20 13:19:49] [INFO] REQ: POST /predict - Status: 200 - Czas: 11.10ms
[2025-12-20 13:19:49] [INFO] REQ: POST /predict - Status: 200 - Czas: 14.16ms
[2025-12-20 13:19:49] [INFO] REQ: POST /predict - Status: 200 - Czas: 19.58ms
[2025-12-20 13:19:49] [INFO] REQ: POST /predict - Status: 200 - Czas: 20.12ms
[2025-12-20 13:19:49] [INFO] REQ: POST /predict - Status: 200 - Czas: 22.87ms
[2025-12-20 13:19:49] [INFO] REQ: POST /predict - Status: 200 - Czas: 21.12ms
[2025-12-20 13:19:49] [INFO] REQ: POST /predict - Status: 200 - Czas: 9.84ms
[2025-12-20 13:19:49] [INFO] REQ: POST /predict - Status: 200 - Czas: 11.03ms
[2025-12-20 13:19:49] [INFO] REQ: POST /predict - Status: 200 - Czas: 12.32ms
[2025-12-20 13:19:49] [INFO] REQ: POST /predict - Status: 200 - Czas: 17.61ms
[2025-12-20 13:19:49] [INFO] REQ: POST /predict - Status: 200 - Czas: 21.21ms
[2025-12-20 13:19:49] [INFO] REQ: POST /predict - Status: 200 - Czas: 14.37ms
[2025-12-20 13:19:49] [INFO] REQ: POST /predict - Status: 200 - Czas: 16.83ms
[2025-12-20 13:19:49] [INFO] REQ: POST /predict - Status: 200 - Czas: 17.84ms
[2025-12-20 13:19:49] [INFO] REQ: POST /predict - Status: 200 - Czas: 14.29ms
[2025-12-20 13:19:49] [INFO] REQ: POST /predict - Status: 200 - Czas: 7.01ms
[2025-12-20 13:19:49] [INFO] REQ: POST /predict - Status: 200 - Czas: 7.53ms
[2025-12-20 13:19:49] [INFO] REQ: POST /predict - Status: 200 - Czas: 9.74ms
[2025-12-20 13:19:49] [INFO] REQ: POST /predict - Status: 200 - Czas: 14.63ms
[2025-12-20 13:19:49] [INFO] REQ: POST /predict - Status: 200 - Czas: 13.78ms
[2025-12-20 13:19:49] [INFO] REQ: POST /predict - Status: 200 - Czas: 13.33ms
[2025-12-20 13:19:49] [INFO] REQ: POST /predict - Status: 200 - Czas: 15.35ms
[2025-12-20 13:19:49] [INFO] REQ: POST /predict - Status: 200 - Czas: 17.84ms
[2025-12-20 13:19:49] [INFO] REQ: POST /predict - Status: 200 - Czas: 13.46ms
[2025-12-20 13:19:49] [INFO] REQ: POST /predict - Status: 200 - Czas: 13.65ms
[2025-12-20 13:19:49] [INFO] REQ: POST /predict - Status: 200 - Czas: 17.87ms
[2025-12-20 13:19:49] [INFO] REQ: POST /predict - Status: 200 - Czas: 12.52ms
[2025-12-20 13:19:49] [INFO] REQ: POST /predict - Status: 200 - Czas: 11.59ms
[2025-12-20 13:19:49] [INFO] REQ: POST /predict - Status: 200 - Czas: 12.97ms
[2025-12-20 13:19:49] [INFO] REQ: POST /predict - Status: 200 - Czas: 13.72ms
[2025-12-20 13:19:49] [INFO] REQ: POST /predict - Status: 200 - Czas: 12.59ms
[2025-12-20 13:19:49] [INFO] REQ: POST /predict - Status: 200 - Czas: 14.42ms
[2025-12-20 13:19:49] [INFO] REQ: POST /predict - Status: 200 - Czas: 13.71ms
[2025-12-20 13:19:49] [INFO] REQ: POST /predict - Status: 200 - Czas: 19.25ms
[2025-12-20 13:19:49] [INFO] REQ: POST /predict - Status: 200 - Czas: 20.85ms
[2025-12-20 13:19:49] [INFO] REQ: POST /predict - Status: 200 - Czas: 19.53ms
[2025-12-20 13:19:49] [INFO] REQ: POST /predict - Status: 200 - Czas: 16.87ms
[2025-12-20 13:19:49] [INFO] REQ: POST /predict - Status: 200 - Czas: 19.81ms
[2025-12-20 13:19:49] [INFO] REQ: POST /predict - Status: 200 - Czas: 26.92ms
[2025-12-20 13:19:49] [INFO] REQ: POST /predict - Status: 200 - Czas: 28.40ms
[2025-12-20 13:19:49] [INFO] REQ: POST /predict - Status: 200 - Czas: 25.72ms
[2025-12-20 13:19:49] [INFO] REQ: POST /predict - Status: 200 - Czas: 17.83ms
[2025-12-20 13:19:49] [INFO] REQ: POST /predict - Status: 200 - Czas: 16.96ms
[2025-12-20 13:19:49] [INFO] REQ: POST /predict - Status: 200 - Czas: 21.60ms
[2025-12-20 13:19:49] [INFO] REQ: POST /predict - Status: 200 - Czas: 18.78ms
[2025-12-20 13:19:49] [INFO] REQ: POST /predict - Status: 200 - Czas: 18.21ms
[2025-12-20 13:19:49] [INFO] REQ: POST /predict - Status: 200 - Czas: 13.45ms
[2025-12-20 13:19:49] [INFO] REQ: POST /predict - Status: 200 - Czas: 14.58ms
[2025-12-20 13:19:49] [INFO] REQ: POST /predict - Status: 200 - Czas: 13.16ms
[2025-12-20 13:19:49] [INFO] REQ: POST /predict - Status: 200 - Czas: 7.67ms
[2025-12-20 13:19:49] [INFO] REQ: POST /predict - Status: 200 - Czas: 9.36ms
[2025-12-20 13:19:49] [INFO] REQ: POST /predict - Status: 200 - Czas: 10.08ms
[2025-12-20 13:19:49] [INFO] REQ: POST /predict - Status: 200 - Czas: 15.53ms
[2025-12-20 13:19:49] [INFO] REQ: POST /predict - Status: 200 - Czas: 16.39ms
[2025-12-20 13:19:49] [INFO] REQ: POST /predict - Status: 200 - Czas: 16.22ms
[2025-12-20 13:19:49] [INFO] REQ: POST /predict - Status: 200 - Czas: 7.99ms
[2025-12-20 13:19:50] [INFO] REQ: POST /predict - Status: 200 - Czas: 12.44ms
[2025-12-20 13:19:50] [INFO] REQ: POST /predict - Status: 200 - Czas: 11.79ms
[2025-12-20 13:19:50] [INFO] REQ: POST /predict - Status: 200 - Czas: 14.89ms
[2025-12-20 13:19:50] [INFO] REQ: POST /predict - Status: 200 - Czas: 16.77ms
[2025-12-20 13:19:50] [INFO] REQ: POST /predict - Status: 200 - Czas: 16.87ms
[2025-12-20 13:19:50] [INFO] REQ: POST /predict - Status: 200 - Czas: 16.59ms
[2025-12-20 13:19:50] [INFO] REQ: POST /predict - Status: 200 - Czas: 16.21ms
[2025-12-20 13:19:50] [INFO] REQ: POST /predict - Status: 200 - Czas: 13.54ms
[2025-12-20 13:19:50] [INFO] REQ: POST /predict - Status: 200 - Czas: 11.23ms
[2025-12-20 13:19:50] [INFO] REQ: POST /predict - Status: 200 - Czas: 10.56ms
[2025-12-20 13:19:50] [INFO] REQ: POST /predict - Status: 200 - Czas: 13.29ms
[2025-12-20 13:19:50] [INFO] REQ: POST /predict - Status: 200 - Czas: 20.59ms
[2025-12-20 13:19:50] [INFO] REQ: POST /predict - Status: 200 - Czas: 21.39ms
[2025-12-20 13:19:50] [INFO] REQ: POST /predict - Status: 200 - Czas: 18.99ms
[2025-12-20 13:19:50] [INFO] REQ: POST /predict - Status: 200 - Czas: 7.69ms
[2025-12-20 13:19:50] [INFO] REQ: POST /predict - Status: 200 - Czas: 13.73ms
[2025-12-20 13:19:50] [INFO] REQ: POST /predict - Status: 200 - Czas: 16.53ms
[2025-12-20 13:19:50] [INFO] REQ: POST /predict - Status: 200 - Czas: 21.24ms
[2025-12-20 13:19:50] [INFO] REQ: POST /predict - Status: 200 - Czas: 18.83ms
[2025-12-20 13:19:50] [INFO] REQ: POST /predict - Status: 200 - Czas: 12.27ms
[2025-12-20 13:19:50] [INFO] REQ: POST /predict - Status: 200 - Czas: 14.19ms
[2025-12-20 13:19:50] [INFO] REQ: POST /predict - Status: 200 - Czas: 18.90ms
[2025-12-20 13:19:50] [INFO] REQ: POST /predict - Status: 200 - Czas: 20.16ms
[2025-12-20 13:19:50] [INFO] REQ: POST /predict - Status: 200 - Czas: 18.26ms
[2025-12-20 13:19:50] [INFO] REQ: POST /predict - Status: 200 - Czas: 16.08ms
[2025-12-20 13:19:50] [INFO] REQ: POST /predict - Status: 200 - Czas: 8.44ms
[2025-12-20 13:19:50] [INFO] REQ: POST /predict - Status: 200 - Czas: 10.15ms
[2025-12-20 13:19:50] [INFO] REQ: POST /predict - Status: 200 - Czas: 12.90ms
[2025-12-20 13:19:50] [INFO] REQ: POST /predict - Status: 200 - Czas: 14.71ms
[2025-12-20 13:19:50] [INFO] REQ: POST /predict - Status: 200 - Czas: 17.69ms
[2025-12-20 13:19:50] [INFO] REQ: POST /predict - Status: 200 - Czas: 6.07ms
[2025-12-20 13:19:50] [INFO] REQ: POST /predict - Status: 200 - Czas: 7.19ms
[2025-12-20 13:19:50] [INFO] REQ: POST /predict - Status: 200 - Czas: 19.03ms
[2025-12-20 13:19:50] [INFO] REQ: POST /predict - Status: 200 - Czas: 19.82ms
[2025-12-20 13:19:50] [INFO] REQ: POST /predict - Status: 200 - Czas: 20.98ms
[2025-12-20 13:19:50] [INFO] REQ: POST /predict - Status: 200 - Czas: 20.31ms
[2025-12-20 13:19:50] [INFO] REQ: POST /predict - Status: 200 - Czas: 14.10ms
[2025-12-20 13:19:50] [INFO] REQ: POST /predict - Status: 200 - Czas: 18.99ms
[2025-12-20 13:19:50] [INFO] REQ: POST /predict - Status: 200 - Czas: 19.66ms
[2025-12-20 13:19:50] [INFO] REQ: POST /predict - Status: 200 - Czas: 21.34ms
[2025-12-20 13:19:50] [INFO] REQ: POST /predict - Status: 200 - Czas: 20.60ms
[2025-12-20 13:19:50] [INFO] REQ: POST /predict - Status: 200 - Czas: 8.85ms
[2025-12-20 13:19:50] [INFO] REQ: POST /predict - Status: 200 - Czas: 10.76ms
[2025-12-20 13:19:50] [INFO] REQ: POST /predict - Status: 200 - Czas: 12.73ms
[2025-12-20 13:19:50] [INFO] REQ: POST /predict - Status: 200 - Czas: 15.50ms
[2025-12-20 13:19:50] [INFO] REQ: POST /predict - Status: 200 - Czas: 12.45ms
[2025-12-20 13:19:50] [INFO] REQ: POST /predict - Status: 200 - Czas: 9.98ms
[2025-12-20 13:19:50] [INFO] REQ: POST /predict - Status: 200 - Czas: 14.71ms
[2025-12-20 13:19:50] [INFO] REQ: POST /predict - Status: 200 - Czas: 14.43ms
[2025-12-20 13:19:50] [INFO] REQ: POST /predict - Status: 200 - Czas: 13.40ms
[2025-12-20 13:19:50] [INFO] REQ: POST /predict - Status: 200 - Czas: 7.17ms
[2025-12-20 13:19:50] [INFO] REQ: POST /predict - Status: 200 - Czas: 16.39ms
[2025-12-20 13:19:50] [INFO] REQ: POST /predict - Status: 200 - Czas: 20.80ms
[2025-12-20 13:19:50] [INFO] REQ: POST /predict - Status: 200 - Czas: 27.49ms
[2025-12-20 13:19:50] [INFO] REQ: POST /predict - Status: 200 - Czas: 24.15ms
[2025-12-20 13:19:50] [INFO] REQ: POST /predict - Status: 200 - Czas: 25.85ms
[2025-12-20 13:19:50] [INFO] REQ: POST /predict - Status: 200 - Czas: 8.10ms
[2025-12-20 13:19:50] [INFO] REQ: POST /predict - Status: 200 - Czas: 73.98ms
[2025-12-20 13:19:50] [INFO] REQ: POST /predict - Status: 200 - Czas: 73.75ms
[2025-12-20 13:19:50] [INFO] REQ: POST /predict - Status: 200 - Czas: 14.56ms
[2025-12-20 13:19:50] [INFO] REQ: POST /predict - Status: 200 - Czas: 16.07ms
[2025-12-20 13:19:50] [INFO] REQ: POST /predict - Status: 200 - Czas: 8.51ms
[2025-12-20 13:19:50] [INFO] REQ: POST /predict - Status: 200 - Czas: 10.68ms
[2025-12-20 13:19:50] [INFO] REQ: POST /predict - Status: 200 - Czas: 13.32ms
[2025-12-20 13:19:50] [INFO] REQ: POST /predict - Status: 200 - Czas: 12.78ms
[2025-12-20 13:19:50] [INFO] REQ: POST /predict - Status: 200 - Czas: 13.94ms
[2025-12-20 13:19:50] [INFO] REQ: POST /predict - Status: 200 - Czas: 13.11ms
[2025-12-20 13:19:50] [INFO] REQ: POST /predict - Status: 200 - Czas: 8.50ms
[2025-12-20 13:19:50] [INFO] REQ: POST /predict - Status: 200 - Czas: 7.75ms
[2025-12-20 13:19:50] [INFO] REQ: POST /predict - Status: 200 - Czas: 8.58ms
[2025-12-20 13:19:50] [INFO] REQ: POST /predict - Status: 200 - Czas: 11.25ms
[2025-12-20 13:19:50] [INFO] REQ: POST /predict - Status: 200 - Czas: 7.66ms
[2025-12-20 13:19:50] [INFO] REQ: POST /predict - Status: 200 - Czas: 8.78ms
[2025-12-20 13:19:50] [INFO] REQ: POST /predict - Status: 200 - Czas: 4.90ms
[2025-12-20 13:19:50] [INFO] REQ: POST /predict - Status: 200 - Czas: 10.50ms
[2025-12-20 13:19:50] [INFO] REQ: POST /predict - Status: 200 - Czas: 14.28ms
[2025-12-20 13:19:50] [INFO] REQ: POST /predict - Status: 200 - Czas: 18.10ms
[2025-12-20 13:19:50] [INFO] REQ: POST /predict - Status: 200 - Czas: 15.46ms
[2025-12-20 13:19:50] [INFO] REQ: POST /predict - Status: 200 - Czas: 14.44ms
[2025-12-20 13:19:50] [INFO] REQ: POST /predict - Status: 200 - Czas: 10.48ms
[2025-12-20 13:19:50] [INFO] REQ: POST /predict - Status: 200 - Czas: 9.50ms
[2025-12-20 13:19:50] [INFO] REQ: POST /predict - Status: 200 - Czas: 13.08ms
[2025-12-20 13:19:50] [INFO] REQ: POST /predict - Status: 200 - Czas: 15.22ms
[2025-12-20 13:19:50] [INFO] REQ: POST /predict - Status: 200 - Czas: 9.94ms
[2025-12-20 13:19:50] [INFO] REQ: POST /predict - Status: 200 - Czas: 10.22ms
[2025-12-20 13:19:50] [INFO] REQ: POST /predict - Status: 200 - Czas: 17.66ms
[2025-12-20 13:19:50] [INFO] REQ: POST /predict - Status: 200 - Czas: 20.20ms
[2025-12-20 13:19:50] [INFO] REQ: POST /predict - Status: 200 - Czas: 18.80ms
[2025-12-20 13:19:50] [INFO] REQ: POST /predict - Status: 200 - Czas: 15.00ms
[2025-12-20 13:19:50] [INFO] REQ: POST /predict - Status: 200 - Czas: 12.93ms
[2025-12-20 13:19:50] [INFO] REQ: POST /predict - Status: 200 - Czas: 12.45ms
[2025-12-20 13:19:50] [INFO] REQ: POST /predict - Status: 200 - Czas: 14.09ms
[2025-12-20 13:19:50] [INFO] REQ: POST /predict - Status: 200 - Czas: 21.37ms
[2025-12-20 13:19:50] [INFO] REQ: POST /predict - Status: 200 - Czas: 22.76ms
[2025-12-20 13:19:50] [INFO] REQ: POST /predict - Status: 200 - Czas: 14.07ms
[2025-12-20 13:19:50] [INFO] REQ: POST /predict - Status: 200 - Czas: 13.12ms
[2025-12-20 13:19:50] [INFO] REQ: POST /predict - Status: 200 - Czas: 13.35ms
[2025-12-20 13:19:50] [INFO] REQ: POST /predict - Status: 200 - Czas: 15.16ms
[2025-12-20 13:19:50] [INFO] REQ: POST /predict - Status: 200 - Czas: 17.53ms
[2025-12-20 13:19:50] [INFO] REQ: POST /predict - Status: 200 - Czas: 13.57ms
[2025-12-20 13:19:50] [INFO] REQ: POST /predict - Status: 200 - Czas: 20.31ms
[2025-12-20 13:19:50] [INFO] REQ: POST /predict - Status: 200 - Czas: 17.69ms
[2025-12-20 13:19:50] [INFO] REQ: POST /predict - Status: 200 - Czas: 16.58ms
[2025-12-20 13:19:50] [INFO] REQ: POST /predict - Status: 200 - Czas: 14.91ms
[2025-12-20 13:19:50] [INFO] REQ: POST /predict - Status: 200 - Czas: 17.70ms
[2025-12-20 13:19:50] [INFO] REQ: POST /predict - Status: 200 - Czas: 22.72ms
[2025-12-20 13:19:50] [INFO] REQ: POST /predict - Status: 200 - Czas: 22.77ms
[2025-12-20 13:19:50] [INFO] REQ: POST /predict - Status: 200 - Czas: 20.06ms
[2025-12-20 13:19:50] [INFO] REQ: POST /predict - Status: 200 - Czas: 18.62ms
[2025-12-20 13:19:51] [INFO] REQ: POST /predict - Status: 200 - Czas: 10.71ms
[2025-12-20 13:19:51] [INFO] REQ: POST /predict - Status: 200 - Czas: 20.42ms
[2025-12-20 13:19:51] [INFO] REQ: POST /predict - Status: 200 - Czas: 20.32ms
[2025-12-20 13:19:51] [INFO] REQ: POST /predict - Status: 200 - Czas: 22.70ms
[2025-12-20 13:19:51] [INFO] REQ: POST /predict - Status: 200 - Czas: 21.49ms
[2025-12-20 13:19:51] [INFO] REQ: POST /predict - Status: 200 - Czas: 8.30ms
[2025-12-20 13:19:51] [INFO] REQ: POST /predict - Status: 200 - Czas: 15.32ms
[2025-12-20 13:19:51] [INFO] REQ: POST /predict - Status: 200 - Czas: 21.35ms
[2025-12-20 13:19:51] [INFO] REQ: POST /predict - Status: 200 - Czas: 24.37ms
[2025-12-20 13:19:51] [INFO] REQ: POST /predict - Status: 200 - Czas: 25.19ms
[2025-12-20 13:19:51] [INFO] REQ: POST /predict - Status: 200 - Czas: 13.15ms
[2025-12-20 13:19:51] [INFO] REQ: POST /predict - Status: 200 - Czas: 13.55ms
[2025-12-20 13:19:51] [INFO] REQ: POST /predict - Status: 200 - Czas: 19.15ms
[2025-12-20 13:19:51] [INFO] REQ: POST /predict - Status: 200 - Czas: 24.16ms
[2025-12-20 13:19:51] [INFO] REQ: POST /predict - Status: 200 - Czas: 28.71ms
[2025-12-20 13:19:51] [INFO] REQ: POST /predict - Status: 200 - Czas: 28.78ms
[2025-12-20 13:19:51] [INFO] REQ: POST /predict - Status: 200 - Czas: 9.86ms
[2025-12-20 13:19:51] [INFO] REQ: POST /predict - Status: 200 - Czas: 10.19ms
[2025-12-20 13:19:51] [INFO] REQ: POST /predict - Status: 200 - Czas: 18.17ms
[2025-12-20 13:19:51] [INFO] REQ: POST /predict - Status: 200 - Czas: 17.50ms
[2025-12-20 13:19:51] [INFO] REQ: POST /predict - Status: 200 - Czas: 17.96ms
[2025-12-20 13:19:51] [INFO] REQ: POST /predict - Status: 200 - Czas: 16.27ms
[2025-12-20 13:19:51] [INFO] REQ: POST /predict - Status: 200 - Czas: 5.29ms
[2025-12-20 13:19:51] [INFO] REQ: POST /predict - Status: 200 - Czas: 10.78ms
[2025-12-20 13:19:51] [INFO] REQ: POST /predict - Status: 200 - Czas: 12.75ms
[2025-12-20 13:19:51] [INFO] REQ: POST /predict - Status: 200 - Czas: 14.79ms
[2025-12-20 13:19:51] [INFO] REQ: POST /predict - Status: 200 - Czas: 16.99ms
[2025-12-20 13:19:51] [INFO] REQ: POST /predict - Status: 200 - Czas: 18.55ms
[2025-12-20 13:19:51] [INFO] REQ: POST /predict - Status: 200 - Czas: 12.13ms
[2025-12-20 13:19:51] [INFO] REQ: POST /predict - Status: 200 - Czas: 18.74ms
[2025-12-20 13:19:51] [INFO] REQ: POST /predict - Status: 200 - Czas: 23.93ms
[2025-12-20 13:19:51] [INFO] REQ: POST /predict - Status: 200 - Czas: 20.81ms
[2025-12-20 13:19:51] [INFO] REQ: POST /predict - Status: 200 - Czas: 15.45ms
[2025-12-20 13:19:51] [INFO] REQ: POST /predict - Status: 200 - Czas: 17.59ms
[2025-12-20 13:19:51] [INFO] REQ: POST /predict - Status: 200 - Czas: 23.35ms
[2025-12-20 13:19:51] [INFO] REQ: POST /predict - Status: 200 - Czas: 22.12ms
[2025-12-20 13:19:51] [INFO] REQ: POST /predict - Status: 200 - Czas: 20.35ms
[2025-12-20 13:19:51] [INFO] REQ: POST /predict - Status: 200 - Czas: 17.01ms
[2025-12-20 13:19:51] [INFO] REQ: POST /predict - Status: 200 - Czas: 8.12ms
[2025-12-20 13:19:51] [INFO] REQ: POST /predict - Status: 200 - Czas: 15.82ms
[2025-12-20 13:19:51] [INFO] REQ: POST /predict - Status: 200 - Czas: 19.54ms
[2025-12-20 13:19:51] [INFO] REQ: POST /predict - Status: 200 - Czas: 25.24ms
[2025-12-20 13:19:51] [INFO] REQ: POST /predict - Status: 200 - Czas: 23.67ms
[2025-12-20 13:19:51] [INFO] REQ: POST /predict - Status: 200 - Czas: 16.02ms
[2025-12-20 13:19:51] [INFO] REQ: POST /predict - Status: 200 - Czas: 10.68ms
[2025-12-20 13:19:51] [INFO] REQ: POST /predict - Status: 200 - Czas: 12.76ms
[2025-12-20 13:19:51] [INFO] REQ: POST /predict - Status: 200 - Czas: 10.86ms
[2025-12-20 13:19:51] [INFO] REQ: POST /predict - Status: 200 - Czas: 19.36ms
[2025-12-20 13:19:51] [INFO] REQ: POST /predict - Status: 200 - Czas: 19.12ms
[2025-12-20 13:19:51] [INFO] REQ: POST /predict - Status: 200 - Czas: 11.13ms
[2025-12-20 13:19:51] [INFO] REQ: POST /predict - Status: 200 - Czas: 9.80ms
[2025-12-20 13:19:51] [INFO] REQ: POST /predict - Status: 200 - Czas: 19.13ms
[2025-12-20 13:19:51] [INFO] REQ: POST /predict - Status: 200 - Czas: 18.58ms
[2025-12-20 13:19:51] [INFO] REQ: POST /predict - Status: 200 - Czas: 11.35ms
[2025-12-20 13:19:51] [INFO] REQ: POST /predict - Status: 200 - Czas: 11.26ms
[2025-12-20 13:19:51] [INFO] REQ: POST /predict - Status: 200 - Czas: 17.08ms
[2025-12-20 13:19:51] [INFO] REQ: POST /predict - Status: 200 - Czas: 13.82ms
[2025-12-20 13:19:51] [INFO] REQ: POST /predict - Status: 200 - Czas: 15.34ms
[2025-12-20 13:19:51] [INFO] REQ: POST /predict - Status: 200 - Czas: 13.67ms
[2025-12-20 13:19:51] [INFO] REQ: POST /predict - Status: 200 - Czas: 19.63ms
[2025-12-20 13:19:51] [INFO] REQ: POST /predict - Status: 200 - Czas: 12.34ms
[2025-12-20 13:19:51] [INFO] REQ: POST /predict - Status: 200 - Czas: 13.37ms
[2025-12-20 13:19:51] [INFO] REQ: POST /predict - Status: 200 - Czas: 16.02ms
[2025-12-20 13:19:51] [INFO] REQ: POST /predict - Status: 200 - Czas: 16.79ms
[2025-12-20 13:19:51] [INFO] REQ: POST /predict - Status: 200 - Czas: 19.94ms
[2025-12-20 13:19:51] [INFO] REQ: POST /predict - Status: 200 - Czas: 11.13ms
[2025-12-20 13:19:51] [INFO] REQ: POST /predict - Status: 200 - Czas: 14.53ms
[2025-12-20 13:19:51] [INFO] REQ: POST /predict - Status: 200 - Czas: 19.35ms
[2025-12-20 13:19:51] [INFO] REQ: POST /predict - Status: 200 - Czas: 14.83ms
[2025-12-20 13:19:51] [INFO] REQ: POST /predict - Status: 200 - Czas: 10.21ms
[2025-12-20 13:19:51] [INFO] REQ: POST /predict - Status: 200 - Czas: 11.02ms
[2025-12-20 13:19:51] [INFO] REQ: POST /predict - Status: 200 - Czas: 15.34ms
[2025-12-20 13:19:51] [INFO] REQ: POST /predict - Status: 200 - Czas: 17.46ms
[2025-12-20 13:19:51] [INFO] REQ: POST /predict - Status: 200 - Czas: 19.62ms
[2025-12-20 13:19:51] [INFO] REQ: POST /predict - Status: 200 - Czas: 17.41ms
[2025-12-20 13:19:51] [INFO] REQ: POST /predict - Status: 200 - Czas: 11.90ms
[2025-12-20 13:19:51] [INFO] REQ: POST /predict - Status: 200 - Czas: 14.40ms
[2025-12-20 13:19:51] [INFO] REQ: POST /predict - Status: 200 - Czas: 18.71ms
[2025-12-20 13:19:51] [INFO] REQ: POST /predict - Status: 200 - Czas: 19.77ms
[2025-12-20 13:19:51] [INFO] REQ: POST /predict - Status: 200 - Czas: 18.84ms
[2025-12-20 13:19:51] [INFO] REQ: POST /predict - Status: 200 - Czas: 10.85ms
[2025-12-20 13:19:51] [INFO] REQ: POST /predict - Status: 200 - Czas: 12.52ms
[2025-12-20 13:19:51] [INFO] REQ: POST /predict - Status: 200 - Czas: 11.24ms
[2025-12-20 13:19:51] [INFO] REQ: POST /predict - Status: 200 - Czas: 21.14ms
[2025-12-20 13:19:51] [INFO] REQ: POST /predict - Status: 200 - Czas: 17.90ms
[2025-12-20 13:19:51] [INFO] REQ: POST /predict - Status: 200 - Czas: 5.28ms
[2025-12-20 13:19:51] [INFO] REQ: POST /predict - Status: 200 - Czas: 9.49ms
[2025-12-20 13:19:51] [INFO] REQ: POST /predict - Status: 200 - Czas: 10.50ms
[2025-12-20 13:19:51] [INFO] REQ: POST /predict - Status: 200 - Czas: 10.33ms
[2025-12-20 13:19:51] [INFO] REQ: POST /predict - Status: 200 - Czas: 9.94ms
[2025-12-20 13:19:51] [INFO] REQ: POST /predict - Status: 200 - Czas: 11.83ms
[2025-12-20 13:19:51] [INFO] REQ: POST /predict - Status: 200 - Czas: 11.11ms
[2025-12-20 13:19:51] [INFO] REQ: POST /predict - Status: 200 - Czas: 6.21ms
[2025-12-20 13:19:51] [INFO] REQ: POST /predict - Status: 200 - Czas: 11.98ms
[2025-12-20 13:19:51] [INFO] REQ: POST /predict - Status: 200 - Czas: 12.54ms
[2025-12-20 13:19:51] [INFO] REQ: POST /predict - Status: 200 - Czas: 12.22ms
[2025-12-20 13:19:51] [INFO] REQ: POST /predict - Status: 200 - Czas: 23.20ms
[2025-12-20 13:19:51] [INFO] REQ: POST /predict - Status: 200 - Czas: 10.11ms
[2025-12-20 13:19:51] [INFO] REQ: POST /predict - Status: 200 - Czas: 9.26ms
[2025-12-20 13:19:51] [INFO] REQ: POST /predict - Status: 200 - Czas: 10.57ms
[2025-12-20 13:19:51] [INFO] REQ: POST /predict - Status: 200 - Czas: 16.30ms
[2025-12-20 13:19:51] [INFO] REQ: POST /predict - Status: 200 - Czas: 15.89ms
[2025-12-20 13:19:51] [INFO] REQ: POST /predict - Status: 200 - Czas: 15.98ms
[2025-12-20 13:19:51] [INFO] REQ: POST /predict - Status: 200 - Czas: 11.96ms
[2025-12-20 13:19:51] [INFO] REQ: POST /predict - Status: 200 - Czas: 10.25ms
[2025-12-20 13:19:51] [INFO] REQ: POST /predict - Status: 200 - Czas: 10.72ms
[2025-12-20 13:19:51] [INFO] REQ: POST /predict - Status: 200 - Czas: 11.86ms
[2025-12-20 13:19:51] [INFO] REQ: POST /predict - Status: 200 - Czas: 15.19ms
[2025-12-20 13:19:51] [INFO] REQ: POST /predict - Status: 200 - Czas: 14.95ms
[2025-12-20 13:19:51] [INFO] REQ: POST /predict - Status: 200 - Czas: 13.47ms
[2025-12-20 13:19:51] [INFO] REQ: POST /predict - Status: 200 - Czas: 18.38ms
[2025-12-20 13:19:51] [INFO] REQ: POST /predict - Status: 200 - Czas: 4.12ms
[2025-12-20 13:19:51] [INFO] REQ: POST /predict - Status: 200 - Czas: 9.64ms
[2025-12-20 13:19:51] [INFO] REQ: POST /predict - Status: 200 - Czas: 14.82ms
[2025-12-20 13:19:51] [INFO] REQ: POST /predict - Status: 200 - Czas: 14.16ms
[2025-12-20 13:19:51] [INFO] REQ: POST /predict - Status: 200 - Czas: 19.96ms
[2025-12-20 13:19:51] [INFO] REQ: POST /predict - Status: 200 - Czas: 13.48ms
[2025-12-20 13:19:51] [INFO] REQ: POST /predict - Status: 200 - Czas: 14.53ms
[2025-12-20 13:19:51] [INFO] REQ: POST /predict - Status: 200 - Czas: 12.41ms
[2025-12-20 13:19:51] [INFO] REQ: POST /predict - Status: 200 - Czas: 11.48ms
[2025-12-20 13:19:51] [INFO] REQ: POST /predict - Status: 200 - Czas: 11.93ms
[2025-12-20 13:19:51] [INFO] REQ: POST /predict - Status: 200 - Czas: 15.05ms
[2025-12-20 13:19:51] [INFO] REQ: POST /predict - Status: 200 - Czas: 16.68ms
[2025-12-20 13:19:51] [INFO] REQ: POST /predict - Status: 200 - Czas: 13.48ms
[2025-12-20 13:19:51] [INFO] REQ: POST /predict - Status: 200 - Czas: 13.00ms
[2025-12-20 13:19:51] [INFO] REQ: POST /predict - Status: 200 - Czas: 13.51ms
[2025-12-20 13:19:51] [INFO] REQ: POST /predict - Status: 200 - Czas: 18.11ms
[2025-12-20 13:19:51] [INFO] REQ: POST /predict - Status: 200 - Czas: 22.02ms
[2025-12-20 13:19:51] [INFO] REQ: POST /predict - Status: 200 - Czas: 22.47ms
[2025-12-20 13:19:52] [INFO] REQ: POST /predict - Status: 200 - Czas: 8.88ms
[2025-12-20 13:19:52] [INFO] REQ: POST /predict - Status: 200 - Czas: 18.75ms
[2025-12-20 13:19:52] [INFO] REQ: POST /predict - Status: 200 - Czas: 17.48ms
[2025-12-20 13:19:52] [INFO] REQ: POST /predict - Status: 200 - Czas: 18.37ms
[2025-12-20 13:19:52] [INFO] REQ: POST /predict - Status: 200 - Czas: 19.37ms
[2025-12-20 13:19:52] [INFO] REQ: POST /predict - Status: 200 - Czas: 12.43ms
[2025-12-20 13:19:52] [INFO] REQ: POST /predict - Status: 200 - Czas: 19.13ms
[2025-12-20 13:19:52] [INFO] REQ: POST /predict - Status: 200 - Czas: 19.49ms
[2025-12-20 13:19:52] [INFO] REQ: POST /predict - Status: 200 - Czas: 17.63ms
[2025-12-20 13:19:52] [INFO] REQ: POST /predict - Status: 200 - Czas: 19.74ms
[2025-12-20 13:19:52] [INFO] REQ: POST /predict - Status: 200 - Czas: 21.05ms
[2025-12-20 13:19:52] [INFO] REQ: POST /predict - Status: 200 - Czas: 13.23ms
[2025-12-20 13:19:52] [INFO] REQ: POST /predict - Status: 200 - Czas: 16.10ms
[2025-12-20 13:19:52] [INFO] REQ: POST /predict - Status: 200 - Czas: 22.49ms
[2025-12-20 13:19:52] [INFO] REQ: POST /predict - Status: 200 - Czas: 20.45ms
[2025-12-20 13:19:52] [INFO] REQ: POST /predict - Status: 200 - Czas: 21.42ms
[2025-12-20 13:19:52] [INFO] REQ: POST /predict - Status: 200 - Czas: 15.45ms
[2025-12-20 13:19:52] [INFO] REQ: POST /predict - Status: 200 - Czas: 16.09ms
[2025-12-20 13:19:52] [INFO] REQ: POST /predict - Status: 200 - Czas: 16.46ms
[2025-12-20 13:19:52] [INFO] REQ: POST /predict - Status: 200 - Czas: 15.85ms
[2025-12-20 13:19:52] [INFO] REQ: POST /predict - Status: 200 - Czas: 18.06ms
[2025-12-20 13:19:52] [INFO] REQ: POST /predict - Status: 200 - Czas: 18.77ms
[2025-12-20 13:19:52] [INFO] REQ: POST /predict - Status: 200 - Czas: 21.29ms
[2025-12-20 13:19:52] [INFO] REQ: POST /predict - Status: 200 - Czas: 22.02ms
[2025-12-20 13:19:52] [INFO] REQ: POST /predict - Status: 200 - Czas: 20.43ms
[2025-12-20 13:19:52] [INFO] REQ: POST /predict - Status: 200 - Czas: 26.53ms
[2025-12-20 13:19:52] [INFO] REQ: POST /predict - Status: 200 - Czas: 18.45ms
[2025-12-20 13:19:52] [INFO] REQ: POST /predict - Status: 200 - Czas: 25.18ms
[2025-12-20 13:19:52] [INFO] REQ: POST /predict - Status: 200 - Czas: 21.91ms
[2025-12-20 13:19:52] [INFO] REQ: POST /predict - Status: 200 - Czas: 18.88ms
[2025-12-20 13:19:52] [INFO] REQ: POST /predict - Status: 200 - Czas: 15.76ms
[2025-12-20 13:19:52] [INFO] REQ: POST /predict - Status: 200 - Czas: 12.53ms
[2025-12-20 13:19:52] [INFO] REQ: POST /predict - Status: 200 - Czas: 19.40ms
[2025-12-20 13:19:52] [INFO] REQ: POST /predict - Status: 200 - Czas: 17.85ms
[2025-12-20 13:19:52] [INFO] REQ: POST /predict - Status: 200 - Czas: 13.40ms
[2025-12-20 13:19:52] [INFO] REQ: POST /predict - Status: 200 - Czas: 20.75ms
[2025-12-20 13:19:52] [INFO] REQ: POST /predict - Status: 200 - Czas: 10.42ms
[2025-12-20 13:19:52] [INFO] REQ: POST /predict - Status: 200 - Czas: 12.35ms
[2025-12-20 13:19:52] [INFO] REQ: POST /predict - Status: 200 - Czas: 15.99ms
[2025-12-20 13:19:52] [INFO] REQ: POST /predict - Status: 200 - Czas: 17.97ms
[2025-12-20 13:19:52] [INFO] REQ: POST /predict - Status: 200 - Czas: 19.32ms
[2025-12-20 13:19:52] [INFO] REQ: POST /predict - Status: 200 - Czas: 12.16ms
[2025-12-20 13:19:52] [INFO] REQ: POST /predict - Status: 200 - Czas: 18.03ms
[2025-12-20 13:19:52] [INFO] REQ: POST /predict - Status: 200 - Czas: 17.46ms
[2025-12-20 13:19:52] [INFO] REQ: POST /predict - Status: 200 - Czas: 15.80ms
[2025-12-20 13:19:52] [INFO] REQ: POST /predict - Status: 200 - Czas: 16.86ms
[2025-12-20 13:19:52] [INFO] REQ: POST /predict - Status: 200 - Czas: 19.46ms
[2025-12-20 13:19:52] [INFO] REQ: POST /predict - Status: 200 - Czas: 18.90ms
[2025-12-20 13:19:52] [INFO] REQ: POST /predict - Status: 200 - Czas: 19.01ms
[2025-12-20 13:19:52] [INFO] REQ: POST /predict - Status: 200 - Czas: 20.12ms
[2025-12-20 13:19:52] [INFO] REQ: POST /predict - Status: 200 - Czas: 21.42ms
[2025-12-20 13:19:52] [INFO] REQ: POST /predict - Status: 200 - Czas: 13.92ms
[2025-12-20 13:19:52] [INFO] REQ: POST /predict - Status: 200 - Czas: 18.46ms
[2025-12-20 13:19:52] [INFO] REQ: POST /predict - Status: 200 - Czas: 18.46ms
[2025-12-20 13:19:52] [INFO] REQ: POST /predict - Status: 200 - Czas: 19.47ms
[2025-12-20 13:19:52] [INFO] REQ: POST /predict - Status: 200 - Czas: 19.84ms
[2025-12-20 13:19:52] [INFO] REQ: POST /predict - Status: 200 - Czas: 17.32ms
[2025-12-20 13:19:52] [INFO] REQ: POST /predict - Status: 200 - Czas: 16.70ms
[2025-12-20 13:19:52] [INFO] REQ: POST /predict - Status: 200 - Czas: 15.11ms
[2025-12-20 13:19:52] [INFO] REQ: POST /predict - Status: 200 - Czas: 12.94ms
[2025-12-20 13:19:52] [INFO] REQ: POST /predict - Status: 200 - Czas: 12.17ms
[2025-12-20 13:19:52] [INFO] REQ: POST /predict - Status: 200 - Czas: 12.88ms
[2025-12-20 13:19:52] [INFO] REQ: POST /predict - Status: 200 - Czas: 20.24ms
[2025-12-20 13:19:52] [INFO] REQ: POST /predict - Status: 200 - Czas: 21.76ms
[2025-12-20 13:19:52] [INFO] REQ: POST /predict - Status: 200 - Czas: 23.49ms
[2025-12-20 13:19:52] [INFO] REQ: POST /predict - Status: 200 - Czas: 17.16ms
[2025-12-20 13:19:52] [INFO] REQ: POST /predict - Status: 200 - Czas: 6.02ms
[2025-12-20 13:19:52] [INFO] REQ: POST /predict - Status: 200 - Czas: 10.37ms
[2025-12-20 13:19:52] [INFO] REQ: POST /predict - Status: 200 - Czas: 13.15ms
[2025-12-20 13:19:52] [INFO] REQ: POST /predict - Status: 200 - Czas: 13.49ms
[2025-12-20 13:19:52] [INFO] REQ: POST /predict - Status: 200 - Czas: 17.53ms
[2025-12-20 13:19:52] [INFO] REQ: POST /predict - Status: 200 - Czas: 10.18ms
[2025-12-20 13:19:52] [INFO] REQ: POST /predict - Status: 200 - Czas: 11.33ms
[2025-12-20 13:19:52] [INFO] REQ: POST /predict - Status: 200 - Czas: 11.53ms
[2025-12-20 13:19:52] [INFO] REQ: POST /predict - Status: 200 - Czas: 15.13ms
[2025-12-20 13:19:52] [INFO] REQ: POST /predict - Status: 200 - Czas: 16.52ms
[2025-12-20 13:19:52] [INFO] REQ: POST /predict - Status: 200 - Czas: 19.98ms
[2025-12-20 13:19:52] [INFO] REQ: POST /predict - Status: 200 - Czas: 22.42ms
[2025-12-20 13:19:52] [INFO] REQ: POST /predict - Status: 200 - Czas: 8.17ms
[2025-12-20 13:19:52] [INFO] REQ: POST /predict - Status: 200 - Czas: 7.57ms
[2025-12-20 13:19:52] [INFO] REQ: POST /predict - Status: 200 - Czas: 4.45ms
[2025-12-20 13:19:52] [INFO] REQ: POST /predict - Status: 200 - Czas: 5.64ms
[2025-12-20 13:19:52] [INFO] REQ: POST /predict - Status: 200 - Czas: 14.31ms
[2025-12-20 13:19:52] [INFO] REQ: POST /predict - Status: 200 - Czas: 13.22ms
[2025-12-20 13:19:52] [INFO] REQ: POST /predict - Status: 200 - Czas: 16.43ms
[2025-12-20 13:19:52] [INFO] REQ: POST /predict - Status: 200 - Czas: 19.95ms
[2025-12-20 13:19:52] [INFO] REQ: POST /predict - Status: 200 - Czas: 21.24ms
[2025-12-20 13:19:52] [INFO] REQ: POST /predict - Status: 200 - Czas: 8.78ms
[2025-12-20 13:19:52] [INFO] REQ: POST /predict - Status: 200 - Czas: 8.25ms
[2025-12-20 13:19:52] [INFO] REQ: POST /predict - Status: 200 - Czas: 21.35ms
[2025-12-20 13:19:52] [INFO] REQ: POST /predict - Status: 200 - Czas: 15.05ms
[2025-12-20 13:19:52] [INFO] REQ: POST /predict - Status: 200 - Czas: 12.98ms
[2025-12-20 13:19:52] [INFO] REQ: POST /predict - Status: 200 - Czas: 19.27ms
[2025-12-20 13:19:52] [INFO] REQ: POST /predict - Status: 200 - Czas: 17.17ms
[2025-12-20 13:19:52] [INFO] REQ: POST /predict - Status: 200 - Czas: 7.27ms
[2025-12-20 13:19:52] [INFO] REQ: POST /predict - Status: 200 - Czas: 10.29ms
[2025-12-20 13:19:52] [INFO] REQ: POST /predict - Status: 200 - Czas: 16.09ms
[2025-12-20 13:19:52] [INFO] REQ: POST /predict - Status: 200 - Czas: 14.58ms
[2025-12-20 13:19:52] [INFO] REQ: POST /predict - Status: 200 - Czas: 11.79ms
[2025-12-20 13:19:52] [INFO] REQ: POST /predict - Status: 200 - Czas: 4.69ms
[2025-12-20 13:19:52] [INFO] REQ: POST /predict - Status: 200 - Czas: 16.90ms
[2025-12-20 13:19:52] [INFO] REQ: POST /predict - Status: 200 - Czas: 21.01ms
[2025-12-20 13:19:52] [INFO] REQ: POST /predict - Status: 200 - Czas: 24.60ms
[2025-12-20 13:19:52] [INFO] REQ: POST /predict - Status: 200 - Czas: 20.92ms
[2025-12-20 13:19:52] [INFO] REQ: POST /predict - Status: 200 - Czas: 20.15ms
[2025-12-20 13:19:52] [INFO] REQ: POST /predict - Status: 200 - Czas: 12.94ms
[2025-12-20 13:19:52] [INFO] REQ: POST /predict - Status: 200 - Czas: 16.60ms
[2025-12-20 13:19:52] [INFO] REQ: POST /predict - Status: 200 - Czas: 19.91ms
[2025-12-20 13:19:52] [INFO] REQ: POST /predict - Status: 200 - Czas: 17.42ms
[2025-12-20 13:19:52] [INFO] REQ: POST /predict - Status: 200 - Czas: 23.52ms
[2025-12-20 13:19:52] [INFO] REQ: POST /predict - Status: 200 - Czas: 13.91ms
[2025-12-20 13:19:52] [INFO] REQ: POST /predict - Status: 200 - Czas: 16.08ms
[2025-12-20 13:19:52] [INFO] REQ: POST /predict - Status: 200 - Czas: 16.03ms
[2025-12-20 13:19:52] [INFO] REQ: POST /predict - Status: 200 - Czas: 15.07ms
[2025-12-20 13:19:52] [INFO] REQ: POST /predict - Status: 200 - Czas: 14.34ms
[2025-12-20 13:19:52] [INFO] REQ: POST /predict - Status: 200 - Czas: 5.65ms
[2025-12-20 13:19:52] [INFO] REQ: POST /predict - Status: 200 - Czas: 7.98ms
[2025-12-20 13:19:52] [INFO] REQ: POST /predict - Status: 200 - Czas: 11.25ms
[2025-12-20 13:19:52] [INFO] REQ: POST /predict - Status: 200 - Czas: 12.26ms
[2025-12-20 13:19:52] [INFO] REQ: POST /predict - Status: 200 - Czas: 9.68ms
[2025-12-20 13:19:52] [INFO] REQ: POST /predict - Status: 200 - Czas: 8.95ms
[2025-12-20 13:19:52] [INFO] REQ: POST /predict - Status: 200 - Czas: 11.04ms
[2025-12-20 13:19:52] [INFO] REQ: POST /predict - Status: 200 - Czas: 9.56ms
[2025-12-20 13:19:52] [INFO] REQ: POST /predict - Status: 200 - Czas: 13.22ms
[2025-12-20 13:19:52] [INFO] REQ: POST /predict - Status: 200 - Czas: 13.31ms
[2025-12-20 13:19:52] [INFO] REQ: POST /predict - Status: 200 - Czas: 12.71ms
[2025-12-20 13:19:52] [INFO] REQ: POST /predict - Status: 200 - Czas: 15.91ms
[2025-12-20 13:19:52] [INFO] REQ: POST /predict - Status: 200 - Czas: 15.01ms
[2025-12-20 13:19:52] [INFO] REQ: POST /predict - Status: 200 - Czas: 16.28ms
[2025-12-20 13:19:52] [INFO] REQ: POST /predict - Status: 200 - Czas: 19.31ms
[2025-12-20 13:19:52] [INFO] REQ: POST /predict - Status: 200 - Czas: 18.06ms
[2025-12-20 13:19:52] [INFO] REQ: POST /predict - Status: 200 - Czas: 13.78ms
[2025-12-20 13:19:52] [INFO] REQ: POST /predict - Status: 200 - Czas: 17.71ms
[2025-12-20 13:19:52] [INFO] REQ: POST /predict - Status: 200 - Czas: 17.85ms
[2025-12-20 13:19:52] [INFO] REQ: POST /predict - Status: 200 - Czas: 17.09ms
[2025-12-20 13:19:53] [INFO] REQ: POST /predict - Status: 200 - Czas: 13.68ms
[2025-12-20 13:19:53] [INFO] REQ: POST /predict - Status: 200 - Czas: 10.22ms
[2025-12-20 13:19:53] [INFO] REQ: POST /predict - Status: 200 - Czas: 17.20ms
[2025-12-20 13:19:53] [INFO] REQ: POST /predict - Status: 200 - Czas: 21.33ms
[2025-12-20 13:19:53] [INFO] REQ: POST /predict - Status: 200 - Czas: 20.38ms
[2025-12-20 13:19:53] [INFO] REQ: POST /predict - Status: 200 - Czas: 19.53ms
[2025-12-20 13:19:53] [INFO] REQ: POST /predict - Status: 200 - Czas: 15.11ms
[2025-12-20 13:19:53] [INFO] REQ: POST /predict - Status: 200 - Czas: 22.28ms
[2025-12-20 13:19:53] [INFO] REQ: POST /predict - Status: 200 - Czas: 22.92ms
[2025-12-20 13:19:53] [INFO] REQ: POST /predict - Status: 200 - Czas: 21.21ms
[2025-12-20 13:19:53] [INFO] REQ: POST /predict - Status: 200 - Czas: 22.80ms
[2025-12-20 13:19:53] [INFO] REQ: POST /predict - Status: 200 - Czas: 6.85ms
[2025-12-20 13:19:53] [INFO] REQ: POST /predict - Status: 200 - Czas: 8.97ms
[2025-12-20 13:19:53] [INFO] REQ: POST /predict - Status: 200 - Czas: 8.21ms
[2025-12-20 13:19:53] [INFO] REQ: POST /predict - Status: 200 - Czas: 10.33ms
[2025-12-20 13:19:53] [INFO] REQ: POST /predict - Status: 200 - Czas: 10.60ms
[2025-12-20 13:19:53] [INFO] REQ: POST /predict - Status: 200 - Czas: 15.56ms
[2025-12-20 13:19:53] [INFO] REQ: POST /predict - Status: 200 - Czas: 18.45ms
[2025-12-20 13:19:53] [INFO] REQ: POST /predict - Status: 200 - Czas: 20.02ms
[2025-12-20 13:19:53] [INFO] REQ: POST /predict - Status: 200 - Czas: 19.80ms
[2025-12-20 13:19:53] [INFO] REQ: POST /predict - Status: 200 - Czas: 14.12ms
[2025-12-20 13:19:53] [INFO] REQ: POST /predict - Status: 200 - Czas: 9.35ms
[2025-12-20 13:19:53] [INFO] REQ: POST /predict - Status: 200 - Czas: 11.06ms
[2025-12-20 13:19:53] [INFO] REQ: POST /predict - Status: 200 - Czas: 14.62ms
[2025-12-20 13:19:53] [INFO] REQ: POST /predict - Status: 200 - Czas: 19.25ms
[2025-12-20 13:19:53] [INFO] REQ: POST /predict - Status: 200 - Czas: 18.80ms
[2025-12-20 13:19:53] [INFO] REQ: POST /predict - Status: 200 - Czas: 15.56ms
[2025-12-20 13:19:53] [INFO] REQ: POST /predict - Status: 200 - Czas: 20.63ms
[2025-12-20 13:19:53] [INFO] REQ: POST /predict - Status: 200 - Czas: 18.30ms
[2025-12-20 13:19:53] [INFO] REQ: POST /predict - Status: 200 - Czas: 18.70ms
[2025-12-20 13:19:53] [INFO] REQ: POST /predict - Status: 200 - Czas: 15.41ms
[2025-12-20 13:19:53] [INFO] REQ: POST /predict - Status: 200 - Czas: 9.29ms
[2025-12-20 13:19:53] [INFO] REQ: POST /predict - Status: 200 - Czas: 10.20ms
[2025-12-20 13:19:53] [INFO] REQ: POST /predict - Status: 200 - Czas: 16.15ms
[2025-12-20 13:19:53] [INFO] REQ: POST /predict - Status: 200 - Czas: 10.03ms
[2025-12-20 13:19:53] [INFO] REQ: POST /predict - Status: 200 - Czas: 9.25ms
[2025-12-20 13:19:53] [INFO] REQ: POST /predict - Status: 200 - Czas: 12.97ms
[2025-12-20 13:19:53] [INFO] REQ: POST /predict - Status: 200 - Czas: 11.15ms
[2025-12-20 13:19:53] [INFO] REQ: POST /predict - Status: 200 - Czas: 14.29ms
[2025-12-20 13:19:53] [INFO] REQ: POST /predict - Status: 200 - Czas: 18.74ms
[2025-12-20 13:19:53] [INFO] REQ: POST /predict - Status: 200 - Czas: 20.82ms
[2025-12-20 13:19:53] [INFO] REQ: POST /predict - Status: 200 - Czas: 23.13ms
[2025-12-20 13:19:53] [INFO] REQ: POST /predict - Status: 200 - Czas: 22.67ms
[2025-12-20 13:19:53] [INFO] REQ: POST /predict - Status: 200 - Czas: 8.25ms
[2025-12-20 13:19:53] [INFO] REQ: POST /predict - Status: 200 - Czas: 9.86ms
[2025-12-20 13:19:53] [INFO] REQ: POST /predict - Status: 200 - Czas: 12.29ms
[2025-12-20 13:19:53] [INFO] REQ: POST /predict - Status: 200 - Czas: 13.37ms
[2025-12-20 13:19:53] [INFO] REQ: POST /predict - Status: 200 - Czas: 16.59ms
[2025-12-20 13:19:53] [INFO] REQ: POST /predict - Status: 200 - Czas: 13.36ms
[2025-12-20 13:19:53] [INFO] REQ: POST /predict - Status: 200 - Czas: 9.71ms
[2025-12-20 13:19:53] [INFO] REQ: POST /predict - Status: 200 - Czas: 8.83ms
[2025-12-20 13:19:53] [INFO] REQ: POST /predict - Status: 200 - Czas: 14.04ms
[2025-12-20 13:19:53] [INFO] REQ: POST /predict - Status: 200 - Czas: 15.12ms
[2025-12-20 13:19:53] [INFO] REQ: POST /predict - Status: 200 - Czas: 18.57ms
[2025-12-20 13:19:53] [INFO] REQ: POST /predict - Status: 200 - Czas: 24.04ms
[2025-12-20 13:19:53] [INFO] REQ: POST /predict - Status: 200 - Czas: 23.08ms
[2025-12-20 13:19:53] [INFO] REQ: POST /predict - Status: 200 - Czas: 17.90ms
[2025-12-20 13:19:53] [INFO] REQ: POST /predict - Status: 200 - Czas: 18.31ms
[2025-12-20 13:19:53] [INFO] REQ: POST /predict - Status: 200 - Czas: 13.93ms
[2025-12-20 13:19:53] [INFO] REQ: POST /predict - Status: 200 - Czas: 7.77ms
[2025-12-20 13:19:53] [INFO] REQ: POST /predict - Status: 200 - Czas: 19.25ms
[2025-12-20 13:19:53] [INFO] REQ: POST /predict - Status: 200 - Czas: 14.95ms
[2025-12-20 13:19:53] [INFO] REQ: POST /predict - Status: 200 - Czas: 17.39ms
[2025-12-20 13:19:53] [INFO] REQ: POST /predict - Status: 200 - Czas: 14.57ms
[2025-12-20 13:19:53] [INFO] REQ: POST /predict - Status: 200 - Czas: 14.03ms
[2025-12-20 13:19:53] [INFO] REQ: POST /predict - Status: 200 - Czas: 10.25ms
[2025-12-20 13:19:53] [INFO] REQ: POST /predict - Status: 200 - Czas: 11.84ms
[2025-12-20 13:19:53] [INFO] REQ: POST /predict - Status: 200 - Czas: 10.56ms
[2025-12-20 13:19:53] [INFO] REQ: POST /predict - Status: 200 - Czas: 12.20ms
[2025-12-20 13:19:53] [INFO] REQ: POST /predict - Status: 200 - Czas: 10.33ms
[2025-12-20 13:19:53] [INFO] REQ: POST /predict - Status: 200 - Czas: 12.07ms
[2025-12-20 13:19:53] [INFO] REQ: POST /predict - Status: 200 - Czas: 20.08ms
[2025-12-20 13:19:53] [INFO] REQ: POST /predict - Status: 200 - Czas: 25.31ms
[2025-12-20 13:19:53] [INFO] REQ: POST /predict - Status: 200 - Czas: 24.39ms
[2025-12-20 13:19:53] [INFO] REQ: POST /predict - Status: 200 - Czas: 25.48ms
[2025-12-20 13:19:53] [INFO] REQ: POST /predict - Status: 200 - Czas: 12.38ms
[2025-12-20 13:19:53] [INFO] REQ: POST /predict - Status: 200 - Czas: 9.05ms
[2025-12-20 13:19:53] [INFO] REQ: POST /predict - Status: 200 - Czas: 17.90ms
[2025-12-20 13:19:53] [INFO] REQ: POST /predict - Status: 200 - Czas: 19.32ms
[2025-12-20 13:19:53] [INFO] REQ: POST /predict - Status: 200 - Czas: 15.23ms
[2025-12-20 13:19:53] [INFO] REQ: POST /predict - Status: 200 - Czas: 16.23ms
[2025-12-20 13:19:53] [INFO] REQ: POST /predict - Status: 200 - Czas: 6.55ms
[2025-12-20 13:19:53] [INFO] REQ: POST /predict - Status: 200 - Czas: 7.29ms
[2025-12-20 13:19:53] [INFO] REQ: POST /predict - Status: 200 - Czas: 10.78ms
[2025-12-20 13:19:53] [INFO] REQ: POST /predict - Status: 200 - Czas: 11.88ms
[2025-12-20 13:19:53] [INFO] REQ: POST /predict - Status: 200 - Czas: 18.89ms
[2025-12-20 13:19:53] [INFO] REQ: POST /predict - Status: 200 - Czas: 19.82ms
[2025-12-20 13:19:53] [INFO] REQ: POST /predict - Status: 200 - Czas: 52.73ms
[2025-12-20 13:19:53] [INFO] REQ: POST /predict - Status: 200 - Czas: 10.01ms
[2025-12-20 13:19:53] [INFO] REQ: POST /predict - Status: 200 - Czas: 8.15ms
[2025-12-20 13:19:53] [INFO] REQ: POST /predict - Status: 200 - Czas: 7.31ms
[2025-12-20 13:19:53] [INFO] REQ: POST /predict - Status: 200 - Czas: 9.63ms
[2025-12-20 13:19:53] [INFO] REQ: POST /predict - Status: 200 - Czas: 8.46ms
[2025-12-20 13:19:53] [INFO] REQ: POST /predict - Status: 200 - Czas: 16.13ms
[2025-12-20 13:19:53] [INFO] REQ: POST /predict - Status: 200 - Czas: 16.77ms
[2025-12-20 13:19:53] [INFO] REQ: POST /predict - Status: 200 - Czas: 5.75ms
[2025-12-20 13:19:53] [INFO] REQ: POST /predict - Status: 200 - Czas: 7.00ms
[2025-12-20 13:19:53] [INFO] REQ: POST /predict - Status: 200 - Czas: 12.49ms
[2025-12-20 13:19:53] [INFO] REQ: POST /predict - Status: 200 - Czas: 15.88ms
[2025-12-20 13:19:53] [INFO] REQ: POST /predict - Status: 200 - Czas: 17.54ms
[2025-12-20 13:19:53] [INFO] REQ: POST /predict - Status: 200 - Czas: 14.82ms
[2025-12-20 13:19:53] [INFO] REQ: POST /predict - Status: 200 - Czas: 17.14ms
[2025-12-20 13:19:53] [INFO] REQ: POST /predict - Status: 200 - Czas: 5.09ms
[2025-12-20 13:19:53] [INFO] REQ: POST /predict - Status: 200 - Czas: 12.71ms
[2025-12-20 13:19:53] [INFO] REQ: POST /predict - Status: 200 - Czas: 15.41ms
[2025-12-20 13:19:53] [INFO] REQ: POST /predict - Status: 200 - Czas: 19.30ms
[2025-12-20 13:19:53] [INFO] REQ: POST /predict - Status: 200 - Czas: 17.88ms
[2025-12-20 13:19:53] [INFO] REQ: POST /predict - Status: 200 - Czas: 15.53ms
[2025-12-20 13:19:53] [INFO] REQ: POST /predict - Status: 200 - Czas: 9.54ms
[2025-12-20 13:19:53] [INFO] REQ: POST /predict - Status: 200 - Czas: 12.32ms
[2025-12-20 13:19:53] [INFO] REQ: POST /predict - Status: 200 - Czas: 18.86ms
[2025-12-20 13:19:53] [INFO] REQ: POST /predict - Status: 200 - Czas: 16.30ms
[2025-12-20 13:19:53] [INFO] REQ: POST /predict - Status: 200 - Czas: 15.39ms
[2025-12-20 13:19:53] [INFO] REQ: POST /predict - Status: 200 - Czas: 4.13ms
[2025-12-20 13:19:53] [INFO] REQ: POST /predict - Status: 200 - Czas: 5.74ms
[2025-12-20 13:19:53] [INFO] REQ: POST /predict - Status: 200 - Czas: 15.40ms
[2025-12-20 13:19:53] [INFO] REQ: POST /predict - Status: 200 - Czas: 15.89ms
[2025-12-20 13:19:53] [INFO] REQ: POST /predict - Status: 200 - Czas: 11.47ms
[2025-12-20 13:19:53] [INFO] REQ: POST /predict - Status: 200 - Czas: 10.01ms
[2025-12-20 13:19:53] [INFO] REQ: POST /predict - Status: 200 - Czas: 3.26ms
[2025-12-20 13:19:53] [INFO] REQ: POST /predict - Status: 200 - Czas: 6.42ms
[2025-12-20 13:19:53] [INFO] REQ: POST /predict - Status: 200 - Czas: 7.64ms
[2025-12-20 13:19:53] [INFO] REQ: POST /predict - Status: 200 - Czas: 9.87ms
[2025-12-20 13:19:53] [INFO] REQ: POST /predict - Status: 200 - Czas: 10.53ms
[2025-12-20 13:19:53] [INFO] REQ: POST /predict - Status: 200 - Czas: 14.29ms
[2025-12-20 13:19:53] [INFO] REQ: POST /predict - Status: 200 - Czas: 9.50ms
[2025-12-20 13:19:53] [INFO] REQ: POST /predict - Status: 200 - Czas: 11.21ms
[2025-12-20 13:19:53] [INFO] REQ: POST /predict - Status: 200 - Czas: 15.20ms
[2025-12-20 13:19:54] [INFO] REQ: POST /predict - Status: 200 - Czas: 18.86ms
[2025-12-20 13:19:54] [INFO] REQ: POST /predict - Status: 200 - Czas: 22.48ms
[2025-12-20 13:19:54] [INFO] REQ: POST /predict - Status: 200 - Czas: 19.49ms
[2025-12-20 13:19:54] [INFO] REQ: POST /predict - Status: 200 - Czas: 5.13ms
[2025-12-20 13:19:54] [INFO] REQ: POST /predict - Status: 200 - Czas: 6.55ms
[2025-12-20 13:19:54] [INFO] REQ: POST /predict - Status: 200 - Czas: 12.60ms
[2025-12-20 13:19:54] [INFO] REQ: POST /predict - Status: 200 - Czas: 17.74ms
[2025-12-20 13:19:54] [INFO] REQ: POST /predict - Status: 200 - Czas: 19.28ms
[2025-12-20 13:19:54] [INFO] REQ: POST /predict - Status: 200 - Czas: 15.26ms
[2025-12-20 13:19:54] [INFO] REQ: POST /predict - Status: 200 - Czas: 15.29ms
[2025-12-20 13:19:54] [INFO] REQ: POST /predict - Status: 200 - Czas: 13.06ms
[2025-12-20 13:19:54] [INFO] REQ: POST /predict - Status: 200 - Czas: 17.76ms
[2025-12-20 13:19:54] [INFO] REQ: POST /predict - Status: 200 - Czas: 21.53ms
[2025-12-20 13:19:54] [INFO] REQ: POST /predict - Status: 200 - Czas: 26.89ms
[2025-12-20 13:19:54] [INFO] REQ: POST /predict - Status: 200 - Czas: 20.29ms
[2025-12-20 13:19:54] [INFO] REQ: POST /predict - Status: 200 - Czas: 14.88ms
[2025-12-20 13:19:54] [INFO] REQ: POST /predict - Status: 200 - Czas: 12.94ms
[2025-12-20 13:19:54] [INFO] REQ: POST /predict - Status: 200 - Czas: 11.67ms
[2025-12-20 13:19:54] [INFO] REQ: POST /predict - Status: 200 - Czas: 10.20ms
[2025-12-20 13:19:54] [INFO] REQ: POST /predict - Status: 200 - Czas: 11.59ms
[2025-12-20 13:19:54] [INFO] REQ: POST /predict - Status: 200 - Czas: 18.07ms
[2025-12-20 13:19:54] [INFO] REQ: POST /predict - Status: 200 - Czas: 17.77ms
[2025-12-20 13:19:54] [INFO] REQ: POST /predict - Status: 200 - Czas: 18.75ms
[2025-12-20 13:19:54] [INFO] REQ: POST /predict - Status: 200 - Czas: 14.09ms
[2025-12-20 13:19:54] [INFO] REQ: POST /predict - Status: 200 - Czas: 11.85ms
[2025-12-20 13:19:54] [INFO] REQ: POST /predict - Status: 200 - Czas: 9.95ms
[2025-12-20 13:19:54] [INFO] REQ: POST /predict - Status: 200 - Czas: 13.55ms
[2025-12-20 13:19:54] [INFO] REQ: POST /predict - Status: 200 - Czas: 13.72ms
[2025-12-20 13:19:54] [INFO] REQ: POST /predict - Status: 200 - Czas: 11.80ms
[2025-12-20 13:19:54] [INFO] REQ: POST /predict - Status: 200 - Czas: 12.11ms
[2025-12-20 13:19:54] [INFO] REQ: POST /predict - Status: 200 - Czas: 7.57ms
[2025-12-20 13:19:54] [INFO] REQ: POST /predict - Status: 200 - Czas: 7.39ms
[2025-12-20 13:19:54] [INFO] REQ: POST /predict - Status: 200 - Czas: 9.91ms
[2025-12-20 13:19:54] [INFO] REQ: POST /predict - Status: 200 - Czas: 11.19ms
[2025-12-20 13:19:54] [INFO] REQ: POST /predict - Status: 200 - Czas: 10.01ms
[2025-12-20 13:19:54] [INFO] REQ: POST /predict - Status: 200 - Czas: 4.47ms
[2025-12-20 13:19:54] [INFO] REQ: POST /predict - Status: 200 - Czas: 5.87ms
[2025-12-20 13:19:54] [INFO] REQ: POST /predict - Status: 200 - Czas: 6.18ms
[2025-12-20 13:19:54] [INFO] REQ: POST /predict - Status: 200 - Czas: 2.60ms
