[2025-12-20 14:07:24] [INFO] ML model and tokenizer loaded successfully.
[2025-12-20 14:07:24] [INFO] Started server process [30784]
[2025-12-20 14:07:24] [INFO] Waiting for application startup.
[2025-12-20 14:07:24] [INFO] [Lifespan] Server is starting up...
[2025-12-20 14:07:24] [INFO] Application startup complete.
[2025-12-20 14:07:24] [INFO] Uvicorn running on http://0.0.0.0:8000 (Press CTRL+C to quit)
[2025-12-20 14:07:32] [INFO] REQ: POST /predict - Status: 200 - Czas: 60.09ms
[2025-12-20 14:07:33] [INFO] REQ: POST /predict - Status: 200 - Czas: 1263.61ms
[2025-12-20 14:07:33] [INFO] REQ: POST /predict - Status: 200 - Czas: 1264.11ms
[2025-12-20 14:07:33] [INFO] REQ: POST /predict - Status: 200 - Czas: 1264.11ms
[2025-12-20 14:07:33] [INFO] REQ: POST /predict - Status: 200 - Czas: 1264.11ms
[2025-12-20 14:07:33] [INFO] REQ: POST /predict - Status: 200 - Czas: 1264.11ms
[2025-12-20 14:07:33] [INFO] REQ: POST /predict - Status: 200 - Czas: 1264.11ms
[2025-12-20 14:07:33] [INFO] REQ: POST /predict - Status: 200 - Czas: 1265.11ms
[2025-12-20 14:07:33] [INFO] REQ: POST /predict - Status: 200 - Czas: 1265.11ms
[2025-12-20 14:07:33] [INFO] REQ: POST /predict - Status: 200 - Czas: 1265.11ms
[2025-12-20 14:07:33] [INFO] REQ: POST /predict - Status: 200 - Czas: 1265.65ms
[2025-12-20 14:07:33] [INFO] REQ: POST /predict - Status: 200 - Czas: 1265.65ms
[2025-12-20 14:07:33] [INFO] REQ: POST /predict - Status: 200 - Czas: 1265.65ms
[2025-12-20 14:07:33] [INFO] REQ: POST /predict - Status: 200 - Czas: 1265.65ms
[2025-12-20 14:07:33] [INFO] REQ: POST /predict - Status: 200 - Czas: 1265.65ms
[2025-12-20 14:07:33] [INFO] REQ: POST /predict - Status: 200 - Czas: 1265.65ms
[2025-12-20 14:07:33] [INFO] REQ: POST /predict - Status: 200 - Czas: 1265.65ms
[2025-12-20 14:07:33] [INFO] REQ: POST /predict - Status: 200 - Czas: 1265.65ms
[2025-12-20 14:07:33] [INFO] REQ: POST /predict - Status: 200 - Czas: 1265.15ms
[2025-12-20 14:07:33] [INFO] REQ: POST /predict - Status: 200 - Czas: 1265.15ms
[2025-12-20 14:07:33] [INFO] REQ: POST /predict - Status: 200 - Czas: 1265.15ms
[2025-12-20 14:07:33] [INFO] REQ: POST /predict - Status: 200 - Czas: 1265.15ms
[2025-12-20 14:07:33] [INFO] REQ: POST /predict - Status: 200 - Czas: 1265.15ms
[2025-12-20 14:07:33] [INFO] REQ: POST /predict - Status: 200 - Czas: 1265.15ms
[2025-12-20 14:07:33] [INFO] REQ: POST /predict - Status: 200 - Czas: 1265.15ms
[2025-12-20 14:07:33] [INFO] REQ: POST /predict - Status: 200 - Czas: 1265.15ms
[2025-12-20 14:07:33] [INFO] REQ: POST /predict - Status: 200 - Czas: 1266.15ms
[2025-12-20 14:07:33] [INFO] REQ: POST /predict - Status: 200 - Czas: 1266.15ms
[2025-12-20 14:07:33] [INFO] REQ: POST /predict - Status: 200 - Czas: 1266.15ms
[2025-12-20 14:07:33] [INFO] REQ: POST /predict - Status: 200 - Czas: 1266.15ms
[2025-12-20 14:07:33] [INFO] REQ: POST /predict - Status: 200 - Czas: 1266.15ms
[2025-12-20 14:07:33] [INFO] REQ: POST /predict - Status: 200 - Czas: 1266.15ms
[2025-12-20 14:07:33] [INFO] REQ: POST /predict - Status: 200 - Czas: 1266.15ms
[2025-12-20 14:07:33] [INFO] REQ: POST /predict - Status: 200 - Czas: 1266.15ms
[2025-12-20 14:07:33] [INFO] REQ: POST /predict - Status: 200 - Czas: 1266.15ms
[2025-12-20 14:07:33] [INFO] REQ: POST /predict - Status: 200 - Czas: 1267.15ms
[2025-12-20 14:07:33] [INFO] REQ: POST /predict - Status: 200 - Czas: 1267.15ms
[2025-12-20 14:07:33] [INFO] REQ: POST /predict - Status: 200 - Czas: 1267.15ms
[2025-12-20 14:07:33] [INFO] REQ: POST /predict - Status: 200 - Czas: 1267.15ms
[2025-12-20 14:07:33] [INFO] REQ: POST /predict - Status: 200 - Czas: 1267.15ms
[2025-12-20 14:07:33] [INFO] REQ: POST /predict - Status: 200 - Czas: 1267.15ms
[2025-12-20 14:07:33] [INFO] REQ: POST /predict - Status: 200 - Czas: 1267.15ms
[2025-12-20 14:07:33] [INFO] REQ: POST /predict - Status: 200 - Czas: 1267.15ms
[2025-12-20 14:07:33] [INFO] REQ: POST /predict - Status: 200 - Czas: 1267.15ms
[2025-12-20 14:07:33] [INFO] REQ: POST /predict - Status: 200 - Czas: 1268.15ms
[2025-12-20 14:07:33] [INFO] REQ: POST /predict - Status: 200 - Czas: 1268.15ms
[2025-12-20 14:07:33] [INFO] REQ: POST /predict - Status: 200 - Czas: 1268.15ms
[2025-12-20 14:07:33] [INFO] REQ: POST /predict - Status: 200 - Czas: 1268.15ms
[2025-12-20 14:07:33] [INFO] REQ: POST /predict - Status: 200 - Czas: 1268.15ms
[2025-12-20 14:07:33] [INFO] REQ: POST /predict - Status: 200 - Czas: 1268.15ms
[2025-12-20 14:07:33] [INFO] REQ: POST /predict - Status: 200 - Czas: 81.46ms
[2025-12-20 14:07:33] [INFO] REQ: POST /predict - Status: 200 - Czas: 474.11ms
[2025-12-20 14:07:33] [INFO] REQ: POST /predict - Status: 200 - Czas: 474.11ms
[2025-12-20 14:07:34] [INFO] REQ: POST /predict - Status: 200 - Czas: 706.26ms
[2025-12-20 14:07:34] [INFO] REQ: POST /predict - Status: 200 - Czas: 706.26ms
[2025-12-20 14:07:34] [INFO] REQ: POST /predict - Status: 200 - Czas: 706.26ms
[2025-12-20 14:07:34] [INFO] REQ: POST /predict - Status: 200 - Czas: 707.25ms
[2025-12-20 14:07:34] [INFO] REQ: POST /predict - Status: 200 - Czas: 707.25ms
[2025-12-20 14:07:34] [INFO] REQ: POST /predict - Status: 200 - Czas: 707.25ms
[2025-12-20 14:07:34] [INFO] REQ: POST /predict - Status: 200 - Czas: 707.25ms
[2025-12-20 14:07:34] [INFO] REQ: POST /predict - Status: 200 - Czas: 707.25ms
[2025-12-20 14:07:34] [INFO] REQ: POST /predict - Status: 200 - Czas: 707.25ms
[2025-12-20 14:07:34] [INFO] REQ: POST /predict - Status: 200 - Czas: 707.25ms
[2025-12-20 14:07:34] [INFO] REQ: POST /predict - Status: 200 - Czas: 707.25ms
[2025-12-20 14:07:34] [INFO] REQ: POST /predict - Status: 200 - Czas: 707.25ms
[2025-12-20 14:07:34] [INFO] REQ: POST /predict - Status: 200 - Czas: 707.25ms
[2025-12-20 14:07:34] [INFO] REQ: POST /predict - Status: 200 - Czas: 707.25ms
[2025-12-20 14:07:34] [INFO] REQ: POST /predict - Status: 200 - Czas: 707.25ms
[2025-12-20 14:07:34] [INFO] REQ: POST /predict - Status: 200 - Czas: 708.76ms
[2025-12-20 14:07:34] [INFO] REQ: POST /predict - Status: 200 - Czas: 708.76ms
[2025-12-20 14:07:34] [INFO] REQ: POST /predict - Status: 200 - Czas: 708.76ms
[2025-12-20 14:07:34] [INFO] REQ: POST /predict - Status: 200 - Czas: 708.76ms
[2025-12-20 14:07:34] [INFO] REQ: POST /predict - Status: 200 - Czas: 720.80ms
[2025-12-20 14:07:34] [INFO] REQ: POST /predict - Status: 200 - Czas: 721.80ms
[2025-12-20 14:07:34] [INFO] REQ: POST /predict - Status: 200 - Czas: 1034.76ms
[2025-12-20 14:07:34] [INFO] REQ: POST /predict - Status: 200 - Czas: 1034.77ms
[2025-12-20 14:07:34] [INFO] REQ: POST /predict - Status: 200 - Czas: 1034.77ms
[2025-12-20 14:07:34] [INFO] REQ: POST /predict - Status: 200 - Czas: 1034.77ms
[2025-12-20 14:07:34] [INFO] REQ: POST /predict - Status: 200 - Czas: 1034.77ms
[2025-12-20 14:07:34] [INFO] REQ: POST /predict - Status: 200 - Czas: 1034.77ms
[2025-12-20 14:07:34] [INFO] REQ: POST /predict - Status: 200 - Czas: 1034.77ms
[2025-12-20 14:07:34] [INFO] REQ: POST /predict - Status: 200 - Czas: 1034.77ms
[2025-12-20 14:07:34] [INFO] REQ: POST /predict - Status: 200 - Czas: 1035.77ms
[2025-12-20 14:07:34] [INFO] REQ: POST /predict - Status: 200 - Czas: 1035.77ms
[2025-12-20 14:07:34] [INFO] REQ: POST /predict - Status: 200 - Czas: 1034.77ms
[2025-12-20 14:07:34] [INFO] REQ: POST /predict - Status: 200 - Czas: 1062.39ms
[2025-12-20 14:07:34] [INFO] REQ: POST /predict - Status: 200 - Czas: 1063.39ms
[2025-12-20 14:07:34] [INFO] REQ: POST /predict - Status: 200 - Czas: 1062.90ms
[2025-12-20 14:07:34] [INFO] REQ: POST /predict - Status: 200 - Czas: 1062.90ms
[2025-12-20 14:07:34] [INFO] REQ: POST /predict - Status: 200 - Czas: 1062.90ms
[2025-12-20 14:07:34] [INFO] REQ: POST /predict - Status: 200 - Czas: 1063.90ms
[2025-12-20 14:07:34] [INFO] REQ: POST /predict - Status: 200 - Czas: 1063.90ms
[2025-12-20 14:07:34] [INFO] REQ: POST /predict - Status: 200 - Czas: 1063.90ms
[2025-12-20 14:07:34] [INFO] REQ: POST /predict - Status: 200 - Czas: 1063.90ms
[2025-12-20 14:07:34] [INFO] REQ: POST /predict - Status: 200 - Czas: 1063.90ms
[2025-12-20 14:07:34] [INFO] REQ: POST /predict - Status: 200 - Czas: 1063.90ms
[2025-12-20 14:07:34] [INFO] REQ: POST /predict - Status: 200 - Czas: 1063.90ms
[2025-12-20 14:07:34] [INFO] REQ: POST /predict - Status: 200 - Czas: 1063.90ms
[2025-12-20 14:07:34] [INFO] REQ: POST /predict - Status: 200 - Czas: 1063.90ms
[2025-12-20 14:07:34] [INFO] REQ: POST /predict - Status: 200 - Czas: 1064.90ms
[2025-12-20 14:07:34] [INFO] REQ: POST /predict - Status: 200 - Czas: 1064.90ms
[2025-12-20 14:07:34] [INFO] REQ: POST /predict - Status: 200 - Czas: 1064.90ms
[2025-12-20 14:07:34] [INFO] REQ: POST /predict - Status: 200 - Czas: 1064.90ms
[2025-12-20 14:07:34] [INFO] REQ: POST /predict - Status: 200 - Czas: 1064.90ms
[2025-12-20 14:07:34] [INFO] REQ: POST /predict - Status: 200 - Czas: 1056.26ms
[2025-12-20 14:07:34] [INFO] REQ: POST /predict - Status: 200 - Czas: 1034.21ms
[2025-12-20 14:07:34] [INFO] REQ: POST /predict - Status: 200 - Czas: 670.21ms
[2025-12-20 14:07:34] [INFO] REQ: POST /predict - Status: 200 - Czas: 463.68ms
[2025-12-20 14:07:34] [INFO] REQ: POST /predict - Status: 200 - Czas: 174.88ms
[2025-12-20 14:07:34] [INFO] REQ: POST /predict - Status: 200 - Czas: 204.04ms
[2025-12-20 14:07:34] [INFO] REQ: POST /predict - Status: 200 - Czas: 204.04ms
[2025-12-20 14:07:35] [INFO] REQ: POST /predict - Status: 200 - Czas: 589.69ms
[2025-12-20 14:07:35] [INFO] REQ: POST /predict - Status: 200 - Czas: 589.69ms
[2025-12-20 14:07:35] [INFO] REQ: POST /predict - Status: 200 - Czas: 590.21ms
[2025-12-20 14:07:35] [INFO] REQ: POST /predict - Status: 200 - Czas: 823.07ms
[2025-12-20 14:07:35] [INFO] REQ: POST /predict - Status: 200 - Czas: 823.07ms
[2025-12-20 14:07:35] [INFO] REQ: POST /predict - Status: 200 - Czas: 823.07ms
[2025-12-20 14:07:35] [INFO] REQ: POST /predict - Status: 200 - Czas: 823.07ms
[2025-12-20 14:07:35] [INFO] REQ: POST /predict - Status: 200 - Czas: 823.07ms
[2025-12-20 14:07:35] [INFO] REQ: POST /predict - Status: 200 - Czas: 824.08ms
[2025-12-20 14:07:35] [INFO] REQ: POST /predict - Status: 200 - Czas: 824.08ms
[2025-12-20 14:07:35] [INFO] REQ: POST /predict - Status: 200 - Czas: 824.08ms
[2025-12-20 14:07:35] [INFO] REQ: POST /predict - Status: 200 - Czas: 824.08ms
[2025-12-20 14:07:35] [INFO] REQ: POST /predict - Status: 200 - Czas: 824.08ms
[2025-12-20 14:07:35] [INFO] REQ: POST /predict - Status: 200 - Czas: 824.63ms
[2025-12-20 14:07:35] [INFO] REQ: POST /predict - Status: 200 - Czas: 824.63ms
[2025-12-20 14:07:35] [INFO] REQ: POST /predict - Status: 200 - Czas: 824.63ms
[2025-12-20 14:07:35] [INFO] REQ: POST /predict - Status: 200 - Czas: 824.63ms
[2025-12-20 14:07:35] [INFO] REQ: POST /predict - Status: 200 - Czas: 823.63ms
[2025-12-20 14:07:35] [INFO] REQ: POST /predict - Status: 200 - Czas: 823.63ms
[2025-12-20 14:07:35] [INFO] REQ: POST /predict - Status: 200 - Czas: 823.63ms
[2025-12-20 14:07:35] [INFO] REQ: POST /predict - Status: 200 - Czas: 823.63ms
[2025-12-20 14:07:35] [INFO] REQ: POST /predict - Status: 200 - Czas: 824.15ms
[2025-12-20 14:07:35] [INFO] REQ: POST /predict - Status: 200 - Czas: 824.15ms
[2025-12-20 14:07:35] [INFO] REQ: POST /predict - Status: 200 - Czas: 824.15ms
[2025-12-20 14:07:35] [INFO] REQ: POST /predict - Status: 200 - Czas: 824.15ms
[2025-12-20 14:07:35] [INFO] REQ: POST /predict - Status: 200 - Czas: 1194.87ms
[2025-12-20 14:07:35] [INFO] REQ: POST /predict - Status: 200 - Czas: 1192.80ms
[2025-12-20 14:07:35] [INFO] REQ: POST /predict - Status: 200 - Czas: 1193.32ms
[2025-12-20 14:07:35] [INFO] REQ: POST /predict - Status: 200 - Czas: 1193.32ms
[2025-12-20 14:07:35] [INFO] REQ: POST /predict - Status: 200 - Czas: 1193.32ms
[2025-12-20 14:07:35] [INFO] REQ: POST /predict - Status: 200 - Czas: 1193.32ms
[2025-12-20 14:07:35] [INFO] REQ: POST /predict - Status: 200 - Czas: 1193.84ms
[2025-12-20 14:07:35] [INFO] REQ: POST /predict - Status: 200 - Czas: 1193.84ms
[2025-12-20 14:07:35] [INFO] REQ: POST /predict - Status: 200 - Czas: 1193.84ms
[2025-12-20 14:07:35] [INFO] REQ: POST /predict - Status: 200 - Czas: 1193.84ms
[2025-12-20 14:07:35] [INFO] REQ: POST /predict - Status: 200 - Czas: 1193.84ms
[2025-12-20 14:07:35] [INFO] REQ: POST /predict - Status: 200 - Czas: 1193.84ms
[2025-12-20 14:07:35] [INFO] REQ: POST /predict - Status: 200 - Czas: 1193.84ms
[2025-12-20 14:07:35] [INFO] REQ: POST /predict - Status: 200 - Czas: 1201.45ms
[2025-12-20 14:07:35] [INFO] REQ: POST /predict - Status: 200 - Czas: 1200.46ms
[2025-12-20 14:07:35] [INFO] REQ: POST /predict - Status: 200 - Czas: 1201.03ms
[2025-12-20 14:07:35] [INFO] REQ: POST /predict - Status: 200 - Czas: 1201.03ms
[2025-12-20 14:07:35] [INFO] REQ: POST /predict - Status: 200 - Czas: 1201.03ms
[2025-12-20 14:07:35] [INFO] REQ: POST /predict - Status: 200 - Czas: 1201.03ms
[2025-12-20 14:07:35] [INFO] REQ: POST /predict - Status: 200 - Czas: 1201.54ms
[2025-12-20 14:07:35] [INFO] REQ: POST /predict - Status: 200 - Czas: 1201.54ms
[2025-12-20 14:07:35] [INFO] REQ: POST /predict - Status: 200 - Czas: 1201.54ms
[2025-12-20 14:07:35] [INFO] REQ: POST /predict - Status: 200 - Czas: 1201.54ms
[2025-12-20 14:07:35] [INFO] REQ: POST /predict - Status: 200 - Czas: 1202.07ms
[2025-12-20 14:07:35] [INFO] REQ: POST /predict - Status: 200 - Czas: 1202.07ms
[2025-12-20 14:07:35] [INFO] REQ: POST /predict - Status: 200 - Czas: 1202.07ms
[2025-12-20 14:07:35] [INFO] REQ: POST /predict - Status: 200 - Czas: 1202.07ms
[2025-12-20 14:07:35] [INFO] REQ: POST /predict - Status: 200 - Czas: 1202.07ms
[2025-12-20 14:07:35] [INFO] REQ: POST /predict - Status: 200 - Czas: 1201.58ms
[2025-12-20 14:07:35] [INFO] REQ: POST /predict - Status: 200 - Czas: 1201.58ms
[2025-12-20 14:07:35] [INFO] REQ: POST /predict - Status: 200 - Czas: 1201.58ms
[2025-12-20 14:07:35] [INFO] REQ: POST /predict - Status: 200 - Czas: 1201.58ms
[2025-12-20 14:07:35] [INFO] REQ: POST /predict - Status: 200 - Czas: 1211.29ms
[2025-12-20 14:07:35] [INFO] REQ: POST /predict - Status: 200 - Czas: 1210.32ms
[2025-12-20 14:07:35] [INFO] REQ: POST /predict - Status: 200 - Czas: 1219.26ms
[2025-12-20 14:07:35] [INFO] REQ: POST /predict - Status: 200 - Czas: 1219.26ms
[2025-12-20 14:07:36] [INFO] REQ: POST /predict - Status: 200 - Czas: 862.13ms
[2025-12-20 14:07:36] [INFO] REQ: POST /predict - Status: 200 - Czas: 862.32ms
[2025-12-20 14:07:36] [INFO] REQ: POST /predict - Status: 200 - Czas: 654.73ms
[2025-12-20 14:07:36] [INFO] REQ: POST /predict - Status: 200 - Czas: 655.24ms
[2025-12-20 14:07:36] [INFO] REQ: POST /predict - Status: 200 - Czas: 335.13ms
[2025-12-20 14:07:36] [INFO] REQ: POST /predict - Status: 200 - Czas: 335.13ms
[2025-12-20 14:07:36] [INFO] REQ: POST /predict - Status: 200 - Czas: 378.52ms
[2025-12-20 14:07:36] [INFO] REQ: POST /predict - Status: 200 - Czas: 378.01ms
[2025-12-20 14:07:36] [INFO] REQ: POST /predict - Status: 200 - Czas: 378.01ms
[2025-12-20 14:07:36] [INFO] REQ: POST /predict - Status: 200 - Czas: 758.12ms
[2025-12-20 14:07:36] [INFO] REQ: POST /predict - Status: 200 - Czas: 759.62ms
[2025-12-20 14:07:36] [INFO] REQ: POST /predict - Status: 200 - Czas: 759.62ms
[2025-12-20 14:07:36] [INFO] REQ: POST /predict - Status: 200 - Czas: 759.62ms
[2025-12-20 14:07:36] [INFO] REQ: POST /predict - Status: 200 - Czas: 955.30ms
[2025-12-20 14:07:36] [INFO] REQ: POST /predict - Status: 200 - Czas: 954.80ms
[2025-12-20 14:07:36] [INFO] REQ: POST /predict - Status: 200 - Czas: 954.80ms
[2025-12-20 14:07:36] [INFO] REQ: POST /predict - Status: 200 - Czas: 955.80ms
[2025-12-20 14:07:36] [INFO] REQ: POST /predict - Status: 200 - Czas: 954.13ms
[2025-12-20 14:07:36] [INFO] REQ: POST /predict - Status: 200 - Czas: 954.13ms
[2025-12-20 14:07:36] [INFO] REQ: POST /predict - Status: 200 - Czas: 954.13ms
[2025-12-20 14:07:36] [INFO] REQ: POST /predict - Status: 200 - Czas: 954.13ms
[2025-12-20 14:07:36] [INFO] REQ: POST /predict - Status: 200 - Czas: 954.13ms
[2025-12-20 14:07:36] [INFO] REQ: POST /predict - Status: 200 - Czas: 954.13ms
[2025-12-20 14:07:36] [INFO] REQ: POST /predict - Status: 200 - Czas: 953.62ms
[2025-12-20 14:07:36] [INFO] REQ: POST /predict - Status: 200 - Czas: 954.62ms
[2025-12-20 14:07:36] [INFO] REQ: POST /predict - Status: 200 - Czas: 954.62ms
[2025-12-20 14:07:36] [INFO] REQ: POST /predict - Status: 200 - Czas: 954.62ms
[2025-12-20 14:07:36] [INFO] REQ: POST /predict - Status: 200 - Czas: 918.38ms
[2025-12-20 14:07:36] [INFO] REQ: POST /predict - Status: 200 - Czas: 917.86ms
[2025-12-20 14:07:36] [INFO] REQ: POST /predict - Status: 200 - Czas: 917.86ms
[2025-12-20 14:07:36] [INFO] REQ: POST /predict - Status: 200 - Czas: 917.86ms
[2025-12-20 14:07:36] [INFO] REQ: POST /predict - Status: 200 - Czas: 917.86ms
[2025-12-20 14:07:36] [INFO] REQ: POST /predict - Status: 200 - Czas: 918.86ms
[2025-12-20 14:07:36] [INFO] REQ: POST /predict - Status: 200 - Czas: 918.86ms
[2025-12-20 14:07:36] [INFO] REQ: POST /predict - Status: 200 - Czas: 918.86ms
[2025-12-20 14:07:36] [INFO] REQ: POST /predict - Status: 200 - Czas: 918.86ms
[2025-12-20 14:07:37] [INFO] REQ: POST /predict - Status: 200 - Czas: 1200.95ms
[2025-12-20 14:07:37] [INFO] REQ: POST /predict - Status: 200 - Czas: 1199.91ms
[2025-12-20 14:07:37] [INFO] REQ: POST /predict - Status: 200 - Czas: 1199.40ms
[2025-12-20 14:07:37] [INFO] REQ: POST /predict - Status: 200 - Czas: 1199.40ms
[2025-12-20 14:07:37] [INFO] REQ: POST /predict - Status: 200 - Czas: 1199.91ms
[2025-12-20 14:07:37] [INFO] REQ: POST /predict - Status: 200 - Czas: 1199.91ms
[2025-12-20 14:07:37] [INFO] REQ: POST /predict - Status: 200 - Czas: 1199.91ms
[2025-12-20 14:07:37] [INFO] REQ: POST /predict - Status: 200 - Czas: 1199.91ms
[2025-12-20 14:07:37] [INFO] REQ: POST /predict - Status: 200 - Czas: 1200.43ms
[2025-12-20 14:07:37] [INFO] REQ: POST /predict - Status: 200 - Czas: 1200.43ms
[2025-12-20 14:07:37] [INFO] REQ: POST /predict - Status: 200 - Czas: 1200.43ms
[2025-12-20 14:07:37] [INFO] REQ: POST /predict - Status: 200 - Czas: 1200.43ms
[2025-12-20 14:07:37] [INFO] REQ: POST /predict - Status: 200 - Czas: 1200.43ms
[2025-12-20 14:07:37] [INFO] REQ: POST /predict - Status: 200 - Czas: 1200.43ms
[2025-12-20 14:07:37] [INFO] REQ: POST /predict - Status: 200 - Czas: 1196.74ms
[2025-12-20 14:07:37] [INFO] REQ: POST /predict - Status: 200 - Czas: 1196.16ms
[2025-12-20 14:07:37] [INFO] REQ: POST /predict - Status: 200 - Czas: 1196.16ms
[2025-12-20 14:07:37] [INFO] REQ: POST /predict - Status: 200 - Czas: 1195.65ms
[2025-12-20 14:07:37] [INFO] REQ: POST /predict - Status: 200 - Czas: 1195.65ms
[2025-12-20 14:07:37] [INFO] REQ: POST /predict - Status: 200 - Czas: 1195.65ms
[2025-12-20 14:07:37] [INFO] REQ: POST /predict - Status: 200 - Czas: 1195.65ms
[2025-12-20 14:07:37] [INFO] REQ: POST /predict - Status: 200 - Czas: 1196.65ms
[2025-12-20 14:07:37] [INFO] REQ: POST /predict - Status: 200 - Czas: 1196.65ms
[2025-12-20 14:07:37] [INFO] REQ: POST /predict - Status: 200 - Czas: 1196.65ms
[2025-12-20 14:07:37] [INFO] REQ: POST /predict - Status: 200 - Czas: 1196.65ms
[2025-12-20 14:07:37] [INFO] REQ: POST /predict - Status: 200 - Czas: 1196.65ms
[2025-12-20 14:07:37] [INFO] REQ: POST /predict - Status: 200 - Czas: 1196.65ms
[2025-12-20 14:07:37] [INFO] REQ: POST /predict - Status: 200 - Czas: 1196.65ms
[2025-12-20 14:07:37] [INFO] REQ: POST /predict - Status: 200 - Czas: 1196.65ms
[2025-12-20 14:07:37] [INFO] REQ: POST /predict - Status: 200 - Czas: 1197.65ms
[2025-12-20 14:07:37] [INFO] REQ: POST /predict - Status: 200 - Czas: 1197.65ms
[2025-12-20 14:07:37] [INFO] REQ: POST /predict - Status: 200 - Czas: 1197.13ms
[2025-12-20 14:07:37] [INFO] REQ: POST /predict - Status: 200 - Czas: 1197.13ms
[2025-12-20 14:07:37] [INFO] REQ: POST /predict - Status: 200 - Czas: 1197.13ms
[2025-12-20 14:07:37] [INFO] REQ: POST /predict - Status: 200 - Czas: 1165.69ms
[2025-12-20 14:07:37] [INFO] REQ: POST /predict - Status: 200 - Czas: 1163.56ms
[2025-12-20 14:07:37] [INFO] REQ: POST /predict - Status: 200 - Czas: 1163.56ms
[2025-12-20 14:07:37] [INFO] REQ: POST /predict - Status: 200 - Czas: 1139.75ms
[2025-12-20 14:07:37] [INFO] REQ: POST /predict - Status: 200 - Czas: 1139.75ms
[2025-12-20 14:07:37] [INFO] REQ: POST /predict - Status: 200 - Czas: 1139.75ms
[2025-12-20 14:07:37] [INFO] REQ: POST /predict - Status: 200 - Czas: 776.87ms
[2025-12-20 14:07:37] [INFO] REQ: POST /predict - Status: 200 - Czas: 776.87ms
[2025-12-20 14:07:37] [INFO] REQ: POST /predict - Status: 200 - Czas: 776.87ms
[2025-12-20 14:07:37] [INFO] REQ: POST /predict - Status: 200 - Czas: 589.05ms
[2025-12-20 14:07:37] [INFO] REQ: POST /predict - Status: 200 - Czas: 589.05ms
[2025-12-20 14:07:37] [INFO] REQ: POST /predict - Status: 200 - Czas: 589.05ms
[2025-12-20 14:07:37] [INFO] REQ: POST /predict - Status: 200 - Czas: 322.25ms
[2025-12-20 14:07:37] [INFO] REQ: POST /predict - Status: 200 - Czas: 321.73ms
[2025-12-20 14:07:37] [INFO] REQ: POST /predict - Status: 200 - Czas: 321.20ms
[2025-12-20 14:07:37] [INFO] REQ: POST /predict - Status: 200 - Czas: 362.43ms
[2025-12-20 14:07:37] [INFO] REQ: POST /predict - Status: 200 - Czas: 362.43ms
[2025-12-20 14:07:37] [INFO] REQ: POST /predict - Status: 200 - Czas: 362.43ms
[2025-12-20 14:07:37] [INFO] REQ: POST /predict - Status: 200 - Czas: 363.43ms
[2025-12-20 14:07:38] [INFO] REQ: POST /predict - Status: 200 - Czas: 712.76ms
[2025-12-20 14:07:38] [INFO] REQ: POST /predict - Status: 200 - Czas: 711.26ms
[2025-12-20 14:07:38] [INFO] REQ: POST /predict - Status: 200 - Czas: 711.26ms
[2025-12-20 14:07:38] [INFO] REQ: POST /predict - Status: 200 - Czas: 711.26ms
[2025-12-20 14:07:38] [INFO] REQ: POST /predict - Status: 200 - Czas: 710.75ms
[2025-12-20 14:07:38] [INFO] REQ: POST /predict - Status: 200 - Czas: 935.63ms
[2025-12-20 14:07:38] [INFO] REQ: POST /predict - Status: 200 - Czas: 935.63ms
[2025-12-20 14:07:38] [INFO] REQ: POST /predict - Status: 200 - Czas: 935.63ms
[2025-12-20 14:07:38] [INFO] REQ: POST /predict - Status: 200 - Czas: 934.63ms
[2025-12-20 14:07:38] [INFO] REQ: POST /predict - Status: 200 - Czas: 934.63ms
[2025-12-20 14:07:38] [INFO] REQ: POST /predict - Status: 200 - Czas: 936.14ms
[2025-12-20 14:07:38] [INFO] REQ: POST /predict - Status: 200 - Czas: 936.14ms
[2025-12-20 14:07:38] [INFO] REQ: POST /predict - Status: 200 - Czas: 936.14ms
[2025-12-20 14:07:38] [INFO] REQ: POST /predict - Status: 200 - Czas: 936.14ms
[2025-12-20 14:07:38] [INFO] REQ: POST /predict - Status: 200 - Czas: 936.14ms
[2025-12-20 14:07:38] [INFO] REQ: POST /predict - Status: 200 - Czas: 936.14ms
[2025-12-20 14:07:38] [INFO] REQ: POST /predict - Status: 200 - Czas: 936.14ms
[2025-12-20 14:07:38] [INFO] REQ: POST /predict - Status: 200 - Czas: 936.14ms
[2025-12-20 14:07:38] [INFO] REQ: POST /predict - Status: 200 - Czas: 936.14ms
[2025-12-20 14:07:38] [INFO] REQ: POST /predict - Status: 200 - Czas: 937.14ms
[2025-12-20 14:07:38] [INFO] REQ: POST /predict - Status: 200 - Czas: 937.14ms
[2025-12-20 14:07:38] [INFO] REQ: POST /predict - Status: 200 - Czas: 937.14ms
[2025-12-20 14:07:38] [INFO] REQ: POST /predict - Status: 200 - Czas: 937.14ms
[2025-12-20 14:07:38] [INFO] REQ: POST /predict - Status: 200 - Czas: 937.14ms
[2025-12-20 14:07:38] [INFO] REQ: POST /predict - Status: 200 - Czas: 937.14ms
[2025-12-20 14:07:38] [INFO] REQ: POST /predict - Status: 200 - Czas: 937.14ms
[2025-12-20 14:07:38] [INFO] REQ: POST /predict - Status: 200 - Czas: 937.14ms
[2025-12-20 14:07:38] [INFO] REQ: POST /predict - Status: 200 - Czas: 937.14ms
[2025-12-20 14:07:38] [INFO] REQ: POST /predict - Status: 200 - Czas: 937.14ms
[2025-12-20 14:07:38] [INFO] REQ: POST /predict - Status: 200 - Czas: 1210.47ms
[2025-12-20 14:07:38] [INFO] REQ: POST /predict - Status: 200 - Czas: 1208.46ms
[2025-12-20 14:07:38] [INFO] REQ: POST /predict - Status: 200 - Czas: 1208.46ms
[2025-12-20 14:07:38] [INFO] REQ: POST /predict - Status: 200 - Czas: 1208.46ms
[2025-12-20 14:07:38] [INFO] REQ: POST /predict - Status: 200 - Czas: 1208.46ms
[2025-12-20 14:07:38] [INFO] REQ: POST /predict - Status: 200 - Czas: 1208.46ms
[2025-12-20 14:07:38] [INFO] REQ: POST /predict - Status: 200 - Czas: 1208.46ms
[2025-12-20 14:07:38] [INFO] REQ: POST /predict - Status: 200 - Czas: 1208.46ms
[2025-12-20 14:07:38] [INFO] REQ: POST /predict - Status: 200 - Czas: 1209.46ms
[2025-12-20 14:07:38] [INFO] REQ: POST /predict - Status: 200 - Czas: 1209.46ms
[2025-12-20 14:07:38] [INFO] REQ: POST /predict - Status: 200 - Czas: 1209.46ms
[2025-12-20 14:07:38] [INFO] REQ: POST /predict - Status: 200 - Czas: 1209.46ms
[2025-12-20 14:07:38] [INFO] REQ: POST /predict - Status: 200 - Czas: 1209.46ms
[2025-12-20 14:07:38] [INFO] REQ: POST /predict - Status: 200 - Czas: 1209.46ms
[2025-12-20 14:07:38] [INFO] REQ: POST /predict - Status: 200 - Czas: 1209.46ms
[2025-12-20 14:07:38] [INFO] REQ: POST /predict - Status: 200 - Czas: 1240.40ms
[2025-12-20 14:07:38] [INFO] REQ: POST /predict - Status: 200 - Czas: 1239.39ms
[2025-12-20 14:07:38] [INFO] REQ: POST /predict - Status: 200 - Czas: 1239.39ms
[2025-12-20 14:07:38] [INFO] REQ: POST /predict - Status: 200 - Czas: 1239.39ms
[2025-12-20 14:07:38] [INFO] REQ: POST /predict - Status: 200 - Czas: 1240.39ms
[2025-12-20 14:07:38] [INFO] REQ: POST /predict - Status: 200 - Czas: 1240.39ms
[2025-12-20 14:07:38] [INFO] REQ: POST /predict - Status: 200 - Czas: 1240.39ms
[2025-12-20 14:07:38] [INFO] REQ: POST /predict - Status: 200 - Czas: 1240.39ms
[2025-12-20 14:07:38] [INFO] REQ: POST /predict - Status: 200 - Czas: 1240.39ms
[2025-12-20 14:07:38] [INFO] REQ: POST /predict - Status: 200 - Czas: 1240.39ms
[2025-12-20 14:07:38] [INFO] REQ: POST /predict - Status: 200 - Czas: 1240.39ms
[2025-12-20 14:07:38] [INFO] REQ: POST /predict - Status: 200 - Czas: 1240.39ms
[2025-12-20 14:07:38] [INFO] REQ: POST /predict - Status: 200 - Czas: 1240.39ms
[2025-12-20 14:07:38] [INFO] REQ: POST /predict - Status: 200 - Czas: 1241.39ms
[2025-12-20 14:07:38] [INFO] REQ: POST /predict - Status: 200 - Czas: 1241.39ms
[2025-12-20 14:07:38] [INFO] REQ: POST /predict - Status: 200 - Czas: 1241.39ms
[2025-12-20 14:07:38] [INFO] REQ: POST /predict - Status: 200 - Czas: 1241.39ms
[2025-12-20 14:07:38] [INFO] REQ: POST /predict - Status: 200 - Czas: 1241.39ms
[2025-12-20 14:07:38] [INFO] REQ: POST /predict - Status: 200 - Czas: 1241.39ms
[2025-12-20 14:07:38] [INFO] REQ: POST /predict - Status: 200 - Czas: 1241.39ms
[2025-12-20 14:07:38] [INFO] REQ: POST /predict - Status: 200 - Czas: 1241.39ms
[2025-12-20 14:07:38] [INFO] REQ: POST /predict - Status: 200 - Czas: 1244.14ms
[2025-12-20 14:07:38] [INFO] REQ: POST /predict - Status: 200 - Czas: 1242.64ms
[2025-12-20 14:07:38] [INFO] REQ: POST /predict - Status: 200 - Czas: 1242.64ms
[2025-12-20 14:07:38] [INFO] REQ: POST /predict - Status: 200 - Czas: 1242.64ms
[2025-12-20 14:07:38] [INFO] REQ: POST /predict - Status: 200 - Czas: 1218.06ms
[2025-12-20 14:07:38] [INFO] REQ: POST /predict - Status: 200 - Czas: 1219.06ms
[2025-12-20 14:07:38] [INFO] REQ: POST /predict - Status: 200 - Czas: 1219.06ms
[2025-12-20 14:07:38] [INFO] REQ: POST /predict - Status: 200 - Czas: 1219.06ms
[2025-12-20 14:07:38] [INFO] REQ: POST /predict - Status: 200 - Czas: 887.18ms
[2025-12-20 14:07:38] [INFO] REQ: POST /predict - Status: 200 - Czas: 886.18ms
[2025-12-20 14:07:38] [INFO] REQ: POST /predict - Status: 200 - Czas: 886.18ms
[2025-12-20 14:07:38] [INFO] REQ: POST /predict - Status: 200 - Czas: 886.18ms
[2025-12-20 14:07:38] [INFO] REQ: POST /predict - Status: 200 - Czas: 678.30ms
[2025-12-20 14:07:38] [INFO] REQ: POST /predict - Status: 200 - Czas: 677.84ms
[2025-12-20 14:07:38] [INFO] REQ: POST /predict - Status: 200 - Czas: 677.84ms
[2025-12-20 14:07:38] [INFO] REQ: POST /predict - Status: 200 - Czas: 677.29ms
[2025-12-20 14:07:39] [INFO] REQ: POST /predict - Status: 200 - Czas: 416.59ms
[2025-12-20 14:07:39] [INFO] REQ: POST /predict - Status: 200 - Czas: 415.59ms
[2025-12-20 14:07:39] [INFO] REQ: POST /predict - Status: 200 - Czas: 415.59ms
[2025-12-20 14:07:39] [INFO] REQ: POST /predict - Status: 200 - Czas: 415.59ms
[2025-12-20 14:07:39] [INFO] REQ: POST /predict - Status: 200 - Czas: 422.43ms
[2025-12-20 14:07:39] [INFO] REQ: POST /predict - Status: 200 - Czas: 422.43ms
[2025-12-20 14:07:39] [INFO] REQ: POST /predict - Status: 200 - Czas: 422.43ms
[2025-12-20 14:07:39] [INFO] REQ: POST /predict - Status: 200 - Czas: 421.42ms
[2025-12-20 14:07:39] [INFO] REQ: POST /predict - Status: 200 - Czas: 421.42ms
[2025-12-20 14:07:39] [INFO] REQ: POST /predict - Status: 200 - Czas: 738.96ms
[2025-12-20 14:07:39] [INFO] REQ: POST /predict - Status: 200 - Czas: 739.96ms
[2025-12-20 14:07:39] [INFO] REQ: POST /predict - Status: 200 - Czas: 738.96ms
[2025-12-20 14:07:39] [INFO] REQ: POST /predict - Status: 200 - Czas: 738.96ms
[2025-12-20 14:07:39] [INFO] REQ: POST /predict - Status: 200 - Czas: 738.96ms
[2025-12-20 14:07:39] [INFO] REQ: POST /predict - Status: 200 - Czas: 738.96ms
[2025-12-20 14:07:39] [INFO] REQ: POST /predict - Status: 200 - Czas: 907.13ms
[2025-12-20 14:07:39] [INFO] REQ: POST /predict - Status: 200 - Czas: 906.12ms
[2025-12-20 14:07:39] [INFO] REQ: POST /predict - Status: 200 - Czas: 906.12ms
[2025-12-20 14:07:39] [INFO] REQ: POST /predict - Status: 200 - Czas: 906.12ms
[2025-12-20 14:07:39] [INFO] REQ: POST /predict - Status: 200 - Czas: 907.12ms
[2025-12-20 14:07:39] [INFO] REQ: POST /predict - Status: 200 - Czas: 907.12ms
[2025-12-20 14:07:39] [INFO] REQ: POST /predict - Status: 200 - Czas: 907.12ms
[2025-12-20 14:07:39] [INFO] REQ: POST /predict - Status: 200 - Czas: 907.12ms
[2025-12-20 14:07:39] [INFO] REQ: POST /predict - Status: 200 - Czas: 907.66ms
[2025-12-20 14:07:39] [INFO] REQ: POST /predict - Status: 200 - Czas: 907.66ms
[2025-12-20 14:07:39] [INFO] REQ: POST /predict - Status: 200 - Czas: 907.66ms
[2025-12-20 14:07:39] [INFO] REQ: POST /predict - Status: 200 - Czas: 906.66ms
[2025-12-20 14:07:39] [INFO] REQ: POST /predict - Status: 200 - Czas: 906.66ms
[2025-12-20 14:07:39] [INFO] REQ: POST /predict - Status: 200 - Czas: 906.66ms
[2025-12-20 14:07:39] [INFO] REQ: POST /predict - Status: 200 - Czas: 906.66ms
[2025-12-20 14:07:39] [INFO] REQ: POST /predict - Status: 200 - Czas: 906.66ms
[2025-12-20 14:07:39] [INFO] REQ: POST /predict - Status: 200 - Czas: 906.66ms
[2025-12-20 14:07:39] [INFO] REQ: POST /predict - Status: 200 - Czas: 907.66ms
[2025-12-20 14:07:39] [INFO] REQ: POST /predict - Status: 200 - Czas: 907.66ms
[2025-12-20 14:07:39] [INFO] REQ: POST /predict - Status: 200 - Czas: 907.66ms
[2025-12-20 14:07:39] [INFO] REQ: POST /predict - Status: 200 - Czas: 907.66ms
[2025-12-20 14:07:39] [INFO] REQ: POST /predict - Status: 200 - Czas: 907.66ms
[2025-12-20 14:07:39] [INFO] REQ: POST /predict - Status: 200 - Czas: 907.66ms
[2025-12-20 14:07:39] [INFO] REQ: POST /predict - Status: 200 - Czas: 907.66ms
[2025-12-20 14:07:39] [INFO] REQ: POST /predict - Status: 200 - Czas: 907.66ms
[2025-12-20 14:07:40] [INFO] REQ: POST /predict - Status: 200 - Czas: 1160.92ms
[2025-12-20 14:07:40] [INFO] REQ: POST /predict - Status: 200 - Czas: 1160.92ms
[2025-12-20 14:07:40] [INFO] REQ: POST /predict - Status: 200 - Czas: 1161.46ms
[2025-12-20 14:07:40] [INFO] REQ: POST /predict - Status: 200 - Czas: 1161.46ms
[2025-12-20 14:07:40] [INFO] REQ: POST /predict - Status: 200 - Czas: 1161.46ms
[2025-12-20 14:07:40] [INFO] REQ: POST /predict - Status: 200 - Czas: 1161.46ms
[2025-12-20 14:07:40] [INFO] REQ: POST /predict - Status: 200 - Czas: 1161.46ms
[2025-12-20 14:07:40] [INFO] REQ: POST /predict - Status: 200 - Czas: 1161.46ms
[2025-12-20 14:07:40] [INFO] REQ: POST /predict - Status: 200 - Czas: 1159.95ms
[2025-12-20 14:07:40] [INFO] REQ: POST /predict - Status: 200 - Czas: 1159.95ms
[2025-12-20 14:07:40] [INFO] REQ: POST /predict - Status: 200 - Czas: 1159.95ms
[2025-12-20 14:07:40] [INFO] REQ: POST /predict - Status: 200 - Czas: 1160.96ms
[2025-12-20 14:07:40] [INFO] REQ: POST /predict - Status: 200 - Czas: 1160.96ms
[2025-12-20 14:07:40] [INFO] REQ: POST /predict - Status: 200 - Czas: 1160.96ms
[2025-12-20 14:07:40] [INFO] REQ: POST /predict - Status: 200 - Czas: 1160.96ms
[2025-12-20 14:07:40] [INFO] REQ: POST /predict - Status: 200 - Czas: 1160.96ms
[2025-12-20 14:07:40] [INFO] REQ: POST /predict - Status: 200 - Czas: 1188.99ms
[2025-12-20 14:07:40] [INFO] REQ: POST /predict - Status: 200 - Czas: 1188.49ms
[2025-12-20 14:07:40] [INFO] REQ: POST /predict - Status: 200 - Czas: 1188.49ms
[2025-12-20 14:07:40] [INFO] REQ: POST /predict - Status: 200 - Czas: 1188.49ms
[2025-12-20 14:07:40] [INFO] REQ: POST /predict - Status: 200 - Czas: 1188.49ms
[2025-12-20 14:07:40] [ERROR] Exception in ASGI application
Traceback (most recent call last):
  File "D:\Programming Projects\ml-docker-performance\.venv\Lib\site-packages\starlette\_exception_handler.py", line 42, in wrapped_app
    await app(scope, receive, sender)
  File "D:\Programming Projects\ml-docker-performance\.venv\Lib\site-packages\fastapi\routing.py", line 106, in app
    response = await f(request)
               ^^^^^^^^^^^^^^^^
  File "D:\Programming Projects\ml-docker-performance\.venv\Lib\site-packages\fastapi\routing.py", line 472, in app
    raise validation_error
fastapi.exceptions.RequestValidationError: 1 validation error:
  {'type': 'string_type', 'loc': ('body', 'text'), 'msg': 'Input should be a valid string', 'input': nan}

  File "D:\Programming Projects\ml-docker-performance\app\server_fastapi.py", line 60, in predict_endpoint
    POST /predict

The above exception was the direct cause of the following exception:

Traceback (most recent call last):
  File "D:\Programming Projects\ml-docker-performance\.venv\Lib\site-packages\uvicorn\protocols\http\httptools_impl.py", line 409, in run_asgi
    result = await app(  # type: ignore[func-returns-value]
             ^^^^^^^^^^^^^^^^^^^^^^^^^^^^^^^^^^^^^^^^^^^^^^
  File "D:\Programming Projects\ml-docker-performance\.venv\Lib\site-packages\uvicorn\middleware\proxy_headers.py", line 60, in __call__
    return await self.app(scope, receive, send)
           ^^^^^^^^^^^^^^^^^^^^^^^^^^^^^^^^^^^^
  File "D:\Programming Projects\ml-docker-performance\.venv\Lib\site-packages\fastapi\applications.py", line 1139, in __call__
    await super().__call__(scope, receive, send)
  File "D:\Programming Projects\ml-docker-performance\.venv\Lib\site-packages\starlette\applications.py", line 107, in __call__
    await self.middleware_stack(scope, receive, send)
  File "D:\Programming Projects\ml-docker-performance\.venv\Lib\site-packages\starlette\middleware\errors.py", line 186, in __call__
    raise exc
  File "D:\Programming Projects\ml-docker-performance\.venv\Lib\site-packages\starlette\middleware\errors.py", line 164, in __call__
    await self.app(scope, receive, _send)
  File "D:\Programming Projects\ml-docker-performance\.venv\Lib\site-packages\starlette\middleware\base.py", line 191, in __call__
    with recv_stream, send_stream, collapse_excgroups():
  File "C:\Users\admin\AppData\Local\Programs\Python\Python312\Lib\contextlib.py", line 158, in __exit__
    self.gen.throw(value)
  File "D:\Programming Projects\ml-docker-performance\.venv\Lib\site-packages\starlette\_utils.py", line 85, in collapse_excgroups
    raise exc
  File "D:\Programming Projects\ml-docker-performance\.venv\Lib\site-packages\starlette\middleware\base.py", line 193, in __call__
    response = await self.dispatch_func(request, call_next)
               ^^^^^^^^^^^^^^^^^^^^^^^^^^^^^^^^^^^^^^^^^^^^
  File "D:\Programming Projects\ml-docker-performance\app\server_fastapi.py", line 41, in log_requests
    response: Response = await call_next(request)
                         ^^^^^^^^^^^^^^^^^^^^^^^^
  File "D:\Programming Projects\ml-docker-performance\.venv\Lib\site-packages\starlette\middleware\base.py", line 168, in call_next
    raise app_exc from app_exc.__cause__ or app_exc.__context__
  File "D:\Programming Projects\ml-docker-performance\.venv\Lib\site-packages\starlette\middleware\base.py", line 144, in coro
    await self.app(scope, receive_or_disconnect, send_no_error)
  File "D:\Programming Projects\ml-docker-performance\.venv\Lib\site-packages\starlette\middleware\exceptions.py", line 63, in __call__
    await wrap_app_handling_exceptions(self.app, conn)(scope, receive, send)
  File "D:\Programming Projects\ml-docker-performance\.venv\Lib\site-packages\starlette\_exception_handler.py", line 53, in wrapped_app
    raise exc
  File "D:\Programming Projects\ml-docker-performance\.venv\Lib\site-packages\starlette\_exception_handler.py", line 42, in wrapped_app
    await app(scope, receive, sender)
  File "D:\Programming Projects\ml-docker-performance\.venv\Lib\site-packages\fastapi\middleware\asyncexitstack.py", line 18, in __call__
    await self.app(scope, receive, send)
  File "D:\Programming Projects\ml-docker-performance\.venv\Lib\site-packages\starlette\routing.py", line 716, in __call__
    await self.middleware_stack(scope, receive, send)
  File "D:\Programming Projects\ml-docker-performance\.venv\Lib\site-packages\starlette\routing.py", line 736, in app
    await route.handle(scope, receive, send)
  File "D:\Programming Projects\ml-docker-performance\.venv\Lib\site-packages\starlette\routing.py", line 290, in handle
    await self.app(scope, receive, send)
  File "D:\Programming Projects\ml-docker-performance\.venv\Lib\site-packages\fastapi\routing.py", line 120, in app
    await wrap_app_handling_exceptions(app, request)(scope, receive, send)
  File "D:\Programming Projects\ml-docker-performance\.venv\Lib\site-packages\starlette\_exception_handler.py", line 59, in wrapped_app
    response = await handler(conn, exc)
               ^^^^^^^^^^^^^^^^^^^^^^^^
  File "D:\Programming Projects\ml-docker-performance\.venv\Lib\site-packages\fastapi\exception_handlers.py", line 23, in request_validation_exception_handler
    return JSONResponse(
           ^^^^^^^^^^^^^
  File "D:\Programming Projects\ml-docker-performance\.venv\Lib\site-packages\starlette\responses.py", line 189, in __init__
    super().__init__(content, status_code, headers, media_type, background)
  File "D:\Programming Projects\ml-docker-performance\.venv\Lib\site-packages\starlette\responses.py", line 46, in __init__
    self.body = self.render(content)
                ^^^^^^^^^^^^^^^^^^^^
  File "D:\Programming Projects\ml-docker-performance\.venv\Lib\site-packages\starlette\responses.py", line 192, in render
    return json.dumps(
           ^^^^^^^^^^^
  File "C:\Users\admin\AppData\Local\Programs\Python\Python312\Lib\json\__init__.py", line 238, in dumps
    **kw).encode(obj)
          ^^^^^^^^^^^
  File "C:\Users\admin\AppData\Local\Programs\Python\Python312\Lib\json\encoder.py", line 200, in encode
    chunks = self.iterencode(o, _one_shot=True)
             ^^^^^^^^^^^^^^^^^^^^^^^^^^^^^^^^^^
  File "C:\Users\admin\AppData\Local\Programs\Python\Python312\Lib\json\encoder.py", line 258, in iterencode
    return _iterencode(o, 0)
           ^^^^^^^^^^^^^^^^^
ValueError: Out of range float values are not JSON compliant: nan
[2025-12-20 14:07:40] [INFO] REQ: POST /predict - Status: 200 - Czas: 1195.50ms
[2025-12-20 14:07:40] [INFO] REQ: POST /predict - Status: 200 - Czas: 1195.50ms
[2025-12-20 14:07:40] [INFO] REQ: POST /predict - Status: 200 - Czas: 1195.50ms
[2025-12-20 14:07:40] [INFO] REQ: POST /predict - Status: 200 - Czas: 1195.50ms
[2025-12-20 14:07:40] [INFO] REQ: POST /predict - Status: 200 - Czas: 1195.50ms
[2025-12-20 14:07:40] [INFO] REQ: POST /predict - Status: 200 - Czas: 1195.50ms
[2025-12-20 14:07:40] [INFO] REQ: POST /predict - Status: 200 - Czas: 1195.50ms
[2025-12-20 14:07:40] [INFO] REQ: POST /predict - Status: 200 - Czas: 1196.50ms
[2025-12-20 14:07:40] [INFO] REQ: POST /predict - Status: 200 - Czas: 1196.50ms
[2025-12-20 14:07:40] [INFO] REQ: POST /predict - Status: 200 - Czas: 1196.50ms
[2025-12-20 14:07:40] [INFO] REQ: POST /predict - Status: 200 - Czas: 1196.50ms
[2025-12-20 14:07:40] [INFO] REQ: POST /predict - Status: 200 - Czas: 1196.50ms
[2025-12-20 14:07:40] [INFO] REQ: POST /predict - Status: 200 - Czas: 1196.50ms
[2025-12-20 14:07:40] [INFO] REQ: POST /predict - Status: 200 - Czas: 1196.50ms
[2025-12-20 14:07:40] [INFO] REQ: POST /predict - Status: 200 - Czas: 1196.50ms
[2025-12-20 14:07:40] [INFO] REQ: POST /predict - Status: 200 - Czas: 1197.50ms
[2025-12-20 14:07:40] [INFO] REQ: POST /predict - Status: 200 - Czas: 1205.31ms
[2025-12-20 14:07:40] [INFO] REQ: POST /predict - Status: 200 - Czas: 1203.31ms
[2025-12-20 14:07:40] [INFO] REQ: POST /predict - Status: 200 - Czas: 1203.31ms
[2025-12-20 14:07:40] [INFO] REQ: POST /predict - Status: 200 - Czas: 1203.31ms
[2025-12-20 14:07:40] [INFO] REQ: POST /predict - Status: 200 - Czas: 1203.31ms
[2025-12-20 14:07:40] [INFO] REQ: POST /predict - Status: 200 - Czas: 1196.58ms
[2025-12-20 14:07:40] [INFO] REQ: POST /predict - Status: 200 - Czas: 1195.07ms
[2025-12-20 14:07:40] [INFO] REQ: POST /predict - Status: 200 - Czas: 1195.07ms
[2025-12-20 14:07:40] [INFO] REQ: POST /predict - Status: 200 - Czas: 1195.07ms
[2025-12-20 14:07:40] [INFO] REQ: POST /predict - Status: 200 - Czas: 1195.07ms
[2025-12-20 14:07:40] [INFO] REQ: POST /predict - Status: 200 - Czas: 893.96ms
[2025-12-20 14:07:40] [INFO] REQ: POST /predict - Status: 200 - Czas: 893.97ms
[2025-12-20 14:07:40] [INFO] REQ: POST /predict - Status: 200 - Czas: 893.97ms
[2025-12-20 14:07:40] [INFO] REQ: POST /predict - Status: 200 - Czas: 893.97ms
[2025-12-20 14:07:40] [INFO] REQ: POST /predict - Status: 200 - Czas: 893.97ms
[2025-12-20 14:07:40] [INFO] REQ: POST /predict - Status: 200 - Czas: 743.88ms
[2025-12-20 14:07:40] [INFO] REQ: POST /predict - Status: 200 - Czas: 743.58ms
[2025-12-20 14:07:40] [INFO] REQ: POST /predict - Status: 200 - Czas: 743.58ms
[2025-12-20 14:07:40] [INFO] REQ: POST /predict - Status: 200 - Czas: 743.58ms
[2025-12-20 14:07:40] [INFO] REQ: POST /predict - Status: 200 - Czas: 743.58ms
[2025-12-20 14:07:40] [INFO] REQ: POST /predict - Status: 200 - Czas: 529.19ms
[2025-12-20 14:07:40] [INFO] REQ: POST /predict - Status: 200 - Czas: 528.19ms
[2025-12-20 14:07:40] [INFO] REQ: POST /predict - Status: 200 - Czas: 528.19ms
[2025-12-20 14:07:40] [INFO] REQ: POST /predict - Status: 200 - Czas: 528.19ms
[2025-12-20 14:07:40] [INFO] REQ: POST /predict - Status: 200 - Czas: 529.19ms
[2025-12-20 14:07:40] [INFO] REQ: POST /predict - Status: 200 - Czas: 514.89ms
[2025-12-20 14:07:40] [INFO] REQ: POST /predict - Status: 200 - Czas: 513.50ms
[2025-12-20 14:07:40] [INFO] REQ: POST /predict - Status: 200 - Czas: 510.99ms
[2025-12-20 14:07:40] [INFO] REQ: POST /predict - Status: 200 - Czas: 510.99ms
[2025-12-20 14:07:40] [INFO] REQ: POST /predict - Status: 200 - Czas: 510.99ms
[2025-12-20 14:07:40] [INFO] REQ: POST /predict - Status: 200 - Czas: 511.99ms
[2025-12-20 14:07:41] [INFO] REQ: POST /predict - Status: 200 - Czas: 772.96ms
[2025-12-20 14:07:41] [INFO] REQ: POST /predict - Status: 200 - Czas: 772.96ms
[2025-12-20 14:07:41] [INFO] REQ: POST /predict - Status: 200 - Czas: 773.48ms
[2025-12-20 14:07:41] [INFO] REQ: POST /predict - Status: 200 - Czas: 773.48ms
[2025-12-20 14:07:41] [INFO] REQ: POST /predict - Status: 200 - Czas: 773.48ms
[2025-12-20 14:07:41] [INFO] REQ: POST /predict - Status: 200 - Czas: 773.48ms
[2025-12-20 14:07:41] [INFO] REQ: POST /predict - Status: 200 - Czas: 935.85ms
[2025-12-20 14:07:41] [INFO] REQ: POST /predict - Status: 200 - Czas: 935.85ms
[2025-12-20 14:07:41] [INFO] REQ: POST /predict - Status: 200 - Czas: 935.85ms
[2025-12-20 14:07:41] [INFO] REQ: POST /predict - Status: 200 - Czas: 935.85ms
[2025-12-20 14:07:41] [INFO] REQ: POST /predict - Status: 200 - Czas: 935.85ms
[2025-12-20 14:07:41] [INFO] REQ: POST /predict - Status: 200 - Czas: 935.85ms
[2025-12-20 14:07:41] [INFO] REQ: POST /predict - Status: 200 - Czas: 935.85ms
[2025-12-20 14:07:41] [INFO] REQ: POST /predict - Status: 200 - Czas: 935.85ms
[2025-12-20 14:07:41] [INFO] REQ: POST /predict - Status: 200 - Czas: 937.51ms
[2025-12-20 14:07:41] [INFO] REQ: POST /predict - Status: 200 - Czas: 937.51ms
[2025-12-20 14:07:41] [INFO] REQ: POST /predict - Status: 200 - Czas: 937.51ms
[2025-12-20 14:07:41] [INFO] REQ: POST /predict - Status: 200 - Czas: 937.51ms
[2025-12-20 14:07:41] [INFO] REQ: POST /predict - Status: 200 - Czas: 937.51ms
[2025-12-20 14:07:41] [INFO] REQ: POST /predict - Status: 200 - Czas: 937.51ms
[2025-12-20 14:07:41] [INFO] REQ: POST /predict - Status: 200 - Czas: 937.51ms
[2025-12-20 14:07:41] [INFO] REQ: POST /predict - Status: 200 - Czas: 938.51ms
[2025-12-20 14:07:41] [INFO] REQ: POST /predict - Status: 200 - Czas: 938.51ms
[2025-12-20 14:07:41] [INFO] REQ: POST /predict - Status: 200 - Czas: 938.51ms
[2025-12-20 14:07:41] [INFO] REQ: POST /predict - Status: 200 - Czas: 938.51ms
[2025-12-20 14:07:41] [INFO] REQ: POST /predict - Status: 200 - Czas: 938.51ms
[2025-12-20 14:07:41] [INFO] REQ: POST /predict - Status: 200 - Czas: 938.51ms
[2025-12-20 14:07:41] [INFO] REQ: POST /predict - Status: 200 - Czas: 938.51ms
[2025-12-20 14:07:41] [INFO] REQ: POST /predict - Status: 200 - Czas: 938.51ms
[2025-12-20 14:07:41] [INFO] REQ: POST /predict - Status: 200 - Czas: 937.01ms
[2025-12-20 14:07:41] [INFO] REQ: POST /predict - Status: 200 - Czas: 938.01ms
[2025-12-20 14:07:41] [INFO] REQ: POST /predict - Status: 200 - Czas: 1174.25ms
[2025-12-20 14:07:41] [INFO] REQ: POST /predict - Status: 200 - Czas: 1175.41ms
[2025-12-20 14:07:41] [INFO] REQ: POST /predict - Status: 200 - Czas: 1175.41ms
[2025-12-20 14:07:41] [INFO] REQ: POST /predict - Status: 200 - Czas: 1175.41ms
[2025-12-20 14:07:41] [INFO] REQ: POST /predict - Status: 200 - Czas: 1175.41ms
[2025-12-20 14:07:41] [INFO] REQ: POST /predict - Status: 200 - Czas: 1175.41ms
[2025-12-20 14:07:41] [INFO] REQ: POST /predict - Status: 200 - Czas: 1175.41ms
[2025-12-20 14:07:41] [INFO] REQ: POST /predict - Status: 200 - Czas: 1175.41ms
[2025-12-20 14:07:41] [INFO] REQ: POST /predict - Status: 200 - Czas: 1175.41ms
[2025-12-20 14:07:41] [INFO] REQ: POST /predict - Status: 200 - Czas: 1175.41ms
[2025-12-20 14:07:41] [INFO] REQ: POST /predict - Status: 200 - Czas: 1176.41ms
[2025-12-20 14:07:41] [INFO] REQ: POST /predict - Status: 200 - Czas: 1176.41ms
[2025-12-20 14:07:41] [INFO] REQ: POST /predict - Status: 200 - Czas: 1176.41ms
[2025-12-20 14:07:41] [INFO] REQ: POST /predict - Status: 200 - Czas: 1176.41ms
[2025-12-20 14:07:41] [INFO] REQ: POST /predict - Status: 200 - Czas: 1176.41ms
[2025-12-20 14:07:41] [INFO] REQ: POST /predict - Status: 200 - Czas: 1176.41ms
[2025-12-20 14:07:41] [INFO] REQ: POST /predict - Status: 200 - Czas: 1180.92ms
[2025-12-20 14:07:41] [INFO] REQ: POST /predict - Status: 200 - Czas: 1181.92ms
[2025-12-20 14:07:41] [INFO] REQ: POST /predict - Status: 200 - Czas: 1181.92ms
[2025-12-20 14:07:41] [INFO] REQ: POST /predict - Status: 200 - Czas: 1181.92ms
[2025-12-20 14:07:41] [INFO] REQ: POST /predict - Status: 200 - Czas: 1181.92ms
[2025-12-20 14:07:41] [INFO] REQ: POST /predict - Status: 200 - Czas: 1181.92ms
[2025-12-20 14:07:41] [INFO] REQ: POST /predict - Status: 200 - Czas: 1181.92ms
[2025-12-20 14:07:41] [INFO] REQ: POST /predict - Status: 200 - Czas: 1180.92ms
[2025-12-20 14:07:41] [INFO] REQ: POST /predict - Status: 200 - Czas: 1180.92ms
[2025-12-20 14:07:41] [INFO] REQ: POST /predict - Status: 200 - Czas: 1180.92ms
[2025-12-20 14:07:41] [INFO] REQ: POST /predict - Status: 200 - Czas: 1180.92ms
[2025-12-20 14:07:41] [INFO] REQ: POST /predict - Status: 200 - Czas: 1180.92ms
[2025-12-20 14:07:41] [INFO] REQ: POST /predict - Status: 200 - Czas: 1180.92ms
[2025-12-20 14:07:41] [INFO] REQ: POST /predict - Status: 200 - Czas: 1180.92ms
[2025-12-20 14:07:41] [INFO] REQ: POST /predict - Status: 200 - Czas: 1182.43ms
[2025-12-20 14:07:41] [INFO] REQ: POST /predict - Status: 200 - Czas: 1182.43ms
[2025-12-20 14:07:41] [INFO] REQ: POST /predict - Status: 200 - Czas: 1180.92ms
[2025-12-20 14:07:41] [INFO] REQ: POST /predict - Status: 200 - Czas: 1180.92ms
[2025-12-20 14:07:41] [INFO] REQ: POST /predict - Status: 200 - Czas: 1180.92ms
[2025-12-20 14:07:41] [INFO] REQ: POST /predict - Status: 200 - Czas: 1180.92ms
[2025-12-20 14:07:41] [INFO] REQ: POST /predict - Status: 200 - Czas: 1180.92ms
[2025-12-20 14:07:41] [INFO] REQ: POST /predict - Status: 200 - Czas: 1154.45ms
[2025-12-20 14:07:41] [INFO] REQ: POST /predict - Status: 200 - Czas: 1154.45ms
[2025-12-20 14:07:41] [INFO] REQ: POST /predict - Status: 200 - Czas: 1154.45ms
[2025-12-20 14:07:41] [INFO] REQ: POST /predict - Status: 200 - Czas: 1155.45ms
[2025-12-20 14:07:41] [INFO] REQ: POST /predict - Status: 200 - Czas: 1155.45ms
[2025-12-20 14:07:41] [INFO] REQ: POST /predict - Status: 200 - Czas: 1147.03ms
[2025-12-20 14:07:41] [INFO] REQ: POST /predict - Status: 200 - Czas: 1147.03ms
[2025-12-20 14:07:41] [INFO] REQ: POST /predict - Status: 200 - Czas: 1148.03ms
[2025-12-20 14:07:41] [INFO] REQ: POST /predict - Status: 200 - Czas: 1148.03ms
[2025-12-20 14:07:41] [INFO] REQ: POST /predict - Status: 200 - Czas: 1148.03ms
[2025-12-20 14:07:41] [INFO] REQ: POST /predict - Status: 200 - Czas: 881.79ms
[2025-12-20 14:07:41] [INFO] REQ: POST /predict - Status: 200 - Czas: 881.79ms
[2025-12-20 14:07:41] [INFO] REQ: POST /predict - Status: 200 - Czas: 881.79ms
[2025-12-20 14:07:41] [INFO] REQ: POST /predict - Status: 200 - Czas: 881.79ms
[2025-12-20 14:07:41] [INFO] REQ: POST /predict - Status: 200 - Czas: 881.79ms
[2025-12-20 14:07:41] [INFO] REQ: POST /predict - Status: 200 - Czas: 710.77ms
[2025-12-20 14:07:41] [INFO] REQ: POST /predict - Status: 200 - Czas: 710.77ms
[2025-12-20 14:07:41] [INFO] REQ: POST /predict - Status: 200 - Czas: 710.77ms
[2025-12-20 14:07:41] [INFO] REQ: POST /predict - Status: 200 - Czas: 710.77ms
[2025-12-20 14:07:41] [INFO] REQ: POST /predict - Status: 200 - Czas: 710.77ms
[2025-12-20 14:07:42] [INFO] REQ: POST /predict - Status: 200 - Czas: 501.74ms
[2025-12-20 14:07:42] [INFO] REQ: POST /predict - Status: 200 - Czas: 503.25ms
[2025-12-20 14:07:42] [INFO] REQ: POST /predict - Status: 200 - Czas: 503.25ms
[2025-12-20 14:07:42] [INFO] REQ: POST /predict - Status: 200 - Czas: 503.25ms
[2025-12-20 14:07:42] [INFO] REQ: POST /predict - Status: 200 - Czas: 503.25ms
[2025-12-20 14:07:42] [INFO] REQ: POST /predict - Status: 200 - Czas: 487.24ms
[2025-12-20 14:07:42] [INFO] REQ: POST /predict - Status: 200 - Czas: 488.24ms
[2025-12-20 14:07:42] [INFO] REQ: POST /predict - Status: 200 - Czas: 487.24ms
[2025-12-20 14:07:42] [INFO] REQ: POST /predict - Status: 200 - Czas: 487.24ms
[2025-12-20 14:07:42] [INFO] REQ: POST /predict - Status: 200 - Czas: 487.24ms
[2025-12-20 14:07:42] [INFO] REQ: POST /predict - Status: 200 - Czas: 487.24ms
[2025-12-20 14:07:42] [INFO] REQ: POST /predict - Status: 200 - Czas: 487.24ms
[2025-12-20 14:07:42] [INFO] REQ: POST /predict - Status: 200 - Czas: 762.70ms
[2025-12-20 14:07:42] [INFO] REQ: POST /predict - Status: 200 - Czas: 762.70ms
[2025-12-20 14:07:42] [INFO] REQ: POST /predict - Status: 200 - Czas: 762.70ms
[2025-12-20 14:07:42] [INFO] REQ: POST /predict - Status: 200 - Czas: 761.70ms
[2025-12-20 14:07:42] [INFO] REQ: POST /predict - Status: 200 - Czas: 761.70ms
[2025-12-20 14:07:42] [INFO] REQ: POST /predict - Status: 200 - Czas: 761.70ms
[2025-12-20 14:07:42] [INFO] REQ: POST /predict - Status: 200 - Czas: 927.17ms
[2025-12-20 14:07:42] [INFO] REQ: POST /predict - Status: 200 - Czas: 924.67ms
[2025-12-20 14:07:42] [INFO] REQ: POST /predict - Status: 200 - Czas: 924.67ms
[2025-12-20 14:07:42] [INFO] REQ: POST /predict - Status: 200 - Czas: 925.18ms
[2025-12-20 14:07:42] [INFO] REQ: POST /predict - Status: 200 - Czas: 925.18ms
[2025-12-20 14:07:42] [INFO] REQ: POST /predict - Status: 200 - Czas: 925.18ms
[2025-12-20 14:07:42] [INFO] REQ: POST /predict - Status: 200 - Czas: 925.18ms
[2025-12-20 14:07:42] [INFO] REQ: POST /predict - Status: 200 - Czas: 925.18ms
[2025-12-20 14:07:42] [INFO] REQ: POST /predict - Status: 200 - Czas: 925.18ms
[2025-12-20 14:07:42] [INFO] REQ: POST /predict - Status: 200 - Czas: 925.18ms
[2025-12-20 14:07:42] [INFO] REQ: POST /predict - Status: 200 - Czas: 925.18ms
[2025-12-20 14:07:42] [INFO] REQ: POST /predict - Status: 200 - Czas: 926.18ms
[2025-12-20 14:07:42] [INFO] REQ: POST /predict - Status: 200 - Czas: 926.18ms
[2025-12-20 14:07:42] [INFO] REQ: POST /predict - Status: 200 - Czas: 925.18ms
[2025-12-20 14:07:42] [INFO] REQ: POST /predict - Status: 200 - Czas: 925.18ms
[2025-12-20 14:07:42] [INFO] REQ: POST /predict - Status: 200 - Czas: 925.18ms
[2025-12-20 14:07:42] [INFO] REQ: POST /predict - Status: 200 - Czas: 925.18ms
[2025-12-20 14:07:42] [INFO] REQ: POST /predict - Status: 200 - Czas: 925.18ms
[2025-12-20 14:07:42] [INFO] REQ: POST /predict - Status: 200 - Czas: 925.18ms
[2025-12-20 14:07:42] [INFO] REQ: POST /predict - Status: 200 - Czas: 926.18ms
[2025-12-20 14:07:42] [INFO] REQ: POST /predict - Status: 200 - Czas: 926.18ms
[2025-12-20 14:07:42] [INFO] REQ: POST /predict - Status: 200 - Czas: 926.18ms
[2025-12-20 14:07:42] [INFO] REQ: POST /predict - Status: 200 - Czas: 926.18ms
[2025-12-20 14:07:42] [INFO] REQ: POST /predict - Status: 200 - Czas: 926.68ms
[2025-12-20 14:07:42] [INFO] REQ: POST /predict - Status: 200 - Czas: 926.68ms
[2025-12-20 14:07:43] [INFO] REQ: POST /predict - Status: 200 - Czas: 1139.31ms
[2025-12-20 14:07:43] [INFO] REQ: POST /predict - Status: 200 - Czas: 1139.31ms
[2025-12-20 14:07:43] [INFO] REQ: POST /predict - Status: 200 - Czas: 1139.31ms
[2025-12-20 14:07:43] [INFO] REQ: POST /predict - Status: 200 - Czas: 1140.31ms
[2025-12-20 14:07:43] [INFO] REQ: POST /predict - Status: 200 - Czas: 1140.31ms
[2025-12-20 14:07:43] [INFO] REQ: POST /predict - Status: 200 - Czas: 1140.31ms
[2025-12-20 14:07:43] [INFO] REQ: POST /predict - Status: 200 - Czas: 1140.31ms
[2025-12-20 14:07:43] [INFO] REQ: POST /predict - Status: 200 - Czas: 1140.31ms
[2025-12-20 14:07:43] [INFO] REQ: POST /predict - Status: 200 - Czas: 1140.81ms
[2025-12-20 14:07:43] [INFO] REQ: POST /predict - Status: 200 - Czas: 1140.81ms
[2025-12-20 14:07:43] [INFO] REQ: POST /predict - Status: 200 - Czas: 1140.81ms
[2025-12-20 14:07:43] [INFO] REQ: POST /predict - Status: 200 - Czas: 1140.81ms
[2025-12-20 14:07:43] [INFO] REQ: POST /predict - Status: 200 - Czas: 1140.81ms
[2025-12-20 14:07:43] [INFO] REQ: POST /predict - Status: 200 - Czas: 1140.81ms
[2025-12-20 14:07:43] [INFO] REQ: POST /predict - Status: 200 - Czas: 1140.81ms
[2025-12-20 14:07:43] [INFO] REQ: POST /predict - Status: 200 - Czas: 1140.81ms
[2025-12-20 14:07:43] [INFO] REQ: POST /predict - Status: 200 - Czas: 1152.48ms
[2025-12-20 14:07:43] [INFO] REQ: POST /predict - Status: 200 - Czas: 1151.48ms
[2025-12-20 14:07:43] [INFO] REQ: POST /predict - Status: 200 - Czas: 1151.48ms
[2025-12-20 14:07:43] [INFO] REQ: POST /predict - Status: 200 - Czas: 1151.48ms
[2025-12-20 14:07:43] [INFO] REQ: POST /predict - Status: 200 - Czas: 1152.49ms
[2025-12-20 14:07:43] [INFO] REQ: POST /predict - Status: 200 - Czas: 1152.49ms
[2025-12-20 14:07:43] [INFO] REQ: POST /predict - Status: 200 - Czas: 1152.49ms
[2025-12-20 14:07:43] [INFO] REQ: POST /predict - Status: 200 - Czas: 1152.49ms
[2025-12-20 14:07:43] [INFO] REQ: POST /predict - Status: 200 - Czas: 1152.49ms
[2025-12-20 14:07:43] [INFO] REQ: POST /predict - Status: 200 - Czas: 1152.49ms
[2025-12-20 14:07:43] [INFO] REQ: POST /predict - Status: 200 - Czas: 1152.49ms
[2025-12-20 14:07:43] [INFO] REQ: POST /predict - Status: 200 - Czas: 1152.49ms
[2025-12-20 14:07:43] [INFO] REQ: POST /predict - Status: 200 - Czas: 1152.49ms
[2025-12-20 14:07:43] [INFO] REQ: POST /predict - Status: 200 - Czas: 1152.49ms
[2025-12-20 14:07:43] [INFO] REQ: POST /predict - Status: 200 - Czas: 1152.49ms
[2025-12-20 14:07:43] [INFO] REQ: POST /predict - Status: 200 - Czas: 1152.49ms
[2025-12-20 14:07:43] [INFO] REQ: POST /predict - Status: 200 - Czas: 1152.49ms
[2025-12-20 14:07:43] [INFO] REQ: POST /predict - Status: 200 - Czas: 1154.00ms
[2025-12-20 14:07:43] [INFO] REQ: POST /predict - Status: 200 - Czas: 1154.00ms
[2025-12-20 14:07:43] [INFO] REQ: POST /predict - Status: 200 - Czas: 1154.00ms
[2025-12-20 14:07:43] [INFO] REQ: POST /predict - Status: 200 - Czas: 1154.00ms
[2025-12-20 14:07:43] [INFO] REQ: POST /predict - Status: 200 - Czas: 1106.31ms
[2025-12-20 14:07:43] [INFO] REQ: POST /predict - Status: 200 - Czas: 1106.31ms
[2025-12-20 14:07:43] [INFO] REQ: POST /predict - Status: 200 - Czas: 1106.31ms
[2025-12-20 14:07:43] [INFO] REQ: POST /predict - Status: 200 - Czas: 1106.81ms
[2025-12-20 14:07:43] [INFO] REQ: POST /predict - Status: 200 - Czas: 1106.81ms
[2025-12-20 14:07:43] [INFO] REQ: POST /predict - Status: 200 - Czas: 1112.73ms
[2025-12-20 14:07:43] [INFO] REQ: POST /predict - Status: 200 - Czas: 1112.73ms
[2025-12-20 14:07:43] [INFO] REQ: POST /predict - Status: 200 - Czas: 1112.73ms
[2025-12-20 14:07:43] [INFO] REQ: POST /predict - Status: 200 - Czas: 1112.73ms
[2025-12-20 14:07:43] [INFO] REQ: POST /predict - Status: 200 - Czas: 1112.73ms
[2025-12-20 14:07:43] [INFO] REQ: POST /predict - Status: 200 - Czas: 853.57ms
[2025-12-20 14:07:43] [INFO] REQ: POST /predict - Status: 200 - Czas: 853.57ms
[2025-12-20 14:07:43] [INFO] REQ: POST /predict - Status: 200 - Czas: 853.57ms
[2025-12-20 14:07:43] [INFO] REQ: POST /predict - Status: 200 - Czas: 853.57ms
[2025-12-20 14:07:43] [INFO] REQ: POST /predict - Status: 200 - Czas: 853.57ms
[2025-12-20 14:07:43] [INFO] REQ: POST /predict - Status: 200 - Czas: 680.64ms
[2025-12-20 14:07:43] [INFO] REQ: POST /predict - Status: 200 - Czas: 679.64ms
[2025-12-20 14:07:43] [INFO] REQ: POST /predict - Status: 200 - Czas: 679.64ms
[2025-12-20 14:07:43] [INFO] REQ: POST /predict - Status: 200 - Czas: 679.64ms
[2025-12-20 14:07:43] [INFO] REQ: POST /predict - Status: 200 - Czas: 679.64ms
[2025-12-20 14:07:43] [INFO] REQ: POST /predict - Status: 200 - Czas: 484.20ms
[2025-12-20 14:07:43] [INFO] REQ: POST /predict - Status: 200 - Czas: 484.20ms
[2025-12-20 14:07:43] [INFO] REQ: POST /predict - Status: 200 - Czas: 485.20ms
[2025-12-20 14:07:43] [INFO] REQ: POST /predict - Status: 200 - Czas: 485.20ms
[2025-12-20 14:07:43] [INFO] REQ: POST /predict - Status: 200 - Czas: 485.20ms
[2025-12-20 14:07:43] [INFO] REQ: POST /predict - Status: 200 - Czas: 501.40ms
[2025-12-20 14:07:43] [INFO] REQ: POST /predict - Status: 200 - Czas: 501.40ms
[2025-12-20 14:07:43] [INFO] REQ: POST /predict - Status: 200 - Czas: 500.40ms
[2025-12-20 14:07:43] [INFO] REQ: POST /predict - Status: 200 - Czas: 500.40ms
[2025-12-20 14:07:43] [INFO] REQ: POST /predict - Status: 200 - Czas: 500.40ms
[2025-12-20 14:07:43] [INFO] REQ: POST /predict - Status: 200 - Czas: 501.40ms
[2025-12-20 14:07:43] [INFO] REQ: POST /predict - Status: 200 - Czas: 501.40ms
[2025-12-20 14:07:43] [INFO] REQ: POST /predict - Status: 200 - Czas: 790.71ms
[2025-12-20 14:07:43] [INFO] REQ: POST /predict - Status: 200 - Czas: 790.71ms
[2025-12-20 14:07:43] [INFO] REQ: POST /predict - Status: 200 - Czas: 790.71ms
[2025-12-20 14:07:43] [INFO] REQ: POST /predict - Status: 200 - Czas: 790.71ms
[2025-12-20 14:07:43] [INFO] REQ: POST /predict - Status: 200 - Czas: 790.71ms
[2025-12-20 14:07:43] [INFO] REQ: POST /predict - Status: 200 - Czas: 790.71ms
[2025-12-20 14:07:44] [INFO] REQ: POST /predict - Status: 200 - Czas: 961.49ms
[2025-12-20 14:07:44] [INFO] REQ: POST /predict - Status: 200 - Czas: 961.49ms
[2025-12-20 14:07:44] [INFO] REQ: POST /predict - Status: 200 - Czas: 961.49ms
[2025-12-20 14:07:44] [INFO] REQ: POST /predict - Status: 200 - Czas: 961.49ms
[2025-12-20 14:07:44] [INFO] REQ: POST /predict - Status: 200 - Czas: 961.49ms
[2025-12-20 14:07:44] [INFO] REQ: POST /predict - Status: 200 - Czas: 961.49ms
[2025-12-20 14:07:44] [INFO] REQ: POST /predict - Status: 200 - Czas: 961.49ms
[2025-12-20 14:07:44] [INFO] REQ: POST /predict - Status: 200 - Czas: 961.49ms
[2025-12-20 14:07:44] [INFO] REQ: POST /predict - Status: 200 - Czas: 961.49ms
[2025-12-20 14:07:44] [INFO] REQ: POST /predict - Status: 200 - Czas: 961.49ms
[2025-12-20 14:07:44] [INFO] REQ: POST /predict - Status: 200 - Czas: 961.49ms
[2025-12-20 14:07:44] [INFO] REQ: POST /predict - Status: 200 - Czas: 961.49ms
[2025-12-20 14:07:44] [INFO] REQ: POST /predict - Status: 200 - Czas: 961.49ms
[2025-12-20 14:07:44] [INFO] REQ: POST /predict - Status: 200 - Czas: 962.99ms
[2025-12-20 14:07:44] [INFO] REQ: POST /predict - Status: 200 - Czas: 962.99ms
[2025-12-20 14:07:44] [INFO] REQ: POST /predict - Status: 200 - Czas: 962.99ms
[2025-12-20 14:07:44] [INFO] REQ: POST /predict - Status: 200 - Czas: 962.99ms
[2025-12-20 14:07:44] [INFO] REQ: POST /predict - Status: 200 - Czas: 962.99ms
[2025-12-20 14:07:44] [INFO] REQ: POST /predict - Status: 200 - Czas: 962.99ms
[2025-12-20 14:07:44] [INFO] REQ: POST /predict - Status: 200 - Czas: 962.99ms
[2025-12-20 14:07:44] [INFO] REQ: POST /predict - Status: 200 - Czas: 962.99ms
[2025-12-20 14:07:44] [INFO] REQ: POST /predict - Status: 200 - Czas: 961.98ms
[2025-12-20 14:07:44] [INFO] REQ: POST /predict - Status: 200 - Czas: 961.98ms
[2025-12-20 14:07:44] [INFO] REQ: POST /predict - Status: 200 - Czas: 961.98ms
[2025-12-20 14:07:44] [INFO] REQ: POST /predict - Status: 200 - Czas: 961.98ms
[2025-12-20 14:07:44] [INFO] REQ: POST /predict - Status: 200 - Czas: 1185.46ms
[2025-12-20 14:07:44] [INFO] REQ: POST /predict - Status: 200 - Czas: 1185.46ms
[2025-12-20 14:07:44] [INFO] REQ: POST /predict - Status: 200 - Czas: 1185.46ms
[2025-12-20 14:07:44] [INFO] REQ: POST /predict - Status: 200 - Czas: 1185.46ms
[2025-12-20 14:07:44] [INFO] REQ: POST /predict - Status: 200 - Czas: 1185.46ms
[2025-12-20 14:07:44] [INFO] REQ: POST /predict - Status: 200 - Czas: 1185.46ms
[2025-12-20 14:07:44] [INFO] REQ: POST /predict - Status: 200 - Czas: 1185.46ms
[2025-12-20 14:07:44] [INFO] REQ: POST /predict - Status: 200 - Czas: 1185.46ms
[2025-12-20 14:07:44] [INFO] REQ: POST /predict - Status: 200 - Czas: 1186.46ms
[2025-12-20 14:07:44] [INFO] REQ: POST /predict - Status: 200 - Czas: 1186.46ms
[2025-12-20 14:07:44] [INFO] REQ: POST /predict - Status: 200 - Czas: 1185.46ms
[2025-12-20 14:07:44] [INFO] REQ: POST /predict - Status: 200 - Czas: 1185.46ms
[2025-12-20 14:07:44] [INFO] REQ: POST /predict - Status: 200 - Czas: 1185.46ms
[2025-12-20 14:07:44] [INFO] REQ: POST /predict - Status: 200 - Czas: 1185.46ms
[2025-12-20 14:07:44] [INFO] REQ: POST /predict - Status: 200 - Czas: 1185.46ms
[2025-12-20 14:07:44] [INFO] REQ: POST /predict - Status: 200 - Czas: 1185.46ms
[2025-12-20 14:07:44] [INFO] REQ: POST /predict - Status: 200 - Czas: 1193.78ms
[2025-12-20 14:07:44] [INFO] REQ: POST /predict - Status: 200 - Czas: 1194.78ms
[2025-12-20 14:07:44] [INFO] REQ: POST /predict - Status: 200 - Czas: 1194.78ms
[2025-12-20 14:07:44] [INFO] REQ: POST /predict - Status: 200 - Czas: 1194.78ms
[2025-12-20 14:07:44] [INFO] REQ: POST /predict - Status: 200 - Czas: 1194.78ms
[2025-12-20 14:07:44] [INFO] REQ: POST /predict - Status: 200 - Czas: 1194.78ms
[2025-12-20 14:07:44] [ERROR] Exception in ASGI application
Traceback (most recent call last):
  File "D:\Programming Projects\ml-docker-performance\.venv\Lib\site-packages\starlette\_exception_handler.py", line 42, in wrapped_app
    await app(scope, receive, sender)
  File "D:\Programming Projects\ml-docker-performance\.venv\Lib\site-packages\fastapi\routing.py", line 106, in app
    response = await f(request)
               ^^^^^^^^^^^^^^^^
  File "D:\Programming Projects\ml-docker-performance\.venv\Lib\site-packages\fastapi\routing.py", line 472, in app
    raise validation_error
fastapi.exceptions.RequestValidationError: 1 validation error:
  {'type': 'string_type', 'loc': ('body', 'text'), 'msg': 'Input should be a valid string', 'input': nan}

  File "D:\Programming Projects\ml-docker-performance\app\server_fastapi.py", line 60, in predict_endpoint
    POST /predict

The above exception was the direct cause of the following exception:

Traceback (most recent call last):
  File "D:\Programming Projects\ml-docker-performance\.venv\Lib\site-packages\uvicorn\protocols\http\httptools_impl.py", line 409, in run_asgi
    result = await app(  # type: ignore[func-returns-value]
             ^^^^^^^^^^^^^^^^^^^^^^^^^^^^^^^^^^^^^^^^^^^^^^
  File "D:\Programming Projects\ml-docker-performance\.venv\Lib\site-packages\uvicorn\middleware\proxy_headers.py", line 60, in __call__
    return await self.app(scope, receive, send)
           ^^^^^^^^^^^^^^^^^^^^^^^^^^^^^^^^^^^^
  File "D:\Programming Projects\ml-docker-performance\.venv\Lib\site-packages\fastapi\applications.py", line 1139, in __call__
    await super().__call__(scope, receive, send)
  File "D:\Programming Projects\ml-docker-performance\.venv\Lib\site-packages\starlette\applications.py", line 107, in __call__
    await self.middleware_stack(scope, receive, send)
  File "D:\Programming Projects\ml-docker-performance\.venv\Lib\site-packages\starlette\middleware\errors.py", line 186, in __call__
    raise exc
  File "D:\Programming Projects\ml-docker-performance\.venv\Lib\site-packages\starlette\middleware\errors.py", line 164, in __call__
    await self.app(scope, receive, _send)
  File "D:\Programming Projects\ml-docker-performance\.venv\Lib\site-packages\starlette\middleware\base.py", line 191, in __call__
    with recv_stream, send_stream, collapse_excgroups():
  File "C:\Users\admin\AppData\Local\Programs\Python\Python312\Lib\contextlib.py", line 158, in __exit__
    self.gen.throw(value)
  File "D:\Programming Projects\ml-docker-performance\.venv\Lib\site-packages\starlette\_utils.py", line 85, in collapse_excgroups
    raise exc
  File "D:\Programming Projects\ml-docker-performance\.venv\Lib\site-packages\starlette\middleware\base.py", line 193, in __call__
    response = await self.dispatch_func(request, call_next)
               ^^^^^^^^^^^^^^^^^^^^^^^^^^^^^^^^^^^^^^^^^^^^
  File "D:\Programming Projects\ml-docker-performance\app\server_fastapi.py", line 41, in log_requests
    response: Response = await call_next(request)
                         ^^^^^^^^^^^^^^^^^^^^^^^^
  File "D:\Programming Projects\ml-docker-performance\.venv\Lib\site-packages\starlette\middleware\base.py", line 168, in call_next
    raise app_exc from app_exc.__cause__ or app_exc.__context__
  File "D:\Programming Projects\ml-docker-performance\.venv\Lib\site-packages\starlette\middleware\base.py", line 144, in coro
    await self.app(scope, receive_or_disconnect, send_no_error)
  File "D:\Programming Projects\ml-docker-performance\.venv\Lib\site-packages\starlette\middleware\exceptions.py", line 63, in __call__
    await wrap_app_handling_exceptions(self.app, conn)(scope, receive, send)
  File "D:\Programming Projects\ml-docker-performance\.venv\Lib\site-packages\starlette\_exception_handler.py", line 53, in wrapped_app
    raise exc
  File "D:\Programming Projects\ml-docker-performance\.venv\Lib\site-packages\starlette\_exception_handler.py", line 42, in wrapped_app
    await app(scope, receive, sender)
  File "D:\Programming Projects\ml-docker-performance\.venv\Lib\site-packages\fastapi\middleware\asyncexitstack.py", line 18, in __call__
    await self.app(scope, receive, send)
  File "D:\Programming Projects\ml-docker-performance\.venv\Lib\site-packages\starlette\routing.py", line 716, in __call__
    await self.middleware_stack(scope, receive, send)
  File "D:\Programming Projects\ml-docker-performance\.venv\Lib\site-packages\starlette\routing.py", line 736, in app
    await route.handle(scope, receive, send)
  File "D:\Programming Projects\ml-docker-performance\.venv\Lib\site-packages\starlette\routing.py", line 290, in handle
    await self.app(scope, receive, send)
  File "D:\Programming Projects\ml-docker-performance\.venv\Lib\site-packages\fastapi\routing.py", line 120, in app
    await wrap_app_handling_exceptions(app, request)(scope, receive, send)
  File "D:\Programming Projects\ml-docker-performance\.venv\Lib\site-packages\starlette\_exception_handler.py", line 59, in wrapped_app
    response = await handler(conn, exc)
               ^^^^^^^^^^^^^^^^^^^^^^^^
  File "D:\Programming Projects\ml-docker-performance\.venv\Lib\site-packages\fastapi\exception_handlers.py", line 23, in request_validation_exception_handler
    return JSONResponse(
           ^^^^^^^^^^^^^
  File "D:\Programming Projects\ml-docker-performance\.venv\Lib\site-packages\starlette\responses.py", line 189, in __init__
    super().__init__(content, status_code, headers, media_type, background)
  File "D:\Programming Projects\ml-docker-performance\.venv\Lib\site-packages\starlette\responses.py", line 46, in __init__
    self.body = self.render(content)
                ^^^^^^^^^^^^^^^^^^^^
  File "D:\Programming Projects\ml-docker-performance\.venv\Lib\site-packages\starlette\responses.py", line 192, in render
    return json.dumps(
           ^^^^^^^^^^^
  File "C:\Users\admin\AppData\Local\Programs\Python\Python312\Lib\json\__init__.py", line 238, in dumps
    **kw).encode(obj)
          ^^^^^^^^^^^
  File "C:\Users\admin\AppData\Local\Programs\Python\Python312\Lib\json\encoder.py", line 200, in encode
    chunks = self.iterencode(o, _one_shot=True)
             ^^^^^^^^^^^^^^^^^^^^^^^^^^^^^^^^^^
  File "C:\Users\admin\AppData\Local\Programs\Python\Python312\Lib\json\encoder.py", line 258, in iterencode
    return _iterencode(o, 0)
           ^^^^^^^^^^^^^^^^^
ValueError: Out of range float values are not JSON compliant: nan
[2025-12-20 14:07:44] [INFO] REQ: POST /predict - Status: 200 - Czas: 1197.08ms
[2025-12-20 14:07:44] [INFO] REQ: POST /predict - Status: 200 - Czas: 1197.08ms
[2025-12-20 14:07:44] [INFO] REQ: POST /predict - Status: 200 - Czas: 1197.08ms
[2025-12-20 14:07:44] [INFO] REQ: POST /predict - Status: 200 - Czas: 1197.08ms
[2025-12-20 14:07:44] [INFO] REQ: POST /predict - Status: 200 - Czas: 1197.08ms
[2025-12-20 14:07:44] [INFO] REQ: POST /predict - Status: 200 - Czas: 1197.08ms
[2025-12-20 14:07:44] [INFO] REQ: POST /predict - Status: 200 - Czas: 1198.08ms
[2025-12-20 14:07:44] [INFO] REQ: POST /predict - Status: 200 - Czas: 1198.08ms
[2025-12-20 14:07:44] [INFO] REQ: POST /predict - Status: 200 - Czas: 1198.08ms
[2025-12-20 14:07:44] [INFO] REQ: POST /predict - Status: 200 - Czas: 1198.08ms
[2025-12-20 14:07:44] [INFO] REQ: POST /predict - Status: 200 - Czas: 1198.08ms
[2025-12-20 14:07:44] [INFO] REQ: POST /predict - Status: 200 - Czas: 1198.08ms
[2025-12-20 14:07:44] [INFO] REQ: POST /predict - Status: 200 - Czas: 1198.08ms
[2025-12-20 14:07:44] [INFO] REQ: POST /predict - Status: 200 - Czas: 1198.08ms
[2025-12-20 14:07:44] [INFO] REQ: POST /predict - Status: 200 - Czas: 1173.41ms
[2025-12-20 14:07:44] [INFO] REQ: POST /predict - Status: 200 - Czas: 1174.42ms
[2025-12-20 14:07:44] [INFO] REQ: POST /predict - Status: 200 - Czas: 1173.42ms
[2025-12-20 14:07:44] [INFO] REQ: POST /predict - Status: 200 - Czas: 1173.42ms
[2025-12-20 14:07:44] [INFO] REQ: POST /predict - Status: 200 - Czas: 1173.42ms
[2025-12-20 14:07:44] [INFO] REQ: POST /predict - Status: 200 - Czas: 1156.94ms
[2025-12-20 14:07:44] [INFO] REQ: POST /predict - Status: 200 - Czas: 1157.94ms
[2025-12-20 14:07:44] [INFO] REQ: POST /predict - Status: 200 - Czas: 1157.94ms
[2025-12-20 14:07:44] [INFO] REQ: POST /predict - Status: 200 - Czas: 1157.94ms
[2025-12-20 14:07:44] [INFO] REQ: POST /predict - Status: 200 - Czas: 1157.94ms
[2025-12-20 14:07:44] [INFO] REQ: POST /predict - Status: 200 - Czas: 907.90ms
[2025-12-20 14:07:44] [INFO] REQ: POST /predict - Status: 200 - Czas: 907.90ms
[2025-12-20 14:07:44] [INFO] REQ: POST /predict - Status: 200 - Czas: 907.90ms
[2025-12-20 14:07:44] [INFO] REQ: POST /predict - Status: 200 - Czas: 907.90ms
[2025-12-20 14:07:44] [INFO] REQ: POST /predict - Status: 200 - Czas: 907.90ms
[2025-12-20 14:07:44] [INFO] REQ: POST /predict - Status: 200 - Czas: 735.64ms
[2025-12-20 14:07:44] [INFO] REQ: POST /predict - Status: 200 - Czas: 735.13ms
[2025-12-20 14:07:44] [INFO] REQ: POST /predict - Status: 200 - Czas: 735.13ms
[2025-12-20 14:07:44] [INFO] REQ: POST /predict - Status: 200 - Czas: 735.13ms
[2025-12-20 14:07:44] [INFO] REQ: POST /predict - Status: 200 - Czas: 735.13ms
[2025-12-20 14:07:45] [INFO] REQ: POST /predict - Status: 200 - Czas: 511.82ms
[2025-12-20 14:07:45] [INFO] REQ: POST /predict - Status: 200 - Czas: 511.82ms
[2025-12-20 14:07:45] [INFO] REQ: POST /predict - Status: 200 - Czas: 511.82ms
[2025-12-20 14:07:45] [INFO] REQ: POST /predict - Status: 200 - Czas: 511.82ms
[2025-12-20 14:07:45] [INFO] REQ: POST /predict - Status: 200 - Czas: 513.32ms
[2025-12-20 14:07:45] [INFO] REQ: POST /predict - Status: 200 - Czas: 506.37ms
[2025-12-20 14:07:45] [INFO] REQ: POST /predict - Status: 200 - Czas: 506.37ms
[2025-12-20 14:07:45] [INFO] REQ: POST /predict - Status: 200 - Czas: 506.37ms
[2025-12-20 14:07:45] [INFO] REQ: POST /predict - Status: 200 - Czas: 506.37ms
[2025-12-20 14:07:45] [INFO] REQ: POST /predict - Status: 200 - Czas: 506.37ms
[2025-12-20 14:07:45] [INFO] REQ: POST /predict - Status: 200 - Czas: 506.37ms
[2025-12-20 14:07:45] [INFO] REQ: POST /predict - Status: 200 - Czas: 506.37ms
[2025-12-20 14:07:45] [INFO] REQ: POST /predict - Status: 200 - Czas: 802.47ms
[2025-12-20 14:07:45] [INFO] REQ: POST /predict - Status: 200 - Czas: 802.47ms
[2025-12-20 14:07:45] [INFO] REQ: POST /predict - Status: 200 - Czas: 802.47ms
[2025-12-20 14:07:45] [INFO] REQ: POST /predict - Status: 200 - Czas: 802.47ms
[2025-12-20 14:07:45] [INFO] REQ: POST /predict - Status: 200 - Czas: 802.47ms
[2025-12-20 14:07:45] [ERROR] Exception in ASGI application
Traceback (most recent call last):
  File "D:\Programming Projects\ml-docker-performance\.venv\Lib\site-packages\starlette\_exception_handler.py", line 42, in wrapped_app
    await app(scope, receive, sender)
  File "D:\Programming Projects\ml-docker-performance\.venv\Lib\site-packages\fastapi\routing.py", line 106, in app
    response = await f(request)
               ^^^^^^^^^^^^^^^^
  File "D:\Programming Projects\ml-docker-performance\.venv\Lib\site-packages\fastapi\routing.py", line 472, in app
    raise validation_error
fastapi.exceptions.RequestValidationError: 1 validation error:
  {'type': 'string_type', 'loc': ('body', 'text'), 'msg': 'Input should be a valid string', 'input': nan}

  File "D:\Programming Projects\ml-docker-performance\app\server_fastapi.py", line 60, in predict_endpoint
    POST /predict

The above exception was the direct cause of the following exception:

Traceback (most recent call last):
  File "D:\Programming Projects\ml-docker-performance\.venv\Lib\site-packages\uvicorn\protocols\http\httptools_impl.py", line 409, in run_asgi
    result = await app(  # type: ignore[func-returns-value]
             ^^^^^^^^^^^^^^^^^^^^^^^^^^^^^^^^^^^^^^^^^^^^^^
  File "D:\Programming Projects\ml-docker-performance\.venv\Lib\site-packages\uvicorn\middleware\proxy_headers.py", line 60, in __call__
    return await self.app(scope, receive, send)
           ^^^^^^^^^^^^^^^^^^^^^^^^^^^^^^^^^^^^
  File "D:\Programming Projects\ml-docker-performance\.venv\Lib\site-packages\fastapi\applications.py", line 1139, in __call__
    await super().__call__(scope, receive, send)
  File "D:\Programming Projects\ml-docker-performance\.venv\Lib\site-packages\starlette\applications.py", line 107, in __call__
    await self.middleware_stack(scope, receive, send)
  File "D:\Programming Projects\ml-docker-performance\.venv\Lib\site-packages\starlette\middleware\errors.py", line 186, in __call__
    raise exc
  File "D:\Programming Projects\ml-docker-performance\.venv\Lib\site-packages\starlette\middleware\errors.py", line 164, in __call__
    await self.app(scope, receive, _send)
  File "D:\Programming Projects\ml-docker-performance\.venv\Lib\site-packages\starlette\middleware\base.py", line 191, in __call__
    with recv_stream, send_stream, collapse_excgroups():
  File "C:\Users\admin\AppData\Local\Programs\Python\Python312\Lib\contextlib.py", line 158, in __exit__
    self.gen.throw(value)
  File "D:\Programming Projects\ml-docker-performance\.venv\Lib\site-packages\starlette\_utils.py", line 85, in collapse_excgroups
    raise exc
  File "D:\Programming Projects\ml-docker-performance\.venv\Lib\site-packages\starlette\middleware\base.py", line 193, in __call__
    response = await self.dispatch_func(request, call_next)
               ^^^^^^^^^^^^^^^^^^^^^^^^^^^^^^^^^^^^^^^^^^^^
  File "D:\Programming Projects\ml-docker-performance\app\server_fastapi.py", line 41, in log_requests
    response: Response = await call_next(request)
                         ^^^^^^^^^^^^^^^^^^^^^^^^
  File "D:\Programming Projects\ml-docker-performance\.venv\Lib\site-packages\starlette\middleware\base.py", line 168, in call_next
    raise app_exc from app_exc.__cause__ or app_exc.__context__
  File "D:\Programming Projects\ml-docker-performance\.venv\Lib\site-packages\starlette\middleware\base.py", line 144, in coro
    await self.app(scope, receive_or_disconnect, send_no_error)
  File "D:\Programming Projects\ml-docker-performance\.venv\Lib\site-packages\starlette\middleware\exceptions.py", line 63, in __call__
    await wrap_app_handling_exceptions(self.app, conn)(scope, receive, send)
  File "D:\Programming Projects\ml-docker-performance\.venv\Lib\site-packages\starlette\_exception_handler.py", line 53, in wrapped_app
    raise exc
  File "D:\Programming Projects\ml-docker-performance\.venv\Lib\site-packages\starlette\_exception_handler.py", line 42, in wrapped_app
    await app(scope, receive, sender)
  File "D:\Programming Projects\ml-docker-performance\.venv\Lib\site-packages\fastapi\middleware\asyncexitstack.py", line 18, in __call__
    await self.app(scope, receive, send)
  File "D:\Programming Projects\ml-docker-performance\.venv\Lib\site-packages\starlette\routing.py", line 716, in __call__
    await self.middleware_stack(scope, receive, send)
  File "D:\Programming Projects\ml-docker-performance\.venv\Lib\site-packages\starlette\routing.py", line 736, in app
    await route.handle(scope, receive, send)
  File "D:\Programming Projects\ml-docker-performance\.venv\Lib\site-packages\starlette\routing.py", line 290, in handle
    await self.app(scope, receive, send)
  File "D:\Programming Projects\ml-docker-performance\.venv\Lib\site-packages\fastapi\routing.py", line 120, in app
    await wrap_app_handling_exceptions(app, request)(scope, receive, send)
  File "D:\Programming Projects\ml-docker-performance\.venv\Lib\site-packages\starlette\_exception_handler.py", line 59, in wrapped_app
    response = await handler(conn, exc)
               ^^^^^^^^^^^^^^^^^^^^^^^^
  File "D:\Programming Projects\ml-docker-performance\.venv\Lib\site-packages\fastapi\exception_handlers.py", line 23, in request_validation_exception_handler
    return JSONResponse(
           ^^^^^^^^^^^^^
  File "D:\Programming Projects\ml-docker-performance\.venv\Lib\site-packages\starlette\responses.py", line 189, in __init__
    super().__init__(content, status_code, headers, media_type, background)
  File "D:\Programming Projects\ml-docker-performance\.venv\Lib\site-packages\starlette\responses.py", line 46, in __init__
    self.body = self.render(content)
                ^^^^^^^^^^^^^^^^^^^^
  File "D:\Programming Projects\ml-docker-performance\.venv\Lib\site-packages\starlette\responses.py", line 192, in render
    return json.dumps(
           ^^^^^^^^^^^
  File "C:\Users\admin\AppData\Local\Programs\Python\Python312\Lib\json\__init__.py", line 238, in dumps
    **kw).encode(obj)
          ^^^^^^^^^^^
  File "C:\Users\admin\AppData\Local\Programs\Python\Python312\Lib\json\encoder.py", line 200, in encode
    chunks = self.iterencode(o, _one_shot=True)
             ^^^^^^^^^^^^^^^^^^^^^^^^^^^^^^^^^^
  File "C:\Users\admin\AppData\Local\Programs\Python\Python312\Lib\json\encoder.py", line 258, in iterencode
    return _iterencode(o, 0)
           ^^^^^^^^^^^^^^^^^
ValueError: Out of range float values are not JSON compliant: nan
[2025-12-20 14:07:45] [INFO] REQ: POST /predict - Status: 200 - Czas: 971.90ms
[2025-12-20 14:07:45] [INFO] REQ: POST /predict - Status: 200 - Czas: 972.90ms
[2025-12-20 14:07:45] [INFO] REQ: POST /predict - Status: 200 - Czas: 972.90ms
[2025-12-20 14:07:45] [INFO] REQ: POST /predict - Status: 200 - Czas: 972.90ms
[2025-12-20 14:07:45] [INFO] REQ: POST /predict - Status: 200 - Czas: 972.90ms
[2025-12-20 14:07:45] [INFO] REQ: POST /predict - Status: 200 - Czas: 972.90ms
[2025-12-20 14:07:45] [INFO] REQ: POST /predict - Status: 200 - Czas: 972.90ms
[2025-12-20 14:07:45] [INFO] REQ: POST /predict - Status: 200 - Czas: 972.90ms
[2025-12-20 14:07:45] [INFO] REQ: POST /predict - Status: 200 - Czas: 972.90ms
[2025-12-20 14:07:45] [INFO] REQ: POST /predict - Status: 200 - Czas: 973.90ms
[2025-12-20 14:07:45] [INFO] REQ: POST /predict - Status: 200 - Czas: 973.90ms
[2025-12-20 14:07:45] [INFO] REQ: POST /predict - Status: 200 - Czas: 972.90ms
[2025-12-20 14:07:45] [INFO] REQ: POST /predict - Status: 200 - Czas: 972.90ms
[2025-12-20 14:07:45] [INFO] REQ: POST /predict - Status: 200 - Czas: 972.90ms
[2025-12-20 14:07:45] [INFO] REQ: POST /predict - Status: 200 - Czas: 972.90ms
[2025-12-20 14:07:45] [INFO] REQ: POST /predict - Status: 200 - Czas: 972.90ms
[2025-12-20 14:07:45] [INFO] REQ: POST /predict - Status: 200 - Czas: 972.90ms
[2025-12-20 14:07:45] [INFO] REQ: POST /predict - Status: 200 - Czas: 973.90ms
[2025-12-20 14:07:45] [INFO] REQ: POST /predict - Status: 200 - Czas: 973.90ms
[2025-12-20 14:07:45] [INFO] REQ: POST /predict - Status: 200 - Czas: 973.90ms
[2025-12-20 14:07:45] [INFO] REQ: POST /predict - Status: 200 - Czas: 973.90ms
[2025-12-20 14:07:45] [INFO] REQ: POST /predict - Status: 200 - Czas: 973.90ms
[2025-12-20 14:07:45] [INFO] REQ: POST /predict - Status: 200 - Czas: 973.90ms
[2025-12-20 14:07:45] [INFO] REQ: POST /predict - Status: 200 - Czas: 973.90ms
[2025-12-20 14:07:45] [INFO] REQ: POST /predict - Status: 200 - Czas: 973.90ms
[2025-12-20 14:07:46] [INFO] REQ: POST /predict - Status: 200 - Czas: 1139.88ms
[2025-12-20 14:07:46] [INFO] REQ: POST /predict - Status: 200 - Czas: 1140.88ms
[2025-12-20 14:07:46] [INFO] REQ: POST /predict - Status: 200 - Czas: 1140.88ms
[2025-12-20 14:07:46] [INFO] REQ: POST /predict - Status: 200 - Czas: 1140.88ms
[2025-12-20 14:07:46] [INFO] REQ: POST /predict - Status: 200 - Czas: 1140.88ms
[2025-12-20 14:07:46] [INFO] REQ: POST /predict - Status: 200 - Czas: 1140.88ms
[2025-12-20 14:07:46] [INFO] REQ: POST /predict - Status: 200 - Czas: 1140.88ms
[2025-12-20 14:07:46] [INFO] REQ: POST /predict - Status: 200 - Czas: 1140.88ms
[2025-12-20 14:07:46] [INFO] REQ: POST /predict - Status: 200 - Czas: 1140.88ms
[2025-12-20 14:07:46] [INFO] REQ: POST /predict - Status: 200 - Czas: 1140.88ms
[2025-12-20 14:07:46] [INFO] REQ: POST /predict - Status: 200 - Czas: 1141.88ms
[2025-12-20 14:07:46] [INFO] REQ: POST /predict - Status: 200 - Czas: 1141.88ms
[2025-12-20 14:07:46] [INFO] REQ: POST /predict - Status: 200 - Czas: 1140.88ms
[2025-12-20 14:07:46] [INFO] REQ: POST /predict - Status: 200 - Czas: 1140.88ms
[2025-12-20 14:07:46] [INFO] REQ: POST /predict - Status: 200 - Czas: 1140.88ms
[2025-12-20 14:07:46] [INFO] REQ: POST /predict - Status: 200 - Czas: 1140.88ms
[2025-12-20 14:07:46] [INFO] REQ: POST /predict - Status: 200 - Czas: 1157.05ms
[2025-12-20 14:07:46] [INFO] REQ: POST /predict - Status: 200 - Czas: 1157.05ms
[2025-12-20 14:07:46] [INFO] REQ: POST /predict - Status: 200 - Czas: 1158.05ms
[2025-12-20 14:07:46] [INFO] REQ: POST /predict - Status: 200 - Czas: 1158.05ms
[2025-12-20 14:07:46] [INFO] REQ: POST /predict - Status: 200 - Czas: 1158.05ms
[2025-12-20 14:07:46] [INFO] REQ: POST /predict - Status: 200 - Czas: 1158.05ms
[2025-12-20 14:07:46] [INFO] REQ: POST /predict - Status: 200 - Czas: 1157.05ms
[2025-12-20 14:07:46] [INFO] REQ: POST /predict - Status: 200 - Czas: 1157.05ms
[2025-12-20 14:07:46] [INFO] REQ: POST /predict - Status: 200 - Czas: 1157.05ms
[2025-12-20 14:07:46] [INFO] REQ: POST /predict - Status: 200 - Czas: 1157.05ms
[2025-12-20 14:07:46] [INFO] REQ: POST /predict - Status: 200 - Czas: 1157.05ms
[2025-12-20 14:07:46] [INFO] REQ: POST /predict - Status: 200 - Czas: 1158.05ms
[2025-12-20 14:07:46] [INFO] REQ: POST /predict - Status: 200 - Czas: 1158.05ms
[2025-12-20 14:07:46] [INFO] REQ: POST /predict - Status: 200 - Czas: 1158.05ms
[2025-12-20 14:07:46] [INFO] REQ: POST /predict - Status: 200 - Czas: 1158.05ms
[2025-12-20 14:07:46] [INFO] REQ: POST /predict - Status: 200 - Czas: 1158.05ms
[2025-12-20 14:07:46] [INFO] REQ: POST /predict - Status: 200 - Czas: 1158.05ms
[2025-12-20 14:07:46] [INFO] REQ: POST /predict - Status: 200 - Czas: 1158.05ms
[2025-12-20 14:07:46] [INFO] REQ: POST /predict - Status: 200 - Czas: 1158.05ms
[2025-12-20 14:07:46] [INFO] REQ: POST /predict - Status: 200 - Czas: 1158.05ms
[2025-12-20 14:07:46] [INFO] REQ: POST /predict - Status: 200 - Czas: 1134.72ms
[2025-12-20 14:07:46] [INFO] REQ: POST /predict - Status: 200 - Czas: 1134.72ms
[2025-12-20 14:07:46] [INFO] REQ: POST /predict - Status: 200 - Czas: 1134.72ms
[2025-12-20 14:07:46] [INFO] REQ: POST /predict - Status: 200 - Czas: 1135.72ms
[2025-12-20 14:07:46] [INFO] REQ: POST /predict - Status: 200 - Czas: 1135.72ms
[2025-12-20 14:07:46] [INFO] REQ: POST /predict - Status: 200 - Czas: 1143.46ms
[2025-12-20 14:07:46] [INFO] REQ: POST /predict - Status: 200 - Czas: 1142.46ms
[2025-12-20 14:07:46] [INFO] REQ: POST /predict - Status: 200 - Czas: 1142.46ms
[2025-12-20 14:07:46] [INFO] REQ: POST /predict - Status: 200 - Czas: 1143.97ms
[2025-12-20 14:07:46] [INFO] REQ: POST /predict - Status: 200 - Czas: 1143.97ms
[2025-12-20 14:07:46] [INFO] REQ: POST /predict - Status: 200 - Czas: 822.89ms
[2025-12-20 14:07:46] [INFO] REQ: POST /predict - Status: 200 - Czas: 822.89ms
[2025-12-20 14:07:46] [INFO] REQ: POST /predict - Status: 200 - Czas: 822.89ms
[2025-12-20 14:07:46] [INFO] REQ: POST /predict - Status: 200 - Czas: 822.89ms
[2025-12-20 14:07:46] [INFO] REQ: POST /predict - Status: 200 - Czas: 823.89ms
[2025-12-20 14:07:46] [INFO] REQ: POST /predict - Status: 200 - Czas: 664.36ms
[2025-12-20 14:07:46] [INFO] REQ: POST /predict - Status: 200 - Czas: 661.80ms
[2025-12-20 14:07:46] [INFO] REQ: POST /predict - Status: 200 - Czas: 661.29ms
[2025-12-20 14:07:46] [INFO] REQ: POST /predict - Status: 200 - Czas: 661.29ms
[2025-12-20 14:07:46] [INFO] REQ: POST /predict - Status: 200 - Czas: 661.29ms
[2025-12-20 14:07:46] [INFO] REQ: POST /predict - Status: 200 - Czas: 472.57ms
[2025-12-20 14:07:46] [INFO] REQ: POST /predict - Status: 200 - Czas: 473.57ms
[2025-12-20 14:07:46] [INFO] REQ: POST /predict - Status: 200 - Czas: 472.06ms
[2025-12-20 14:07:46] [INFO] REQ: POST /predict - Status: 200 - Czas: 482.09ms
[2025-12-20 14:07:46] [INFO] REQ: POST /predict - Status: 200 - Czas: 483.09ms
[2025-12-20 14:07:46] [INFO] REQ: POST /predict - Status: 200 - Czas: 474.10ms
[2025-12-20 14:07:46] [INFO] REQ: POST /predict - Status: 200 - Czas: 474.10ms
[2025-12-20 14:07:46] [INFO] REQ: POST /predict - Status: 200 - Czas: 474.10ms
[2025-12-20 14:07:46] [INFO] REQ: POST /predict - Status: 200 - Czas: 473.60ms
[2025-12-20 14:07:46] [INFO] REQ: POST /predict - Status: 200 - Czas: 473.60ms
[2025-12-20 14:07:46] [INFO] REQ: POST /predict - Status: 200 - Czas: 473.60ms
[2025-12-20 14:07:46] [ERROR] Exception in ASGI application
Traceback (most recent call last):
  File "D:\Programming Projects\ml-docker-performance\.venv\Lib\site-packages\starlette\_exception_handler.py", line 42, in wrapped_app
    await app(scope, receive, sender)
  File "D:\Programming Projects\ml-docker-performance\.venv\Lib\site-packages\fastapi\routing.py", line 106, in app
    response = await f(request)
               ^^^^^^^^^^^^^^^^
  File "D:\Programming Projects\ml-docker-performance\.venv\Lib\site-packages\fastapi\routing.py", line 472, in app
    raise validation_error
fastapi.exceptions.RequestValidationError: 1 validation error:
  {'type': 'string_type', 'loc': ('body', 'text'), 'msg': 'Input should be a valid string', 'input': nan}

  File "D:\Programming Projects\ml-docker-performance\app\server_fastapi.py", line 60, in predict_endpoint
    POST /predict

The above exception was the direct cause of the following exception:

Traceback (most recent call last):
  File "D:\Programming Projects\ml-docker-performance\.venv\Lib\site-packages\uvicorn\protocols\http\httptools_impl.py", line 409, in run_asgi
    result = await app(  # type: ignore[func-returns-value]
             ^^^^^^^^^^^^^^^^^^^^^^^^^^^^^^^^^^^^^^^^^^^^^^
  File "D:\Programming Projects\ml-docker-performance\.venv\Lib\site-packages\uvicorn\middleware\proxy_headers.py", line 60, in __call__
    return await self.app(scope, receive, send)
           ^^^^^^^^^^^^^^^^^^^^^^^^^^^^^^^^^^^^
  File "D:\Programming Projects\ml-docker-performance\.venv\Lib\site-packages\fastapi\applications.py", line 1139, in __call__
    await super().__call__(scope, receive, send)
  File "D:\Programming Projects\ml-docker-performance\.venv\Lib\site-packages\starlette\applications.py", line 107, in __call__
    await self.middleware_stack(scope, receive, send)
  File "D:\Programming Projects\ml-docker-performance\.venv\Lib\site-packages\starlette\middleware\errors.py", line 186, in __call__
    raise exc
  File "D:\Programming Projects\ml-docker-performance\.venv\Lib\site-packages\starlette\middleware\errors.py", line 164, in __call__
    await self.app(scope, receive, _send)
  File "D:\Programming Projects\ml-docker-performance\.venv\Lib\site-packages\starlette\middleware\base.py", line 191, in __call__
    with recv_stream, send_stream, collapse_excgroups():
  File "C:\Users\admin\AppData\Local\Programs\Python\Python312\Lib\contextlib.py", line 158, in __exit__
    self.gen.throw(value)
  File "D:\Programming Projects\ml-docker-performance\.venv\Lib\site-packages\starlette\_utils.py", line 85, in collapse_excgroups
    raise exc
  File "D:\Programming Projects\ml-docker-performance\.venv\Lib\site-packages\starlette\middleware\base.py", line 193, in __call__
    response = await self.dispatch_func(request, call_next)
               ^^^^^^^^^^^^^^^^^^^^^^^^^^^^^^^^^^^^^^^^^^^^
  File "D:\Programming Projects\ml-docker-performance\app\server_fastapi.py", line 41, in log_requests
    response: Response = await call_next(request)
                         ^^^^^^^^^^^^^^^^^^^^^^^^
  File "D:\Programming Projects\ml-docker-performance\.venv\Lib\site-packages\starlette\middleware\base.py", line 168, in call_next
    raise app_exc from app_exc.__cause__ or app_exc.__context__
  File "D:\Programming Projects\ml-docker-performance\.venv\Lib\site-packages\starlette\middleware\base.py", line 144, in coro
    await self.app(scope, receive_or_disconnect, send_no_error)
  File "D:\Programming Projects\ml-docker-performance\.venv\Lib\site-packages\starlette\middleware\exceptions.py", line 63, in __call__
    await wrap_app_handling_exceptions(self.app, conn)(scope, receive, send)
  File "D:\Programming Projects\ml-docker-performance\.venv\Lib\site-packages\starlette\_exception_handler.py", line 53, in wrapped_app
    raise exc
  File "D:\Programming Projects\ml-docker-performance\.venv\Lib\site-packages\starlette\_exception_handler.py", line 42, in wrapped_app
    await app(scope, receive, sender)
  File "D:\Programming Projects\ml-docker-performance\.venv\Lib\site-packages\fastapi\middleware\asyncexitstack.py", line 18, in __call__
    await self.app(scope, receive, send)
  File "D:\Programming Projects\ml-docker-performance\.venv\Lib\site-packages\starlette\routing.py", line 716, in __call__
    await self.middleware_stack(scope, receive, send)
  File "D:\Programming Projects\ml-docker-performance\.venv\Lib\site-packages\starlette\routing.py", line 736, in app
    await route.handle(scope, receive, send)
  File "D:\Programming Projects\ml-docker-performance\.venv\Lib\site-packages\starlette\routing.py", line 290, in handle
    await self.app(scope, receive, send)
  File "D:\Programming Projects\ml-docker-performance\.venv\Lib\site-packages\fastapi\routing.py", line 120, in app
    await wrap_app_handling_exceptions(app, request)(scope, receive, send)
  File "D:\Programming Projects\ml-docker-performance\.venv\Lib\site-packages\starlette\_exception_handler.py", line 59, in wrapped_app
    response = await handler(conn, exc)
               ^^^^^^^^^^^^^^^^^^^^^^^^
  File "D:\Programming Projects\ml-docker-performance\.venv\Lib\site-packages\fastapi\exception_handlers.py", line 23, in request_validation_exception_handler
    return JSONResponse(
           ^^^^^^^^^^^^^
  File "D:\Programming Projects\ml-docker-performance\.venv\Lib\site-packages\starlette\responses.py", line 189, in __init__
    super().__init__(content, status_code, headers, media_type, background)
  File "D:\Programming Projects\ml-docker-performance\.venv\Lib\site-packages\starlette\responses.py", line 46, in __init__
    self.body = self.render(content)
                ^^^^^^^^^^^^^^^^^^^^
  File "D:\Programming Projects\ml-docker-performance\.venv\Lib\site-packages\starlette\responses.py", line 192, in render
    return json.dumps(
           ^^^^^^^^^^^
  File "C:\Users\admin\AppData\Local\Programs\Python\Python312\Lib\json\__init__.py", line 238, in dumps
    **kw).encode(obj)
          ^^^^^^^^^^^
  File "C:\Users\admin\AppData\Local\Programs\Python\Python312\Lib\json\encoder.py", line 200, in encode
    chunks = self.iterencode(o, _one_shot=True)
             ^^^^^^^^^^^^^^^^^^^^^^^^^^^^^^^^^^
  File "C:\Users\admin\AppData\Local\Programs\Python\Python312\Lib\json\encoder.py", line 258, in iterencode
    return _iterencode(o, 0)
           ^^^^^^^^^^^^^^^^^
ValueError: Out of range float values are not JSON compliant: nan
[2025-12-20 14:07:46] [INFO] REQ: POST /predict - Status: 200 - Czas: 746.04ms
[2025-12-20 14:07:46] [INFO] REQ: POST /predict - Status: 200 - Czas: 745.53ms
[2025-12-20 14:07:46] [INFO] REQ: POST /predict - Status: 200 - Czas: 745.53ms
[2025-12-20 14:07:46] [INFO] REQ: POST /predict - Status: 200 - Czas: 745.53ms
[2025-12-20 14:07:46] [INFO] REQ: POST /predict - Status: 200 - Czas: 745.53ms
[2025-12-20 14:07:46] [INFO] REQ: POST /predict - Status: 200 - Czas: 745.53ms
[2025-12-20 14:07:47] [INFO] REQ: POST /predict - Status: 200 - Czas: 910.32ms
[2025-12-20 14:07:47] [INFO] REQ: POST /predict - Status: 200 - Czas: 910.32ms
[2025-12-20 14:07:47] [INFO] REQ: POST /predict - Status: 200 - Czas: 910.32ms
[2025-12-20 14:07:47] [INFO] REQ: POST /predict - Status: 200 - Czas: 910.32ms
[2025-12-20 14:07:47] [INFO] REQ: POST /predict - Status: 200 - Czas: 911.33ms
[2025-12-20 14:07:47] [INFO] REQ: POST /predict - Status: 200 - Czas: 911.33ms
[2025-12-20 14:07:47] [INFO] REQ: POST /predict - Status: 200 - Czas: 910.33ms
[2025-12-20 14:07:47] [INFO] REQ: POST /predict - Status: 200 - Czas: 910.33ms
[2025-12-20 14:07:47] [INFO] REQ: POST /predict - Status: 200 - Czas: 910.87ms
[2025-12-20 14:07:47] [INFO] REQ: POST /predict - Status: 200 - Czas: 910.87ms
[2025-12-20 14:07:47] [INFO] REQ: POST /predict - Status: 200 - Czas: 910.87ms
[2025-12-20 14:07:47] [INFO] REQ: POST /predict - Status: 200 - Czas: 910.87ms
[2025-12-20 14:07:47] [INFO] REQ: POST /predict - Status: 200 - Czas: 910.87ms
[2025-12-20 14:07:47] [INFO] REQ: POST /predict - Status: 200 - Czas: 910.87ms
[2025-12-20 14:07:47] [INFO] REQ: POST /predict - Status: 200 - Czas: 910.87ms
[2025-12-20 14:07:47] [INFO] REQ: POST /predict - Status: 200 - Czas: 910.87ms
[2025-12-20 14:07:47] [INFO] REQ: POST /predict - Status: 200 - Czas: 911.88ms
[2025-12-20 14:07:47] [INFO] REQ: POST /predict - Status: 200 - Czas: 911.88ms
[2025-12-20 14:07:47] [INFO] REQ: POST /predict - Status: 200 - Czas: 911.88ms
[2025-12-20 14:07:47] [INFO] REQ: POST /predict - Status: 200 - Czas: 911.88ms
[2025-12-20 14:07:47] [INFO] REQ: POST /predict - Status: 200 - Czas: 911.88ms
[2025-12-20 14:07:47] [INFO] REQ: POST /predict - Status: 200 - Czas: 911.88ms
[2025-12-20 14:07:47] [INFO] REQ: POST /predict - Status: 200 - Czas: 911.88ms
[2025-12-20 14:07:47] [INFO] REQ: POST /predict - Status: 200 - Czas: 911.88ms
[2025-12-20 14:07:47] [INFO] REQ: POST /predict - Status: 200 - Czas: 912.88ms
[2025-12-20 14:07:47] [INFO] REQ: POST /predict - Status: 200 - Czas: 1144.58ms
[2025-12-20 14:07:47] [INFO] REQ: POST /predict - Status: 200 - Czas: 1144.58ms
[2025-12-20 14:07:47] [INFO] REQ: POST /predict - Status: 200 - Czas: 1144.58ms
[2025-12-20 14:07:47] [INFO] REQ: POST /predict - Status: 200 - Czas: 1144.58ms
[2025-12-20 14:07:47] [INFO] REQ: POST /predict - Status: 200 - Czas: 1144.58ms
[2025-12-20 14:07:47] [INFO] REQ: POST /predict - Status: 200 - Czas: 1144.58ms
[2025-12-20 14:07:47] [INFO] REQ: POST /predict - Status: 200 - Czas: 1144.58ms
[2025-12-20 14:07:47] [INFO] REQ: POST /predict - Status: 200 - Czas: 1144.58ms
[2025-12-20 14:07:47] [INFO] REQ: POST /predict - Status: 200 - Czas: 1144.58ms
[2025-12-20 14:07:47] [INFO] REQ: POST /predict - Status: 200 - Czas: 1144.58ms
[2025-12-20 14:07:47] [INFO] REQ: POST /predict - Status: 200 - Czas: 1145.58ms
[2025-12-20 14:07:47] [INFO] REQ: POST /predict - Status: 200 - Czas: 1145.58ms
[2025-12-20 14:07:47] [INFO] REQ: POST /predict - Status: 200 - Czas: 1145.58ms
[2025-12-20 14:07:47] [INFO] REQ: POST /predict - Status: 200 - Czas: 1146.12ms
[2025-12-20 14:07:47] [INFO] REQ: POST /predict - Status: 200 - Czas: 1146.12ms
[2025-12-20 14:07:47] [INFO] REQ: POST /predict - Status: 200 - Czas: 1146.12ms
[2025-12-20 14:07:47] [INFO] REQ: POST /predict - Status: 200 - Czas: 1148.70ms
[2025-12-20 14:07:47] [INFO] REQ: POST /predict - Status: 200 - Czas: 1148.70ms
[2025-12-20 14:07:47] [INFO] REQ: POST /predict - Status: 200 - Czas: 1148.70ms
[2025-12-20 14:07:47] [INFO] REQ: POST /predict - Status: 200 - Czas: 1148.70ms
[2025-12-20 14:07:47] [INFO] REQ: POST /predict - Status: 200 - Czas: 1148.70ms
[2025-12-20 14:07:47] [INFO] REQ: POST /predict - Status: 200 - Czas: 1149.70ms
[2025-12-20 14:07:47] [INFO] REQ: POST /predict - Status: 200 - Czas: 1149.70ms
[2025-12-20 14:07:47] [INFO] REQ: POST /predict - Status: 200 - Czas: 1149.70ms
[2025-12-20 14:07:47] [INFO] REQ: POST /predict - Status: 200 - Czas: 1149.70ms
[2025-12-20 14:07:47] [INFO] REQ: POST /predict - Status: 200 - Czas: 1149.70ms
[2025-12-20 14:07:47] [INFO] REQ: POST /predict - Status: 200 - Czas: 1149.21ms
[2025-12-20 14:07:47] [INFO] REQ: POST /predict - Status: 200 - Czas: 1149.21ms
[2025-12-20 14:07:47] [INFO] REQ: POST /predict - Status: 200 - Czas: 1149.21ms
[2025-12-20 14:07:47] [INFO] REQ: POST /predict - Status: 200 - Czas: 1149.21ms
[2025-12-20 14:07:47] [INFO] REQ: POST /predict - Status: 200 - Czas: 1149.21ms
[2025-12-20 14:07:47] [INFO] REQ: POST /predict - Status: 200 - Czas: 1149.21ms
[2025-12-20 14:07:47] [INFO] REQ: POST /predict - Status: 200 - Czas: 1149.21ms
[2025-12-20 14:07:47] [INFO] REQ: POST /predict - Status: 200 - Czas: 1149.21ms
[2025-12-20 14:07:47] [INFO] REQ: POST /predict - Status: 200 - Czas: 1149.21ms
[2025-12-20 14:07:47] [INFO] REQ: POST /predict - Status: 200 - Czas: 1150.21ms
[2025-12-20 14:07:47] [INFO] REQ: POST /predict - Status: 200 - Czas: 1144.75ms
[2025-12-20 14:07:47] [INFO] REQ: POST /predict - Status: 200 - Czas: 1143.25ms
[2025-12-20 14:07:47] [INFO] REQ: POST /predict - Status: 200 - Czas: 1143.76ms
[2025-12-20 14:07:47] [INFO] REQ: POST /predict - Status: 200 - Czas: 1143.76ms
[2025-12-20 14:07:47] [INFO] REQ: POST /predict - Status: 200 - Czas: 1143.76ms
[2025-12-20 14:07:47] [INFO] REQ: POST /predict - Status: 200 - Czas: 1143.76ms
[2025-12-20 14:07:47] [INFO] REQ: POST /predict - Status: 200 - Czas: 1135.40ms
[2025-12-20 14:07:47] [INFO] REQ: POST /predict - Status: 200 - Czas: 1135.40ms
[2025-12-20 14:07:47] [INFO] REQ: POST /predict - Status: 200 - Czas: 1135.40ms
[2025-12-20 14:07:47] [INFO] REQ: POST /predict - Status: 200 - Czas: 1135.40ms
[2025-12-20 14:07:47] [INFO] REQ: POST /predict - Status: 200 - Czas: 1135.40ms
[2025-12-20 14:07:47] [INFO] REQ: POST /predict - Status: 200 - Czas: 874.82ms
[2025-12-20 14:07:47] [INFO] REQ: POST /predict - Status: 200 - Czas: 875.33ms
[2025-12-20 14:07:47] [INFO] REQ: POST /predict - Status: 200 - Czas: 875.33ms
[2025-12-20 14:07:47] [INFO] REQ: POST /predict - Status: 200 - Czas: 875.33ms
[2025-12-20 14:07:47] [INFO] REQ: POST /predict - Status: 200 - Czas: 875.33ms
[2025-12-20 14:07:47] [INFO] REQ: POST /predict - Status: 200 - Czas: 702.14ms
[2025-12-20 14:07:47] [INFO] REQ: POST /predict - Status: 200 - Czas: 701.14ms
[2025-12-20 14:07:47] [INFO] REQ: POST /predict - Status: 200 - Czas: 701.14ms
[2025-12-20 14:07:47] [INFO] REQ: POST /predict - Status: 200 - Czas: 701.14ms
[2025-12-20 14:07:47] [INFO] REQ: POST /predict - Status: 200 - Czas: 701.14ms
[2025-12-20 14:07:47] [INFO] REQ: POST /predict - Status: 200 - Czas: 494.50ms
[2025-12-20 14:07:47] [INFO] REQ: POST /predict - Status: 200 - Czas: 495.50ms
[2025-12-20 14:07:47] [INFO] REQ: POST /predict - Status: 200 - Czas: 495.50ms
[2025-12-20 14:07:47] [INFO] REQ: POST /predict - Status: 200 - Czas: 495.50ms
[2025-12-20 14:07:47] [INFO] REQ: POST /predict - Status: 200 - Czas: 496.00ms
[2025-12-20 14:07:48] [INFO] REQ: POST /predict - Status: 200 - Czas: 471.88ms
[2025-12-20 14:07:48] [INFO] REQ: POST /predict - Status: 200 - Czas: 471.88ms
[2025-12-20 14:07:48] [INFO] REQ: POST /predict - Status: 200 - Czas: 468.37ms
[2025-12-20 14:07:48] [INFO] REQ: POST /predict - Status: 200 - Czas: 468.37ms
[2025-12-20 14:07:48] [INFO] REQ: POST /predict - Status: 200 - Czas: 468.37ms
[2025-12-20 14:07:48] [INFO] REQ: POST /predict - Status: 200 - Czas: 468.37ms
[2025-12-20 14:07:48] [INFO] REQ: POST /predict - Status: 200 - Czas: 764.17ms
[2025-12-20 14:07:48] [INFO] REQ: POST /predict - Status: 200 - Czas: 764.18ms
[2025-12-20 14:07:48] [INFO] REQ: POST /predict - Status: 200 - Czas: 764.18ms
[2025-12-20 14:07:48] [INFO] REQ: POST /predict - Status: 200 - Czas: 764.18ms
[2025-12-20 14:07:48] [INFO] REQ: POST /predict - Status: 200 - Czas: 764.18ms
[2025-12-20 14:07:48] [INFO] REQ: POST /predict - Status: 200 - Czas: 764.18ms
[2025-12-20 14:07:48] [INFO] REQ: POST /predict - Status: 200 - Czas: 891.14ms
[2025-12-20 14:07:48] [INFO] REQ: POST /predict - Status: 200 - Czas: 892.15ms
[2025-12-20 14:07:48] [INFO] REQ: POST /predict - Status: 200 - Czas: 892.15ms
[2025-12-20 14:07:48] [INFO] REQ: POST /predict - Status: 200 - Czas: 892.15ms
[2025-12-20 14:07:48] [INFO] REQ: POST /predict - Status: 200 - Czas: 892.15ms
[2025-12-20 14:07:48] [INFO] REQ: POST /predict - Status: 200 - Czas: 892.15ms
[2025-12-20 14:07:48] [INFO] REQ: POST /predict - Status: 200 - Czas: 890.64ms
[2025-12-20 14:07:48] [INFO] REQ: POST /predict - Status: 200 - Czas: 890.64ms
[2025-12-20 14:07:48] [INFO] REQ: POST /predict - Status: 200 - Czas: 890.64ms
[2025-12-20 14:07:48] [INFO] REQ: POST /predict - Status: 200 - Czas: 890.64ms
[2025-12-20 14:07:48] [INFO] REQ: POST /predict - Status: 200 - Czas: 890.64ms
[2025-12-20 14:07:48] [INFO] REQ: POST /predict - Status: 200 - Czas: 890.64ms
[2025-12-20 14:07:48] [INFO] REQ: POST /predict - Status: 200 - Czas: 890.64ms
[2025-12-20 14:07:48] [INFO] REQ: POST /predict - Status: 200 - Czas: 892.15ms
[2025-12-20 14:07:48] [INFO] REQ: POST /predict - Status: 200 - Czas: 892.15ms
[2025-12-20 14:07:48] [INFO] REQ: POST /predict - Status: 200 - Czas: 892.15ms
[2025-12-20 14:07:48] [INFO] REQ: POST /predict - Status: 200 - Czas: 892.15ms
[2025-12-20 14:07:48] [ERROR] Exception in ASGI application
Traceback (most recent call last):
  File "D:\Programming Projects\ml-docker-performance\.venv\Lib\site-packages\starlette\_exception_handler.py", line 42, in wrapped_app
    await app(scope, receive, sender)
  File "D:\Programming Projects\ml-docker-performance\.venv\Lib\site-packages\fastapi\routing.py", line 106, in app
    response = await f(request)
               ^^^^^^^^^^^^^^^^
  File "D:\Programming Projects\ml-docker-performance\.venv\Lib\site-packages\fastapi\routing.py", line 472, in app
    raise validation_error
fastapi.exceptions.RequestValidationError: 1 validation error:
  {'type': 'string_type', 'loc': ('body', 'text'), 'msg': 'Input should be a valid string', 'input': nan}

  File "D:\Programming Projects\ml-docker-performance\app\server_fastapi.py", line 60, in predict_endpoint
    POST /predict

The above exception was the direct cause of the following exception:

Traceback (most recent call last):
  File "D:\Programming Projects\ml-docker-performance\.venv\Lib\site-packages\uvicorn\protocols\http\httptools_impl.py", line 409, in run_asgi
    result = await app(  # type: ignore[func-returns-value]
             ^^^^^^^^^^^^^^^^^^^^^^^^^^^^^^^^^^^^^^^^^^^^^^
  File "D:\Programming Projects\ml-docker-performance\.venv\Lib\site-packages\uvicorn\middleware\proxy_headers.py", line 60, in __call__
    return await self.app(scope, receive, send)
           ^^^^^^^^^^^^^^^^^^^^^^^^^^^^^^^^^^^^
  File "D:\Programming Projects\ml-docker-performance\.venv\Lib\site-packages\fastapi\applications.py", line 1139, in __call__
    await super().__call__(scope, receive, send)
  File "D:\Programming Projects\ml-docker-performance\.venv\Lib\site-packages\starlette\applications.py", line 107, in __call__
    await self.middleware_stack(scope, receive, send)
  File "D:\Programming Projects\ml-docker-performance\.venv\Lib\site-packages\starlette\middleware\errors.py", line 186, in __call__
    raise exc
  File "D:\Programming Projects\ml-docker-performance\.venv\Lib\site-packages\starlette\middleware\errors.py", line 164, in __call__
    await self.app(scope, receive, _send)
  File "D:\Programming Projects\ml-docker-performance\.venv\Lib\site-packages\starlette\middleware\base.py", line 191, in __call__
    with recv_stream, send_stream, collapse_excgroups():
  File "C:\Users\admin\AppData\Local\Programs\Python\Python312\Lib\contextlib.py", line 158, in __exit__
    self.gen.throw(value)
  File "D:\Programming Projects\ml-docker-performance\.venv\Lib\site-packages\starlette\_utils.py", line 85, in collapse_excgroups
    raise exc
  File "D:\Programming Projects\ml-docker-performance\.venv\Lib\site-packages\starlette\middleware\base.py", line 193, in __call__
    response = await self.dispatch_func(request, call_next)
               ^^^^^^^^^^^^^^^^^^^^^^^^^^^^^^^^^^^^^^^^^^^^
  File "D:\Programming Projects\ml-docker-performance\app\server_fastapi.py", line 41, in log_requests
    response: Response = await call_next(request)
                         ^^^^^^^^^^^^^^^^^^^^^^^^
  File "D:\Programming Projects\ml-docker-performance\.venv\Lib\site-packages\starlette\middleware\base.py", line 168, in call_next
    raise app_exc from app_exc.__cause__ or app_exc.__context__
  File "D:\Programming Projects\ml-docker-performance\.venv\Lib\site-packages\starlette\middleware\base.py", line 144, in coro
    await self.app(scope, receive_or_disconnect, send_no_error)
  File "D:\Programming Projects\ml-docker-performance\.venv\Lib\site-packages\starlette\middleware\exceptions.py", line 63, in __call__
    await wrap_app_handling_exceptions(self.app, conn)(scope, receive, send)
  File "D:\Programming Projects\ml-docker-performance\.venv\Lib\site-packages\starlette\_exception_handler.py", line 53, in wrapped_app
    raise exc
  File "D:\Programming Projects\ml-docker-performance\.venv\Lib\site-packages\starlette\_exception_handler.py", line 42, in wrapped_app
    await app(scope, receive, sender)
  File "D:\Programming Projects\ml-docker-performance\.venv\Lib\site-packages\fastapi\middleware\asyncexitstack.py", line 18, in __call__
    await self.app(scope, receive, send)
  File "D:\Programming Projects\ml-docker-performance\.venv\Lib\site-packages\starlette\routing.py", line 716, in __call__
    await self.middleware_stack(scope, receive, send)
  File "D:\Programming Projects\ml-docker-performance\.venv\Lib\site-packages\starlette\routing.py", line 736, in app
    await route.handle(scope, receive, send)
  File "D:\Programming Projects\ml-docker-performance\.venv\Lib\site-packages\starlette\routing.py", line 290, in handle
    await self.app(scope, receive, send)
  File "D:\Programming Projects\ml-docker-performance\.venv\Lib\site-packages\fastapi\routing.py", line 120, in app
    await wrap_app_handling_exceptions(app, request)(scope, receive, send)
  File "D:\Programming Projects\ml-docker-performance\.venv\Lib\site-packages\starlette\_exception_handler.py", line 59, in wrapped_app
    response = await handler(conn, exc)
               ^^^^^^^^^^^^^^^^^^^^^^^^
  File "D:\Programming Projects\ml-docker-performance\.venv\Lib\site-packages\fastapi\exception_handlers.py", line 23, in request_validation_exception_handler
    return JSONResponse(
           ^^^^^^^^^^^^^
  File "D:\Programming Projects\ml-docker-performance\.venv\Lib\site-packages\starlette\responses.py", line 189, in __init__
    super().__init__(content, status_code, headers, media_type, background)
  File "D:\Programming Projects\ml-docker-performance\.venv\Lib\site-packages\starlette\responses.py", line 46, in __init__
    self.body = self.render(content)
                ^^^^^^^^^^^^^^^^^^^^
  File "D:\Programming Projects\ml-docker-performance\.venv\Lib\site-packages\starlette\responses.py", line 192, in render
    return json.dumps(
           ^^^^^^^^^^^
  File "C:\Users\admin\AppData\Local\Programs\Python\Python312\Lib\json\__init__.py", line 238, in dumps
    **kw).encode(obj)
          ^^^^^^^^^^^
  File "C:\Users\admin\AppData\Local\Programs\Python\Python312\Lib\json\encoder.py", line 200, in encode
    chunks = self.iterencode(o, _one_shot=True)
             ^^^^^^^^^^^^^^^^^^^^^^^^^^^^^^^^^^
  File "C:\Users\admin\AppData\Local\Programs\Python\Python312\Lib\json\encoder.py", line 258, in iterencode
    return _iterencode(o, 0)
           ^^^^^^^^^^^^^^^^^
ValueError: Out of range float values are not JSON compliant: nan
[2025-12-20 14:07:48] [INFO] REQ: POST /predict - Status: 200 - Czas: 894.66ms
[2025-12-20 14:07:48] [INFO] REQ: POST /predict - Status: 200 - Czas: 894.66ms
[2025-12-20 14:07:48] [INFO] REQ: POST /predict - Status: 200 - Czas: 894.66ms
[2025-12-20 14:07:48] [INFO] REQ: POST /predict - Status: 200 - Czas: 894.66ms
[2025-12-20 14:07:48] [INFO] REQ: POST /predict - Status: 200 - Czas: 894.66ms
[2025-12-20 14:07:48] [INFO] REQ: POST /predict - Status: 200 - Czas: 894.66ms
[2025-12-20 14:07:48] [INFO] REQ: POST /predict - Status: 200 - Czas: 894.66ms
[2025-12-20 14:07:48] [INFO] REQ: POST /predict - Status: 200 - Czas: 1108.40ms
[2025-12-20 14:07:48] [INFO] REQ: POST /predict - Status: 200 - Czas: 1108.40ms
[2025-12-20 14:07:48] [INFO] REQ: POST /predict - Status: 200 - Czas: 1107.40ms
[2025-12-20 14:07:48] [INFO] REQ: POST /predict - Status: 200 - Czas: 1108.40ms
[2025-12-20 14:07:48] [INFO] REQ: POST /predict - Status: 200 - Czas: 1108.40ms
[2025-12-20 14:07:48] [INFO] REQ: POST /predict - Status: 200 - Czas: 1108.40ms
[2025-12-20 14:07:48] [INFO] REQ: POST /predict - Status: 200 - Czas: 1108.40ms
[2025-12-20 14:07:48] [INFO] REQ: POST /predict - Status: 200 - Czas: 1108.40ms
[2025-12-20 14:07:48] [INFO] REQ: POST /predict - Status: 200 - Czas: 1108.40ms
[2025-12-20 14:07:48] [INFO] REQ: POST /predict - Status: 200 - Czas: 1108.40ms
[2025-12-20 14:07:48] [INFO] REQ: POST /predict - Status: 200 - Czas: 1108.40ms
[2025-12-20 14:07:48] [INFO] REQ: POST /predict - Status: 200 - Czas: 1109.40ms
[2025-12-20 14:07:48] [INFO] REQ: POST /predict - Status: 200 - Czas: 1109.40ms
[2025-12-20 14:07:48] [INFO] REQ: POST /predict - Status: 200 - Czas: 1108.87ms
[2025-12-20 14:07:48] [INFO] REQ: POST /predict - Status: 200 - Czas: 1108.87ms
[2025-12-20 14:07:48] [INFO] REQ: POST /predict - Status: 200 - Czas: 1108.87ms
[2025-12-20 14:07:49] [INFO] REQ: POST /predict - Status: 200 - Czas: 1157.79ms
[2025-12-20 14:07:49] [INFO] REQ: POST /predict - Status: 200 - Czas: 1157.79ms
[2025-12-20 14:07:49] [INFO] REQ: POST /predict - Status: 200 - Czas: 1157.79ms
[2025-12-20 14:07:49] [INFO] REQ: POST /predict - Status: 200 - Czas: 1157.79ms
[2025-12-20 14:07:49] [INFO] REQ: POST /predict - Status: 200 - Czas: 1157.79ms
[2025-12-20 14:07:49] [INFO] REQ: POST /predict - Status: 200 - Czas: 1157.79ms
[2025-12-20 14:07:49] [INFO] REQ: POST /predict - Status: 200 - Czas: 1157.79ms
[2025-12-20 14:07:49] [INFO] REQ: POST /predict - Status: 200 - Czas: 1155.78ms
[2025-12-20 14:07:49] [INFO] REQ: POST /predict - Status: 200 - Czas: 1156.79ms
[2025-12-20 14:07:49] [INFO] REQ: POST /predict - Status: 200 - Czas: 1156.79ms
[2025-12-20 14:07:49] [INFO] REQ: POST /predict - Status: 200 - Czas: 1156.79ms
[2025-12-20 14:07:49] [INFO] REQ: POST /predict - Status: 200 - Czas: 1156.79ms
[2025-12-20 14:07:49] [INFO] REQ: POST /predict - Status: 200 - Czas: 1156.79ms
[2025-12-20 14:07:49] [INFO] REQ: POST /predict - Status: 200 - Czas: 1156.79ms
[2025-12-20 14:07:49] [INFO] REQ: POST /predict - Status: 200 - Czas: 1156.79ms
[2025-12-20 14:07:49] [INFO] REQ: POST /predict - Status: 200 - Czas: 1156.79ms
[2025-12-20 14:07:49] [INFO] REQ: POST /predict - Status: 200 - Czas: 1157.79ms
[2025-12-20 14:07:49] [INFO] REQ: POST /predict - Status: 200 - Czas: 1157.79ms
[2025-12-20 14:07:49] [INFO] REQ: POST /predict - Status: 200 - Czas: 1157.79ms
[2025-12-20 14:07:49] [INFO] REQ: POST /predict - Status: 200 - Czas: 1157.79ms
[2025-12-20 14:07:49] [INFO] REQ: POST /predict - Status: 200 - Czas: 1161.80ms
[2025-12-20 14:07:49] [INFO] REQ: POST /predict - Status: 200 - Czas: 1161.80ms
[2025-12-20 14:07:49] [INFO] REQ: POST /predict - Status: 200 - Czas: 1161.80ms
[2025-12-20 14:07:49] [INFO] REQ: POST /predict - Status: 200 - Czas: 1161.81ms
[2025-12-20 14:07:49] [INFO] REQ: POST /predict - Status: 200 - Czas: 1161.81ms
[2025-12-20 14:07:49] [INFO] REQ: POST /predict - Status: 200 - Czas: 1161.81ms
[2025-12-20 14:07:49] [INFO] REQ: POST /predict - Status: 200 - Czas: 1157.80ms
[2025-12-20 14:07:49] [INFO] REQ: POST /predict - Status: 200 - Czas: 1156.80ms
[2025-12-20 14:07:49] [INFO] REQ: POST /predict - Status: 200 - Czas: 1157.80ms
[2025-12-20 14:07:49] [INFO] REQ: POST /predict - Status: 200 - Czas: 1157.80ms
[2025-12-20 14:07:49] [INFO] REQ: POST /predict - Status: 200 - Czas: 1157.80ms
[2025-12-20 14:07:49] [INFO] REQ: POST /predict - Status: 200 - Czas: 1157.80ms
[2025-12-20 14:07:49] [INFO] REQ: POST /predict - Status: 200 - Czas: 876.10ms
[2025-12-20 14:07:49] [INFO] REQ: POST /predict - Status: 200 - Czas: 876.10ms
[2025-12-20 14:07:49] [INFO] REQ: POST /predict - Status: 200 - Czas: 874.59ms
[2025-12-20 14:07:49] [INFO] REQ: POST /predict - Status: 200 - Czas: 874.59ms
[2025-12-20 14:07:49] [INFO] REQ: POST /predict - Status: 200 - Czas: 874.59ms
[2025-12-20 14:07:49] [INFO] REQ: POST /predict - Status: 200 - Czas: 744.91ms
[2025-12-20 14:07:49] [INFO] REQ: POST /predict - Status: 200 - Czas: 743.40ms
[2025-12-20 14:07:49] [INFO] REQ: POST /predict - Status: 200 - Czas: 743.40ms
[2025-12-20 14:07:49] [INFO] REQ: POST /predict - Status: 200 - Czas: 744.91ms
[2025-12-20 14:07:49] [INFO] REQ: POST /predict - Status: 200 - Czas: 744.91ms
[2025-12-20 14:07:49] [INFO] REQ: POST /predict - Status: 200 - Czas: 530.98ms
[2025-12-20 14:07:49] [INFO] REQ: POST /predict - Status: 200 - Czas: 531.99ms
[2025-12-20 14:07:49] [INFO] REQ: POST /predict - Status: 200 - Czas: 531.99ms
[2025-12-20 14:07:49] [INFO] REQ: POST /predict - Status: 200 - Czas: 531.99ms
[2025-12-20 14:07:49] [INFO] REQ: POST /predict - Status: 200 - Czas: 531.99ms
[2025-12-20 14:07:49] [INFO] REQ: POST /predict - Status: 200 - Czas: 515.02ms
[2025-12-20 14:07:49] [INFO] REQ: POST /predict - Status: 200 - Czas: 515.02ms
[2025-12-20 14:07:49] [INFO] REQ: POST /predict - Status: 200 - Czas: 515.02ms
[2025-12-20 14:07:49] [INFO] REQ: POST /predict - Status: 200 - Czas: 515.02ms
[2025-12-20 14:07:49] [INFO] REQ: POST /predict - Status: 200 - Czas: 515.02ms
[2025-12-20 14:07:49] [INFO] REQ: POST /predict - Status: 200 - Czas: 515.02ms
[2025-12-20 14:07:49] [INFO] REQ: POST /predict - Status: 200 - Czas: 799.45ms
[2025-12-20 14:07:49] [INFO] REQ: POST /predict - Status: 200 - Czas: 799.45ms
[2025-12-20 14:07:49] [INFO] REQ: POST /predict - Status: 200 - Czas: 799.45ms
[2025-12-20 14:07:49] [INFO] REQ: POST /predict - Status: 200 - Czas: 799.45ms
[2025-12-20 14:07:49] [INFO] REQ: POST /predict - Status: 200 - Czas: 799.45ms
[2025-12-20 14:07:49] [INFO] REQ: POST /predict - Status: 200 - Czas: 799.45ms
[2025-12-20 14:07:50] [INFO] REQ: POST /predict - Status: 200 - Czas: 921.51ms
[2025-12-20 14:07:50] [INFO] REQ: POST /predict - Status: 200 - Czas: 920.97ms
[2025-12-20 14:07:50] [INFO] REQ: POST /predict - Status: 200 - Czas: 920.97ms
[2025-12-20 14:07:50] [INFO] REQ: POST /predict - Status: 200 - Czas: 920.45ms
[2025-12-20 14:07:50] [INFO] REQ: POST /predict - Status: 200 - Czas: 921.45ms
[2025-12-20 14:07:50] [INFO] REQ: POST /predict - Status: 200 - Czas: 921.45ms
[2025-12-20 14:07:50] [INFO] REQ: POST /predict - Status: 200 - Czas: 921.45ms
[2025-12-20 14:07:50] [INFO] REQ: POST /predict - Status: 200 - Czas: 921.45ms
[2025-12-20 14:07:50] [INFO] REQ: POST /predict - Status: 200 - Czas: 921.45ms
[2025-12-20 14:07:50] [INFO] REQ: POST /predict - Status: 200 - Czas: 921.45ms
[2025-12-20 14:07:50] [INFO] REQ: POST /predict - Status: 200 - Czas: 921.45ms
[2025-12-20 14:07:50] [INFO] REQ: POST /predict - Status: 200 - Czas: 918.92ms
[2025-12-20 14:07:50] [INFO] REQ: POST /predict - Status: 200 - Czas: 919.92ms
[2025-12-20 14:07:50] [INFO] REQ: POST /predict - Status: 200 - Czas: 919.92ms
[2025-12-20 14:07:50] [INFO] REQ: POST /predict - Status: 200 - Czas: 919.92ms
[2025-12-20 14:07:50] [INFO] REQ: POST /predict - Status: 200 - Czas: 919.92ms
[2025-12-20 14:07:50] [INFO] REQ: POST /predict - Status: 200 - Czas: 919.92ms
[2025-12-20 14:07:50] [INFO] REQ: POST /predict - Status: 200 - Czas: 919.92ms
[2025-12-20 14:07:50] [INFO] REQ: POST /predict - Status: 200 - Czas: 919.92ms
[2025-12-20 14:07:50] [INFO] REQ: POST /predict - Status: 200 - Czas: 919.92ms
[2025-12-20 14:07:50] [INFO] REQ: POST /predict - Status: 200 - Czas: 919.92ms
[2025-12-20 14:07:50] [INFO] REQ: POST /predict - Status: 200 - Czas: 920.92ms
[2025-12-20 14:07:50] [INFO] REQ: POST /predict - Status: 200 - Czas: 920.92ms
[2025-12-20 14:07:50] [INFO] REQ: POST /predict - Status: 200 - Czas: 920.92ms
[2025-12-20 14:07:50] [INFO] REQ: POST /predict - Status: 200 - Czas: 1117.28ms
[2025-12-20 14:07:50] [INFO] REQ: POST /predict - Status: 200 - Czas: 1117.28ms
[2025-12-20 14:07:50] [INFO] REQ: POST /predict - Status: 200 - Czas: 1117.28ms
[2025-12-20 14:07:50] [INFO] REQ: POST /predict - Status: 200 - Czas: 1117.28ms
[2025-12-20 14:07:50] [INFO] REQ: POST /predict - Status: 200 - Czas: 1117.28ms
[2025-12-20 14:07:50] [INFO] REQ: POST /predict - Status: 200 - Czas: 1117.28ms
[2025-12-20 14:07:50] [INFO] REQ: POST /predict - Status: 200 - Czas: 1116.28ms
[2025-12-20 14:07:50] [INFO] REQ: POST /predict - Status: 200 - Czas: 1116.28ms
[2025-12-20 14:07:50] [INFO] REQ: POST /predict - Status: 200 - Czas: 1117.28ms
[2025-12-20 14:07:50] [INFO] REQ: POST /predict - Status: 200 - Czas: 1117.28ms
[2025-12-20 14:07:50] [INFO] REQ: POST /predict - Status: 200 - Czas: 1117.28ms
[2025-12-20 14:07:50] [INFO] REQ: POST /predict - Status: 200 - Czas: 1117.28ms
[2025-12-20 14:07:50] [INFO] REQ: POST /predict - Status: 200 - Czas: 1117.28ms
[2025-12-20 14:07:50] [ERROR] Exception in ASGI application
Traceback (most recent call last):
  File "D:\Programming Projects\ml-docker-performance\.venv\Lib\site-packages\starlette\_exception_handler.py", line 42, in wrapped_app
    await app(scope, receive, sender)
  File "D:\Programming Projects\ml-docker-performance\.venv\Lib\site-packages\fastapi\routing.py", line 106, in app
    response = await f(request)
               ^^^^^^^^^^^^^^^^
  File "D:\Programming Projects\ml-docker-performance\.venv\Lib\site-packages\fastapi\routing.py", line 472, in app
    raise validation_error
fastapi.exceptions.RequestValidationError: 1 validation error:
  {'type': 'string_type', 'loc': ('body', 'text'), 'msg': 'Input should be a valid string', 'input': nan}

  File "D:\Programming Projects\ml-docker-performance\app\server_fastapi.py", line 60, in predict_endpoint
    POST /predict

The above exception was the direct cause of the following exception:

Traceback (most recent call last):
  File "D:\Programming Projects\ml-docker-performance\.venv\Lib\site-packages\uvicorn\protocols\http\httptools_impl.py", line 409, in run_asgi
    result = await app(  # type: ignore[func-returns-value]
             ^^^^^^^^^^^^^^^^^^^^^^^^^^^^^^^^^^^^^^^^^^^^^^
  File "D:\Programming Projects\ml-docker-performance\.venv\Lib\site-packages\uvicorn\middleware\proxy_headers.py", line 60, in __call__
    return await self.app(scope, receive, send)
           ^^^^^^^^^^^^^^^^^^^^^^^^^^^^^^^^^^^^
  File "D:\Programming Projects\ml-docker-performance\.venv\Lib\site-packages\fastapi\applications.py", line 1139, in __call__
    await super().__call__(scope, receive, send)
  File "D:\Programming Projects\ml-docker-performance\.venv\Lib\site-packages\starlette\applications.py", line 107, in __call__
    await self.middleware_stack(scope, receive, send)
  File "D:\Programming Projects\ml-docker-performance\.venv\Lib\site-packages\starlette\middleware\errors.py", line 186, in __call__
    raise exc
  File "D:\Programming Projects\ml-docker-performance\.venv\Lib\site-packages\starlette\middleware\errors.py", line 164, in __call__
    await self.app(scope, receive, _send)
  File "D:\Programming Projects\ml-docker-performance\.venv\Lib\site-packages\starlette\middleware\base.py", line 191, in __call__
    with recv_stream, send_stream, collapse_excgroups():
  File "C:\Users\admin\AppData\Local\Programs\Python\Python312\Lib\contextlib.py", line 158, in __exit__
    self.gen.throw(value)
  File "D:\Programming Projects\ml-docker-performance\.venv\Lib\site-packages\starlette\_utils.py", line 85, in collapse_excgroups
    raise exc
  File "D:\Programming Projects\ml-docker-performance\.venv\Lib\site-packages\starlette\middleware\base.py", line 193, in __call__
    response = await self.dispatch_func(request, call_next)
               ^^^^^^^^^^^^^^^^^^^^^^^^^^^^^^^^^^^^^^^^^^^^
  File "D:\Programming Projects\ml-docker-performance\app\server_fastapi.py", line 41, in log_requests
    response: Response = await call_next(request)
                         ^^^^^^^^^^^^^^^^^^^^^^^^
  File "D:\Programming Projects\ml-docker-performance\.venv\Lib\site-packages\starlette\middleware\base.py", line 168, in call_next
    raise app_exc from app_exc.__cause__ or app_exc.__context__
  File "D:\Programming Projects\ml-docker-performance\.venv\Lib\site-packages\starlette\middleware\base.py", line 144, in coro
    await self.app(scope, receive_or_disconnect, send_no_error)
  File "D:\Programming Projects\ml-docker-performance\.venv\Lib\site-packages\starlette\middleware\exceptions.py", line 63, in __call__
    await wrap_app_handling_exceptions(self.app, conn)(scope, receive, send)
  File "D:\Programming Projects\ml-docker-performance\.venv\Lib\site-packages\starlette\_exception_handler.py", line 53, in wrapped_app
    raise exc
  File "D:\Programming Projects\ml-docker-performance\.venv\Lib\site-packages\starlette\_exception_handler.py", line 42, in wrapped_app
    await app(scope, receive, sender)
  File "D:\Programming Projects\ml-docker-performance\.venv\Lib\site-packages\fastapi\middleware\asyncexitstack.py", line 18, in __call__
    await self.app(scope, receive, send)
  File "D:\Programming Projects\ml-docker-performance\.venv\Lib\site-packages\starlette\routing.py", line 716, in __call__
    await self.middleware_stack(scope, receive, send)
  File "D:\Programming Projects\ml-docker-performance\.venv\Lib\site-packages\starlette\routing.py", line 736, in app
    await route.handle(scope, receive, send)
  File "D:\Programming Projects\ml-docker-performance\.venv\Lib\site-packages\starlette\routing.py", line 290, in handle
    await self.app(scope, receive, send)
  File "D:\Programming Projects\ml-docker-performance\.venv\Lib\site-packages\fastapi\routing.py", line 120, in app
    await wrap_app_handling_exceptions(app, request)(scope, receive, send)
  File "D:\Programming Projects\ml-docker-performance\.venv\Lib\site-packages\starlette\_exception_handler.py", line 59, in wrapped_app
    response = await handler(conn, exc)
               ^^^^^^^^^^^^^^^^^^^^^^^^
  File "D:\Programming Projects\ml-docker-performance\.venv\Lib\site-packages\fastapi\exception_handlers.py", line 23, in request_validation_exception_handler
    return JSONResponse(
           ^^^^^^^^^^^^^
  File "D:\Programming Projects\ml-docker-performance\.venv\Lib\site-packages\starlette\responses.py", line 189, in __init__
    super().__init__(content, status_code, headers, media_type, background)
  File "D:\Programming Projects\ml-docker-performance\.venv\Lib\site-packages\starlette\responses.py", line 46, in __init__
    self.body = self.render(content)
                ^^^^^^^^^^^^^^^^^^^^
  File "D:\Programming Projects\ml-docker-performance\.venv\Lib\site-packages\starlette\responses.py", line 192, in render
    return json.dumps(
           ^^^^^^^^^^^
  File "C:\Users\admin\AppData\Local\Programs\Python\Python312\Lib\json\__init__.py", line 238, in dumps
    **kw).encode(obj)
          ^^^^^^^^^^^
  File "C:\Users\admin\AppData\Local\Programs\Python\Python312\Lib\json\encoder.py", line 200, in encode
    chunks = self.iterencode(o, _one_shot=True)
             ^^^^^^^^^^^^^^^^^^^^^^^^^^^^^^^^^^
  File "C:\Users\admin\AppData\Local\Programs\Python\Python312\Lib\json\encoder.py", line 258, in iterencode
    return _iterencode(o, 0)
           ^^^^^^^^^^^^^^^^^
ValueError: Out of range float values are not JSON compliant: nan
[2025-12-20 14:07:50] [INFO] REQ: POST /predict - Status: 200 - Czas: 1120.28ms
[2025-12-20 14:07:50] [INFO] REQ: POST /predict - Status: 200 - Czas: 1120.28ms
[2025-12-20 14:07:50] [INFO] REQ: POST /predict - Status: 200 - Czas: 1159.56ms
[2025-12-20 14:07:50] [INFO] REQ: POST /predict - Status: 200 - Czas: 1160.56ms
[2025-12-20 14:07:50] [INFO] REQ: POST /predict - Status: 200 - Czas: 1160.56ms
[2025-12-20 14:07:50] [INFO] REQ: POST /predict - Status: 200 - Czas: 1160.56ms
[2025-12-20 14:07:50] [INFO] REQ: POST /predict - Status: 200 - Czas: 1160.56ms
[2025-12-20 14:07:50] [INFO] REQ: POST /predict - Status: 200 - Czas: 1160.56ms
[2025-12-20 14:07:50] [INFO] REQ: POST /predict - Status: 200 - Czas: 1160.56ms
[2025-12-20 14:07:50] [INFO] REQ: POST /predict - Status: 200 - Czas: 1160.56ms
[2025-12-20 14:07:50] [INFO] REQ: POST /predict - Status: 200 - Czas: 1161.56ms
[2025-12-20 14:07:50] [INFO] REQ: POST /predict - Status: 200 - Czas: 1161.56ms
[2025-12-20 14:07:50] [INFO] REQ: POST /predict - Status: 200 - Czas: 1161.56ms
[2025-12-20 14:07:50] [INFO] REQ: POST /predict - Status: 200 - Czas: 1161.56ms
[2025-12-20 14:07:50] [INFO] REQ: POST /predict - Status: 200 - Czas: 1161.56ms
[2025-12-20 14:07:50] [INFO] REQ: POST /predict - Status: 200 - Czas: 1161.56ms
[2025-12-20 14:07:50] [INFO] REQ: POST /predict - Status: 200 - Czas: 1161.56ms
[2025-12-20 14:07:50] [INFO] REQ: POST /predict - Status: 200 - Czas: 1160.56ms
[2025-12-20 14:07:50] [INFO] REQ: POST /predict - Status: 200 - Czas: 1160.56ms
[2025-12-20 14:07:50] [INFO] REQ: POST /predict - Status: 200 - Czas: 1161.56ms
[2025-12-20 14:07:50] [INFO] REQ: POST /predict - Status: 200 - Czas: 1161.56ms
[2025-12-20 14:07:50] [INFO] REQ: POST /predict - Status: 200 - Czas: 1161.56ms
[2025-12-20 14:07:50] [INFO] REQ: POST /predict - Status: 200 - Czas: 1162.40ms
[2025-12-20 14:07:50] [INFO] REQ: POST /predict - Status: 200 - Czas: 1162.40ms
[2025-12-20 14:07:50] [INFO] REQ: POST /predict - Status: 200 - Czas: 1161.40ms
[2025-12-20 14:07:50] [INFO] REQ: POST /predict - Status: 200 - Czas: 1161.40ms
[2025-12-20 14:07:50] [INFO] REQ: POST /predict - Status: 200 - Czas: 1162.40ms
[2025-12-20 14:07:50] [INFO] REQ: POST /predict - Status: 200 - Czas: 1162.40ms
[2025-12-20 14:07:50] [INFO] REQ: POST /predict - Status: 200 - Czas: 1147.71ms
[2025-12-20 14:07:50] [INFO] REQ: POST /predict - Status: 200 - Czas: 1148.22ms
[2025-12-20 14:07:50] [INFO] REQ: POST /predict - Status: 200 - Czas: 1148.22ms
[2025-12-20 14:07:50] [ERROR] Exception in ASGI application
Traceback (most recent call last):
  File "D:\Programming Projects\ml-docker-performance\.venv\Lib\site-packages\starlette\_exception_handler.py", line 42, in wrapped_app
    await app(scope, receive, sender)
  File "D:\Programming Projects\ml-docker-performance\.venv\Lib\site-packages\fastapi\routing.py", line 106, in app
    response = await f(request)
               ^^^^^^^^^^^^^^^^
  File "D:\Programming Projects\ml-docker-performance\.venv\Lib\site-packages\fastapi\routing.py", line 472, in app
    raise validation_error
fastapi.exceptions.RequestValidationError: 1 validation error:
  {'type': 'string_type', 'loc': ('body', 'text'), 'msg': 'Input should be a valid string', 'input': nan}

  File "D:\Programming Projects\ml-docker-performance\app\server_fastapi.py", line 60, in predict_endpoint
    POST /predict

The above exception was the direct cause of the following exception:

Traceback (most recent call last):
  File "D:\Programming Projects\ml-docker-performance\.venv\Lib\site-packages\uvicorn\protocols\http\httptools_impl.py", line 409, in run_asgi
    result = await app(  # type: ignore[func-returns-value]
             ^^^^^^^^^^^^^^^^^^^^^^^^^^^^^^^^^^^^^^^^^^^^^^
  File "D:\Programming Projects\ml-docker-performance\.venv\Lib\site-packages\uvicorn\middleware\proxy_headers.py", line 60, in __call__
    return await self.app(scope, receive, send)
           ^^^^^^^^^^^^^^^^^^^^^^^^^^^^^^^^^^^^
  File "D:\Programming Projects\ml-docker-performance\.venv\Lib\site-packages\fastapi\applications.py", line 1139, in __call__
    await super().__call__(scope, receive, send)
  File "D:\Programming Projects\ml-docker-performance\.venv\Lib\site-packages\starlette\applications.py", line 107, in __call__
    await self.middleware_stack(scope, receive, send)
  File "D:\Programming Projects\ml-docker-performance\.venv\Lib\site-packages\starlette\middleware\errors.py", line 186, in __call__
    raise exc
  File "D:\Programming Projects\ml-docker-performance\.venv\Lib\site-packages\starlette\middleware\errors.py", line 164, in __call__
    await self.app(scope, receive, _send)
  File "D:\Programming Projects\ml-docker-performance\.venv\Lib\site-packages\starlette\middleware\base.py", line 191, in __call__
    with recv_stream, send_stream, collapse_excgroups():
  File "C:\Users\admin\AppData\Local\Programs\Python\Python312\Lib\contextlib.py", line 158, in __exit__
    self.gen.throw(value)
  File "D:\Programming Projects\ml-docker-performance\.venv\Lib\site-packages\starlette\_utils.py", line 85, in collapse_excgroups
    raise exc
  File "D:\Programming Projects\ml-docker-performance\.venv\Lib\site-packages\starlette\middleware\base.py", line 193, in __call__
    response = await self.dispatch_func(request, call_next)
               ^^^^^^^^^^^^^^^^^^^^^^^^^^^^^^^^^^^^^^^^^^^^
  File "D:\Programming Projects\ml-docker-performance\app\server_fastapi.py", line 41, in log_requests
    response: Response = await call_next(request)
                         ^^^^^^^^^^^^^^^^^^^^^^^^
  File "D:\Programming Projects\ml-docker-performance\.venv\Lib\site-packages\starlette\middleware\base.py", line 168, in call_next
    raise app_exc from app_exc.__cause__ or app_exc.__context__
  File "D:\Programming Projects\ml-docker-performance\.venv\Lib\site-packages\starlette\middleware\base.py", line 144, in coro
    await self.app(scope, receive_or_disconnect, send_no_error)
  File "D:\Programming Projects\ml-docker-performance\.venv\Lib\site-packages\starlette\middleware\exceptions.py", line 63, in __call__
    await wrap_app_handling_exceptions(self.app, conn)(scope, receive, send)
  File "D:\Programming Projects\ml-docker-performance\.venv\Lib\site-packages\starlette\_exception_handler.py", line 53, in wrapped_app
    raise exc
  File "D:\Programming Projects\ml-docker-performance\.venv\Lib\site-packages\starlette\_exception_handler.py", line 42, in wrapped_app
    await app(scope, receive, sender)
  File "D:\Programming Projects\ml-docker-performance\.venv\Lib\site-packages\fastapi\middleware\asyncexitstack.py", line 18, in __call__
    await self.app(scope, receive, send)
  File "D:\Programming Projects\ml-docker-performance\.venv\Lib\site-packages\starlette\routing.py", line 716, in __call__
    await self.middleware_stack(scope, receive, send)
  File "D:\Programming Projects\ml-docker-performance\.venv\Lib\site-packages\starlette\routing.py", line 736, in app
    await route.handle(scope, receive, send)
  File "D:\Programming Projects\ml-docker-performance\.venv\Lib\site-packages\starlette\routing.py", line 290, in handle
    await self.app(scope, receive, send)
  File "D:\Programming Projects\ml-docker-performance\.venv\Lib\site-packages\fastapi\routing.py", line 120, in app
    await wrap_app_handling_exceptions(app, request)(scope, receive, send)
  File "D:\Programming Projects\ml-docker-performance\.venv\Lib\site-packages\starlette\_exception_handler.py", line 59, in wrapped_app
    response = await handler(conn, exc)
               ^^^^^^^^^^^^^^^^^^^^^^^^
  File "D:\Programming Projects\ml-docker-performance\.venv\Lib\site-packages\fastapi\exception_handlers.py", line 23, in request_validation_exception_handler
    return JSONResponse(
           ^^^^^^^^^^^^^
  File "D:\Programming Projects\ml-docker-performance\.venv\Lib\site-packages\starlette\responses.py", line 189, in __init__
    super().__init__(content, status_code, headers, media_type, background)
  File "D:\Programming Projects\ml-docker-performance\.venv\Lib\site-packages\starlette\responses.py", line 46, in __init__
    self.body = self.render(content)
                ^^^^^^^^^^^^^^^^^^^^
  File "D:\Programming Projects\ml-docker-performance\.venv\Lib\site-packages\starlette\responses.py", line 192, in render
    return json.dumps(
           ^^^^^^^^^^^
  File "C:\Users\admin\AppData\Local\Programs\Python\Python312\Lib\json\__init__.py", line 238, in dumps
    **kw).encode(obj)
          ^^^^^^^^^^^
  File "C:\Users\admin\AppData\Local\Programs\Python\Python312\Lib\json\encoder.py", line 200, in encode
    chunks = self.iterencode(o, _one_shot=True)
             ^^^^^^^^^^^^^^^^^^^^^^^^^^^^^^^^^^
  File "C:\Users\admin\AppData\Local\Programs\Python\Python312\Lib\json\encoder.py", line 258, in iterencode
    return _iterencode(o, 0)
           ^^^^^^^^^^^^^^^^^
ValueError: Out of range float values are not JSON compliant: nan
[2025-12-20 14:07:50] [INFO] REQ: POST /predict - Status: 200 - Czas: 1151.23ms
[2025-12-20 14:07:50] [INFO] REQ: POST /predict - Status: 200 - Czas: 1151.23ms
[2025-12-20 14:07:50] [INFO] REQ: POST /predict - Status: 200 - Czas: 1151.23ms
[2025-12-20 14:07:50] [INFO] REQ: POST /predict - Status: 200 - Czas: 859.06ms
[2025-12-20 14:07:50] [INFO] REQ: POST /predict - Status: 200 - Czas: 859.06ms
[2025-12-20 14:07:50] [INFO] REQ: POST /predict - Status: 200 - Czas: 859.06ms
[2025-12-20 14:07:50] [INFO] REQ: POST /predict - Status: 200 - Czas: 859.06ms
[2025-12-20 14:07:50] [INFO] REQ: POST /predict - Status: 200 - Czas: 859.06ms
[2025-12-20 14:07:50] [INFO] REQ: POST /predict - Status: 200 - Czas: 739.92ms
[2025-12-20 14:07:50] [INFO] REQ: POST /predict - Status: 200 - Czas: 739.92ms
[2025-12-20 14:07:50] [INFO] REQ: POST /predict - Status: 200 - Czas: 739.92ms
[2025-12-20 14:07:50] [INFO] REQ: POST /predict - Status: 200 - Czas: 739.92ms
[2025-12-20 14:07:50] [INFO] REQ: POST /predict - Status: 200 - Czas: 739.92ms
[2025-12-20 14:07:50] [INFO] REQ: POST /predict - Status: 200 - Czas: 523.18ms
[2025-12-20 14:07:50] [INFO] REQ: POST /predict - Status: 200 - Czas: 523.18ms
[2025-12-20 14:07:50] [INFO] REQ: POST /predict - Status: 200 - Czas: 523.18ms
[2025-12-20 14:07:50] [INFO] REQ: POST /predict - Status: 200 - Czas: 523.18ms
[2025-12-20 14:07:50] [INFO] REQ: POST /predict - Status: 200 - Czas: 523.18ms
[2025-12-20 14:07:51] [INFO] REQ: POST /predict - Status: 200 - Czas: 510.36ms
[2025-12-20 14:07:51] [INFO] REQ: POST /predict - Status: 200 - Czas: 510.36ms
[2025-12-20 14:07:51] [INFO] REQ: POST /predict - Status: 200 - Czas: 509.36ms
[2025-12-20 14:07:51] [INFO] REQ: POST /predict - Status: 200 - Czas: 509.36ms
[2025-12-20 14:07:51] [INFO] REQ: POST /predict - Status: 200 - Czas: 510.36ms
[2025-12-20 14:07:51] [INFO] REQ: POST /predict - Status: 200 - Czas: 510.36ms
[2025-12-20 14:07:51] [INFO] REQ: POST /predict - Status: 200 - Czas: 760.43ms
[2025-12-20 14:07:51] [INFO] REQ: POST /predict - Status: 200 - Czas: 760.43ms
[2025-12-20 14:07:51] [INFO] REQ: POST /predict - Status: 200 - Czas: 761.43ms
[2025-12-20 14:07:51] [INFO] REQ: POST /predict - Status: 200 - Czas: 761.43ms
[2025-12-20 14:07:51] [INFO] REQ: POST /predict - Status: 200 - Czas: 761.43ms
[2025-12-20 14:07:51] [INFO] REQ: POST /predict - Status: 200 - Czas: 761.43ms
[2025-12-20 14:07:51] [INFO] REQ: POST /predict - Status: 200 - Czas: 913.59ms
[2025-12-20 14:07:51] [INFO] REQ: POST /predict - Status: 200 - Czas: 912.59ms
[2025-12-20 14:07:51] [INFO] REQ: POST /predict - Status: 200 - Czas: 912.59ms
[2025-12-20 14:07:51] [INFO] REQ: POST /predict - Status: 200 - Czas: 912.59ms
[2025-12-20 14:07:51] [INFO] REQ: POST /predict - Status: 200 - Czas: 912.59ms
[2025-12-20 14:07:51] [INFO] REQ: POST /predict - Status: 200 - Czas: 912.59ms
[2025-12-20 14:07:51] [INFO] REQ: POST /predict - Status: 200 - Czas: 912.59ms
[2025-12-20 14:07:51] [INFO] REQ: POST /predict - Status: 200 - Czas: 912.59ms
[2025-12-20 14:07:51] [INFO] REQ: POST /predict - Status: 200 - Czas: 912.59ms
[2025-12-20 14:07:51] [INFO] REQ: POST /predict - Status: 200 - Czas: 912.59ms
[2025-12-20 14:07:51] [INFO] REQ: POST /predict - Status: 200 - Czas: 912.59ms
[2025-12-20 14:07:51] [INFO] REQ: POST /predict - Status: 200 - Czas: 912.59ms
[2025-12-20 14:07:51] [INFO] REQ: POST /predict - Status: 200 - Czas: 914.12ms
[2025-12-20 14:07:51] [INFO] REQ: POST /predict - Status: 200 - Czas: 914.12ms
[2025-12-20 14:07:51] [ERROR] Exception in ASGI application
Traceback (most recent call last):
  File "D:\Programming Projects\ml-docker-performance\.venv\Lib\site-packages\starlette\_exception_handler.py", line 42, in wrapped_app
    await app(scope, receive, sender)
  File "D:\Programming Projects\ml-docker-performance\.venv\Lib\site-packages\fastapi\routing.py", line 106, in app
    response = await f(request)
               ^^^^^^^^^^^^^^^^
  File "D:\Programming Projects\ml-docker-performance\.venv\Lib\site-packages\fastapi\routing.py", line 472, in app
    raise validation_error
fastapi.exceptions.RequestValidationError: 1 validation error:
  {'type': 'string_type', 'loc': ('body', 'text'), 'msg': 'Input should be a valid string', 'input': nan}

  File "D:\Programming Projects\ml-docker-performance\app\server_fastapi.py", line 60, in predict_endpoint
    POST /predict

The above exception was the direct cause of the following exception:

Traceback (most recent call last):
  File "D:\Programming Projects\ml-docker-performance\.venv\Lib\site-packages\uvicorn\protocols\http\httptools_impl.py", line 409, in run_asgi
    result = await app(  # type: ignore[func-returns-value]
             ^^^^^^^^^^^^^^^^^^^^^^^^^^^^^^^^^^^^^^^^^^^^^^
  File "D:\Programming Projects\ml-docker-performance\.venv\Lib\site-packages\uvicorn\middleware\proxy_headers.py", line 60, in __call__
    return await self.app(scope, receive, send)
           ^^^^^^^^^^^^^^^^^^^^^^^^^^^^^^^^^^^^
  File "D:\Programming Projects\ml-docker-performance\.venv\Lib\site-packages\fastapi\applications.py", line 1139, in __call__
    await super().__call__(scope, receive, send)
  File "D:\Programming Projects\ml-docker-performance\.venv\Lib\site-packages\starlette\applications.py", line 107, in __call__
    await self.middleware_stack(scope, receive, send)
  File "D:\Programming Projects\ml-docker-performance\.venv\Lib\site-packages\starlette\middleware\errors.py", line 186, in __call__
    raise exc
  File "D:\Programming Projects\ml-docker-performance\.venv\Lib\site-packages\starlette\middleware\errors.py", line 164, in __call__
    await self.app(scope, receive, _send)
  File "D:\Programming Projects\ml-docker-performance\.venv\Lib\site-packages\starlette\middleware\base.py", line 191, in __call__
    with recv_stream, send_stream, collapse_excgroups():
  File "C:\Users\admin\AppData\Local\Programs\Python\Python312\Lib\contextlib.py", line 158, in __exit__
    self.gen.throw(value)
  File "D:\Programming Projects\ml-docker-performance\.venv\Lib\site-packages\starlette\_utils.py", line 85, in collapse_excgroups
    raise exc
  File "D:\Programming Projects\ml-docker-performance\.venv\Lib\site-packages\starlette\middleware\base.py", line 193, in __call__
    response = await self.dispatch_func(request, call_next)
               ^^^^^^^^^^^^^^^^^^^^^^^^^^^^^^^^^^^^^^^^^^^^
  File "D:\Programming Projects\ml-docker-performance\app\server_fastapi.py", line 41, in log_requests
    response: Response = await call_next(request)
                         ^^^^^^^^^^^^^^^^^^^^^^^^
  File "D:\Programming Projects\ml-docker-performance\.venv\Lib\site-packages\starlette\middleware\base.py", line 168, in call_next
    raise app_exc from app_exc.__cause__ or app_exc.__context__
  File "D:\Programming Projects\ml-docker-performance\.venv\Lib\site-packages\starlette\middleware\base.py", line 144, in coro
    await self.app(scope, receive_or_disconnect, send_no_error)
  File "D:\Programming Projects\ml-docker-performance\.venv\Lib\site-packages\starlette\middleware\exceptions.py", line 63, in __call__
    await wrap_app_handling_exceptions(self.app, conn)(scope, receive, send)
  File "D:\Programming Projects\ml-docker-performance\.venv\Lib\site-packages\starlette\_exception_handler.py", line 53, in wrapped_app
    raise exc
  File "D:\Programming Projects\ml-docker-performance\.venv\Lib\site-packages\starlette\_exception_handler.py", line 42, in wrapped_app
    await app(scope, receive, sender)
  File "D:\Programming Projects\ml-docker-performance\.venv\Lib\site-packages\fastapi\middleware\asyncexitstack.py", line 18, in __call__
    await self.app(scope, receive, send)
  File "D:\Programming Projects\ml-docker-performance\.venv\Lib\site-packages\starlette\routing.py", line 716, in __call__
    await self.middleware_stack(scope, receive, send)
  File "D:\Programming Projects\ml-docker-performance\.venv\Lib\site-packages\starlette\routing.py", line 736, in app
    await route.handle(scope, receive, send)
  File "D:\Programming Projects\ml-docker-performance\.venv\Lib\site-packages\starlette\routing.py", line 290, in handle
    await self.app(scope, receive, send)
  File "D:\Programming Projects\ml-docker-performance\.venv\Lib\site-packages\fastapi\routing.py", line 120, in app
    await wrap_app_handling_exceptions(app, request)(scope, receive, send)
  File "D:\Programming Projects\ml-docker-performance\.venv\Lib\site-packages\starlette\_exception_handler.py", line 59, in wrapped_app
    response = await handler(conn, exc)
               ^^^^^^^^^^^^^^^^^^^^^^^^
  File "D:\Programming Projects\ml-docker-performance\.venv\Lib\site-packages\fastapi\exception_handlers.py", line 23, in request_validation_exception_handler
    return JSONResponse(
           ^^^^^^^^^^^^^
  File "D:\Programming Projects\ml-docker-performance\.venv\Lib\site-packages\starlette\responses.py", line 189, in __init__
    super().__init__(content, status_code, headers, media_type, background)
  File "D:\Programming Projects\ml-docker-performance\.venv\Lib\site-packages\starlette\responses.py", line 46, in __init__
    self.body = self.render(content)
                ^^^^^^^^^^^^^^^^^^^^
  File "D:\Programming Projects\ml-docker-performance\.venv\Lib\site-packages\starlette\responses.py", line 192, in render
    return json.dumps(
           ^^^^^^^^^^^
  File "C:\Users\admin\AppData\Local\Programs\Python\Python312\Lib\json\__init__.py", line 238, in dumps
    **kw).encode(obj)
          ^^^^^^^^^^^
  File "C:\Users\admin\AppData\Local\Programs\Python\Python312\Lib\json\encoder.py", line 200, in encode
    chunks = self.iterencode(o, _one_shot=True)
             ^^^^^^^^^^^^^^^^^^^^^^^^^^^^^^^^^^
  File "C:\Users\admin\AppData\Local\Programs\Python\Python312\Lib\json\encoder.py", line 258, in iterencode
    return _iterencode(o, 0)
           ^^^^^^^^^^^^^^^^^
ValueError: Out of range float values are not JSON compliant: nan
[2025-12-20 14:07:51] [INFO] REQ: POST /predict - Status: 200 - Czas: 916.67ms
[2025-12-20 14:07:51] [INFO] REQ: POST /predict - Status: 200 - Czas: 916.67ms
[2025-12-20 14:07:51] [INFO] REQ: POST /predict - Status: 200 - Czas: 916.67ms
[2025-12-20 14:07:51] [INFO] REQ: POST /predict - Status: 200 - Czas: 916.67ms
[2025-12-20 14:07:51] [INFO] REQ: POST /predict - Status: 200 - Czas: 916.67ms
[2025-12-20 14:07:51] [INFO] REQ: POST /predict - Status: 200 - Czas: 916.67ms
[2025-12-20 14:07:51] [INFO] REQ: POST /predict - Status: 200 - Czas: 916.67ms
[2025-12-20 14:07:51] [INFO] REQ: POST /predict - Status: 200 - Czas: 917.67ms
[2025-12-20 14:07:51] [INFO] REQ: POST /predict - Status: 200 - Czas: 917.67ms
[2025-12-20 14:07:51] [INFO] REQ: POST /predict - Status: 200 - Czas: 1120.94ms
[2025-12-20 14:07:51] [INFO] REQ: POST /predict - Status: 200 - Czas: 1120.94ms
[2025-12-20 14:07:51] [INFO] REQ: POST /predict - Status: 200 - Czas: 1121.94ms
[2025-12-20 14:07:51] [INFO] REQ: POST /predict - Status: 200 - Czas: 1121.94ms
[2025-12-20 14:07:51] [INFO] REQ: POST /predict - Status: 200 - Czas: 1121.94ms
[2025-12-20 14:07:51] [INFO] REQ: POST /predict - Status: 200 - Czas: 1121.94ms
[2025-12-20 14:07:51] [INFO] REQ: POST /predict - Status: 200 - Czas: 1122.52ms
[2025-12-20 14:07:51] [INFO] REQ: POST /predict - Status: 200 - Czas: 1122.52ms
[2025-12-20 14:07:51] [INFO] REQ: POST /predict - Status: 200 - Czas: 1122.52ms
[2025-12-20 14:07:51] [INFO] REQ: POST /predict - Status: 200 - Czas: 1122.52ms
[2025-12-20 14:07:51] [INFO] REQ: POST /predict - Status: 200 - Czas: 1122.52ms
[2025-12-20 14:07:51] [INFO] REQ: POST /predict - Status: 200 - Czas: 1121.52ms
[2025-12-20 14:07:51] [INFO] REQ: POST /predict - Status: 200 - Czas: 1121.52ms
[2025-12-20 14:07:51] [INFO] REQ: POST /predict - Status: 200 - Czas: 1121.52ms
[2025-12-20 14:07:51] [INFO] REQ: POST /predict - Status: 200 - Czas: 1122.52ms
[2025-12-20 14:07:51] [INFO] REQ: POST /predict - Status: 200 - Czas: 1130.69ms
[2025-12-20 14:07:51] [INFO] REQ: POST /predict - Status: 200 - Czas: 1130.69ms
[2025-12-20 14:07:51] [INFO] REQ: POST /predict - Status: 200 - Czas: 1130.69ms
[2025-12-20 14:07:51] [INFO] REQ: POST /predict - Status: 200 - Czas: 1130.69ms
[2025-12-20 14:07:51] [INFO] REQ: POST /predict - Status: 200 - Czas: 1130.69ms
[2025-12-20 14:07:51] [INFO] REQ: POST /predict - Status: 200 - Czas: 1130.69ms
[2025-12-20 14:07:51] [INFO] REQ: POST /predict - Status: 200 - Czas: 1130.69ms
[2025-12-20 14:07:51] [INFO] REQ: POST /predict - Status: 200 - Czas: 1129.69ms
[2025-12-20 14:07:51] [INFO] REQ: POST /predict - Status: 200 - Czas: 1130.69ms
[2025-12-20 14:07:51] [INFO] REQ: POST /predict - Status: 200 - Czas: 1130.69ms
[2025-12-20 14:07:51] [INFO] REQ: POST /predict - Status: 200 - Czas: 1130.69ms
[2025-12-20 14:07:51] [INFO] REQ: POST /predict - Status: 200 - Czas: 1130.69ms
[2025-12-20 14:07:51] [INFO] REQ: POST /predict - Status: 200 - Czas: 1131.20ms
[2025-12-20 14:07:51] [INFO] REQ: POST /predict - Status: 200 - Czas: 1131.20ms
[2025-12-20 14:07:51] [INFO] REQ: POST /predict - Status: 200 - Czas: 1131.20ms
[2025-12-20 14:07:51] [INFO] REQ: POST /predict - Status: 200 - Czas: 1131.20ms
[2025-12-20 14:07:51] [INFO] REQ: POST /predict - Status: 200 - Czas: 1131.20ms
[2025-12-20 14:07:51] [INFO] REQ: POST /predict - Status: 200 - Czas: 1131.20ms
[2025-12-20 14:07:51] [INFO] REQ: POST /predict - Status: 200 - Czas: 1131.20ms
[2025-12-20 14:07:51] [INFO] REQ: POST /predict - Status: 200 - Czas: 1131.20ms
[2025-12-20 14:07:52] [INFO] REQ: POST /predict - Status: 200 - Czas: 1166.51ms
[2025-12-20 14:07:52] [INFO] REQ: POST /predict - Status: 200 - Czas: 1166.51ms
[2025-12-20 14:07:52] [INFO] REQ: POST /predict - Status: 200 - Czas: 1166.51ms
[2025-12-20 14:07:52] [INFO] REQ: POST /predict - Status: 200 - Czas: 1166.51ms
[2025-12-20 14:07:52] [INFO] REQ: POST /predict - Status: 200 - Czas: 1166.51ms
[2025-12-20 14:07:52] [INFO] REQ: POST /predict - Status: 200 - Czas: 1166.51ms
[2025-12-20 14:07:52] [INFO] REQ: POST /predict - Status: 200 - Czas: 1143.53ms
[2025-12-20 14:07:52] [INFO] REQ: POST /predict - Status: 200 - Czas: 1144.53ms
[2025-12-20 14:07:52] [INFO] REQ: POST /predict - Status: 200 - Czas: 1144.53ms
[2025-12-20 14:07:52] [INFO] REQ: POST /predict - Status: 200 - Czas: 1144.53ms
[2025-12-20 14:07:52] [INFO] REQ: POST /predict - Status: 200 - Czas: 1144.53ms
[2025-12-20 14:07:52] [INFO] REQ: POST /predict - Status: 200 - Czas: 1144.53ms
[2025-12-20 14:07:52] [INFO] REQ: POST /predict - Status: 200 - Czas: 876.01ms
[2025-12-20 14:07:52] [INFO] REQ: POST /predict - Status: 200 - Czas: 876.01ms
[2025-12-20 14:07:52] [INFO] REQ: POST /predict - Status: 200 - Czas: 877.01ms
[2025-12-20 14:07:52] [INFO] REQ: POST /predict - Status: 200 - Czas: 877.01ms
[2025-12-20 14:07:52] [INFO] REQ: POST /predict - Status: 200 - Czas: 877.01ms
[2025-12-20 14:07:52] [INFO] REQ: POST /predict - Status: 200 - Czas: 714.53ms
[2025-12-20 14:07:52] [INFO] REQ: POST /predict - Status: 200 - Czas: 725.55ms
[2025-12-20 14:07:52] [INFO] REQ: POST /predict - Status: 200 - Czas: 725.55ms
[2025-12-20 14:07:52] [INFO] REQ: POST /predict - Status: 200 - Czas: 725.55ms
[2025-12-20 14:07:52] [INFO] REQ: POST /predict - Status: 200 - Czas: 726.55ms
[2025-12-20 14:07:52] [INFO] REQ: POST /predict - Status: 200 - Czas: 520.92ms
[2025-12-20 14:07:52] [INFO] REQ: POST /predict - Status: 200 - Czas: 520.92ms
[2025-12-20 14:07:52] [INFO] REQ: POST /predict - Status: 200 - Czas: 520.92ms
[2025-12-20 14:07:52] [INFO] REQ: POST /predict - Status: 200 - Czas: 520.92ms
[2025-12-20 14:07:52] [ERROR] Exception in ASGI application
Traceback (most recent call last):
  File "D:\Programming Projects\ml-docker-performance\.venv\Lib\site-packages\starlette\_exception_handler.py", line 42, in wrapped_app
    await app(scope, receive, sender)
  File "D:\Programming Projects\ml-docker-performance\.venv\Lib\site-packages\fastapi\routing.py", line 106, in app
    response = await f(request)
               ^^^^^^^^^^^^^^^^
  File "D:\Programming Projects\ml-docker-performance\.venv\Lib\site-packages\fastapi\routing.py", line 472, in app
    raise validation_error
fastapi.exceptions.RequestValidationError: 1 validation error:
  {'type': 'string_type', 'loc': ('body', 'text'), 'msg': 'Input should be a valid string', 'input': nan}

  File "D:\Programming Projects\ml-docker-performance\app\server_fastapi.py", line 60, in predict_endpoint
    POST /predict

The above exception was the direct cause of the following exception:

Traceback (most recent call last):
  File "D:\Programming Projects\ml-docker-performance\.venv\Lib\site-packages\uvicorn\protocols\http\httptools_impl.py", line 409, in run_asgi
    result = await app(  # type: ignore[func-returns-value]
             ^^^^^^^^^^^^^^^^^^^^^^^^^^^^^^^^^^^^^^^^^^^^^^
  File "D:\Programming Projects\ml-docker-performance\.venv\Lib\site-packages\uvicorn\middleware\proxy_headers.py", line 60, in __call__
    return await self.app(scope, receive, send)
           ^^^^^^^^^^^^^^^^^^^^^^^^^^^^^^^^^^^^
  File "D:\Programming Projects\ml-docker-performance\.venv\Lib\site-packages\fastapi\applications.py", line 1139, in __call__
    await super().__call__(scope, receive, send)
  File "D:\Programming Projects\ml-docker-performance\.venv\Lib\site-packages\starlette\applications.py", line 107, in __call__
    await self.middleware_stack(scope, receive, send)
  File "D:\Programming Projects\ml-docker-performance\.venv\Lib\site-packages\starlette\middleware\errors.py", line 186, in __call__
    raise exc
  File "D:\Programming Projects\ml-docker-performance\.venv\Lib\site-packages\starlette\middleware\errors.py", line 164, in __call__
    await self.app(scope, receive, _send)
  File "D:\Programming Projects\ml-docker-performance\.venv\Lib\site-packages\starlette\middleware\base.py", line 191, in __call__
    with recv_stream, send_stream, collapse_excgroups():
  File "C:\Users\admin\AppData\Local\Programs\Python\Python312\Lib\contextlib.py", line 158, in __exit__
    self.gen.throw(value)
  File "D:\Programming Projects\ml-docker-performance\.venv\Lib\site-packages\starlette\_utils.py", line 85, in collapse_excgroups
    raise exc
  File "D:\Programming Projects\ml-docker-performance\.venv\Lib\site-packages\starlette\middleware\base.py", line 193, in __call__
    response = await self.dispatch_func(request, call_next)
               ^^^^^^^^^^^^^^^^^^^^^^^^^^^^^^^^^^^^^^^^^^^^
  File "D:\Programming Projects\ml-docker-performance\app\server_fastapi.py", line 41, in log_requests
    response: Response = await call_next(request)
                         ^^^^^^^^^^^^^^^^^^^^^^^^
  File "D:\Programming Projects\ml-docker-performance\.venv\Lib\site-packages\starlette\middleware\base.py", line 168, in call_next
    raise app_exc from app_exc.__cause__ or app_exc.__context__
  File "D:\Programming Projects\ml-docker-performance\.venv\Lib\site-packages\starlette\middleware\base.py", line 144, in coro
    await self.app(scope, receive_or_disconnect, send_no_error)
  File "D:\Programming Projects\ml-docker-performance\.venv\Lib\site-packages\starlette\middleware\exceptions.py", line 63, in __call__
    await wrap_app_handling_exceptions(self.app, conn)(scope, receive, send)
  File "D:\Programming Projects\ml-docker-performance\.venv\Lib\site-packages\starlette\_exception_handler.py", line 53, in wrapped_app
    raise exc
  File "D:\Programming Projects\ml-docker-performance\.venv\Lib\site-packages\starlette\_exception_handler.py", line 42, in wrapped_app
    await app(scope, receive, sender)
  File "D:\Programming Projects\ml-docker-performance\.venv\Lib\site-packages\fastapi\middleware\asyncexitstack.py", line 18, in __call__
    await self.app(scope, receive, send)
  File "D:\Programming Projects\ml-docker-performance\.venv\Lib\site-packages\starlette\routing.py", line 716, in __call__
    await self.middleware_stack(scope, receive, send)
  File "D:\Programming Projects\ml-docker-performance\.venv\Lib\site-packages\starlette\routing.py", line 736, in app
    await route.handle(scope, receive, send)
  File "D:\Programming Projects\ml-docker-performance\.venv\Lib\site-packages\starlette\routing.py", line 290, in handle
    await self.app(scope, receive, send)
  File "D:\Programming Projects\ml-docker-performance\.venv\Lib\site-packages\fastapi\routing.py", line 120, in app
    await wrap_app_handling_exceptions(app, request)(scope, receive, send)
  File "D:\Programming Projects\ml-docker-performance\.venv\Lib\site-packages\starlette\_exception_handler.py", line 59, in wrapped_app
    response = await handler(conn, exc)
               ^^^^^^^^^^^^^^^^^^^^^^^^
  File "D:\Programming Projects\ml-docker-performance\.venv\Lib\site-packages\fastapi\exception_handlers.py", line 23, in request_validation_exception_handler
    return JSONResponse(
           ^^^^^^^^^^^^^
  File "D:\Programming Projects\ml-docker-performance\.venv\Lib\site-packages\starlette\responses.py", line 189, in __init__
    super().__init__(content, status_code, headers, media_type, background)
  File "D:\Programming Projects\ml-docker-performance\.venv\Lib\site-packages\starlette\responses.py", line 46, in __init__
    self.body = self.render(content)
                ^^^^^^^^^^^^^^^^^^^^
  File "D:\Programming Projects\ml-docker-performance\.venv\Lib\site-packages\starlette\responses.py", line 192, in render
    return json.dumps(
           ^^^^^^^^^^^
  File "C:\Users\admin\AppData\Local\Programs\Python\Python312\Lib\json\__init__.py", line 238, in dumps
    **kw).encode(obj)
          ^^^^^^^^^^^
  File "C:\Users\admin\AppData\Local\Programs\Python\Python312\Lib\json\encoder.py", line 200, in encode
    chunks = self.iterencode(o, _one_shot=True)
             ^^^^^^^^^^^^^^^^^^^^^^^^^^^^^^^^^^
  File "C:\Users\admin\AppData\Local\Programs\Python\Python312\Lib\json\encoder.py", line 258, in iterencode
    return _iterencode(o, 0)
           ^^^^^^^^^^^^^^^^^
ValueError: Out of range float values are not JSON compliant: nan
[2025-12-20 14:07:52] [INFO] REQ: POST /predict - Status: 200 - Czas: 562.56ms
[2025-12-20 14:07:52] [INFO] REQ: POST /predict - Status: 200 - Czas: 562.56ms
[2025-12-20 14:07:52] [INFO] REQ: POST /predict - Status: 200 - Czas: 561.56ms
[2025-12-20 14:07:52] [INFO] REQ: POST /predict - Status: 200 - Czas: 561.56ms
[2025-12-20 14:07:52] [INFO] REQ: POST /predict - Status: 200 - Czas: 561.56ms
[2025-12-20 14:07:52] [INFO] REQ: POST /predict - Status: 200 - Czas: 563.07ms
[2025-12-20 14:07:52] [INFO] REQ: POST /predict - Status: 200 - Czas: 563.07ms
[2025-12-20 14:07:52] [INFO] REQ: POST /predict - Status: 200 - Czas: 794.72ms
[2025-12-20 14:07:52] [INFO] REQ: POST /predict - Status: 200 - Czas: 794.70ms
[2025-12-20 14:07:52] [INFO] REQ: POST /predict - Status: 200 - Czas: 794.70ms
[2025-12-20 14:07:52] [INFO] REQ: POST /predict - Status: 200 - Czas: 794.70ms
[2025-12-20 14:07:52] [INFO] REQ: POST /predict - Status: 200 - Czas: 794.70ms
[2025-12-20 14:07:52] [INFO] REQ: POST /predict - Status: 200 - Czas: 794.70ms
[2025-12-20 14:07:52] [INFO] REQ: POST /predict - Status: 200 - Czas: 794.70ms
[2025-12-20 14:07:53] [INFO] REQ: POST /predict - Status: 200 - Czas: 979.24ms
[2025-12-20 14:07:53] [INFO] REQ: POST /predict - Status: 200 - Czas: 979.24ms
[2025-12-20 14:07:53] [INFO] REQ: POST /predict - Status: 200 - Czas: 979.24ms
[2025-12-20 14:07:53] [INFO] REQ: POST /predict - Status: 200 - Czas: 979.24ms
[2025-12-20 14:07:53] [INFO] REQ: POST /predict - Status: 200 - Czas: 979.24ms
[2025-12-20 14:07:53] [INFO] REQ: POST /predict - Status: 200 - Czas: 979.24ms
[2025-12-20 14:07:53] [INFO] REQ: POST /predict - Status: 200 - Czas: 980.24ms
[2025-12-20 14:07:53] [INFO] REQ: POST /predict - Status: 200 - Czas: 980.24ms
[2025-12-20 14:07:53] [INFO] REQ: POST /predict - Status: 200 - Czas: 979.71ms
[2025-12-20 14:07:53] [INFO] REQ: POST /predict - Status: 200 - Czas: 979.71ms
[2025-12-20 14:07:53] [INFO] REQ: POST /predict - Status: 200 - Czas: 979.71ms
[2025-12-20 14:07:53] [INFO] REQ: POST /predict - Status: 200 - Czas: 979.71ms
[2025-12-20 14:07:53] [INFO] REQ: POST /predict - Status: 200 - Czas: 979.71ms
[2025-12-20 14:07:53] [INFO] REQ: POST /predict - Status: 200 - Czas: 979.71ms
[2025-12-20 14:07:53] [INFO] REQ: POST /predict - Status: 200 - Czas: 979.71ms
[2025-12-20 14:07:53] [INFO] REQ: POST /predict - Status: 200 - Czas: 980.71ms
[2025-12-20 14:07:53] [INFO] REQ: POST /predict - Status: 200 - Czas: 980.71ms
[2025-12-20 14:07:53] [INFO] REQ: POST /predict - Status: 200 - Czas: 980.71ms
[2025-12-20 14:07:53] [INFO] REQ: POST /predict - Status: 200 - Czas: 980.71ms
[2025-12-20 14:07:53] [INFO] REQ: POST /predict - Status: 200 - Czas: 980.71ms
[2025-12-20 14:07:53] [INFO] REQ: POST /predict - Status: 200 - Czas: 980.71ms
[2025-12-20 14:07:53] [INFO] REQ: POST /predict - Status: 200 - Czas: 980.71ms
[2025-12-20 14:07:53] [INFO] REQ: POST /predict - Status: 200 - Czas: 980.71ms
[2025-12-20 14:07:53] [INFO] REQ: POST /predict - Status: 200 - Czas: 1165.34ms
[2025-12-20 14:07:53] [INFO] REQ: POST /predict - Status: 200 - Czas: 1165.34ms
[2025-12-20 14:07:53] [INFO] REQ: POST /predict - Status: 200 - Czas: 1166.34ms
[2025-12-20 14:07:53] [INFO] REQ: POST /predict - Status: 200 - Czas: 1166.34ms
[2025-12-20 14:07:53] [INFO] REQ: POST /predict - Status: 200 - Czas: 1166.34ms
[2025-12-20 14:07:53] [INFO] REQ: POST /predict - Status: 200 - Czas: 1166.34ms
[2025-12-20 14:07:53] [INFO] REQ: POST /predict - Status: 200 - Czas: 1166.34ms
[2025-12-20 14:07:53] [INFO] REQ: POST /predict - Status: 200 - Czas: 1166.34ms
[2025-12-20 14:07:53] [INFO] REQ: POST /predict - Status: 200 - Czas: 1166.34ms
[2025-12-20 14:07:53] [INFO] REQ: POST /predict - Status: 200 - Czas: 1166.34ms
[2025-12-20 14:07:53] [INFO] REQ: POST /predict - Status: 200 - Czas: 1167.34ms
[2025-12-20 14:07:53] [INFO] REQ: POST /predict - Status: 200 - Czas: 1167.34ms
[2025-12-20 14:07:53] [INFO] REQ: POST /predict - Status: 200 - Czas: 1167.34ms
[2025-12-20 14:07:53] [INFO] REQ: POST /predict - Status: 200 - Czas: 1167.34ms
[2025-12-20 14:07:53] [INFO] REQ: POST /predict - Status: 200 - Czas: 1167.34ms
[2025-12-20 14:07:53] [INFO] REQ: POST /predict - Status: 200 - Czas: 1175.89ms
[2025-12-20 14:07:53] [INFO] REQ: POST /predict - Status: 200 - Czas: 1175.89ms
[2025-12-20 14:07:53] [INFO] REQ: POST /predict - Status: 200 - Czas: 1176.89ms
[2025-12-20 14:07:53] [INFO] REQ: POST /predict - Status: 200 - Czas: 1176.89ms
[2025-12-20 14:07:53] [INFO] REQ: POST /predict - Status: 200 - Czas: 1176.89ms
[2025-12-20 14:07:53] [INFO] REQ: POST /predict - Status: 200 - Czas: 1176.89ms
[2025-12-20 14:07:53] [INFO] REQ: POST /predict - Status: 200 - Czas: 1176.89ms
[2025-12-20 14:07:53] [INFO] REQ: POST /predict - Status: 200 - Czas: 1176.89ms
[2025-12-20 14:07:53] [INFO] REQ: POST /predict - Status: 200 - Czas: 1176.89ms
[2025-12-20 14:07:53] [INFO] REQ: POST /predict - Status: 200 - Czas: 1175.38ms
[2025-12-20 14:07:53] [INFO] REQ: POST /predict - Status: 200 - Czas: 1176.38ms
[2025-12-20 14:07:53] [INFO] REQ: POST /predict - Status: 200 - Czas: 1176.38ms
[2025-12-20 14:07:53] [INFO] REQ: POST /predict - Status: 200 - Czas: 1176.38ms
[2025-12-20 14:07:53] [INFO] REQ: POST /predict - Status: 200 - Czas: 1176.38ms
[2025-12-20 14:07:53] [INFO] REQ: POST /predict - Status: 200 - Czas: 1176.89ms
[2025-12-20 14:07:53] [INFO] REQ: POST /predict - Status: 200 - Czas: 1176.89ms
[2025-12-20 14:07:53] [INFO] REQ: POST /predict - Status: 200 - Czas: 1176.89ms
[2025-12-20 14:07:53] [INFO] REQ: POST /predict - Status: 200 - Czas: 1176.89ms
[2025-12-20 14:07:53] [INFO] REQ: POST /predict - Status: 200 - Czas: 1176.89ms
[2025-12-20 14:07:53] [INFO] REQ: POST /predict - Status: 200 - Czas: 1177.40ms
[2025-12-20 14:07:53] [INFO] REQ: POST /predict - Status: 200 - Czas: 1175.89ms
[2025-12-20 14:07:53] [INFO] REQ: POST /predict - Status: 200 - Czas: 1174.89ms
[2025-12-20 14:07:53] [INFO] REQ: POST /predict - Status: 200 - Czas: 1174.89ms
[2025-12-20 14:07:53] [INFO] REQ: POST /predict - Status: 200 - Czas: 1174.89ms
[2025-12-20 14:07:53] [INFO] REQ: POST /predict - Status: 200 - Czas: 1174.89ms
[2025-12-20 14:07:53] [INFO] REQ: POST /predict - Status: 200 - Czas: 1175.89ms
[2025-12-20 14:07:53] [INFO] REQ: POST /predict - Status: 200 - Czas: 1129.66ms
[2025-12-20 14:07:53] [INFO] REQ: POST /predict - Status: 200 - Czas: 1129.66ms
[2025-12-20 14:07:53] [INFO] REQ: POST /predict - Status: 200 - Czas: 1129.66ms
[2025-12-20 14:07:53] [INFO] REQ: POST /predict - Status: 200 - Czas: 1129.67ms
[2025-12-20 14:07:53] [INFO] REQ: POST /predict - Status: 200 - Czas: 1129.67ms
[2025-12-20 14:07:53] [INFO] REQ: POST /predict - Status: 200 - Czas: 1129.67ms
[2025-12-20 14:07:53] [INFO] REQ: POST /predict - Status: 200 - Czas: 867.53ms
[2025-12-20 14:07:53] [INFO] REQ: POST /predict - Status: 200 - Czas: 867.53ms
[2025-12-20 14:07:53] [INFO] REQ: POST /predict - Status: 200 - Czas: 867.53ms
[2025-12-20 14:07:53] [INFO] REQ: POST /predict - Status: 200 - Czas: 867.53ms
[2025-12-20 14:07:53] [INFO] REQ: POST /predict - Status: 200 - Czas: 867.53ms
[2025-12-20 14:07:53] [INFO] REQ: POST /predict - Status: 200 - Czas: 723.73ms
[2025-12-20 14:07:53] [INFO] REQ: POST /predict - Status: 200 - Czas: 722.22ms
[2025-12-20 14:07:53] [INFO] REQ: POST /predict - Status: 200 - Czas: 722.22ms
[2025-12-20 14:07:53] [INFO] REQ: POST /predict - Status: 200 - Czas: 722.22ms
[2025-12-20 14:07:53] [INFO] REQ: POST /predict - Status: 200 - Czas: 722.22ms
[2025-12-20 14:07:53] [INFO] REQ: POST /predict - Status: 200 - Czas: 553.88ms
[2025-12-20 14:07:53] [INFO] REQ: POST /predict - Status: 200 - Czas: 553.88ms
[2025-12-20 14:07:53] [INFO] REQ: POST /predict - Status: 200 - Czas: 552.88ms
[2025-12-20 14:07:53] [INFO] REQ: POST /predict - Status: 200 - Czas: 552.88ms
[2025-12-20 14:07:53] [INFO] REQ: POST /predict - Status: 200 - Czas: 552.88ms
[2025-12-20 14:07:54] [INFO] REQ: POST /predict - Status: 200 - Czas: 589.86ms
[2025-12-20 14:07:54] [INFO] REQ: POST /predict - Status: 200 - Czas: 589.86ms
[2025-12-20 14:07:54] [INFO] REQ: POST /predict - Status: 200 - Czas: 589.86ms
[2025-12-20 14:07:54] [INFO] REQ: POST /predict - Status: 200 - Czas: 589.86ms
[2025-12-20 14:07:54] [INFO] REQ: POST /predict - Status: 200 - Czas: 590.86ms
[2025-12-20 14:07:54] [INFO] REQ: POST /predict - Status: 200 - Czas: 590.86ms
[2025-12-20 14:07:54] [INFO] REQ: POST /predict - Status: 200 - Czas: 590.86ms
[2025-12-20 14:07:54] [INFO] REQ: POST /predict - Status: 200 - Czas: 840.71ms
[2025-12-20 14:07:54] [INFO] REQ: POST /predict - Status: 200 - Czas: 841.71ms
[2025-12-20 14:07:54] [INFO] REQ: POST /predict - Status: 200 - Czas: 855.28ms
[2025-12-20 14:07:54] [INFO] REQ: POST /predict - Status: 200 - Czas: 856.28ms
[2025-12-20 14:07:54] [INFO] REQ: POST /predict - Status: 200 - Czas: 856.28ms
[2025-12-20 14:07:54] [INFO] REQ: POST /predict - Status: 200 - Czas: 856.28ms
[2025-12-20 14:07:54] [INFO] REQ: POST /predict - Status: 200 - Czas: 856.28ms
[2025-12-20 14:07:54] [INFO] REQ: POST /predict - Status: 200 - Czas: 995.74ms
[2025-12-20 14:07:54] [INFO] REQ: POST /predict - Status: 200 - Czas: 995.74ms
[2025-12-20 14:07:54] [INFO] REQ: POST /predict - Status: 200 - Czas: 995.74ms
[2025-12-20 14:07:54] [INFO] REQ: POST /predict - Status: 200 - Czas: 995.74ms
[2025-12-20 14:07:54] [INFO] REQ: POST /predict - Status: 200 - Czas: 996.75ms
[2025-12-20 14:07:54] [INFO] REQ: POST /predict - Status: 200 - Czas: 995.75ms
[2025-12-20 14:07:54] [INFO] REQ: POST /predict - Status: 200 - Czas: 995.75ms
[2025-12-20 14:07:54] [INFO] REQ: POST /predict - Status: 200 - Czas: 995.75ms
[2025-12-20 14:07:54] [INFO] REQ: POST /predict - Status: 200 - Czas: 995.75ms
[2025-12-20 14:07:54] [INFO] REQ: POST /predict - Status: 200 - Czas: 995.75ms
[2025-12-20 14:07:54] [INFO] REQ: POST /predict - Status: 200 - Czas: 995.75ms
[2025-12-20 14:07:54] [INFO] REQ: POST /predict - Status: 200 - Czas: 995.75ms
[2025-12-20 14:07:54] [INFO] REQ: POST /predict - Status: 200 - Czas: 995.75ms
[2025-12-20 14:07:54] [INFO] REQ: POST /predict - Status: 200 - Czas: 995.75ms
[2025-12-20 14:07:54] [INFO] REQ: POST /predict - Status: 200 - Czas: 995.75ms
[2025-12-20 14:07:54] [INFO] REQ: POST /predict - Status: 200 - Czas: 995.75ms
[2025-12-20 14:07:54] [INFO] REQ: POST /predict - Status: 200 - Czas: 995.75ms
[2025-12-20 14:07:54] [INFO] REQ: POST /predict - Status: 200 - Czas: 997.25ms
[2025-12-20 14:07:54] [INFO] REQ: POST /predict - Status: 200 - Czas: 997.25ms
[2025-12-20 14:07:54] [INFO] REQ: POST /predict - Status: 200 - Czas: 997.25ms
[2025-12-20 14:07:54] [INFO] REQ: POST /predict - Status: 200 - Czas: 997.25ms
[2025-12-20 14:07:54] [INFO] REQ: POST /predict - Status: 200 - Czas: 997.25ms
[2025-12-20 14:07:54] [INFO] REQ: POST /predict - Status: 200 - Czas: 997.25ms
[2025-12-20 14:07:54] [INFO] REQ: POST /predict - Status: 200 - Czas: 1213.24ms
[2025-12-20 14:07:54] [INFO] REQ: POST /predict - Status: 200 - Czas: 1210.74ms
[2025-12-20 14:07:54] [INFO] REQ: POST /predict - Status: 200 - Czas: 1210.74ms
[2025-12-20 14:07:54] [INFO] REQ: POST /predict - Status: 200 - Czas: 1210.74ms
[2025-12-20 14:07:54] [INFO] REQ: POST /predict - Status: 200 - Czas: 1210.74ms
[2025-12-20 14:07:54] [INFO] REQ: POST /predict - Status: 200 - Czas: 1211.74ms
[2025-12-20 14:07:54] [INFO] REQ: POST /predict - Status: 200 - Czas: 1211.74ms
[2025-12-20 14:07:54] [INFO] REQ: POST /predict - Status: 200 - Czas: 1211.74ms
[2025-12-20 14:07:54] [INFO] REQ: POST /predict - Status: 200 - Czas: 1211.74ms
[2025-12-20 14:07:54] [INFO] REQ: POST /predict - Status: 200 - Czas: 1212.25ms
[2025-12-20 14:07:54] [INFO] REQ: POST /predict - Status: 200 - Czas: 1212.25ms
[2025-12-20 14:07:54] [INFO] REQ: POST /predict - Status: 200 - Czas: 1212.25ms
[2025-12-20 14:07:54] [INFO] REQ: POST /predict - Status: 200 - Czas: 1212.25ms
[2025-12-20 14:07:54] [INFO] REQ: POST /predict - Status: 200 - Czas: 1212.25ms
[2025-12-20 14:07:54] [INFO] REQ: POST /predict - Status: 200 - Czas: 1212.25ms
[2025-12-20 14:07:54] [INFO] REQ: POST /predict - Status: 200 - Czas: 1211.25ms
[2025-12-20 14:07:55] [INFO] REQ: POST /predict - Status: 200 - Czas: 1181.64ms
[2025-12-20 14:07:55] [INFO] REQ: POST /predict - Status: 200 - Czas: 1183.15ms
[2025-12-20 14:07:55] [INFO] REQ: POST /predict - Status: 200 - Czas: 1183.15ms
[2025-12-20 14:07:55] [INFO] REQ: POST /predict - Status: 200 - Czas: 1183.15ms
[2025-12-20 14:07:55] [INFO] REQ: POST /predict - Status: 200 - Czas: 1183.15ms
[2025-12-20 14:07:55] [INFO] REQ: POST /predict - Status: 200 - Czas: 1183.15ms
[2025-12-20 14:07:55] [INFO] REQ: POST /predict - Status: 200 - Czas: 1183.15ms
[2025-12-20 14:07:55] [INFO] REQ: POST /predict - Status: 200 - Czas: 1183.15ms
[2025-12-20 14:07:55] [INFO] REQ: POST /predict - Status: 200 - Czas: 1183.15ms
[2025-12-20 14:07:55] [INFO] REQ: POST /predict - Status: 200 - Czas: 1184.16ms
[2025-12-20 14:07:55] [INFO] REQ: POST /predict - Status: 200 - Czas: 1184.16ms
[2025-12-20 14:07:55] [INFO] REQ: POST /predict - Status: 200 - Czas: 1184.16ms
[2025-12-20 14:07:55] [INFO] REQ: POST /predict - Status: 200 - Czas: 1184.16ms
[2025-12-20 14:07:55] [INFO] REQ: POST /predict - Status: 200 - Czas: 1183.16ms
[2025-12-20 14:07:55] [INFO] REQ: POST /predict - Status: 200 - Czas: 1183.16ms
[2025-12-20 14:07:55] [INFO] REQ: POST /predict - Status: 200 - Czas: 1183.16ms
[2025-12-20 14:07:55] [INFO] REQ: POST /predict - Status: 200 - Czas: 1184.15ms
[2025-12-20 14:07:55] [INFO] REQ: POST /predict - Status: 200 - Czas: 1184.15ms
[2025-12-20 14:07:55] [INFO] REQ: POST /predict - Status: 200 - Czas: 1184.15ms
[2025-12-20 14:07:55] [INFO] REQ: POST /predict - Status: 200 - Czas: 1184.15ms
[2025-12-20 14:07:55] [INFO] REQ: POST /predict - Status: 200 - Czas: 1190.55ms
[2025-12-20 14:07:55] [ERROR] Exception in ASGI application
Traceback (most recent call last):
  File "D:\Programming Projects\ml-docker-performance\.venv\Lib\site-packages\starlette\_exception_handler.py", line 42, in wrapped_app
    await app(scope, receive, sender)
  File "D:\Programming Projects\ml-docker-performance\.venv\Lib\site-packages\fastapi\routing.py", line 106, in app
    response = await f(request)
               ^^^^^^^^^^^^^^^^
  File "D:\Programming Projects\ml-docker-performance\.venv\Lib\site-packages\fastapi\routing.py", line 472, in app
    raise validation_error
fastapi.exceptions.RequestValidationError: 1 validation error:
  {'type': 'string_type', 'loc': ('body', 'text'), 'msg': 'Input should be a valid string', 'input': nan}

  File "D:\Programming Projects\ml-docker-performance\app\server_fastapi.py", line 60, in predict_endpoint
    POST /predict

The above exception was the direct cause of the following exception:

Traceback (most recent call last):
  File "D:\Programming Projects\ml-docker-performance\.venv\Lib\site-packages\uvicorn\protocols\http\httptools_impl.py", line 409, in run_asgi
    result = await app(  # type: ignore[func-returns-value]
             ^^^^^^^^^^^^^^^^^^^^^^^^^^^^^^^^^^^^^^^^^^^^^^
  File "D:\Programming Projects\ml-docker-performance\.venv\Lib\site-packages\uvicorn\middleware\proxy_headers.py", line 60, in __call__
    return await self.app(scope, receive, send)
           ^^^^^^^^^^^^^^^^^^^^^^^^^^^^^^^^^^^^
  File "D:\Programming Projects\ml-docker-performance\.venv\Lib\site-packages\fastapi\applications.py", line 1139, in __call__
    await super().__call__(scope, receive, send)
  File "D:\Programming Projects\ml-docker-performance\.venv\Lib\site-packages\starlette\applications.py", line 107, in __call__
    await self.middleware_stack(scope, receive, send)
  File "D:\Programming Projects\ml-docker-performance\.venv\Lib\site-packages\starlette\middleware\errors.py", line 186, in __call__
    raise exc
  File "D:\Programming Projects\ml-docker-performance\.venv\Lib\site-packages\starlette\middleware\errors.py", line 164, in __call__
    await self.app(scope, receive, _send)
  File "D:\Programming Projects\ml-docker-performance\.venv\Lib\site-packages\starlette\middleware\base.py", line 191, in __call__
    with recv_stream, send_stream, collapse_excgroups():
  File "C:\Users\admin\AppData\Local\Programs\Python\Python312\Lib\contextlib.py", line 158, in __exit__
    self.gen.throw(value)
  File "D:\Programming Projects\ml-docker-performance\.venv\Lib\site-packages\starlette\_utils.py", line 85, in collapse_excgroups
    raise exc
  File "D:\Programming Projects\ml-docker-performance\.venv\Lib\site-packages\starlette\middleware\base.py", line 193, in __call__
    response = await self.dispatch_func(request, call_next)
               ^^^^^^^^^^^^^^^^^^^^^^^^^^^^^^^^^^^^^^^^^^^^
  File "D:\Programming Projects\ml-docker-performance\app\server_fastapi.py", line 41, in log_requests
    response: Response = await call_next(request)
                         ^^^^^^^^^^^^^^^^^^^^^^^^
  File "D:\Programming Projects\ml-docker-performance\.venv\Lib\site-packages\starlette\middleware\base.py", line 168, in call_next
    raise app_exc from app_exc.__cause__ or app_exc.__context__
  File "D:\Programming Projects\ml-docker-performance\.venv\Lib\site-packages\starlette\middleware\base.py", line 144, in coro
    await self.app(scope, receive_or_disconnect, send_no_error)
  File "D:\Programming Projects\ml-docker-performance\.venv\Lib\site-packages\starlette\middleware\exceptions.py", line 63, in __call__
    await wrap_app_handling_exceptions(self.app, conn)(scope, receive, send)
  File "D:\Programming Projects\ml-docker-performance\.venv\Lib\site-packages\starlette\_exception_handler.py", line 53, in wrapped_app
    raise exc
  File "D:\Programming Projects\ml-docker-performance\.venv\Lib\site-packages\starlette\_exception_handler.py", line 42, in wrapped_app
    await app(scope, receive, sender)
  File "D:\Programming Projects\ml-docker-performance\.venv\Lib\site-packages\fastapi\middleware\asyncexitstack.py", line 18, in __call__
    await self.app(scope, receive, send)
  File "D:\Programming Projects\ml-docker-performance\.venv\Lib\site-packages\starlette\routing.py", line 716, in __call__
    await self.middleware_stack(scope, receive, send)
  File "D:\Programming Projects\ml-docker-performance\.venv\Lib\site-packages\starlette\routing.py", line 736, in app
    await route.handle(scope, receive, send)
  File "D:\Programming Projects\ml-docker-performance\.venv\Lib\site-packages\starlette\routing.py", line 290, in handle
    await self.app(scope, receive, send)
  File "D:\Programming Projects\ml-docker-performance\.venv\Lib\site-packages\fastapi\routing.py", line 120, in app
    await wrap_app_handling_exceptions(app, request)(scope, receive, send)
  File "D:\Programming Projects\ml-docker-performance\.venv\Lib\site-packages\starlette\_exception_handler.py", line 59, in wrapped_app
    response = await handler(conn, exc)
               ^^^^^^^^^^^^^^^^^^^^^^^^
  File "D:\Programming Projects\ml-docker-performance\.venv\Lib\site-packages\fastapi\exception_handlers.py", line 23, in request_validation_exception_handler
    return JSONResponse(
           ^^^^^^^^^^^^^
  File "D:\Programming Projects\ml-docker-performance\.venv\Lib\site-packages\starlette\responses.py", line 189, in __init__
    super().__init__(content, status_code, headers, media_type, background)
  File "D:\Programming Projects\ml-docker-performance\.venv\Lib\site-packages\starlette\responses.py", line 46, in __init__
    self.body = self.render(content)
                ^^^^^^^^^^^^^^^^^^^^
  File "D:\Programming Projects\ml-docker-performance\.venv\Lib\site-packages\starlette\responses.py", line 192, in render
    return json.dumps(
           ^^^^^^^^^^^
  File "C:\Users\admin\AppData\Local\Programs\Python\Python312\Lib\json\__init__.py", line 238, in dumps
    **kw).encode(obj)
          ^^^^^^^^^^^
  File "C:\Users\admin\AppData\Local\Programs\Python\Python312\Lib\json\encoder.py", line 200, in encode
    chunks = self.iterencode(o, _one_shot=True)
             ^^^^^^^^^^^^^^^^^^^^^^^^^^^^^^^^^^
  File "C:\Users\admin\AppData\Local\Programs\Python\Python312\Lib\json\encoder.py", line 258, in iterencode
    return _iterencode(o, 0)
           ^^^^^^^^^^^^^^^^^
ValueError: Out of range float values are not JSON compliant: nan
[2025-12-20 14:07:55] [INFO] REQ: POST /predict - Status: 200 - Czas: 1196.65ms
[2025-12-20 14:07:55] [INFO] REQ: POST /predict - Status: 200 - Czas: 1196.65ms
[2025-12-20 14:07:55] [INFO] REQ: POST /predict - Status: 200 - Czas: 1196.65ms
[2025-12-20 14:07:55] [INFO] REQ: POST /predict - Status: 200 - Czas: 1196.65ms
[2025-12-20 14:07:55] [INFO] REQ: POST /predict - Status: 200 - Czas: 1156.10ms
[2025-12-20 14:07:55] [INFO] REQ: POST /predict - Status: 200 - Czas: 1157.11ms
[2025-12-20 14:07:55] [INFO] REQ: POST /predict - Status: 200 - Czas: 1157.11ms
[2025-12-20 14:07:55] [INFO] REQ: POST /predict - Status: 200 - Czas: 1157.11ms
[2025-12-20 14:07:55] [INFO] REQ: POST /predict - Status: 200 - Czas: 1157.11ms
[2025-12-20 14:07:55] [INFO] REQ: POST /predict - Status: 200 - Czas: 1157.11ms
[2025-12-20 14:07:55] [INFO] REQ: POST /predict - Status: 200 - Czas: 897.16ms
[2025-12-20 14:07:55] [INFO] REQ: POST /predict - Status: 200 - Czas: 897.16ms
[2025-12-20 14:07:55] [INFO] REQ: POST /predict - Status: 200 - Czas: 897.16ms
[2025-12-20 14:07:55] [INFO] REQ: POST /predict - Status: 200 - Czas: 898.16ms
[2025-12-20 14:07:55] [INFO] REQ: POST /predict - Status: 200 - Czas: 898.16ms
[2025-12-20 14:07:55] [INFO] REQ: POST /predict - Status: 200 - Czas: 757.07ms
[2025-12-20 14:07:55] [INFO] REQ: POST /predict - Status: 200 - Czas: 756.07ms
[2025-12-20 14:07:55] [INFO] REQ: POST /predict - Status: 200 - Czas: 756.07ms
[2025-12-20 14:07:55] [INFO] REQ: POST /predict - Status: 200 - Czas: 756.07ms
[2025-12-20 14:07:55] [INFO] REQ: POST /predict - Status: 200 - Czas: 757.07ms
[2025-12-20 14:07:55] [INFO] REQ: POST /predict - Status: 200 - Czas: 567.94ms
[2025-12-20 14:07:55] [INFO] REQ: POST /predict - Status: 200 - Czas: 567.94ms
[2025-12-20 14:07:55] [INFO] REQ: POST /predict - Status: 200 - Czas: 568.94ms
[2025-12-20 14:07:55] [INFO] REQ: POST /predict - Status: 200 - Czas: 568.94ms
[2025-12-20 14:07:55] [INFO] REQ: POST /predict - Status: 200 - Czas: 568.94ms
[2025-12-20 14:07:55] [INFO] REQ: POST /predict - Status: 200 - Czas: 580.89ms
[2025-12-20 14:07:55] [INFO] REQ: POST /predict - Status: 200 - Czas: 580.89ms
[2025-12-20 14:07:55] [INFO] REQ: POST /predict - Status: 200 - Czas: 581.40ms
[2025-12-20 14:07:55] [INFO] REQ: POST /predict - Status: 200 - Czas: 581.40ms
[2025-12-20 14:07:55] [INFO] REQ: POST /predict - Status: 200 - Czas: 581.40ms
[2025-12-20 14:07:55] [INFO] REQ: POST /predict - Status: 200 - Czas: 581.40ms
[2025-12-20 14:07:55] [INFO] REQ: POST /predict - Status: 200 - Czas: 581.40ms
[2025-12-20 14:07:55] [INFO] REQ: POST /predict - Status: 200 - Czas: 776.97ms
[2025-12-20 14:07:55] [INFO] REQ: POST /predict - Status: 200 - Czas: 776.97ms
[2025-12-20 14:07:55] [INFO] REQ: POST /predict - Status: 200 - Czas: 776.97ms
[2025-12-20 14:07:55] [INFO] REQ: POST /predict - Status: 200 - Czas: 776.97ms
[2025-12-20 14:07:55] [INFO] REQ: POST /predict - Status: 200 - Czas: 776.97ms
[2025-12-20 14:07:55] [INFO] REQ: POST /predict - Status: 200 - Czas: 776.97ms
[2025-12-20 14:07:55] [INFO] REQ: POST /predict - Status: 200 - Czas: 777.97ms
[2025-12-20 14:07:56] [INFO] REQ: POST /predict - Status: 200 - Czas: 925.35ms
[2025-12-20 14:07:56] [INFO] REQ: POST /predict - Status: 200 - Czas: 925.35ms
[2025-12-20 14:07:56] [INFO] REQ: POST /predict - Status: 200 - Czas: 925.35ms
[2025-12-20 14:07:56] [INFO] REQ: POST /predict - Status: 200 - Czas: 925.35ms
[2025-12-20 14:07:56] [INFO] REQ: POST /predict - Status: 200 - Czas: 925.35ms
[2025-12-20 14:07:56] [INFO] REQ: POST /predict - Status: 200 - Czas: 926.36ms
[2025-12-20 14:07:56] [INFO] REQ: POST /predict - Status: 200 - Czas: 926.36ms
[2025-12-20 14:07:56] [INFO] REQ: POST /predict - Status: 200 - Czas: 926.36ms
[2025-12-20 14:07:56] [INFO] REQ: POST /predict - Status: 200 - Czas: 926.36ms
[2025-12-20 14:07:56] [INFO] REQ: POST /predict - Status: 200 - Czas: 926.36ms
[2025-12-20 14:07:56] [INFO] REQ: POST /predict - Status: 200 - Czas: 926.36ms
[2025-12-20 14:07:56] [INFO] REQ: POST /predict - Status: 200 - Czas: 926.36ms
[2025-12-20 14:07:56] [INFO] REQ: POST /predict - Status: 200 - Czas: 926.36ms
[2025-12-20 14:07:56] [INFO] REQ: POST /predict - Status: 200 - Czas: 927.35ms
[2025-12-20 14:07:56] [INFO] REQ: POST /predict - Status: 200 - Czas: 927.35ms
[2025-12-20 14:07:56] [INFO] REQ: POST /predict - Status: 200 - Czas: 927.35ms
[2025-12-20 14:07:56] [INFO] REQ: POST /predict - Status: 200 - Czas: 927.35ms
[2025-12-20 14:07:56] [INFO] REQ: POST /predict - Status: 200 - Czas: 927.35ms
[2025-12-20 14:07:56] [INFO] REQ: POST /predict - Status: 200 - Czas: 927.35ms
[2025-12-20 14:07:56] [INFO] REQ: POST /predict - Status: 200 - Czas: 927.35ms
[2025-12-20 14:07:56] [INFO] REQ: POST /predict - Status: 200 - Czas: 927.35ms
[2025-12-20 14:07:56] [INFO] REQ: POST /predict - Status: 200 - Czas: 927.35ms
[2025-12-20 14:07:56] [INFO] REQ: POST /predict - Status: 200 - Czas: 928.35ms
[2025-12-20 14:07:56] [INFO] REQ: POST /predict - Status: 200 - Czas: 1111.77ms
[2025-12-20 14:07:56] [INFO] REQ: POST /predict - Status: 200 - Czas: 1111.77ms
[2025-12-20 14:07:56] [INFO] REQ: POST /predict - Status: 200 - Czas: 1111.77ms
[2025-12-20 14:07:56] [INFO] REQ: POST /predict - Status: 200 - Czas: 1111.77ms
[2025-12-20 14:07:56] [INFO] REQ: POST /predict - Status: 200 - Czas: 1112.77ms
[2025-12-20 14:07:56] [INFO] REQ: POST /predict - Status: 200 - Czas: 1112.77ms
[2025-12-20 14:07:56] [INFO] REQ: POST /predict - Status: 200 - Czas: 1112.77ms
[2025-12-20 14:07:56] [INFO] REQ: POST /predict - Status: 200 - Czas: 1111.77ms
[2025-12-20 14:07:56] [INFO] REQ: POST /predict - Status: 200 - Czas: 1111.77ms
[2025-12-20 14:07:56] [INFO] REQ: POST /predict - Status: 200 - Czas: 1111.77ms
[2025-12-20 14:07:56] [INFO] REQ: POST /predict - Status: 200 - Czas: 1111.77ms
[2025-12-20 14:07:56] [INFO] REQ: POST /predict - Status: 200 - Czas: 1111.77ms
[2025-12-20 14:07:56] [INFO] REQ: POST /predict - Status: 200 - Czas: 1112.77ms
[2025-12-20 14:07:56] [INFO] REQ: POST /predict - Status: 200 - Czas: 1112.77ms
[2025-12-20 14:07:56] [INFO] REQ: POST /predict - Status: 200 - Czas: 1112.77ms
[2025-12-20 14:07:56] [INFO] REQ: POST /predict - Status: 200 - Czas: 1112.77ms
[2025-12-20 14:07:56] [INFO] REQ: POST /predict - Status: 200 - Czas: 1097.63ms
[2025-12-20 14:07:56] [INFO] REQ: POST /predict - Status: 200 - Czas: 1097.63ms
[2025-12-20 14:07:56] [INFO] REQ: POST /predict - Status: 200 - Czas: 1098.64ms
[2025-12-20 14:07:56] [INFO] REQ: POST /predict - Status: 200 - Czas: 1098.64ms
[2025-12-20 14:07:56] [INFO] REQ: POST /predict - Status: 200 - Czas: 1098.64ms
[2025-12-20 14:07:56] [INFO] REQ: POST /predict - Status: 200 - Czas: 1098.64ms
[2025-12-20 14:07:56] [INFO] REQ: POST /predict - Status: 200 - Czas: 1098.64ms
[2025-12-20 14:07:56] [INFO] REQ: POST /predict - Status: 200 - Czas: 1097.64ms
[2025-12-20 14:07:56] [INFO] REQ: POST /predict - Status: 200 - Czas: 1097.64ms
[2025-12-20 14:07:56] [INFO] REQ: POST /predict - Status: 200 - Czas: 1097.64ms
[2025-12-20 14:07:56] [INFO] REQ: POST /predict - Status: 200 - Czas: 1097.64ms
[2025-12-20 14:07:56] [INFO] REQ: POST /predict - Status: 200 - Czas: 1098.63ms
[2025-12-20 14:07:56] [INFO] REQ: POST /predict - Status: 200 - Czas: 1098.63ms
[2025-12-20 14:07:56] [INFO] REQ: POST /predict - Status: 200 - Czas: 1098.63ms
[2025-12-20 14:07:56] [INFO] REQ: POST /predict - Status: 200 - Czas: 1098.63ms
[2025-12-20 14:07:56] [INFO] REQ: POST /predict - Status: 200 - Czas: 1098.63ms
[2025-12-20 14:07:56] [INFO] REQ: POST /predict - Status: 200 - Czas: 1098.63ms
[2025-12-20 14:07:56] [INFO] REQ: POST /predict - Status: 200 - Czas: 1098.63ms
[2025-12-20 14:07:56] [INFO] REQ: POST /predict - Status: 200 - Czas: 1098.63ms
[2025-12-20 14:07:56] [INFO] REQ: POST /predict - Status: 200 - Czas: 1099.63ms
[2025-12-20 14:07:56] [INFO] REQ: POST /predict - Status: 200 - Czas: 1095.19ms
[2025-12-20 14:07:56] [INFO] REQ: POST /predict - Status: 200 - Czas: 1095.19ms
[2025-12-20 14:07:56] [INFO] REQ: POST /predict - Status: 200 - Czas: 1095.19ms
[2025-12-20 14:07:56] [INFO] REQ: POST /predict - Status: 200 - Czas: 1094.19ms
[2025-12-20 14:07:56] [INFO] REQ: POST /predict - Status: 200 - Czas: 1094.19ms
[2025-12-20 14:07:56] [INFO] REQ: POST /predict - Status: 200 - Czas: 1073.57ms
[2025-12-20 14:07:56] [INFO] REQ: POST /predict - Status: 200 - Czas: 1073.57ms
[2025-12-20 14:07:56] [INFO] REQ: POST /predict - Status: 200 - Czas: 1073.57ms
[2025-12-20 14:07:56] [INFO] REQ: POST /predict - Status: 200 - Czas: 1073.57ms
[2025-12-20 14:07:56] [INFO] REQ: POST /predict - Status: 200 - Czas: 1074.58ms
[2025-12-20 14:07:56] [INFO] REQ: POST /predict - Status: 200 - Czas: 1074.58ms
[2025-12-20 14:07:56] [INFO] REQ: POST /predict - Status: 200 - Czas: 851.40ms
[2025-12-20 14:07:56] [INFO] REQ: POST /predict - Status: 200 - Czas: 851.40ms
[2025-12-20 14:07:56] [INFO] REQ: POST /predict - Status: 200 - Czas: 852.40ms
[2025-12-20 14:07:56] [INFO] REQ: POST /predict - Status: 200 - Czas: 852.40ms
[2025-12-20 14:07:56] [INFO] REQ: POST /predict - Status: 200 - Czas: 852.40ms
[2025-12-20 14:07:56] [INFO] REQ: POST /predict - Status: 200 - Czas: 686.41ms
[2025-12-20 14:07:56] [INFO] REQ: POST /predict - Status: 200 - Czas: 687.91ms
[2025-12-20 14:07:56] [INFO] REQ: POST /predict - Status: 200 - Czas: 687.91ms
[2025-12-20 14:07:56] [INFO] REQ: POST /predict - Status: 200 - Czas: 687.91ms
[2025-12-20 14:07:56] [INFO] REQ: POST /predict - Status: 200 - Czas: 687.91ms
[2025-12-20 14:07:56] [INFO] REQ: POST /predict - Status: 200 - Czas: 543.83ms
[2025-12-20 14:07:56] [INFO] REQ: POST /predict - Status: 200 - Czas: 544.83ms
[2025-12-20 14:07:56] [INFO] REQ: POST /predict - Status: 200 - Czas: 544.83ms
[2025-12-20 14:07:56] [INFO] REQ: POST /predict - Status: 200 - Czas: 544.83ms
[2025-12-20 14:07:56] [INFO] REQ: POST /predict - Status: 200 - Czas: 544.83ms
[2025-12-20 14:07:57] [INFO] REQ: POST /predict - Status: 200 - Czas: 587.92ms
[2025-12-20 14:07:57] [INFO] REQ: POST /predict - Status: 200 - Czas: 587.92ms
[2025-12-20 14:07:57] [INFO] REQ: POST /predict - Status: 200 - Czas: 586.92ms
[2025-12-20 14:07:57] [INFO] REQ: POST /predict - Status: 200 - Czas: 586.92ms
[2025-12-20 14:07:57] [INFO] REQ: POST /predict - Status: 200 - Czas: 587.93ms
[2025-12-20 14:07:57] [INFO] REQ: POST /predict - Status: 200 - Czas: 587.93ms
[2025-12-20 14:07:57] [INFO] REQ: POST /predict - Status: 200 - Czas: 587.93ms
[2025-12-20 14:07:57] [INFO] REQ: POST /predict - Status: 200 - Czas: 824.41ms
[2025-12-20 14:07:57] [INFO] REQ: POST /predict - Status: 200 - Czas: 822.88ms
[2025-12-20 14:07:57] [INFO] REQ: POST /predict - Status: 200 - Czas: 822.88ms
[2025-12-20 14:07:57] [INFO] REQ: POST /predict - Status: 200 - Czas: 822.88ms
[2025-12-20 14:07:57] [INFO] REQ: POST /predict - Status: 200 - Czas: 822.88ms
[2025-12-20 14:07:57] [INFO] REQ: POST /predict - Status: 200 - Czas: 822.88ms
[2025-12-20 14:07:57] [INFO] REQ: POST /predict - Status: 200 - Czas: 822.88ms
[2025-12-20 14:07:57] [INFO] REQ: POST /predict - Status: 200 - Czas: 822.88ms
[2025-12-20 14:07:57] [INFO] REQ: POST /predict - Status: 200 - Czas: 974.83ms
[2025-12-20 14:07:57] [INFO] REQ: POST /predict - Status: 200 - Czas: 974.83ms
[2025-12-20 14:07:57] [INFO] REQ: POST /predict - Status: 200 - Czas: 974.83ms
[2025-12-20 14:07:57] [INFO] REQ: POST /predict - Status: 200 - Czas: 974.83ms
[2025-12-20 14:07:57] [INFO] REQ: POST /predict - Status: 200 - Czas: 974.83ms
[2025-12-20 14:07:57] [INFO] REQ: POST /predict - Status: 200 - Czas: 974.83ms
[2025-12-20 14:07:57] [INFO] REQ: POST /predict - Status: 200 - Czas: 975.83ms
[2025-12-20 14:07:57] [INFO] REQ: POST /predict - Status: 200 - Czas: 975.83ms
[2025-12-20 14:07:57] [INFO] REQ: POST /predict - Status: 200 - Czas: 975.83ms
[2025-12-20 14:07:57] [INFO] REQ: POST /predict - Status: 200 - Czas: 975.83ms
[2025-12-20 14:07:57] [INFO] REQ: POST /predict - Status: 200 - Czas: 976.34ms
[2025-12-20 14:07:57] [INFO] REQ: POST /predict - Status: 200 - Czas: 976.34ms
[2025-12-20 14:07:57] [INFO] REQ: POST /predict - Status: 200 - Czas: 976.34ms
[2025-12-20 14:07:57] [INFO] REQ: POST /predict - Status: 200 - Czas: 975.80ms
[2025-12-20 14:07:57] [INFO] REQ: POST /predict - Status: 200 - Czas: 975.80ms
[2025-12-20 14:07:57] [INFO] REQ: POST /predict - Status: 200 - Czas: 975.80ms
[2025-12-20 14:07:57] [INFO] REQ: POST /predict - Status: 200 - Czas: 975.80ms
[2025-12-20 14:07:57] [INFO] REQ: POST /predict - Status: 200 - Czas: 975.80ms
[2025-12-20 14:07:57] [INFO] REQ: POST /predict - Status: 200 - Czas: 976.80ms
[2025-12-20 14:07:57] [INFO] REQ: POST /predict - Status: 200 - Czas: 976.80ms
[2025-12-20 14:07:57] [INFO] REQ: POST /predict - Status: 200 - Czas: 976.80ms
[2025-12-20 14:07:57] [INFO] REQ: POST /predict - Status: 200 - Czas: 976.80ms
[2025-12-20 14:07:57] [INFO] REQ: POST /predict - Status: 200 - Czas: 976.80ms
[2025-12-20 14:07:57] [INFO] REQ: POST /predict - Status: 200 - Czas: 1182.44ms
[2025-12-20 14:07:57] [INFO] REQ: POST /predict - Status: 200 - Czas: 1182.44ms
[2025-12-20 14:07:57] [INFO] REQ: POST /predict - Status: 200 - Czas: 1182.44ms
[2025-12-20 14:07:57] [INFO] REQ: POST /predict - Status: 200 - Czas: 1182.44ms
[2025-12-20 14:07:57] [INFO] REQ: POST /predict - Status: 200 - Czas: 1182.44ms
[2025-12-20 14:07:57] [INFO] REQ: POST /predict - Status: 200 - Czas: 1182.44ms
[2025-12-20 14:07:57] [INFO] REQ: POST /predict - Status: 200 - Czas: 1182.44ms
[2025-12-20 14:07:57] [INFO] REQ: POST /predict - Status: 200 - Czas: 1183.45ms
[2025-12-20 14:07:57] [INFO] REQ: POST /predict - Status: 200 - Czas: 1183.45ms
[2025-12-20 14:07:57] [INFO] REQ: POST /predict - Status: 200 - Czas: 1183.45ms
[2025-12-20 14:07:57] [INFO] REQ: POST /predict - Status: 200 - Czas: 1183.45ms
[2025-12-20 14:07:57] [INFO] REQ: POST /predict - Status: 200 - Czas: 1183.45ms
[2025-12-20 14:07:57] [INFO] REQ: POST /predict - Status: 200 - Czas: 1183.45ms
[2025-12-20 14:07:57] [INFO] REQ: POST /predict - Status: 200 - Czas: 1183.45ms
[2025-12-20 14:07:57] [INFO] REQ: POST /predict - Status: 200 - Czas: 1183.45ms
[2025-12-20 14:07:57] [INFO] REQ: POST /predict - Status: 200 - Czas: 1183.45ms
[2025-12-20 14:07:58] [INFO] REQ: POST /predict - Status: 200 - Czas: 1189.48ms
[2025-12-20 14:07:58] [INFO] REQ: POST /predict - Status: 200 - Czas: 1189.48ms
[2025-12-20 14:07:58] [INFO] REQ: POST /predict - Status: 200 - Czas: 1189.48ms
[2025-12-20 14:07:58] [INFO] REQ: POST /predict - Status: 200 - Czas: 1189.48ms
[2025-12-20 14:07:58] [INFO] REQ: POST /predict - Status: 200 - Czas: 1189.48ms
[2025-12-20 14:07:58] [INFO] REQ: POST /predict - Status: 200 - Czas: 1188.48ms
[2025-12-20 14:07:58] [INFO] REQ: POST /predict - Status: 200 - Czas: 1188.48ms
[2025-12-20 14:07:58] [INFO] REQ: POST /predict - Status: 200 - Czas: 1188.48ms
[2025-12-20 14:07:58] [INFO] REQ: POST /predict - Status: 200 - Czas: 1189.48ms
[2025-12-20 14:07:58] [INFO] REQ: POST /predict - Status: 200 - Czas: 1189.48ms
[2025-12-20 14:07:58] [INFO] REQ: POST /predict - Status: 200 - Czas: 1189.48ms
[2025-12-20 14:07:58] [INFO] REQ: POST /predict - Status: 200 - Czas: 1189.48ms
[2025-12-20 14:07:58] [INFO] REQ: POST /predict - Status: 200 - Czas: 1189.48ms
[2025-12-20 14:07:58] [INFO] REQ: POST /predict - Status: 200 - Czas: 1189.48ms
[2025-12-20 14:07:58] [INFO] REQ: POST /predict - Status: 200 - Czas: 1189.48ms
[2025-12-20 14:07:58] [INFO] REQ: POST /predict - Status: 200 - Czas: 1189.48ms
[2025-12-20 14:07:58] [INFO] REQ: POST /predict - Status: 200 - Czas: 1189.48ms
[2025-12-20 14:07:58] [INFO] REQ: POST /predict - Status: 200 - Czas: 1190.47ms
[2025-12-20 14:07:58] [INFO] REQ: POST /predict - Status: 200 - Czas: 1190.47ms
[2025-12-20 14:07:58] [INFO] REQ: POST /predict - Status: 200 - Czas: 1190.47ms
[2025-12-20 14:07:58] [INFO] REQ: POST /predict - Status: 200 - Czas: 1144.72ms
[2025-12-20 14:07:58] [INFO] REQ: POST /predict - Status: 200 - Czas: 1144.72ms
[2025-12-20 14:07:58] [INFO] REQ: POST /predict - Status: 200 - Czas: 1144.73ms
[2025-12-20 14:07:58] [INFO] REQ: POST /predict - Status: 200 - Czas: 1144.73ms
[2025-12-20 14:07:58] [INFO] REQ: POST /predict - Status: 200 - Czas: 1144.73ms
[2025-12-20 14:07:58] [INFO] REQ: POST /predict - Status: 200 - Czas: 1108.82ms
[2025-12-20 14:07:58] [INFO] REQ: POST /predict - Status: 200 - Czas: 1108.82ms
[2025-12-20 14:07:58] [INFO] REQ: POST /predict - Status: 200 - Czas: 1108.82ms
[2025-12-20 14:07:58] [INFO] REQ: POST /predict - Status: 200 - Czas: 1109.83ms
[2025-12-20 14:07:58] [INFO] REQ: POST /predict - Status: 200 - Czas: 1109.83ms
[2025-12-20 14:07:58] [INFO] REQ: POST /predict - Status: 200 - Czas: 1109.83ms
[2025-12-20 14:07:58] [INFO] REQ: POST /predict - Status: 200 - Czas: 852.94ms
[2025-12-20 14:07:58] [INFO] REQ: POST /predict - Status: 200 - Czas: 851.94ms
[2025-12-20 14:07:58] [INFO] REQ: POST /predict - Status: 200 - Czas: 852.45ms
[2025-12-20 14:07:58] [INFO] REQ: POST /predict - Status: 200 - Czas: 852.45ms
[2025-12-20 14:07:58] [INFO] REQ: POST /predict - Status: 200 - Czas: 852.45ms
[2025-12-20 14:07:58] [INFO] REQ: POST /predict - Status: 200 - Czas: 698.23ms
[2025-12-20 14:07:58] [INFO] REQ: POST /predict - Status: 200 - Czas: 699.74ms
[2025-12-20 14:07:58] [INFO] REQ: POST /predict - Status: 200 - Czas: 699.74ms
[2025-12-20 14:07:58] [INFO] REQ: POST /predict - Status: 200 - Czas: 699.74ms
[2025-12-20 14:07:58] [INFO] REQ: POST /predict - Status: 200 - Czas: 699.74ms
[2025-12-20 14:07:58] [INFO] REQ: POST /predict - Status: 200 - Czas: 512.20ms
[2025-12-20 14:07:58] [INFO] REQ: POST /predict - Status: 200 - Czas: 512.20ms
[2025-12-20 14:07:58] [INFO] REQ: POST /predict - Status: 200 - Czas: 512.20ms
[2025-12-20 14:07:58] [INFO] REQ: POST /predict - Status: 200 - Czas: 512.20ms
[2025-12-20 14:07:58] [INFO] REQ: POST /predict - Status: 200 - Czas: 512.20ms
[2025-12-20 14:07:58] [INFO] REQ: POST /predict - Status: 200 - Czas: 562.31ms
[2025-12-20 14:07:58] [INFO] REQ: POST /predict - Status: 200 - Czas: 562.31ms
[2025-12-20 14:07:58] [INFO] REQ: POST /predict - Status: 200 - Czas: 561.31ms
[2025-12-20 14:07:58] [INFO] REQ: POST /predict - Status: 200 - Czas: 561.31ms
[2025-12-20 14:07:58] [INFO] REQ: POST /predict - Status: 200 - Czas: 561.31ms
[2025-12-20 14:07:58] [INFO] REQ: POST /predict - Status: 200 - Czas: 562.31ms
[2025-12-20 14:07:58] [INFO] REQ: POST /predict - Status: 200 - Czas: 562.31ms
[2025-12-20 14:07:58] [INFO] REQ: POST /predict - Status: 200 - Czas: 827.69ms
[2025-12-20 14:07:58] [INFO] REQ: POST /predict - Status: 200 - Czas: 827.69ms
[2025-12-20 14:07:58] [INFO] REQ: POST /predict - Status: 200 - Czas: 827.70ms
[2025-12-20 14:07:58] [INFO] REQ: POST /predict - Status: 200 - Czas: 827.70ms
[2025-12-20 14:07:58] [INFO] REQ: POST /predict - Status: 200 - Czas: 827.70ms
[2025-12-20 14:07:58] [INFO] REQ: POST /predict - Status: 200 - Czas: 827.70ms
[2025-12-20 14:07:58] [INFO] REQ: POST /predict - Status: 200 - Czas: 827.70ms
[2025-12-20 14:07:58] [INFO] REQ: POST /predict - Status: 200 - Czas: 827.70ms
[2025-12-20 14:07:59] [INFO] REQ: POST /predict - Status: 200 - Czas: 991.11ms
[2025-12-20 14:07:59] [INFO] REQ: POST /predict - Status: 200 - Czas: 992.12ms
[2025-12-20 14:07:59] [INFO] REQ: POST /predict - Status: 200 - Czas: 992.12ms
[2025-12-20 14:07:59] [INFO] REQ: POST /predict - Status: 200 - Czas: 992.12ms
[2025-12-20 14:07:59] [INFO] REQ: POST /predict - Status: 200 - Czas: 992.12ms
[2025-12-20 14:07:59] [INFO] REQ: POST /predict - Status: 200 - Czas: 992.12ms
[2025-12-20 14:07:59] [INFO] REQ: POST /predict - Status: 200 - Czas: 992.12ms
[2025-12-20 14:07:59] [INFO] REQ: POST /predict - Status: 200 - Czas: 992.12ms
[2025-12-20 14:07:59] [INFO] REQ: POST /predict - Status: 200 - Czas: 993.12ms
[2025-12-20 14:07:59] [INFO] REQ: POST /predict - Status: 200 - Czas: 993.12ms
[2025-12-20 14:07:59] [INFO] REQ: POST /predict - Status: 200 - Czas: 993.12ms
[2025-12-20 14:07:59] [INFO] REQ: POST /predict - Status: 200 - Czas: 993.12ms
[2025-12-20 14:07:59] [INFO] REQ: POST /predict - Status: 200 - Czas: 993.12ms
[2025-12-20 14:07:59] [INFO] REQ: POST /predict - Status: 200 - Czas: 993.12ms
[2025-12-20 14:07:59] [INFO] REQ: POST /predict - Status: 200 - Czas: 993.12ms
[2025-12-20 14:07:59] [INFO] REQ: POST /predict - Status: 200 - Czas: 993.12ms
[2025-12-20 14:07:59] [INFO] REQ: POST /predict - Status: 200 - Czas: 993.12ms
[2025-12-20 14:07:59] [INFO] REQ: POST /predict - Status: 200 - Czas: 994.12ms
[2025-12-20 14:07:59] [INFO] REQ: POST /predict - Status: 200 - Czas: 994.12ms
[2025-12-20 14:07:59] [INFO] REQ: POST /predict - Status: 200 - Czas: 992.12ms
[2025-12-20 14:07:59] [INFO] REQ: POST /predict - Status: 200 - Czas: 992.12ms
[2025-12-20 14:07:59] [INFO] REQ: POST /predict - Status: 200 - Czas: 992.12ms
[2025-12-20 14:07:59] [INFO] REQ: POST /predict - Status: 200 - Czas: 992.12ms
[2025-12-20 14:07:59] [INFO] REQ: POST /predict - Status: 200 - Czas: 1176.01ms
[2025-12-20 14:07:59] [INFO] REQ: POST /predict - Status: 200 - Czas: 1176.57ms
[2025-12-20 14:07:59] [INFO] REQ: POST /predict - Status: 200 - Czas: 1176.57ms
[2025-12-20 14:07:59] [INFO] REQ: POST /predict - Status: 200 - Czas: 1176.57ms
[2025-12-20 14:07:59] [INFO] REQ: POST /predict - Status: 200 - Czas: 1176.57ms
[2025-12-20 14:07:59] [INFO] REQ: POST /predict - Status: 200 - Czas: 1176.57ms
[2025-12-20 14:07:59] [INFO] REQ: POST /predict - Status: 200 - Czas: 1176.57ms
[2025-12-20 14:07:59] [INFO] REQ: POST /predict - Status: 200 - Czas: 1176.57ms
[2025-12-20 14:07:59] [INFO] REQ: POST /predict - Status: 200 - Czas: 1176.57ms
[2025-12-20 14:07:59] [INFO] REQ: POST /predict - Status: 200 - Czas: 1176.57ms
[2025-12-20 14:07:59] [INFO] REQ: POST /predict - Status: 200 - Czas: 1177.58ms
[2025-12-20 14:07:59] [INFO] REQ: POST /predict - Status: 200 - Czas: 1177.58ms
[2025-12-20 14:07:59] [INFO] REQ: POST /predict - Status: 200 - Czas: 1177.58ms
[2025-12-20 14:07:59] [INFO] REQ: POST /predict - Status: 200 - Czas: 1177.58ms
[2025-12-20 14:07:59] [INFO] REQ: POST /predict - Status: 200 - Czas: 1177.58ms
[2025-12-20 14:07:59] [INFO] REQ: POST /predict - Status: 200 - Czas: 1177.58ms
[2025-12-20 14:07:59] [INFO] REQ: POST /predict - Status: 200 - Czas: 1180.92ms
[2025-12-20 14:07:59] [INFO] REQ: POST /predict - Status: 200 - Czas: 1180.92ms
[2025-12-20 14:07:59] [INFO] REQ: POST /predict - Status: 200 - Czas: 1180.92ms
[2025-12-20 14:07:59] [INFO] REQ: POST /predict - Status: 200 - Czas: 1179.92ms
[2025-12-20 14:07:59] [INFO] REQ: POST /predict - Status: 200 - Czas: 1179.92ms
[2025-12-20 14:07:59] [INFO] REQ: POST /predict - Status: 200 - Czas: 1179.92ms
[2025-12-20 14:07:59] [INFO] REQ: POST /predict - Status: 200 - Czas: 1179.92ms
[2025-12-20 14:07:59] [INFO] REQ: POST /predict - Status: 200 - Czas: 1179.92ms
[2025-12-20 14:07:59] [INFO] REQ: POST /predict - Status: 200 - Czas: 1180.93ms
[2025-12-20 14:07:59] [INFO] REQ: POST /predict - Status: 200 - Czas: 1180.93ms
[2025-12-20 14:07:59] [INFO] REQ: POST /predict - Status: 200 - Czas: 1180.93ms
[2025-12-20 14:07:59] [INFO] REQ: POST /predict - Status: 200 - Czas: 1180.93ms
[2025-12-20 14:07:59] [INFO] REQ: POST /predict - Status: 200 - Czas: 1180.93ms
[2025-12-20 14:07:59] [INFO] REQ: POST /predict - Status: 200 - Czas: 1180.93ms
[2025-12-20 14:07:59] [INFO] REQ: POST /predict - Status: 200 - Czas: 1180.93ms
[2025-12-20 14:07:59] [INFO] REQ: POST /predict - Status: 200 - Czas: 1180.93ms
[2025-12-20 14:07:59] [INFO] REQ: POST /predict - Status: 200 - Czas: 1181.93ms
[2025-12-20 14:07:59] [INFO] REQ: POST /predict - Status: 200 - Czas: 1181.93ms
[2025-12-20 14:07:59] [INFO] REQ: POST /predict - Status: 200 - Czas: 1181.93ms
[2025-12-20 14:07:59] [INFO] REQ: POST /predict - Status: 200 - Czas: 1181.93ms
[2025-12-20 14:07:59] [INFO] REQ: POST /predict - Status: 200 - Czas: 1182.93ms
[2025-12-20 14:07:59] [INFO] REQ: POST /predict - Status: 200 - Czas: 1182.93ms
[2025-12-20 14:07:59] [INFO] REQ: POST /predict - Status: 200 - Czas: 1181.42ms
[2025-12-20 14:07:59] [INFO] REQ: POST /predict - Status: 200 - Czas: 1181.42ms
[2025-12-20 14:07:59] [INFO] REQ: POST /predict - Status: 200 - Czas: 1181.42ms
[2025-12-20 14:07:59] [INFO] REQ: POST /predict - Status: 200 - Czas: 1130.21ms
[2025-12-20 14:07:59] [INFO] REQ: POST /predict - Status: 200 - Czas: 1130.21ms
[2025-12-20 14:07:59] [INFO] REQ: POST /predict - Status: 200 - Czas: 1130.21ms
[2025-12-20 14:07:59] [INFO] REQ: POST /predict - Status: 200 - Czas: 1130.21ms
[2025-12-20 14:07:59] [INFO] REQ: POST /predict - Status: 200 - Czas: 1130.21ms
[2025-12-20 14:07:59] [INFO] REQ: POST /predict - Status: 200 - Czas: 1130.21ms
[2025-12-20 14:07:59] [INFO] REQ: POST /predict - Status: 200 - Czas: 874.74ms
[2025-12-20 14:07:59] [INFO] REQ: POST /predict - Status: 200 - Czas: 874.74ms
[2025-12-20 14:07:59] [INFO] REQ: POST /predict - Status: 200 - Czas: 874.74ms
[2025-12-20 14:07:59] [INFO] REQ: POST /predict - Status: 200 - Czas: 874.74ms
[2025-12-20 14:07:59] [INFO] REQ: POST /predict - Status: 200 - Czas: 874.74ms
[2025-12-20 14:07:59] [INFO] REQ: POST /predict - Status: 200 - Czas: 706.10ms
[2025-12-20 14:07:59] [INFO] REQ: POST /predict - Status: 200 - Czas: 706.10ms
[2025-12-20 14:07:59] [INFO] REQ: POST /predict - Status: 200 - Czas: 704.59ms
[2025-12-20 14:07:59] [INFO] REQ: POST /predict - Status: 200 - Czas: 704.59ms
[2025-12-20 14:07:59] [INFO] REQ: POST /predict - Status: 200 - Czas: 704.59ms
[2025-12-20 14:08:00] [INFO] REQ: POST /predict - Status: 200 - Czas: 545.89ms
[2025-12-20 14:08:00] [INFO] REQ: POST /predict - Status: 200 - Czas: 546.90ms
[2025-12-20 14:08:00] [INFO] REQ: POST /predict - Status: 200 - Czas: 546.90ms
[2025-12-20 14:08:00] [INFO] REQ: POST /predict - Status: 200 - Czas: 546.90ms
[2025-12-20 14:08:00] [INFO] REQ: POST /predict - Status: 200 - Czas: 546.90ms
[2025-12-20 14:08:00] [INFO] REQ: POST /predict - Status: 200 - Czas: 588.64ms
[2025-12-20 14:08:00] [INFO] REQ: POST /predict - Status: 200 - Czas: 588.64ms
[2025-12-20 14:08:00] [INFO] REQ: POST /predict - Status: 200 - Czas: 587.64ms
[2025-12-20 14:08:00] [ERROR] Exception in ASGI application
Traceback (most recent call last):
  File "D:\Programming Projects\ml-docker-performance\.venv\Lib\site-packages\starlette\_exception_handler.py", line 42, in wrapped_app
    await app(scope, receive, sender)
  File "D:\Programming Projects\ml-docker-performance\.venv\Lib\site-packages\fastapi\routing.py", line 106, in app
    response = await f(request)
               ^^^^^^^^^^^^^^^^
  File "D:\Programming Projects\ml-docker-performance\.venv\Lib\site-packages\fastapi\routing.py", line 472, in app
    raise validation_error
fastapi.exceptions.RequestValidationError: 1 validation error:
  {'type': 'string_type', 'loc': ('body', 'text'), 'msg': 'Input should be a valid string', 'input': nan}

  File "D:\Programming Projects\ml-docker-performance\app\server_fastapi.py", line 60, in predict_endpoint
    POST /predict

The above exception was the direct cause of the following exception:

Traceback (most recent call last):
  File "D:\Programming Projects\ml-docker-performance\.venv\Lib\site-packages\uvicorn\protocols\http\httptools_impl.py", line 409, in run_asgi
    result = await app(  # type: ignore[func-returns-value]
             ^^^^^^^^^^^^^^^^^^^^^^^^^^^^^^^^^^^^^^^^^^^^^^
  File "D:\Programming Projects\ml-docker-performance\.venv\Lib\site-packages\uvicorn\middleware\proxy_headers.py", line 60, in __call__
    return await self.app(scope, receive, send)
           ^^^^^^^^^^^^^^^^^^^^^^^^^^^^^^^^^^^^
  File "D:\Programming Projects\ml-docker-performance\.venv\Lib\site-packages\fastapi\applications.py", line 1139, in __call__
    await super().__call__(scope, receive, send)
  File "D:\Programming Projects\ml-docker-performance\.venv\Lib\site-packages\starlette\applications.py", line 107, in __call__
    await self.middleware_stack(scope, receive, send)
  File "D:\Programming Projects\ml-docker-performance\.venv\Lib\site-packages\starlette\middleware\errors.py", line 186, in __call__
    raise exc
  File "D:\Programming Projects\ml-docker-performance\.venv\Lib\site-packages\starlette\middleware\errors.py", line 164, in __call__
    await self.app(scope, receive, _send)
  File "D:\Programming Projects\ml-docker-performance\.venv\Lib\site-packages\starlette\middleware\base.py", line 191, in __call__
    with recv_stream, send_stream, collapse_excgroups():
  File "C:\Users\admin\AppData\Local\Programs\Python\Python312\Lib\contextlib.py", line 158, in __exit__
    self.gen.throw(value)
  File "D:\Programming Projects\ml-docker-performance\.venv\Lib\site-packages\starlette\_utils.py", line 85, in collapse_excgroups
    raise exc
  File "D:\Programming Projects\ml-docker-performance\.venv\Lib\site-packages\starlette\middleware\base.py", line 193, in __call__
    response = await self.dispatch_func(request, call_next)
               ^^^^^^^^^^^^^^^^^^^^^^^^^^^^^^^^^^^^^^^^^^^^
  File "D:\Programming Projects\ml-docker-performance\app\server_fastapi.py", line 41, in log_requests
    response: Response = await call_next(request)
                         ^^^^^^^^^^^^^^^^^^^^^^^^
  File "D:\Programming Projects\ml-docker-performance\.venv\Lib\site-packages\starlette\middleware\base.py", line 168, in call_next
    raise app_exc from app_exc.__cause__ or app_exc.__context__
  File "D:\Programming Projects\ml-docker-performance\.venv\Lib\site-packages\starlette\middleware\base.py", line 144, in coro
    await self.app(scope, receive_or_disconnect, send_no_error)
  File "D:\Programming Projects\ml-docker-performance\.venv\Lib\site-packages\starlette\middleware\exceptions.py", line 63, in __call__
    await wrap_app_handling_exceptions(self.app, conn)(scope, receive, send)
  File "D:\Programming Projects\ml-docker-performance\.venv\Lib\site-packages\starlette\_exception_handler.py", line 53, in wrapped_app
    raise exc
  File "D:\Programming Projects\ml-docker-performance\.venv\Lib\site-packages\starlette\_exception_handler.py", line 42, in wrapped_app
    await app(scope, receive, sender)
  File "D:\Programming Projects\ml-docker-performance\.venv\Lib\site-packages\fastapi\middleware\asyncexitstack.py", line 18, in __call__
    await self.app(scope, receive, send)
  File "D:\Programming Projects\ml-docker-performance\.venv\Lib\site-packages\starlette\routing.py", line 716, in __call__
    await self.middleware_stack(scope, receive, send)
  File "D:\Programming Projects\ml-docker-performance\.venv\Lib\site-packages\starlette\routing.py", line 736, in app
    await route.handle(scope, receive, send)
  File "D:\Programming Projects\ml-docker-performance\.venv\Lib\site-packages\starlette\routing.py", line 290, in handle
    await self.app(scope, receive, send)
  File "D:\Programming Projects\ml-docker-performance\.venv\Lib\site-packages\fastapi\routing.py", line 120, in app
    await wrap_app_handling_exceptions(app, request)(scope, receive, send)
  File "D:\Programming Projects\ml-docker-performance\.venv\Lib\site-packages\starlette\_exception_handler.py", line 59, in wrapped_app
    response = await handler(conn, exc)
               ^^^^^^^^^^^^^^^^^^^^^^^^
  File "D:\Programming Projects\ml-docker-performance\.venv\Lib\site-packages\fastapi\exception_handlers.py", line 23, in request_validation_exception_handler
    return JSONResponse(
           ^^^^^^^^^^^^^
  File "D:\Programming Projects\ml-docker-performance\.venv\Lib\site-packages\starlette\responses.py", line 189, in __init__
    super().__init__(content, status_code, headers, media_type, background)
  File "D:\Programming Projects\ml-docker-performance\.venv\Lib\site-packages\starlette\responses.py", line 46, in __init__
    self.body = self.render(content)
                ^^^^^^^^^^^^^^^^^^^^
  File "D:\Programming Projects\ml-docker-performance\.venv\Lib\site-packages\starlette\responses.py", line 192, in render
    return json.dumps(
           ^^^^^^^^^^^
  File "C:\Users\admin\AppData\Local\Programs\Python\Python312\Lib\json\__init__.py", line 238, in dumps
    **kw).encode(obj)
          ^^^^^^^^^^^
  File "C:\Users\admin\AppData\Local\Programs\Python\Python312\Lib\json\encoder.py", line 200, in encode
    chunks = self.iterencode(o, _one_shot=True)
             ^^^^^^^^^^^^^^^^^^^^^^^^^^^^^^^^^^
  File "C:\Users\admin\AppData\Local\Programs\Python\Python312\Lib\json\encoder.py", line 258, in iterencode
    return _iterencode(o, 0)
           ^^^^^^^^^^^^^^^^^
ValueError: Out of range float values are not JSON compliant: nan
[2025-12-20 14:08:00] [INFO] REQ: POST /predict - Status: 200 - Czas: 595.17ms
[2025-12-20 14:08:00] [INFO] REQ: POST /predict - Status: 200 - Czas: 595.17ms
[2025-12-20 14:08:00] [INFO] REQ: POST /predict - Status: 200 - Czas: 595.17ms
[2025-12-20 14:08:00] [INFO] REQ: POST /predict - Status: 200 - Czas: 822.99ms
[2025-12-20 14:08:00] [INFO] REQ: POST /predict - Status: 200 - Czas: 821.99ms
[2025-12-20 14:08:00] [INFO] REQ: POST /predict - Status: 200 - Czas: 821.99ms
[2025-12-20 14:08:00] [INFO] REQ: POST /predict - Status: 200 - Czas: 821.99ms
[2025-12-20 14:08:00] [INFO] REQ: POST /predict - Status: 200 - Czas: 821.99ms
[2025-12-20 14:08:00] [INFO] REQ: POST /predict - Status: 200 - Czas: 821.99ms
[2025-12-20 14:08:00] [INFO] REQ: POST /predict - Status: 200 - Czas: 821.99ms
[2025-12-20 14:08:00] [INFO] REQ: POST /predict - Status: 200 - Czas: 821.99ms
[2025-12-20 14:08:00] [INFO] REQ: POST /predict - Status: 200 - Czas: 983.51ms
[2025-12-20 14:08:00] [INFO] REQ: POST /predict - Status: 200 - Czas: 984.51ms
[2025-12-20 14:08:00] [INFO] REQ: POST /predict - Status: 200 - Czas: 984.51ms
[2025-12-20 14:08:00] [INFO] REQ: POST /predict - Status: 200 - Czas: 984.51ms
[2025-12-20 14:08:00] [INFO] REQ: POST /predict - Status: 200 - Czas: 984.51ms
[2025-12-20 14:08:00] [INFO] REQ: POST /predict - Status: 200 - Czas: 984.51ms
[2025-12-20 14:08:00] [INFO] REQ: POST /predict - Status: 200 - Czas: 984.51ms
[2025-12-20 14:08:00] [INFO] REQ: POST /predict - Status: 200 - Czas: 984.51ms
[2025-12-20 14:08:00] [INFO] REQ: POST /predict - Status: 200 - Czas: 985.51ms
[2025-12-20 14:08:00] [INFO] REQ: POST /predict - Status: 200 - Czas: 985.51ms
[2025-12-20 14:08:00] [INFO] REQ: POST /predict - Status: 200 - Czas: 985.51ms
[2025-12-20 14:08:00] [INFO] REQ: POST /predict - Status: 200 - Czas: 985.51ms
[2025-12-20 14:08:00] [INFO] REQ: POST /predict - Status: 200 - Czas: 985.51ms
[2025-12-20 14:08:00] [INFO] REQ: POST /predict - Status: 200 - Czas: 985.51ms
[2025-12-20 14:08:00] [INFO] REQ: POST /predict - Status: 200 - Czas: 985.51ms
[2025-12-20 14:08:00] [INFO] REQ: POST /predict - Status: 200 - Czas: 985.51ms
[2025-12-20 14:08:00] [INFO] REQ: POST /predict - Status: 200 - Czas: 986.51ms
[2025-12-20 14:08:00] [INFO] REQ: POST /predict - Status: 200 - Czas: 986.51ms
[2025-12-20 14:08:00] [INFO] REQ: POST /predict - Status: 200 - Czas: 986.51ms
[2025-12-20 14:08:00] [INFO] REQ: POST /predict - Status: 200 - Czas: 987.02ms
[2025-12-20 14:08:00] [INFO] REQ: POST /predict - Status: 200 - Czas: 987.02ms
[2025-12-20 14:08:00] [INFO] REQ: POST /predict - Status: 200 - Czas: 987.02ms
[2025-12-20 14:08:00] [INFO] REQ: POST /predict - Status: 200 - Czas: 987.02ms
[2025-12-20 14:08:01] [INFO] REQ: POST /predict - Status: 200 - Czas: 1209.13ms
[2025-12-20 14:08:01] [INFO] REQ: POST /predict - Status: 200 - Czas: 1209.13ms
[2025-12-20 14:08:01] [INFO] REQ: POST /predict - Status: 200 - Czas: 1209.69ms
[2025-12-20 14:08:01] [INFO] REQ: POST /predict - Status: 200 - Czas: 1209.69ms
[2025-12-20 14:08:01] [INFO] REQ: POST /predict - Status: 200 - Czas: 1209.69ms
[2025-12-20 14:08:01] [INFO] REQ: POST /predict - Status: 200 - Czas: 1209.69ms
[2025-12-20 14:08:01] [INFO] REQ: POST /predict - Status: 200 - Czas: 1209.69ms
[2025-12-20 14:08:01] [INFO] REQ: POST /predict - Status: 200 - Czas: 1209.69ms
[2025-12-20 14:08:01] [INFO] REQ: POST /predict - Status: 200 - Czas: 1209.69ms
[2025-12-20 14:08:01] [INFO] REQ: POST /predict - Status: 200 - Czas: 1209.69ms
[2025-12-20 14:08:01] [INFO] REQ: POST /predict - Status: 200 - Czas: 1209.18ms
[2025-12-20 14:08:01] [INFO] REQ: POST /predict - Status: 200 - Czas: 1210.18ms
[2025-12-20 14:08:01] [INFO] REQ: POST /predict - Status: 200 - Czas: 1210.18ms
[2025-12-20 14:08:01] [INFO] REQ: POST /predict - Status: 200 - Czas: 1210.18ms
[2025-12-20 14:08:01] [INFO] REQ: POST /predict - Status: 200 - Czas: 1210.18ms
[2025-12-20 14:08:01] [INFO] REQ: POST /predict - Status: 200 - Czas: 1210.18ms
[2025-12-20 14:08:01] [INFO] REQ: POST /predict - Status: 200 - Czas: 1226.92ms
[2025-12-20 14:08:01] [INFO] REQ: POST /predict - Status: 200 - Czas: 1226.92ms
[2025-12-20 14:08:01] [INFO] REQ: POST /predict - Status: 200 - Czas: 1226.92ms
[2025-12-20 14:08:01] [INFO] REQ: POST /predict - Status: 200 - Czas: 1226.92ms
[2025-12-20 14:08:01] [INFO] REQ: POST /predict - Status: 200 - Czas: 1226.92ms
[2025-12-20 14:08:01] [INFO] REQ: POST /predict - Status: 200 - Czas: 1226.92ms
[2025-12-20 14:08:01] [INFO] REQ: POST /predict - Status: 200 - Czas: 1226.92ms
[2025-12-20 14:08:01] [INFO] REQ: POST /predict - Status: 200 - Czas: 1226.42ms
[2025-12-20 14:08:01] [INFO] REQ: POST /predict - Status: 200 - Czas: 1226.42ms
[2025-12-20 14:08:01] [INFO] REQ: POST /predict - Status: 200 - Czas: 1226.42ms
[2025-12-20 14:08:01] [INFO] REQ: POST /predict - Status: 200 - Czas: 1226.42ms
[2025-12-20 14:08:01] [INFO] REQ: POST /predict - Status: 200 - Czas: 1226.92ms
[2025-12-20 14:08:01] [INFO] REQ: POST /predict - Status: 200 - Czas: 1226.92ms
[2025-12-20 14:08:01] [INFO] REQ: POST /predict - Status: 200 - Czas: 1226.92ms
[2025-12-20 14:08:01] [INFO] REQ: POST /predict - Status: 200 - Czas: 1226.92ms
[2025-12-20 14:08:01] [INFO] REQ: POST /predict - Status: 200 - Czas: 1226.92ms
[2025-12-20 14:08:01] [INFO] REQ: POST /predict - Status: 200 - Czas: 1226.92ms
[2025-12-20 14:08:01] [INFO] REQ: POST /predict - Status: 200 - Czas: 1226.92ms
[2025-12-20 14:08:01] [INFO] REQ: POST /predict - Status: 200 - Czas: 1226.92ms
[2025-12-20 14:08:01] [INFO] REQ: POST /predict - Status: 200 - Czas: 1227.93ms
[2025-12-20 14:08:01] [INFO] REQ: POST /predict - Status: 200 - Czas: 1203.84ms
[2025-12-20 14:08:01] [INFO] REQ: POST /predict - Status: 200 - Czas: 1203.84ms
[2025-12-20 14:08:01] [INFO] REQ: POST /predict - Status: 200 - Czas: 1202.33ms
[2025-12-20 14:08:01] [INFO] REQ: POST /predict - Status: 200 - Czas: 1202.33ms
[2025-12-20 14:08:01] [INFO] REQ: POST /predict - Status: 200 - Czas: 1202.33ms
[2025-12-20 14:08:01] [INFO] REQ: POST /predict - Status: 200 - Czas: 1150.23ms
[2025-12-20 14:08:01] [INFO] REQ: POST /predict - Status: 200 - Czas: 1149.22ms
[2025-12-20 14:08:01] [INFO] REQ: POST /predict - Status: 200 - Czas: 1150.23ms
[2025-12-20 14:08:01] [INFO] REQ: POST /predict - Status: 200 - Czas: 1150.23ms
[2025-12-20 14:08:01] [INFO] REQ: POST /predict - Status: 200 - Czas: 1150.23ms
[2025-12-20 14:08:01] [INFO] REQ: POST /predict - Status: 200 - Czas: 1150.23ms
[2025-12-20 14:08:01] [INFO] REQ: POST /predict - Status: 200 - Czas: 891.29ms
[2025-12-20 14:08:01] [INFO] REQ: POST /predict - Status: 200 - Czas: 891.29ms
[2025-12-20 14:08:01] [INFO] REQ: POST /predict - Status: 200 - Czas: 891.29ms
[2025-12-20 14:08:01] [INFO] REQ: POST /predict - Status: 200 - Czas: 891.29ms
[2025-12-20 14:08:01] [INFO] REQ: POST /predict - Status: 200 - Czas: 891.29ms
[2025-12-20 14:08:01] [INFO] REQ: POST /predict - Status: 200 - Czas: 729.47ms
[2025-12-20 14:08:01] [INFO] REQ: POST /predict - Status: 200 - Czas: 729.47ms
[2025-12-20 14:08:01] [INFO] REQ: POST /predict - Status: 200 - Czas: 729.47ms
[2025-12-20 14:08:01] [INFO] REQ: POST /predict - Status: 200 - Czas: 728.47ms
[2025-12-20 14:08:01] [INFO] REQ: POST /predict - Status: 200 - Czas: 728.47ms
[2025-12-20 14:08:01] [INFO] REQ: POST /predict - Status: 200 - Czas: 504.73ms
[2025-12-20 14:08:01] [INFO] REQ: POST /predict - Status: 200 - Czas: 503.72ms
[2025-12-20 14:08:01] [INFO] REQ: POST /predict - Status: 200 - Czas: 503.72ms
[2025-12-20 14:08:01] [INFO] REQ: POST /predict - Status: 200 - Czas: 503.72ms
[2025-12-20 14:08:01] [INFO] REQ: POST /predict - Status: 200 - Czas: 503.72ms
[2025-12-20 14:08:01] [INFO] REQ: POST /predict - Status: 200 - Czas: 523.27ms
[2025-12-20 14:08:01] [INFO] REQ: POST /predict - Status: 200 - Czas: 524.27ms
[2025-12-20 14:08:01] [INFO] REQ: POST /predict - Status: 200 - Czas: 524.27ms
[2025-12-20 14:08:01] [INFO] REQ: POST /predict - Status: 200 - Czas: 524.27ms
[2025-12-20 14:08:01] [INFO] REQ: POST /predict - Status: 200 - Czas: 524.27ms
[2025-12-20 14:08:01] [INFO] REQ: POST /predict - Status: 200 - Czas: 524.27ms
[2025-12-20 14:08:01] [INFO] REQ: POST /predict - Status: 200 - Czas: 762.65ms
[2025-12-20 14:08:01] [INFO] REQ: POST /predict - Status: 200 - Czas: 762.65ms
[2025-12-20 14:08:01] [INFO] REQ: POST /predict - Status: 200 - Czas: 762.66ms
[2025-12-20 14:08:01] [INFO] REQ: POST /predict - Status: 200 - Czas: 762.66ms
[2025-12-20 14:08:01] [INFO] REQ: POST /predict - Status: 200 - Czas: 762.66ms
[2025-12-20 14:08:01] [INFO] REQ: POST /predict - Status: 200 - Czas: 762.66ms
[2025-12-20 14:08:01] [INFO] REQ: POST /predict - Status: 200 - Czas: 762.66ms
[2025-12-20 14:08:01] [INFO] REQ: POST /predict - Status: 200 - Czas: 762.66ms
[2025-12-20 14:08:02] [INFO] REQ: POST /predict - Status: 200 - Czas: 943.76ms
[2025-12-20 14:08:02] [INFO] REQ: POST /predict - Status: 200 - Czas: 943.76ms
[2025-12-20 14:08:02] [INFO] REQ: POST /predict - Status: 200 - Czas: 943.76ms
[2025-12-20 14:08:02] [INFO] REQ: POST /predict - Status: 200 - Czas: 944.76ms
[2025-12-20 14:08:02] [INFO] REQ: POST /predict - Status: 200 - Czas: 944.76ms
[2025-12-20 14:08:02] [INFO] REQ: POST /predict - Status: 200 - Czas: 944.76ms
[2025-12-20 14:08:02] [INFO] REQ: POST /predict - Status: 200 - Czas: 944.76ms
[2025-12-20 14:08:02] [INFO] REQ: POST /predict - Status: 200 - Czas: 944.76ms
[2025-12-20 14:08:02] [INFO] REQ: POST /predict - Status: 200 - Czas: 944.76ms
[2025-12-20 14:08:02] [INFO] REQ: POST /predict - Status: 200 - Czas: 944.76ms
[2025-12-20 14:08:02] [INFO] REQ: POST /predict - Status: 200 - Czas: 945.76ms
[2025-12-20 14:08:02] [INFO] REQ: POST /predict - Status: 200 - Czas: 945.76ms
[2025-12-20 14:08:02] [INFO] REQ: POST /predict - Status: 200 - Czas: 945.76ms
[2025-12-20 14:08:02] [INFO] REQ: POST /predict - Status: 200 - Czas: 945.76ms
[2025-12-20 14:08:02] [INFO] REQ: POST /predict - Status: 200 - Czas: 945.76ms
[2025-12-20 14:08:02] [INFO] REQ: POST /predict - Status: 200 - Czas: 945.76ms
[2025-12-20 14:08:02] [INFO] REQ: POST /predict - Status: 200 - Czas: 945.76ms
[2025-12-20 14:08:02] [INFO] REQ: POST /predict - Status: 200 - Czas: 945.76ms
[2025-12-20 14:08:02] [INFO] REQ: POST /predict - Status: 200 - Czas: 945.76ms
[2025-12-20 14:08:02] [INFO] REQ: POST /predict - Status: 200 - Czas: 946.76ms
[2025-12-20 14:08:02] [INFO] REQ: POST /predict - Status: 200 - Czas: 946.76ms
[2025-12-20 14:08:02] [INFO] REQ: POST /predict - Status: 200 - Czas: 946.76ms
[2025-12-20 14:08:02] [INFO] REQ: POST /predict - Status: 200 - Czas: 946.76ms
[2025-12-20 14:08:02] [INFO] REQ: POST /predict - Status: 200 - Czas: 1208.95ms
[2025-12-20 14:08:02] [INFO] REQ: POST /predict - Status: 200 - Czas: 1208.95ms
[2025-12-20 14:08:02] [INFO] REQ: POST /predict - Status: 200 - Czas: 1208.50ms
[2025-12-20 14:08:02] [INFO] REQ: POST /predict - Status: 200 - Czas: 1208.50ms
[2025-12-20 14:08:02] [INFO] REQ: POST /predict - Status: 200 - Czas: 1208.50ms
[2025-12-20 14:08:02] [INFO] REQ: POST /predict - Status: 200 - Czas: 1208.50ms
[2025-12-20 14:08:02] [INFO] REQ: POST /predict - Status: 200 - Czas: 1209.01ms
[2025-12-20 14:08:02] [INFO] REQ: POST /predict - Status: 200 - Czas: 1209.01ms
[2025-12-20 14:08:02] [INFO] REQ: POST /predict - Status: 200 - Czas: 1209.01ms
[2025-12-20 14:08:02] [INFO] REQ: POST /predict - Status: 200 - Czas: 1207.51ms
[2025-12-20 14:08:02] [INFO] REQ: POST /predict - Status: 200 - Czas: 1207.51ms
[2025-12-20 14:08:02] [INFO] REQ: POST /predict - Status: 200 - Czas: 1207.51ms
[2025-12-20 14:08:02] [INFO] REQ: POST /predict - Status: 200 - Czas: 1207.51ms
[2025-12-20 14:08:02] [INFO] REQ: POST /predict - Status: 200 - Czas: 1207.51ms
[2025-12-20 14:08:02] [INFO] REQ: POST /predict - Status: 200 - Czas: 1207.51ms
[2025-12-20 14:08:02] [INFO] REQ: POST /predict - Status: 200 - Czas: 1207.51ms
[2025-12-20 14:08:02] [INFO] REQ: POST /predict - Status: 200 - Czas: 1197.92ms
[2025-12-20 14:08:02] [INFO] REQ: POST /predict - Status: 200 - Czas: 1196.89ms
[2025-12-20 14:08:02] [INFO] REQ: POST /predict - Status: 200 - Czas: 1197.89ms
[2025-12-20 14:08:02] [INFO] REQ: POST /predict - Status: 200 - Czas: 1197.89ms
[2025-12-20 14:08:02] [INFO] REQ: POST /predict - Status: 200 - Czas: 1197.89ms
[2025-12-20 14:08:02] [INFO] REQ: POST /predict - Status: 200 - Czas: 1197.89ms
[2025-12-20 14:08:02] [INFO] REQ: POST /predict - Status: 200 - Czas: 1197.89ms
[2025-12-20 14:08:02] [INFO] REQ: POST /predict - Status: 200 - Czas: 1197.89ms
[2025-12-20 14:08:02] [INFO] REQ: POST /predict - Status: 200 - Czas: 1197.89ms
[2025-12-20 14:08:02] [INFO] REQ: POST /predict - Status: 200 - Czas: 1197.89ms
[2025-12-20 14:08:02] [INFO] REQ: POST /predict - Status: 200 - Czas: 1197.89ms
[2025-12-20 14:08:02] [INFO] REQ: POST /predict - Status: 200 - Czas: 1197.89ms
[2025-12-20 14:08:02] [INFO] REQ: POST /predict - Status: 200 - Czas: 1197.89ms
[2025-12-20 14:08:02] [INFO] REQ: POST /predict - Status: 200 - Czas: 1196.38ms
[2025-12-20 14:08:02] [INFO] REQ: POST /predict - Status: 200 - Czas: 1196.38ms
[2025-12-20 14:08:02] [INFO] REQ: POST /predict - Status: 200 - Czas: 1197.89ms
[2025-12-20 14:08:02] [INFO] REQ: POST /predict - Status: 200 - Czas: 1197.89ms
[2025-12-20 14:08:02] [INFO] REQ: POST /predict - Status: 200 - Czas: 1197.89ms
[2025-12-20 14:08:02] [INFO] REQ: POST /predict - Status: 200 - Czas: 1197.89ms
[2025-12-20 14:08:02] [INFO] REQ: POST /predict - Status: 200 - Czas: 1197.89ms
[2025-12-20 14:08:02] [INFO] REQ: POST /predict - Status: 200 - Czas: 1197.89ms
[2025-12-20 14:08:02] [INFO] REQ: POST /predict - Status: 200 - Czas: 1197.87ms
[2025-12-20 14:08:02] [INFO] REQ: POST /predict - Status: 200 - Czas: 1197.87ms
[2025-12-20 14:08:02] [INFO] REQ: POST /predict - Status: 200 - Czas: 1197.87ms
[2025-12-20 14:08:02] [INFO] REQ: POST /predict - Status: 200 - Czas: 1197.87ms
[2025-12-20 14:08:02] [INFO] REQ: POST /predict - Status: 200 - Czas: 1198.87ms
[2025-12-20 14:08:02] [INFO] REQ: POST /predict - Status: 200 - Czas: 1166.65ms
[2025-12-20 14:08:02] [INFO] REQ: POST /predict - Status: 200 - Czas: 1166.65ms
[2025-12-20 14:08:02] [INFO] REQ: POST /predict - Status: 200 - Czas: 1165.65ms
[2025-12-20 14:08:02] [INFO] REQ: POST /predict - Status: 200 - Czas: 1166.65ms
[2025-12-20 14:08:02] [INFO] REQ: POST /predict - Status: 200 - Czas: 1166.65ms
[2025-12-20 14:08:02] [INFO] REQ: POST /predict - Status: 200 - Czas: 1166.65ms
[2025-12-20 14:08:02] [INFO] REQ: POST /predict - Status: 200 - Czas: 938.05ms
[2025-12-20 14:08:02] [INFO] REQ: POST /predict - Status: 200 - Czas: 938.05ms
[2025-12-20 14:08:02] [INFO] REQ: POST /predict - Status: 200 - Czas: 938.05ms
[2025-12-20 14:08:02] [INFO] REQ: POST /predict - Status: 200 - Czas: 938.05ms
[2025-12-20 14:08:02] [INFO] REQ: POST /predict - Status: 200 - Czas: 938.05ms
[2025-12-20 14:08:03] [INFO] REQ: POST /predict - Status: 200 - Czas: 816.62ms
[2025-12-20 14:08:03] [INFO] REQ: POST /predict - Status: 200 - Czas: 817.13ms
[2025-12-20 14:08:03] [INFO] REQ: POST /predict - Status: 200 - Czas: 817.13ms
[2025-12-20 14:08:03] [INFO] REQ: POST /predict - Status: 200 - Czas: 817.13ms
[2025-12-20 14:08:03] [INFO] REQ: POST /predict - Status: 200 - Czas: 817.13ms
[2025-12-20 14:08:03] [INFO] REQ: POST /predict - Status: 200 - Czas: 556.28ms
[2025-12-20 14:08:03] [INFO] REQ: POST /predict - Status: 200 - Czas: 556.28ms
[2025-12-20 14:08:03] [INFO] REQ: POST /predict - Status: 200 - Czas: 556.28ms
[2025-12-20 14:08:03] [INFO] REQ: POST /predict - Status: 200 - Czas: 556.28ms
[2025-12-20 14:08:03] [INFO] REQ: POST /predict - Status: 200 - Czas: 556.28ms
[2025-12-20 14:08:03] [INFO] REQ: POST /predict - Status: 200 - Czas: 603.11ms
[2025-12-20 14:08:03] [INFO] REQ: POST /predict - Status: 200 - Czas: 604.11ms
[2025-12-20 14:08:03] [INFO] REQ: POST /predict - Status: 200 - Czas: 604.11ms
[2025-12-20 14:08:03] [INFO] REQ: POST /predict - Status: 200 - Czas: 604.11ms
[2025-12-20 14:08:03] [INFO] REQ: POST /predict - Status: 200 - Czas: 602.61ms
[2025-12-20 14:08:03] [INFO] REQ: POST /predict - Status: 200 - Czas: 602.61ms
[2025-12-20 14:08:03] [INFO] REQ: POST /predict - Status: 200 - Czas: 846.72ms
[2025-12-20 14:08:03] [INFO] REQ: POST /predict - Status: 200 - Czas: 846.72ms
[2025-12-20 14:08:03] [INFO] REQ: POST /predict - Status: 200 - Czas: 846.72ms
[2025-12-20 14:08:03] [INFO] REQ: POST /predict - Status: 200 - Czas: 846.72ms
[2025-12-20 14:08:03] [INFO] REQ: POST /predict - Status: 200 - Czas: 847.73ms
[2025-12-20 14:08:03] [INFO] REQ: POST /predict - Status: 200 - Czas: 847.73ms
[2025-12-20 14:08:03] [INFO] REQ: POST /predict - Status: 200 - Czas: 847.73ms
[2025-12-20 14:08:03] [INFO] REQ: POST /predict - Status: 200 - Czas: 847.73ms
[2025-12-20 14:08:03] [INFO] REQ: POST /predict - Status: 200 - Czas: 983.07ms
[2025-12-20 14:08:03] [INFO] REQ: POST /predict - Status: 200 - Czas: 983.07ms
[2025-12-20 14:08:03] [INFO] REQ: POST /predict - Status: 200 - Czas: 983.07ms
[2025-12-20 14:08:03] [INFO] REQ: POST /predict - Status: 200 - Czas: 983.07ms
[2025-12-20 14:08:03] [INFO] REQ: POST /predict - Status: 200 - Czas: 984.08ms
[2025-12-20 14:08:03] [INFO] REQ: POST /predict - Status: 200 - Czas: 984.08ms
[2025-12-20 14:08:03] [INFO] REQ: POST /predict - Status: 200 - Czas: 984.08ms
[2025-12-20 14:08:03] [INFO] REQ: POST /predict - Status: 200 - Czas: 984.08ms
[2025-12-20 14:08:03] [INFO] REQ: POST /predict - Status: 200 - Czas: 984.08ms
[2025-12-20 14:08:03] [INFO] REQ: POST /predict - Status: 200 - Czas: 984.08ms
[2025-12-20 14:08:03] [INFO] REQ: POST /predict - Status: 200 - Czas: 984.08ms
[2025-12-20 14:08:03] [INFO] REQ: POST /predict - Status: 200 - Czas: 984.08ms
[2025-12-20 14:08:03] [INFO] REQ: POST /predict - Status: 200 - Czas: 985.07ms
[2025-12-20 14:08:03] [INFO] REQ: POST /predict - Status: 200 - Czas: 985.07ms
[2025-12-20 14:08:03] [INFO] REQ: POST /predict - Status: 200 - Czas: 985.07ms
[2025-12-20 14:08:03] [INFO] REQ: POST /predict - Status: 200 - Czas: 985.07ms
[2025-12-20 14:08:03] [INFO] REQ: POST /predict - Status: 200 - Czas: 985.07ms
[2025-12-20 14:08:03] [INFO] REQ: POST /predict - Status: 200 - Czas: 985.07ms
[2025-12-20 14:08:03] [INFO] REQ: POST /predict - Status: 200 - Czas: 985.07ms
[2025-12-20 14:08:03] [INFO] REQ: POST /predict - Status: 200 - Czas: 983.57ms
[2025-12-20 14:08:03] [INFO] REQ: POST /predict - Status: 200 - Czas: 983.57ms
[2025-12-20 14:08:03] [INFO] REQ: POST /predict - Status: 200 - Czas: 983.57ms
[2025-12-20 14:08:03] [INFO] REQ: POST /predict - Status: 200 - Czas: 983.57ms
[2025-12-20 14:08:04] [INFO] REQ: POST /predict - Status: 200 - Czas: 1186.35ms
[2025-12-20 14:08:04] [INFO] REQ: POST /predict - Status: 200 - Czas: 1186.35ms
[2025-12-20 14:08:04] [INFO] REQ: POST /predict - Status: 200 - Czas: 1186.35ms
[2025-12-20 14:08:04] [INFO] REQ: POST /predict - Status: 200 - Czas: 1187.35ms
[2025-12-20 14:08:04] [INFO] REQ: POST /predict - Status: 200 - Czas: 1187.35ms
[2025-12-20 14:08:04] [INFO] REQ: POST /predict - Status: 200 - Czas: 1187.35ms
[2025-12-20 14:08:04] [INFO] REQ: POST /predict - Status: 200 - Czas: 1187.35ms
[2025-12-20 14:08:04] [INFO] REQ: POST /predict - Status: 200 - Czas: 1187.35ms
[2025-12-20 14:08:04] [INFO] REQ: POST /predict - Status: 200 - Czas: 1187.35ms
[2025-12-20 14:08:04] [INFO] REQ: POST /predict - Status: 200 - Czas: 1187.35ms
[2025-12-20 14:08:04] [INFO] REQ: POST /predict - Status: 200 - Czas: 1187.35ms
[2025-12-20 14:08:04] [INFO] REQ: POST /predict - Status: 200 - Czas: 1188.35ms
[2025-12-20 14:08:04] [INFO] REQ: POST /predict - Status: 200 - Czas: 1188.35ms
[2025-12-20 14:08:04] [INFO] REQ: POST /predict - Status: 200 - Czas: 1188.35ms
[2025-12-20 14:08:04] [INFO] REQ: POST /predict - Status: 200 - Czas: 1188.35ms
[2025-12-20 14:08:04] [INFO] REQ: POST /predict - Status: 200 - Czas: 1188.35ms
[2025-12-20 14:08:04] [INFO] REQ: POST /predict - Status: 200 - Czas: 1150.91ms
[2025-12-20 14:08:04] [INFO] REQ: POST /predict - Status: 200 - Czas: 1150.88ms
[2025-12-20 14:08:04] [INFO] REQ: POST /predict - Status: 200 - Czas: 1150.88ms
[2025-12-20 14:08:04] [INFO] REQ: POST /predict - Status: 200 - Czas: 1150.88ms
[2025-12-20 14:08:04] [INFO] REQ: POST /predict - Status: 200 - Czas: 1150.88ms
[2025-12-20 14:08:04] [INFO] REQ: POST /predict - Status: 200 - Czas: 1151.40ms
[2025-12-20 14:08:04] [INFO] REQ: POST /predict - Status: 200 - Czas: 1151.40ms
[2025-12-20 14:08:04] [INFO] REQ: POST /predict - Status: 200 - Czas: 1151.40ms
[2025-12-20 14:08:04] [INFO] REQ: POST /predict - Status: 200 - Czas: 1151.40ms
[2025-12-20 14:08:04] [INFO] REQ: POST /predict - Status: 200 - Czas: 1151.92ms
[2025-12-20 14:08:04] [INFO] REQ: POST /predict - Status: 200 - Czas: 1151.92ms
[2025-12-20 14:08:04] [INFO] REQ: POST /predict - Status: 200 - Czas: 1151.92ms
[2025-12-20 14:08:04] [INFO] REQ: POST /predict - Status: 200 - Czas: 1151.92ms
[2025-12-20 14:08:04] [INFO] REQ: POST /predict - Status: 200 - Czas: 1152.49ms
[2025-12-20 14:08:04] [INFO] REQ: POST /predict - Status: 200 - Czas: 1152.49ms
[2025-12-20 14:08:04] [INFO] REQ: POST /predict - Status: 200 - Czas: 1152.49ms
[2025-12-20 14:08:04] [INFO] REQ: POST /predict - Status: 200 - Czas: 1152.49ms
[2025-12-20 14:08:04] [INFO] REQ: POST /predict - Status: 200 - Czas: 1153.02ms
[2025-12-20 14:08:04] [INFO] REQ: POST /predict - Status: 200 - Czas: 1153.02ms
[2025-12-20 14:08:04] [INFO] REQ: POST /predict - Status: 200 - Czas: 1153.02ms
[2025-12-20 14:08:04] [INFO] REQ: POST /predict - Status: 200 - Czas: 1153.02ms
[2025-12-20 14:08:04] [INFO] REQ: POST /predict - Status: 200 - Czas: 1149.95ms
[2025-12-20 14:08:04] [INFO] REQ: POST /predict - Status: 200 - Czas: 1149.95ms
[2025-12-20 14:08:04] [INFO] REQ: POST /predict - Status: 200 - Czas: 1149.95ms
[2025-12-20 14:08:04] [INFO] REQ: POST /predict - Status: 200 - Czas: 1149.95ms
[2025-12-20 14:08:04] [INFO] REQ: POST /predict - Status: 200 - Czas: 1149.95ms
[2025-12-20 14:08:04] [INFO] REQ: POST /predict - Status: 200 - Czas: 1120.71ms
[2025-12-20 14:08:04] [INFO] REQ: POST /predict - Status: 200 - Czas: 1121.72ms
[2025-12-20 14:08:04] [INFO] REQ: POST /predict - Status: 200 - Czas: 1121.21ms
[2025-12-20 14:08:04] [INFO] REQ: POST /predict - Status: 200 - Czas: 1121.21ms
[2025-12-20 14:08:04] [INFO] REQ: POST /predict - Status: 200 - Czas: 1121.21ms
[2025-12-20 14:08:04] [INFO] REQ: POST /predict - Status: 200 - Czas: 1121.21ms
[2025-12-20 14:08:04] [INFO] REQ: POST /predict - Status: 200 - Czas: 859.39ms
[2025-12-20 14:08:04] [INFO] REQ: POST /predict - Status: 200 - Czas: 859.39ms
[2025-12-20 14:08:04] [INFO] REQ: POST /predict - Status: 200 - Czas: 859.39ms
[2025-12-20 14:08:04] [INFO] REQ: POST /predict - Status: 200 - Czas: 859.39ms
[2025-12-20 14:08:04] [INFO] REQ: POST /predict - Status: 200 - Czas: 859.39ms
[2025-12-20 14:08:04] [INFO] REQ: POST /predict - Status: 200 - Czas: 717.97ms
[2025-12-20 14:08:04] [INFO] REQ: POST /predict - Status: 200 - Czas: 718.97ms
[2025-12-20 14:08:04] [INFO] REQ: POST /predict - Status: 200 - Czas: 718.97ms
[2025-12-20 14:08:04] [INFO] REQ: POST /predict - Status: 200 - Czas: 718.97ms
[2025-12-20 14:08:04] [ERROR] Exception in ASGI application
Traceback (most recent call last):
  File "D:\Programming Projects\ml-docker-performance\.venv\Lib\site-packages\starlette\_exception_handler.py", line 42, in wrapped_app
    await app(scope, receive, sender)
  File "D:\Programming Projects\ml-docker-performance\.venv\Lib\site-packages\fastapi\routing.py", line 106, in app
    response = await f(request)
               ^^^^^^^^^^^^^^^^
  File "D:\Programming Projects\ml-docker-performance\.venv\Lib\site-packages\fastapi\routing.py", line 472, in app
    raise validation_error
fastapi.exceptions.RequestValidationError: 1 validation error:
  {'type': 'string_type', 'loc': ('body', 'text'), 'msg': 'Input should be a valid string', 'input': nan}

  File "D:\Programming Projects\ml-docker-performance\app\server_fastapi.py", line 60, in predict_endpoint
    POST /predict

The above exception was the direct cause of the following exception:

Traceback (most recent call last):
  File "D:\Programming Projects\ml-docker-performance\.venv\Lib\site-packages\uvicorn\protocols\http\httptools_impl.py", line 409, in run_asgi
    result = await app(  # type: ignore[func-returns-value]
             ^^^^^^^^^^^^^^^^^^^^^^^^^^^^^^^^^^^^^^^^^^^^^^
  File "D:\Programming Projects\ml-docker-performance\.venv\Lib\site-packages\uvicorn\middleware\proxy_headers.py", line 60, in __call__
    return await self.app(scope, receive, send)
           ^^^^^^^^^^^^^^^^^^^^^^^^^^^^^^^^^^^^
  File "D:\Programming Projects\ml-docker-performance\.venv\Lib\site-packages\fastapi\applications.py", line 1139, in __call__
    await super().__call__(scope, receive, send)
  File "D:\Programming Projects\ml-docker-performance\.venv\Lib\site-packages\starlette\applications.py", line 107, in __call__
    await self.middleware_stack(scope, receive, send)
  File "D:\Programming Projects\ml-docker-performance\.venv\Lib\site-packages\starlette\middleware\errors.py", line 186, in __call__
    raise exc
  File "D:\Programming Projects\ml-docker-performance\.venv\Lib\site-packages\starlette\middleware\errors.py", line 164, in __call__
    await self.app(scope, receive, _send)
  File "D:\Programming Projects\ml-docker-performance\.venv\Lib\site-packages\starlette\middleware\base.py", line 191, in __call__
    with recv_stream, send_stream, collapse_excgroups():
  File "C:\Users\admin\AppData\Local\Programs\Python\Python312\Lib\contextlib.py", line 158, in __exit__
    self.gen.throw(value)
  File "D:\Programming Projects\ml-docker-performance\.venv\Lib\site-packages\starlette\_utils.py", line 85, in collapse_excgroups
    raise exc
  File "D:\Programming Projects\ml-docker-performance\.venv\Lib\site-packages\starlette\middleware\base.py", line 193, in __call__
    response = await self.dispatch_func(request, call_next)
               ^^^^^^^^^^^^^^^^^^^^^^^^^^^^^^^^^^^^^^^^^^^^
  File "D:\Programming Projects\ml-docker-performance\app\server_fastapi.py", line 41, in log_requests
    response: Response = await call_next(request)
                         ^^^^^^^^^^^^^^^^^^^^^^^^
  File "D:\Programming Projects\ml-docker-performance\.venv\Lib\site-packages\starlette\middleware\base.py", line 168, in call_next
    raise app_exc from app_exc.__cause__ or app_exc.__context__
  File "D:\Programming Projects\ml-docker-performance\.venv\Lib\site-packages\starlette\middleware\base.py", line 144, in coro
    await self.app(scope, receive_or_disconnect, send_no_error)
  File "D:\Programming Projects\ml-docker-performance\.venv\Lib\site-packages\starlette\middleware\exceptions.py", line 63, in __call__
    await wrap_app_handling_exceptions(self.app, conn)(scope, receive, send)
  File "D:\Programming Projects\ml-docker-performance\.venv\Lib\site-packages\starlette\_exception_handler.py", line 53, in wrapped_app
    raise exc
  File "D:\Programming Projects\ml-docker-performance\.venv\Lib\site-packages\starlette\_exception_handler.py", line 42, in wrapped_app
    await app(scope, receive, sender)
  File "D:\Programming Projects\ml-docker-performance\.venv\Lib\site-packages\fastapi\middleware\asyncexitstack.py", line 18, in __call__
    await self.app(scope, receive, send)
  File "D:\Programming Projects\ml-docker-performance\.venv\Lib\site-packages\starlette\routing.py", line 716, in __call__
    await self.middleware_stack(scope, receive, send)
  File "D:\Programming Projects\ml-docker-performance\.venv\Lib\site-packages\starlette\routing.py", line 736, in app
    await route.handle(scope, receive, send)
  File "D:\Programming Projects\ml-docker-performance\.venv\Lib\site-packages\starlette\routing.py", line 290, in handle
    await self.app(scope, receive, send)
  File "D:\Programming Projects\ml-docker-performance\.venv\Lib\site-packages\fastapi\routing.py", line 120, in app
    await wrap_app_handling_exceptions(app, request)(scope, receive, send)
  File "D:\Programming Projects\ml-docker-performance\.venv\Lib\site-packages\starlette\_exception_handler.py", line 59, in wrapped_app
    response = await handler(conn, exc)
               ^^^^^^^^^^^^^^^^^^^^^^^^
  File "D:\Programming Projects\ml-docker-performance\.venv\Lib\site-packages\fastapi\exception_handlers.py", line 23, in request_validation_exception_handler
    return JSONResponse(
           ^^^^^^^^^^^^^
  File "D:\Programming Projects\ml-docker-performance\.venv\Lib\site-packages\starlette\responses.py", line 189, in __init__
    super().__init__(content, status_code, headers, media_type, background)
  File "D:\Programming Projects\ml-docker-performance\.venv\Lib\site-packages\starlette\responses.py", line 46, in __init__
    self.body = self.render(content)
                ^^^^^^^^^^^^^^^^^^^^
  File "D:\Programming Projects\ml-docker-performance\.venv\Lib\site-packages\starlette\responses.py", line 192, in render
    return json.dumps(
           ^^^^^^^^^^^
  File "C:\Users\admin\AppData\Local\Programs\Python\Python312\Lib\json\__init__.py", line 238, in dumps
    **kw).encode(obj)
          ^^^^^^^^^^^
  File "C:\Users\admin\AppData\Local\Programs\Python\Python312\Lib\json\encoder.py", line 200, in encode
    chunks = self.iterencode(o, _one_shot=True)
             ^^^^^^^^^^^^^^^^^^^^^^^^^^^^^^^^^^
  File "C:\Users\admin\AppData\Local\Programs\Python\Python312\Lib\json\encoder.py", line 258, in iterencode
    return _iterencode(o, 0)
           ^^^^^^^^^^^^^^^^^
ValueError: Out of range float values are not JSON compliant: nan
[2025-12-20 14:08:04] [INFO] REQ: POST /predict - Status: 200 - Czas: 493.70ms
[2025-12-20 14:08:04] [INFO] REQ: POST /predict - Status: 200 - Czas: 493.70ms
[2025-12-20 14:08:04] [INFO] REQ: POST /predict - Status: 200 - Czas: 493.70ms
[2025-12-20 14:08:04] [INFO] REQ: POST /predict - Status: 200 - Czas: 494.70ms
[2025-12-20 14:08:04] [INFO] REQ: POST /predict - Status: 200 - Czas: 494.70ms
[2025-12-20 14:08:04] [INFO] REQ: POST /predict - Status: 200 - Czas: 536.19ms
[2025-12-20 14:08:04] [INFO] REQ: POST /predict - Status: 200 - Czas: 536.19ms
[2025-12-20 14:08:04] [INFO] REQ: POST /predict - Status: 200 - Czas: 535.65ms
[2025-12-20 14:08:04] [INFO] REQ: POST /predict - Status: 200 - Czas: 535.65ms
[2025-12-20 14:08:04] [INFO] REQ: POST /predict - Status: 200 - Czas: 535.65ms
[2025-12-20 14:08:04] [INFO] REQ: POST /predict - Status: 200 - Czas: 536.66ms
[2025-12-20 14:08:05] [INFO] REQ: POST /predict - Status: 200 - Czas: 746.05ms
[2025-12-20 14:08:05] [INFO] REQ: POST /predict - Status: 200 - Czas: 746.05ms
[2025-12-20 14:08:05] [INFO] REQ: POST /predict - Status: 200 - Czas: 746.05ms
[2025-12-20 14:08:05] [INFO] REQ: POST /predict - Status: 200 - Czas: 746.05ms
[2025-12-20 14:08:05] [INFO] REQ: POST /predict - Status: 200 - Czas: 747.05ms
[2025-12-20 14:08:05] [INFO] REQ: POST /predict - Status: 200 - Czas: 747.05ms
[2025-12-20 14:08:05] [INFO] REQ: POST /predict - Status: 200 - Czas: 747.05ms
[2025-12-20 14:08:05] [INFO] REQ: POST /predict - Status: 200 - Czas: 747.05ms
[2025-12-20 14:08:05] [INFO] REQ: POST /predict - Status: 200 - Czas: 877.36ms
[2025-12-20 14:08:05] [INFO] REQ: POST /predict - Status: 200 - Czas: 877.36ms
[2025-12-20 14:08:05] [INFO] REQ: POST /predict - Status: 200 - Czas: 877.36ms
[2025-12-20 14:08:05] [INFO] REQ: POST /predict - Status: 200 - Czas: 878.36ms
[2025-12-20 14:08:05] [INFO] REQ: POST /predict - Status: 200 - Czas: 878.36ms
[2025-12-20 14:08:05] [INFO] REQ: POST /predict - Status: 200 - Czas: 878.36ms
[2025-12-20 14:08:05] [INFO] REQ: POST /predict - Status: 200 - Czas: 878.36ms
[2025-12-20 14:08:05] [INFO] REQ: POST /predict - Status: 200 - Czas: 878.36ms
[2025-12-20 14:08:05] [ERROR] Exception in ASGI application
Traceback (most recent call last):
  File "D:\Programming Projects\ml-docker-performance\.venv\Lib\site-packages\starlette\_exception_handler.py", line 42, in wrapped_app
    await app(scope, receive, sender)
  File "D:\Programming Projects\ml-docker-performance\.venv\Lib\site-packages\fastapi\routing.py", line 106, in app
    response = await f(request)
               ^^^^^^^^^^^^^^^^
  File "D:\Programming Projects\ml-docker-performance\.venv\Lib\site-packages\fastapi\routing.py", line 472, in app
    raise validation_error
fastapi.exceptions.RequestValidationError: 1 validation error:
  {'type': 'string_type', 'loc': ('body', 'text'), 'msg': 'Input should be a valid string', 'input': nan}

  File "D:\Programming Projects\ml-docker-performance\app\server_fastapi.py", line 60, in predict_endpoint
    POST /predict

The above exception was the direct cause of the following exception:

Traceback (most recent call last):
  File "D:\Programming Projects\ml-docker-performance\.venv\Lib\site-packages\uvicorn\protocols\http\httptools_impl.py", line 409, in run_asgi
    result = await app(  # type: ignore[func-returns-value]
             ^^^^^^^^^^^^^^^^^^^^^^^^^^^^^^^^^^^^^^^^^^^^^^
  File "D:\Programming Projects\ml-docker-performance\.venv\Lib\site-packages\uvicorn\middleware\proxy_headers.py", line 60, in __call__
    return await self.app(scope, receive, send)
           ^^^^^^^^^^^^^^^^^^^^^^^^^^^^^^^^^^^^
  File "D:\Programming Projects\ml-docker-performance\.venv\Lib\site-packages\fastapi\applications.py", line 1139, in __call__
    await super().__call__(scope, receive, send)
  File "D:\Programming Projects\ml-docker-performance\.venv\Lib\site-packages\starlette\applications.py", line 107, in __call__
    await self.middleware_stack(scope, receive, send)
  File "D:\Programming Projects\ml-docker-performance\.venv\Lib\site-packages\starlette\middleware\errors.py", line 186, in __call__
    raise exc
  File "D:\Programming Projects\ml-docker-performance\.venv\Lib\site-packages\starlette\middleware\errors.py", line 164, in __call__
    await self.app(scope, receive, _send)
  File "D:\Programming Projects\ml-docker-performance\.venv\Lib\site-packages\starlette\middleware\base.py", line 191, in __call__
    with recv_stream, send_stream, collapse_excgroups():
  File "C:\Users\admin\AppData\Local\Programs\Python\Python312\Lib\contextlib.py", line 158, in __exit__
    self.gen.throw(value)
  File "D:\Programming Projects\ml-docker-performance\.venv\Lib\site-packages\starlette\_utils.py", line 85, in collapse_excgroups
    raise exc
  File "D:\Programming Projects\ml-docker-performance\.venv\Lib\site-packages\starlette\middleware\base.py", line 193, in __call__
    response = await self.dispatch_func(request, call_next)
               ^^^^^^^^^^^^^^^^^^^^^^^^^^^^^^^^^^^^^^^^^^^^
  File "D:\Programming Projects\ml-docker-performance\app\server_fastapi.py", line 41, in log_requests
    response: Response = await call_next(request)
                         ^^^^^^^^^^^^^^^^^^^^^^^^
  File "D:\Programming Projects\ml-docker-performance\.venv\Lib\site-packages\starlette\middleware\base.py", line 168, in call_next
    raise app_exc from app_exc.__cause__ or app_exc.__context__
  File "D:\Programming Projects\ml-docker-performance\.venv\Lib\site-packages\starlette\middleware\base.py", line 144, in coro
    await self.app(scope, receive_or_disconnect, send_no_error)
  File "D:\Programming Projects\ml-docker-performance\.venv\Lib\site-packages\starlette\middleware\exceptions.py", line 63, in __call__
    await wrap_app_handling_exceptions(self.app, conn)(scope, receive, send)
  File "D:\Programming Projects\ml-docker-performance\.venv\Lib\site-packages\starlette\_exception_handler.py", line 53, in wrapped_app
    raise exc
  File "D:\Programming Projects\ml-docker-performance\.venv\Lib\site-packages\starlette\_exception_handler.py", line 42, in wrapped_app
    await app(scope, receive, sender)
  File "D:\Programming Projects\ml-docker-performance\.venv\Lib\site-packages\fastapi\middleware\asyncexitstack.py", line 18, in __call__
    await self.app(scope, receive, send)
  File "D:\Programming Projects\ml-docker-performance\.venv\Lib\site-packages\starlette\routing.py", line 716, in __call__
    await self.middleware_stack(scope, receive, send)
  File "D:\Programming Projects\ml-docker-performance\.venv\Lib\site-packages\starlette\routing.py", line 736, in app
    await route.handle(scope, receive, send)
  File "D:\Programming Projects\ml-docker-performance\.venv\Lib\site-packages\starlette\routing.py", line 290, in handle
    await self.app(scope, receive, send)
  File "D:\Programming Projects\ml-docker-performance\.venv\Lib\site-packages\fastapi\routing.py", line 120, in app
    await wrap_app_handling_exceptions(app, request)(scope, receive, send)
  File "D:\Programming Projects\ml-docker-performance\.venv\Lib\site-packages\starlette\_exception_handler.py", line 59, in wrapped_app
    response = await handler(conn, exc)
               ^^^^^^^^^^^^^^^^^^^^^^^^
  File "D:\Programming Projects\ml-docker-performance\.venv\Lib\site-packages\fastapi\exception_handlers.py", line 23, in request_validation_exception_handler
    return JSONResponse(
           ^^^^^^^^^^^^^
  File "D:\Programming Projects\ml-docker-performance\.venv\Lib\site-packages\starlette\responses.py", line 189, in __init__
    super().__init__(content, status_code, headers, media_type, background)
  File "D:\Programming Projects\ml-docker-performance\.venv\Lib\site-packages\starlette\responses.py", line 46, in __init__
    self.body = self.render(content)
                ^^^^^^^^^^^^^^^^^^^^
  File "D:\Programming Projects\ml-docker-performance\.venv\Lib\site-packages\starlette\responses.py", line 192, in render
    return json.dumps(
           ^^^^^^^^^^^
  File "C:\Users\admin\AppData\Local\Programs\Python\Python312\Lib\json\__init__.py", line 238, in dumps
    **kw).encode(obj)
          ^^^^^^^^^^^
  File "C:\Users\admin\AppData\Local\Programs\Python\Python312\Lib\json\encoder.py", line 200, in encode
    chunks = self.iterencode(o, _one_shot=True)
             ^^^^^^^^^^^^^^^^^^^^^^^^^^^^^^^^^^
  File "C:\Users\admin\AppData\Local\Programs\Python\Python312\Lib\json\encoder.py", line 258, in iterencode
    return _iterencode(o, 0)
           ^^^^^^^^^^^^^^^^^
ValueError: Out of range float values are not JSON compliant: nan
[2025-12-20 14:08:05] [INFO] REQ: POST /predict - Status: 200 - Czas: 880.86ms
[2025-12-20 14:08:05] [INFO] REQ: POST /predict - Status: 200 - Czas: 880.86ms
[2025-12-20 14:08:05] [INFO] REQ: POST /predict - Status: 200 - Czas: 880.86ms
[2025-12-20 14:08:05] [INFO] REQ: POST /predict - Status: 200 - Czas: 880.86ms
[2025-12-20 14:08:05] [INFO] REQ: POST /predict - Status: 200 - Czas: 879.35ms
[2025-12-20 14:08:05] [INFO] REQ: POST /predict - Status: 200 - Czas: 879.35ms
[2025-12-20 14:08:05] [INFO] REQ: POST /predict - Status: 200 - Czas: 879.35ms
[2025-12-20 14:08:05] [INFO] REQ: POST /predict - Status: 200 - Czas: 880.36ms
[2025-12-20 14:08:05] [INFO] REQ: POST /predict - Status: 200 - Czas: 880.36ms
[2025-12-20 14:08:05] [INFO] REQ: POST /predict - Status: 200 - Czas: 880.36ms
[2025-12-20 14:08:05] [INFO] REQ: POST /predict - Status: 200 - Czas: 880.36ms
[2025-12-20 14:08:05] [INFO] REQ: POST /predict - Status: 200 - Czas: 880.36ms
[2025-12-20 14:08:05] [INFO] REQ: POST /predict - Status: 200 - Czas: 880.36ms
[2025-12-20 14:08:05] [INFO] REQ: POST /predict - Status: 200 - Czas: 880.36ms
[2025-12-20 14:08:05] [INFO] REQ: POST /predict - Status: 200 - Czas: 1130.30ms
[2025-12-20 14:08:05] [INFO] REQ: POST /predict - Status: 200 - Czas: 1130.30ms
[2025-12-20 14:08:05] [INFO] REQ: POST /predict - Status: 200 - Czas: 1130.30ms
[2025-12-20 14:08:05] [INFO] REQ: POST /predict - Status: 200 - Czas: 1130.30ms
[2025-12-20 14:08:05] [INFO] REQ: POST /predict - Status: 200 - Czas: 1130.30ms
[2025-12-20 14:08:05] [INFO] REQ: POST /predict - Status: 200 - Czas: 1130.30ms
[2025-12-20 14:08:05] [INFO] REQ: POST /predict - Status: 200 - Czas: 1130.30ms
[2025-12-20 14:08:05] [INFO] REQ: POST /predict - Status: 200 - Czas: 1131.30ms
[2025-12-20 14:08:05] [INFO] REQ: POST /predict - Status: 200 - Czas: 1131.30ms
[2025-12-20 14:08:05] [INFO] REQ: POST /predict - Status: 200 - Czas: 1131.30ms
[2025-12-20 14:08:05] [INFO] REQ: POST /predict - Status: 200 - Czas: 1130.30ms
[2025-12-20 14:08:05] [INFO] REQ: POST /predict - Status: 200 - Czas: 1130.30ms
[2025-12-20 14:08:05] [INFO] REQ: POST /predict - Status: 200 - Czas: 1130.30ms
[2025-12-20 14:08:05] [INFO] REQ: POST /predict - Status: 200 - Czas: 1130.30ms
[2025-12-20 14:08:05] [INFO] REQ: POST /predict - Status: 200 - Czas: 1130.30ms
[2025-12-20 14:08:05] [INFO] REQ: POST /predict - Status: 200 - Czas: 1130.30ms
[2025-12-20 14:08:05] [INFO] REQ: POST /predict - Status: 200 - Czas: 1133.22ms
[2025-12-20 14:08:05] [INFO] REQ: POST /predict - Status: 200 - Czas: 1134.22ms
[2025-12-20 14:08:05] [INFO] REQ: POST /predict - Status: 200 - Czas: 1134.22ms
[2025-12-20 14:08:05] [INFO] REQ: POST /predict - Status: 200 - Czas: 1134.22ms
[2025-12-20 14:08:05] [INFO] REQ: POST /predict - Status: 200 - Czas: 1134.73ms
[2025-12-20 14:08:05] [INFO] REQ: POST /predict - Status: 200 - Czas: 1134.73ms
[2025-12-20 14:08:05] [INFO] REQ: POST /predict - Status: 200 - Czas: 1134.73ms
[2025-12-20 14:08:05] [INFO] REQ: POST /predict - Status: 200 - Czas: 1134.73ms
[2025-12-20 14:08:05] [INFO] REQ: POST /predict - Status: 200 - Czas: 1134.73ms
[2025-12-20 14:08:05] [INFO] REQ: POST /predict - Status: 200 - Czas: 1134.73ms
[2025-12-20 14:08:05] [INFO] REQ: POST /predict - Status: 200 - Czas: 1134.73ms
[2025-12-20 14:08:05] [INFO] REQ: POST /predict - Status: 200 - Czas: 1134.73ms
[2025-12-20 14:08:05] [INFO] REQ: POST /predict - Status: 200 - Czas: 1134.73ms
[2025-12-20 14:08:05] [INFO] REQ: POST /predict - Status: 200 - Czas: 1135.73ms
[2025-12-20 14:08:05] [INFO] REQ: POST /predict - Status: 200 - Czas: 1135.73ms
[2025-12-20 14:08:05] [INFO] REQ: POST /predict - Status: 200 - Czas: 1135.73ms
[2025-12-20 14:08:05] [INFO] REQ: POST /predict - Status: 200 - Czas: 1135.73ms
[2025-12-20 14:08:05] [INFO] REQ: POST /predict - Status: 200 - Czas: 1133.73ms
[2025-12-20 14:08:05] [INFO] REQ: POST /predict - Status: 200 - Czas: 1133.73ms
[2025-12-20 14:08:05] [INFO] REQ: POST /predict - Status: 200 - Czas: 1133.73ms
[2025-12-20 14:08:05] [INFO] REQ: POST /predict - Status: 200 - Czas: 1133.73ms
[2025-12-20 14:08:05] [INFO] REQ: POST /predict - Status: 200 - Czas: 1150.10ms
[2025-12-20 14:08:05] [INFO] REQ: POST /predict - Status: 200 - Czas: 1150.10ms
[2025-12-20 14:08:05] [INFO] REQ: POST /predict - Status: 200 - Czas: 1150.10ms
[2025-12-20 14:08:05] [INFO] REQ: POST /predict - Status: 200 - Czas: 1150.10ms
[2025-12-20 14:08:05] [INFO] REQ: POST /predict - Status: 200 - Czas: 1150.10ms
[2025-12-20 14:08:05] [INFO] REQ: POST /predict - Status: 200 - Czas: 1085.28ms
[2025-12-20 14:08:05] [INFO] REQ: POST /predict - Status: 200 - Czas: 1085.28ms
[2025-12-20 14:08:05] [INFO] REQ: POST /predict - Status: 200 - Czas: 1085.28ms
[2025-12-20 14:08:05] [INFO] REQ: POST /predict - Status: 200 - Czas: 1085.28ms
[2025-12-20 14:08:05] [INFO] REQ: POST /predict - Status: 200 - Czas: 1085.28ms
[2025-12-20 14:08:05] [INFO] REQ: POST /predict - Status: 200 - Czas: 1085.28ms
[2025-12-20 14:08:05] [INFO] REQ: POST /predict - Status: 200 - Czas: 866.47ms
[2025-12-20 14:08:05] [INFO] REQ: POST /predict - Status: 200 - Czas: 866.47ms
[2025-12-20 14:08:05] [INFO] REQ: POST /predict - Status: 200 - Czas: 866.47ms
[2025-12-20 14:08:05] [INFO] REQ: POST /predict - Status: 200 - Czas: 866.47ms
[2025-12-20 14:08:05] [INFO] REQ: POST /predict - Status: 200 - Czas: 866.47ms
[2025-12-20 14:08:05] [INFO] REQ: POST /predict - Status: 200 - Czas: 739.30ms
[2025-12-20 14:08:05] [INFO] REQ: POST /predict - Status: 200 - Czas: 739.30ms
[2025-12-20 14:08:05] [INFO] REQ: POST /predict - Status: 200 - Czas: 739.30ms
[2025-12-20 14:08:05] [INFO] REQ: POST /predict - Status: 200 - Czas: 739.30ms
[2025-12-20 14:08:06] [INFO] REQ: POST /predict - Status: 200 - Czas: 499.20ms
[2025-12-20 14:08:06] [INFO] REQ: POST /predict - Status: 200 - Czas: 498.70ms
[2025-12-20 14:08:06] [INFO] REQ: POST /predict - Status: 200 - Czas: 499.21ms
[2025-12-20 14:08:06] [INFO] REQ: POST /predict - Status: 200 - Czas: 499.21ms
[2025-12-20 14:08:06] [INFO] REQ: POST /predict - Status: 200 - Czas: 499.21ms
[2025-12-20 14:08:06] [INFO] REQ: POST /predict - Status: 200 - Czas: 528.74ms
[2025-12-20 14:08:06] [INFO] REQ: POST /predict - Status: 200 - Czas: 529.75ms
[2025-12-20 14:08:06] [INFO] REQ: POST /predict - Status: 200 - Czas: 528.75ms
[2025-12-20 14:08:06] [INFO] REQ: POST /predict - Status: 200 - Czas: 528.75ms
[2025-12-20 14:08:06] [INFO] REQ: POST /predict - Status: 200 - Czas: 528.75ms
[2025-12-20 14:08:06] [INFO] REQ: POST /predict - Status: 200 - Czas: 529.25ms
[2025-12-20 14:08:06] [INFO] REQ: POST /predict - Status: 200 - Czas: 789.85ms
[2025-12-20 14:08:06] [INFO] REQ: POST /predict - Status: 200 - Czas: 789.85ms
[2025-12-20 14:08:06] [INFO] REQ: POST /predict - Status: 200 - Czas: 789.85ms
[2025-12-20 14:08:06] [INFO] REQ: POST /predict - Status: 200 - Czas: 790.86ms
[2025-12-20 14:08:06] [INFO] REQ: POST /predict - Status: 200 - Czas: 790.86ms
[2025-12-20 14:08:06] [INFO] REQ: POST /predict - Status: 200 - Czas: 789.85ms
[2025-12-20 14:08:06] [INFO] REQ: POST /predict - Status: 200 - Czas: 789.85ms
[2025-12-20 14:08:06] [INFO] REQ: POST /predict - Status: 200 - Czas: 789.85ms
[2025-12-20 14:08:06] [INFO] REQ: POST /predict - Status: 200 - Czas: 962.08ms
[2025-12-20 14:08:06] [INFO] REQ: POST /predict - Status: 200 - Czas: 962.08ms
[2025-12-20 14:08:06] [INFO] REQ: POST /predict - Status: 200 - Czas: 963.09ms
[2025-12-20 14:08:06] [INFO] REQ: POST /predict - Status: 200 - Czas: 963.09ms
[2025-12-20 14:08:06] [INFO] REQ: POST /predict - Status: 200 - Czas: 963.09ms
[2025-12-20 14:08:06] [INFO] REQ: POST /predict - Status: 200 - Czas: 963.09ms
[2025-12-20 14:08:06] [INFO] REQ: POST /predict - Status: 200 - Czas: 963.09ms
[2025-12-20 14:08:06] [INFO] REQ: POST /predict - Status: 200 - Czas: 962.08ms
[2025-12-20 14:08:06] [INFO] REQ: POST /predict - Status: 200 - Czas: 962.08ms
[2025-12-20 14:08:06] [INFO] REQ: POST /predict - Status: 200 - Czas: 960.58ms
[2025-12-20 14:08:06] [INFO] REQ: POST /predict - Status: 200 - Czas: 961.57ms
[2025-12-20 14:08:06] [INFO] REQ: POST /predict - Status: 200 - Czas: 961.57ms
[2025-12-20 14:08:06] [INFO] REQ: POST /predict - Status: 200 - Czas: 961.57ms
[2025-12-20 14:08:06] [INFO] REQ: POST /predict - Status: 200 - Czas: 961.57ms
[2025-12-20 14:08:06] [INFO] REQ: POST /predict - Status: 200 - Czas: 961.57ms
[2025-12-20 14:08:06] [INFO] REQ: POST /predict - Status: 200 - Czas: 961.57ms
[2025-12-20 14:08:06] [INFO] REQ: POST /predict - Status: 200 - Czas: 961.57ms
[2025-12-20 14:08:06] [INFO] REQ: POST /predict - Status: 200 - Czas: 961.57ms
[2025-12-20 14:08:06] [INFO] REQ: POST /predict - Status: 200 - Czas: 961.57ms
[2025-12-20 14:08:06] [INFO] REQ: POST /predict - Status: 200 - Czas: 962.58ms
[2025-12-20 14:08:06] [INFO] REQ: POST /predict - Status: 200 - Czas: 961.57ms
[2025-12-20 14:08:06] [INFO] REQ: POST /predict - Status: 200 - Czas: 961.57ms
[2025-12-20 14:08:07] [INFO] REQ: POST /predict - Status: 200 - Czas: 1171.43ms
[2025-12-20 14:08:07] [INFO] REQ: POST /predict - Status: 200 - Czas: 1169.42ms
[2025-12-20 14:08:07] [INFO] REQ: POST /predict - Status: 200 - Czas: 1169.42ms
[2025-12-20 14:08:07] [INFO] REQ: POST /predict - Status: 200 - Czas: 1169.42ms
[2025-12-20 14:08:07] [INFO] REQ: POST /predict - Status: 200 - Czas: 1169.42ms
[2025-12-20 14:08:07] [INFO] REQ: POST /predict - Status: 200 - Czas: 1169.42ms
[2025-12-20 14:08:07] [INFO] REQ: POST /predict - Status: 200 - Czas: 1169.42ms
[2025-12-20 14:08:07] [INFO] REQ: POST /predict - Status: 200 - Czas: 1170.42ms
[2025-12-20 14:08:07] [INFO] REQ: POST /predict - Status: 200 - Czas: 1170.42ms
[2025-12-20 14:08:07] [INFO] REQ: POST /predict - Status: 200 - Czas: 1170.42ms
[2025-12-20 14:08:07] [INFO] REQ: POST /predict - Status: 200 - Czas: 1170.42ms
[2025-12-20 14:08:07] [INFO] REQ: POST /predict - Status: 200 - Czas: 1170.42ms
[2025-12-20 14:08:07] [INFO] REQ: POST /predict - Status: 200 - Czas: 1169.42ms
[2025-12-20 14:08:07] [INFO] REQ: POST /predict - Status: 200 - Czas: 1169.42ms
[2025-12-20 14:08:07] [INFO] REQ: POST /predict - Status: 200 - Czas: 1169.42ms
[2025-12-20 14:08:07] [INFO] REQ: POST /predict - Status: 200 - Czas: 1169.42ms
[2025-12-20 14:08:07] [INFO] REQ: POST /predict - Status: 200 - Czas: 1170.42ms
[2025-12-20 14:08:07] [INFO] REQ: POST /predict - Status: 200 - Czas: 1159.87ms
[2025-12-20 14:08:07] [INFO] REQ: POST /predict - Status: 200 - Czas: 1160.87ms
[2025-12-20 14:08:07] [INFO] REQ: POST /predict - Status: 200 - Czas: 1160.87ms
[2025-12-20 14:08:07] [INFO] REQ: POST /predict - Status: 200 - Czas: 1160.87ms
[2025-12-20 14:08:07] [INFO] REQ: POST /predict - Status: 200 - Czas: 1160.87ms
[2025-12-20 14:08:07] [INFO] REQ: POST /predict - Status: 200 - Czas: 1160.87ms
[2025-12-20 14:08:07] [INFO] REQ: POST /predict - Status: 200 - Czas: 1160.87ms
[2025-12-20 14:08:07] [INFO] REQ: POST /predict - Status: 200 - Czas: 1159.87ms
[2025-12-20 14:08:07] [INFO] REQ: POST /predict - Status: 200 - Czas: 1159.87ms
[2025-12-20 14:08:07] [INFO] REQ: POST /predict - Status: 200 - Czas: 1160.88ms
[2025-12-20 14:08:07] [INFO] REQ: POST /predict - Status: 200 - Czas: 1160.88ms
[2025-12-20 14:08:07] [INFO] REQ: POST /predict - Status: 200 - Czas: 1160.88ms
[2025-12-20 14:08:07] [INFO] REQ: POST /predict - Status: 200 - Czas: 1160.88ms
[2025-12-20 14:08:07] [INFO] REQ: POST /predict - Status: 200 - Czas: 1160.88ms
[2025-12-20 14:08:07] [INFO] REQ: POST /predict - Status: 200 - Czas: 1160.88ms
[2025-12-20 14:08:07] [INFO] REQ: POST /predict - Status: 200 - Czas: 1160.88ms
[2025-12-20 14:08:07] [INFO] REQ: POST /predict - Status: 200 - Czas: 1160.88ms
[2025-12-20 14:08:07] [INFO] REQ: POST /predict - Status: 200 - Czas: 1161.88ms
[2025-12-20 14:08:07] [INFO] REQ: POST /predict - Status: 200 - Czas: 1161.88ms
[2025-12-20 14:08:07] [INFO] REQ: POST /predict - Status: 200 - Czas: 1161.88ms
[2025-12-20 14:08:07] [INFO] REQ: POST /predict - Status: 200 - Czas: 1161.88ms
[2025-12-20 14:08:07] [INFO] REQ: POST /predict - Status: 200 - Czas: 1182.36ms
[2025-12-20 14:08:07] [INFO] REQ: POST /predict - Status: 200 - Czas: 1182.36ms
[2025-12-20 14:08:07] [INFO] REQ: POST /predict - Status: 200 - Czas: 1182.36ms
[2025-12-20 14:08:07] [INFO] REQ: POST /predict - Status: 200 - Czas: 1182.36ms
[2025-12-20 14:08:07] [INFO] REQ: POST /predict - Status: 200 - Czas: 1182.36ms
[2025-12-20 14:08:07] [INFO] REQ: POST /predict - Status: 200 - Czas: 1152.95ms
[2025-12-20 14:08:07] [INFO] REQ: POST /predict - Status: 200 - Czas: 1152.95ms
[2025-12-20 14:08:07] [INFO] REQ: POST /predict - Status: 200 - Czas: 1152.95ms
[2025-12-20 14:08:07] [INFO] REQ: POST /predict - Status: 200 - Czas: 1152.95ms
[2025-12-20 14:08:07] [INFO] REQ: POST /predict - Status: 200 - Czas: 1151.96ms
[2025-12-20 14:08:07] [INFO] REQ: POST /predict - Status: 200 - Czas: 1152.96ms
[2025-12-20 14:08:07] [INFO] REQ: POST /predict - Status: 200 - Czas: 861.27ms
[2025-12-20 14:08:07] [INFO] REQ: POST /predict - Status: 200 - Czas: 861.27ms
[2025-12-20 14:08:07] [INFO] REQ: POST /predict - Status: 200 - Czas: 861.27ms
[2025-12-20 14:08:07] [INFO] REQ: POST /predict - Status: 200 - Czas: 861.27ms
[2025-12-20 14:08:07] [INFO] REQ: POST /predict - Status: 200 - Czas: 861.27ms
[2025-12-20 14:08:07] [INFO] REQ: POST /predict - Status: 200 - Czas: 724.91ms
[2025-12-20 14:08:07] [INFO] REQ: POST /predict - Status: 200 - Czas: 723.91ms
[2025-12-20 14:08:07] [INFO] REQ: POST /predict - Status: 200 - Czas: 724.92ms
[2025-12-20 14:08:07] [INFO] REQ: POST /predict - Status: 200 - Czas: 724.92ms
[2025-12-20 14:08:07] [INFO] REQ: POST /predict - Status: 200 - Czas: 507.08ms
[2025-12-20 14:08:07] [INFO] REQ: POST /predict - Status: 200 - Czas: 506.08ms
[2025-12-20 14:08:07] [INFO] REQ: POST /predict - Status: 200 - Czas: 506.08ms
[2025-12-20 14:08:07] [INFO] REQ: POST /predict - Status: 200 - Czas: 506.08ms
[2025-12-20 14:08:07] [INFO] REQ: POST /predict - Status: 200 - Czas: 506.08ms
[2025-12-20 14:08:07] [INFO] REQ: POST /predict - Status: 200 - Czas: 506.08ms
[2025-12-20 14:08:07] [INFO] REQ: POST /predict - Status: 200 - Czas: 560.07ms
[2025-12-20 14:08:07] [INFO] REQ: POST /predict - Status: 200 - Czas: 560.07ms
[2025-12-20 14:08:07] [ERROR] Exception in ASGI application
Traceback (most recent call last):
  File "D:\Programming Projects\ml-docker-performance\.venv\Lib\site-packages\starlette\_exception_handler.py", line 42, in wrapped_app
    await app(scope, receive, sender)
  File "D:\Programming Projects\ml-docker-performance\.venv\Lib\site-packages\fastapi\routing.py", line 106, in app
    response = await f(request)
               ^^^^^^^^^^^^^^^^
  File "D:\Programming Projects\ml-docker-performance\.venv\Lib\site-packages\fastapi\routing.py", line 472, in app
    raise validation_error
fastapi.exceptions.RequestValidationError: 1 validation error:
  {'type': 'string_type', 'loc': ('body', 'text'), 'msg': 'Input should be a valid string', 'input': nan}

  File "D:\Programming Projects\ml-docker-performance\app\server_fastapi.py", line 60, in predict_endpoint
    POST /predict

The above exception was the direct cause of the following exception:

Traceback (most recent call last):
  File "D:\Programming Projects\ml-docker-performance\.venv\Lib\site-packages\uvicorn\protocols\http\httptools_impl.py", line 409, in run_asgi
    result = await app(  # type: ignore[func-returns-value]
             ^^^^^^^^^^^^^^^^^^^^^^^^^^^^^^^^^^^^^^^^^^^^^^
  File "D:\Programming Projects\ml-docker-performance\.venv\Lib\site-packages\uvicorn\middleware\proxy_headers.py", line 60, in __call__
    return await self.app(scope, receive, send)
           ^^^^^^^^^^^^^^^^^^^^^^^^^^^^^^^^^^^^
  File "D:\Programming Projects\ml-docker-performance\.venv\Lib\site-packages\fastapi\applications.py", line 1139, in __call__
    await super().__call__(scope, receive, send)
  File "D:\Programming Projects\ml-docker-performance\.venv\Lib\site-packages\starlette\applications.py", line 107, in __call__
    await self.middleware_stack(scope, receive, send)
  File "D:\Programming Projects\ml-docker-performance\.venv\Lib\site-packages\starlette\middleware\errors.py", line 186, in __call__
    raise exc
  File "D:\Programming Projects\ml-docker-performance\.venv\Lib\site-packages\starlette\middleware\errors.py", line 164, in __call__
    await self.app(scope, receive, _send)
  File "D:\Programming Projects\ml-docker-performance\.venv\Lib\site-packages\starlette\middleware\base.py", line 191, in __call__
    with recv_stream, send_stream, collapse_excgroups():
  File "C:\Users\admin\AppData\Local\Programs\Python\Python312\Lib\contextlib.py", line 158, in __exit__
    self.gen.throw(value)
  File "D:\Programming Projects\ml-docker-performance\.venv\Lib\site-packages\starlette\_utils.py", line 85, in collapse_excgroups
    raise exc
  File "D:\Programming Projects\ml-docker-performance\.venv\Lib\site-packages\starlette\middleware\base.py", line 193, in __call__
    response = await self.dispatch_func(request, call_next)
               ^^^^^^^^^^^^^^^^^^^^^^^^^^^^^^^^^^^^^^^^^^^^
  File "D:\Programming Projects\ml-docker-performance\app\server_fastapi.py", line 41, in log_requests
    response: Response = await call_next(request)
                         ^^^^^^^^^^^^^^^^^^^^^^^^
  File "D:\Programming Projects\ml-docker-performance\.venv\Lib\site-packages\starlette\middleware\base.py", line 168, in call_next
    raise app_exc from app_exc.__cause__ or app_exc.__context__
  File "D:\Programming Projects\ml-docker-performance\.venv\Lib\site-packages\starlette\middleware\base.py", line 144, in coro
    await self.app(scope, receive_or_disconnect, send_no_error)
  File "D:\Programming Projects\ml-docker-performance\.venv\Lib\site-packages\starlette\middleware\exceptions.py", line 63, in __call__
    await wrap_app_handling_exceptions(self.app, conn)(scope, receive, send)
  File "D:\Programming Projects\ml-docker-performance\.venv\Lib\site-packages\starlette\_exception_handler.py", line 53, in wrapped_app
    raise exc
  File "D:\Programming Projects\ml-docker-performance\.venv\Lib\site-packages\starlette\_exception_handler.py", line 42, in wrapped_app
    await app(scope, receive, sender)
  File "D:\Programming Projects\ml-docker-performance\.venv\Lib\site-packages\fastapi\middleware\asyncexitstack.py", line 18, in __call__
    await self.app(scope, receive, send)
  File "D:\Programming Projects\ml-docker-performance\.venv\Lib\site-packages\starlette\routing.py", line 716, in __call__
    await self.middleware_stack(scope, receive, send)
  File "D:\Programming Projects\ml-docker-performance\.venv\Lib\site-packages\starlette\routing.py", line 736, in app
    await route.handle(scope, receive, send)
  File "D:\Programming Projects\ml-docker-performance\.venv\Lib\site-packages\starlette\routing.py", line 290, in handle
    await self.app(scope, receive, send)
  File "D:\Programming Projects\ml-docker-performance\.venv\Lib\site-packages\fastapi\routing.py", line 120, in app
    await wrap_app_handling_exceptions(app, request)(scope, receive, send)
  File "D:\Programming Projects\ml-docker-performance\.venv\Lib\site-packages\starlette\_exception_handler.py", line 59, in wrapped_app
    response = await handler(conn, exc)
               ^^^^^^^^^^^^^^^^^^^^^^^^
  File "D:\Programming Projects\ml-docker-performance\.venv\Lib\site-packages\fastapi\exception_handlers.py", line 23, in request_validation_exception_handler
    return JSONResponse(
           ^^^^^^^^^^^^^
  File "D:\Programming Projects\ml-docker-performance\.venv\Lib\site-packages\starlette\responses.py", line 189, in __init__
    super().__init__(content, status_code, headers, media_type, background)
  File "D:\Programming Projects\ml-docker-performance\.venv\Lib\site-packages\starlette\responses.py", line 46, in __init__
    self.body = self.render(content)
                ^^^^^^^^^^^^^^^^^^^^
  File "D:\Programming Projects\ml-docker-performance\.venv\Lib\site-packages\starlette\responses.py", line 192, in render
    return json.dumps(
           ^^^^^^^^^^^
  File "C:\Users\admin\AppData\Local\Programs\Python\Python312\Lib\json\__init__.py", line 238, in dumps
    **kw).encode(obj)
          ^^^^^^^^^^^
  File "C:\Users\admin\AppData\Local\Programs\Python\Python312\Lib\json\encoder.py", line 200, in encode
    chunks = self.iterencode(o, _one_shot=True)
             ^^^^^^^^^^^^^^^^^^^^^^^^^^^^^^^^^^
  File "C:\Users\admin\AppData\Local\Programs\Python\Python312\Lib\json\encoder.py", line 258, in iterencode
    return _iterencode(o, 0)
           ^^^^^^^^^^^^^^^^^
ValueError: Out of range float values are not JSON compliant: nan
[2025-12-20 14:08:07] [INFO] REQ: POST /predict - Status: 200 - Czas: 562.59ms
[2025-12-20 14:08:07] [INFO] REQ: POST /predict - Status: 200 - Czas: 562.59ms
[2025-12-20 14:08:07] [INFO] REQ: POST /predict - Status: 200 - Czas: 562.59ms
[2025-12-20 14:08:08] [INFO] REQ: POST /predict - Status: 200 - Czas: 777.55ms
[2025-12-20 14:08:08] [INFO] REQ: POST /predict - Status: 200 - Czas: 778.55ms
[2025-12-20 14:08:08] [INFO] REQ: POST /predict - Status: 200 - Czas: 778.55ms
[2025-12-20 14:08:08] [INFO] REQ: POST /predict - Status: 200 - Czas: 778.55ms
[2025-12-20 14:08:08] [INFO] REQ: POST /predict - Status: 200 - Czas: 778.55ms
[2025-12-20 14:08:08] [INFO] REQ: POST /predict - Status: 200 - Czas: 778.55ms
[2025-12-20 14:08:08] [INFO] REQ: POST /predict - Status: 200 - Czas: 778.55ms
[2025-12-20 14:08:08] [INFO] REQ: POST /predict - Status: 200 - Czas: 778.55ms
[2025-12-20 14:08:08] [INFO] REQ: POST /predict - Status: 200 - Czas: 939.84ms
[2025-12-20 14:08:08] [INFO] REQ: POST /predict - Status: 200 - Czas: 939.84ms
[2025-12-20 14:08:08] [INFO] REQ: POST /predict - Status: 200 - Czas: 939.84ms
[2025-12-20 14:08:08] [INFO] REQ: POST /predict - Status: 200 - Czas: 940.84ms
[2025-12-20 14:08:08] [INFO] REQ: POST /predict - Status: 200 - Czas: 940.84ms
[2025-12-20 14:08:08] [INFO] REQ: POST /predict - Status: 200 - Czas: 940.84ms
[2025-12-20 14:08:08] [INFO] REQ: POST /predict - Status: 200 - Czas: 940.84ms
[2025-12-20 14:08:08] [INFO] REQ: POST /predict - Status: 200 - Czas: 940.84ms
[2025-12-20 14:08:08] [INFO] REQ: POST /predict - Status: 200 - Czas: 940.84ms
[2025-12-20 14:08:08] [INFO] REQ: POST /predict - Status: 200 - Czas: 940.84ms
[2025-12-20 14:08:08] [INFO] REQ: POST /predict - Status: 200 - Czas: 940.84ms
[2025-12-20 14:08:08] [INFO] REQ: POST /predict - Status: 200 - Czas: 940.84ms
[2025-12-20 14:08:08] [INFO] REQ: POST /predict - Status: 200 - Czas: 941.84ms
[2025-12-20 14:08:08] [INFO] REQ: POST /predict - Status: 200 - Czas: 941.84ms
[2025-12-20 14:08:08] [INFO] REQ: POST /predict - Status: 200 - Czas: 941.84ms
[2025-12-20 14:08:08] [INFO] REQ: POST /predict - Status: 200 - Czas: 941.84ms
[2025-12-20 14:08:08] [INFO] REQ: POST /predict - Status: 200 - Czas: 941.84ms
[2025-12-20 14:08:08] [INFO] REQ: POST /predict - Status: 200 - Czas: 941.84ms
[2025-12-20 14:08:08] [INFO] REQ: POST /predict - Status: 200 - Czas: 941.84ms
[2025-12-20 14:08:08] [INFO] REQ: POST /predict - Status: 200 - Czas: 941.84ms
[2025-12-20 14:08:08] [INFO] REQ: POST /predict - Status: 200 - Czas: 941.84ms
[2025-12-20 14:08:08] [INFO] REQ: POST /predict - Status: 200 - Czas: 941.84ms
[2025-12-20 14:08:08] [INFO] REQ: POST /predict - Status: 200 - Czas: 1189.90ms
[2025-12-20 14:08:08] [INFO] REQ: POST /predict - Status: 200 - Czas: 1189.90ms
[2025-12-20 14:08:08] [ERROR] Exception in ASGI application
Traceback (most recent call last):
  File "D:\Programming Projects\ml-docker-performance\.venv\Lib\site-packages\starlette\_exception_handler.py", line 42, in wrapped_app
    await app(scope, receive, sender)
  File "D:\Programming Projects\ml-docker-performance\.venv\Lib\site-packages\fastapi\routing.py", line 106, in app
    response = await f(request)
               ^^^^^^^^^^^^^^^^
  File "D:\Programming Projects\ml-docker-performance\.venv\Lib\site-packages\fastapi\routing.py", line 472, in app
    raise validation_error
fastapi.exceptions.RequestValidationError: 1 validation error:
  {'type': 'string_type', 'loc': ('body', 'text'), 'msg': 'Input should be a valid string', 'input': nan}

  File "D:\Programming Projects\ml-docker-performance\app\server_fastapi.py", line 60, in predict_endpoint
    POST /predict

The above exception was the direct cause of the following exception:

Traceback (most recent call last):
  File "D:\Programming Projects\ml-docker-performance\.venv\Lib\site-packages\uvicorn\protocols\http\httptools_impl.py", line 409, in run_asgi
    result = await app(  # type: ignore[func-returns-value]
             ^^^^^^^^^^^^^^^^^^^^^^^^^^^^^^^^^^^^^^^^^^^^^^
  File "D:\Programming Projects\ml-docker-performance\.venv\Lib\site-packages\uvicorn\middleware\proxy_headers.py", line 60, in __call__
    return await self.app(scope, receive, send)
           ^^^^^^^^^^^^^^^^^^^^^^^^^^^^^^^^^^^^
  File "D:\Programming Projects\ml-docker-performance\.venv\Lib\site-packages\fastapi\applications.py", line 1139, in __call__
    await super().__call__(scope, receive, send)
  File "D:\Programming Projects\ml-docker-performance\.venv\Lib\site-packages\starlette\applications.py", line 107, in __call__
    await self.middleware_stack(scope, receive, send)
  File "D:\Programming Projects\ml-docker-performance\.venv\Lib\site-packages\starlette\middleware\errors.py", line 186, in __call__
    raise exc
  File "D:\Programming Projects\ml-docker-performance\.venv\Lib\site-packages\starlette\middleware\errors.py", line 164, in __call__
    await self.app(scope, receive, _send)
  File "D:\Programming Projects\ml-docker-performance\.venv\Lib\site-packages\starlette\middleware\base.py", line 191, in __call__
    with recv_stream, send_stream, collapse_excgroups():
  File "C:\Users\admin\AppData\Local\Programs\Python\Python312\Lib\contextlib.py", line 158, in __exit__
    self.gen.throw(value)
  File "D:\Programming Projects\ml-docker-performance\.venv\Lib\site-packages\starlette\_utils.py", line 85, in collapse_excgroups
    raise exc
  File "D:\Programming Projects\ml-docker-performance\.venv\Lib\site-packages\starlette\middleware\base.py", line 193, in __call__
    response = await self.dispatch_func(request, call_next)
               ^^^^^^^^^^^^^^^^^^^^^^^^^^^^^^^^^^^^^^^^^^^^
  File "D:\Programming Projects\ml-docker-performance\app\server_fastapi.py", line 41, in log_requests
    response: Response = await call_next(request)
                         ^^^^^^^^^^^^^^^^^^^^^^^^
  File "D:\Programming Projects\ml-docker-performance\.venv\Lib\site-packages\starlette\middleware\base.py", line 168, in call_next
    raise app_exc from app_exc.__cause__ or app_exc.__context__
  File "D:\Programming Projects\ml-docker-performance\.venv\Lib\site-packages\starlette\middleware\base.py", line 144, in coro
    await self.app(scope, receive_or_disconnect, send_no_error)
  File "D:\Programming Projects\ml-docker-performance\.venv\Lib\site-packages\starlette\middleware\exceptions.py", line 63, in __call__
    await wrap_app_handling_exceptions(self.app, conn)(scope, receive, send)
  File "D:\Programming Projects\ml-docker-performance\.venv\Lib\site-packages\starlette\_exception_handler.py", line 53, in wrapped_app
    raise exc
  File "D:\Programming Projects\ml-docker-performance\.venv\Lib\site-packages\starlette\_exception_handler.py", line 42, in wrapped_app
    await app(scope, receive, sender)
  File "D:\Programming Projects\ml-docker-performance\.venv\Lib\site-packages\fastapi\middleware\asyncexitstack.py", line 18, in __call__
    await self.app(scope, receive, send)
  File "D:\Programming Projects\ml-docker-performance\.venv\Lib\site-packages\starlette\routing.py", line 716, in __call__
    await self.middleware_stack(scope, receive, send)
  File "D:\Programming Projects\ml-docker-performance\.venv\Lib\site-packages\starlette\routing.py", line 736, in app
    await route.handle(scope, receive, send)
  File "D:\Programming Projects\ml-docker-performance\.venv\Lib\site-packages\starlette\routing.py", line 290, in handle
    await self.app(scope, receive, send)
  File "D:\Programming Projects\ml-docker-performance\.venv\Lib\site-packages\fastapi\routing.py", line 120, in app
    await wrap_app_handling_exceptions(app, request)(scope, receive, send)
  File "D:\Programming Projects\ml-docker-performance\.venv\Lib\site-packages\starlette\_exception_handler.py", line 59, in wrapped_app
    response = await handler(conn, exc)
               ^^^^^^^^^^^^^^^^^^^^^^^^
  File "D:\Programming Projects\ml-docker-performance\.venv\Lib\site-packages\fastapi\exception_handlers.py", line 23, in request_validation_exception_handler
    return JSONResponse(
           ^^^^^^^^^^^^^
  File "D:\Programming Projects\ml-docker-performance\.venv\Lib\site-packages\starlette\responses.py", line 189, in __init__
    super().__init__(content, status_code, headers, media_type, background)
  File "D:\Programming Projects\ml-docker-performance\.venv\Lib\site-packages\starlette\responses.py", line 46, in __init__
    self.body = self.render(content)
                ^^^^^^^^^^^^^^^^^^^^
  File "D:\Programming Projects\ml-docker-performance\.venv\Lib\site-packages\starlette\responses.py", line 192, in render
    return json.dumps(
           ^^^^^^^^^^^
  File "C:\Users\admin\AppData\Local\Programs\Python\Python312\Lib\json\__init__.py", line 238, in dumps
    **kw).encode(obj)
          ^^^^^^^^^^^
  File "C:\Users\admin\AppData\Local\Programs\Python\Python312\Lib\json\encoder.py", line 200, in encode
    chunks = self.iterencode(o, _one_shot=True)
             ^^^^^^^^^^^^^^^^^^^^^^^^^^^^^^^^^^
  File "C:\Users\admin\AppData\Local\Programs\Python\Python312\Lib\json\encoder.py", line 258, in iterencode
    return _iterencode(o, 0)
           ^^^^^^^^^^^^^^^^^
ValueError: Out of range float values are not JSON compliant: nan
[2025-12-20 14:08:08] [INFO] REQ: POST /predict - Status: 200 - Czas: 1193.93ms
[2025-12-20 14:08:08] [INFO] REQ: POST /predict - Status: 200 - Czas: 1193.93ms
[2025-12-20 14:08:08] [INFO] REQ: POST /predict - Status: 200 - Czas: 1194.46ms
[2025-12-20 14:08:08] [INFO] REQ: POST /predict - Status: 200 - Czas: 1194.46ms
[2025-12-20 14:08:08] [INFO] REQ: POST /predict - Status: 200 - Czas: 1194.46ms
[2025-12-20 14:08:08] [INFO] REQ: POST /predict - Status: 200 - Czas: 1194.46ms
[2025-12-20 14:08:08] [INFO] REQ: POST /predict - Status: 200 - Czas: 1193.46ms
[2025-12-20 14:08:08] [INFO] REQ: POST /predict - Status: 200 - Czas: 1193.46ms
[2025-12-20 14:08:08] [INFO] REQ: POST /predict - Status: 200 - Czas: 1193.46ms
[2025-12-20 14:08:08] [INFO] REQ: POST /predict - Status: 200 - Czas: 1194.46ms
[2025-12-20 14:08:08] [INFO] REQ: POST /predict - Status: 200 - Czas: 1194.46ms
[2025-12-20 14:08:08] [INFO] REQ: POST /predict - Status: 200 - Czas: 1194.46ms
[2025-12-20 14:08:08] [INFO] REQ: POST /predict - Status: 200 - Czas: 1194.46ms
[2025-12-20 14:08:08] [INFO] REQ: POST /predict - Status: 200 - Czas: 1194.46ms
[2025-12-20 14:08:08] [INFO] REQ: POST /predict - Status: 200 - Czas: 1171.40ms
[2025-12-20 14:08:08] [INFO] REQ: POST /predict - Status: 200 - Czas: 1172.76ms
[2025-12-20 14:08:08] [INFO] REQ: POST /predict - Status: 200 - Czas: 1172.76ms
[2025-12-20 14:08:08] [INFO] REQ: POST /predict - Status: 200 - Czas: 1172.76ms
[2025-12-20 14:08:08] [INFO] REQ: POST /predict - Status: 200 - Czas: 1172.76ms
[2025-12-20 14:08:08] [INFO] REQ: POST /predict - Status: 200 - Czas: 1172.76ms
[2025-12-20 14:08:08] [INFO] REQ: POST /predict - Status: 200 - Czas: 1172.76ms
[2025-12-20 14:08:08] [INFO] REQ: POST /predict - Status: 200 - Czas: 1172.76ms
[2025-12-20 14:08:08] [INFO] REQ: POST /predict - Status: 200 - Czas: 1172.76ms
[2025-12-20 14:08:08] [INFO] REQ: POST /predict - Status: 200 - Czas: 1172.76ms
[2025-12-20 14:08:08] [INFO] REQ: POST /predict - Status: 200 - Czas: 1173.77ms
[2025-12-20 14:08:08] [INFO] REQ: POST /predict - Status: 200 - Czas: 1173.77ms
[2025-12-20 14:08:08] [INFO] REQ: POST /predict - Status: 200 - Czas: 1173.77ms
[2025-12-20 14:08:08] [INFO] REQ: POST /predict - Status: 200 - Czas: 1173.77ms
[2025-12-20 14:08:08] [INFO] REQ: POST /predict - Status: 200 - Czas: 1173.77ms
[2025-12-20 14:08:08] [INFO] REQ: POST /predict - Status: 200 - Czas: 1173.77ms
[2025-12-20 14:08:08] [INFO] REQ: POST /predict - Status: 200 - Czas: 1173.77ms
[2025-12-20 14:08:08] [ERROR] Exception in ASGI application
Traceback (most recent call last):
  File "D:\Programming Projects\ml-docker-performance\.venv\Lib\site-packages\starlette\_exception_handler.py", line 42, in wrapped_app
    await app(scope, receive, sender)
  File "D:\Programming Projects\ml-docker-performance\.venv\Lib\site-packages\fastapi\routing.py", line 106, in app
    response = await f(request)
               ^^^^^^^^^^^^^^^^
  File "D:\Programming Projects\ml-docker-performance\.venv\Lib\site-packages\fastapi\routing.py", line 472, in app
    raise validation_error
fastapi.exceptions.RequestValidationError: 1 validation error:
  {'type': 'string_type', 'loc': ('body', 'text'), 'msg': 'Input should be a valid string', 'input': nan}

  File "D:\Programming Projects\ml-docker-performance\app\server_fastapi.py", line 60, in predict_endpoint
    POST /predict

The above exception was the direct cause of the following exception:

Traceback (most recent call last):
  File "D:\Programming Projects\ml-docker-performance\.venv\Lib\site-packages\uvicorn\protocols\http\httptools_impl.py", line 409, in run_asgi
    result = await app(  # type: ignore[func-returns-value]
             ^^^^^^^^^^^^^^^^^^^^^^^^^^^^^^^^^^^^^^^^^^^^^^
  File "D:\Programming Projects\ml-docker-performance\.venv\Lib\site-packages\uvicorn\middleware\proxy_headers.py", line 60, in __call__
    return await self.app(scope, receive, send)
           ^^^^^^^^^^^^^^^^^^^^^^^^^^^^^^^^^^^^
  File "D:\Programming Projects\ml-docker-performance\.venv\Lib\site-packages\fastapi\applications.py", line 1139, in __call__
    await super().__call__(scope, receive, send)
  File "D:\Programming Projects\ml-docker-performance\.venv\Lib\site-packages\starlette\applications.py", line 107, in __call__
    await self.middleware_stack(scope, receive, send)
  File "D:\Programming Projects\ml-docker-performance\.venv\Lib\site-packages\starlette\middleware\errors.py", line 186, in __call__
    raise exc
  File "D:\Programming Projects\ml-docker-performance\.venv\Lib\site-packages\starlette\middleware\errors.py", line 164, in __call__
    await self.app(scope, receive, _send)
  File "D:\Programming Projects\ml-docker-performance\.venv\Lib\site-packages\starlette\middleware\base.py", line 191, in __call__
    with recv_stream, send_stream, collapse_excgroups():
  File "C:\Users\admin\AppData\Local\Programs\Python\Python312\Lib\contextlib.py", line 158, in __exit__
    self.gen.throw(value)
  File "D:\Programming Projects\ml-docker-performance\.venv\Lib\site-packages\starlette\_utils.py", line 85, in collapse_excgroups
    raise exc
  File "D:\Programming Projects\ml-docker-performance\.venv\Lib\site-packages\starlette\middleware\base.py", line 193, in __call__
    response = await self.dispatch_func(request, call_next)
               ^^^^^^^^^^^^^^^^^^^^^^^^^^^^^^^^^^^^^^^^^^^^
  File "D:\Programming Projects\ml-docker-performance\app\server_fastapi.py", line 41, in log_requests
    response: Response = await call_next(request)
                         ^^^^^^^^^^^^^^^^^^^^^^^^
  File "D:\Programming Projects\ml-docker-performance\.venv\Lib\site-packages\starlette\middleware\base.py", line 168, in call_next
    raise app_exc from app_exc.__cause__ or app_exc.__context__
  File "D:\Programming Projects\ml-docker-performance\.venv\Lib\site-packages\starlette\middleware\base.py", line 144, in coro
    await self.app(scope, receive_or_disconnect, send_no_error)
  File "D:\Programming Projects\ml-docker-performance\.venv\Lib\site-packages\starlette\middleware\exceptions.py", line 63, in __call__
    await wrap_app_handling_exceptions(self.app, conn)(scope, receive, send)
  File "D:\Programming Projects\ml-docker-performance\.venv\Lib\site-packages\starlette\_exception_handler.py", line 53, in wrapped_app
    raise exc
  File "D:\Programming Projects\ml-docker-performance\.venv\Lib\site-packages\starlette\_exception_handler.py", line 42, in wrapped_app
    await app(scope, receive, sender)
  File "D:\Programming Projects\ml-docker-performance\.venv\Lib\site-packages\fastapi\middleware\asyncexitstack.py", line 18, in __call__
    await self.app(scope, receive, send)
  File "D:\Programming Projects\ml-docker-performance\.venv\Lib\site-packages\starlette\routing.py", line 716, in __call__
    await self.middleware_stack(scope, receive, send)
  File "D:\Programming Projects\ml-docker-performance\.venv\Lib\site-packages\starlette\routing.py", line 736, in app
    await route.handle(scope, receive, send)
  File "D:\Programming Projects\ml-docker-performance\.venv\Lib\site-packages\starlette\routing.py", line 290, in handle
    await self.app(scope, receive, send)
  File "D:\Programming Projects\ml-docker-performance\.venv\Lib\site-packages\fastapi\routing.py", line 120, in app
    await wrap_app_handling_exceptions(app, request)(scope, receive, send)
  File "D:\Programming Projects\ml-docker-performance\.venv\Lib\site-packages\starlette\_exception_handler.py", line 59, in wrapped_app
    response = await handler(conn, exc)
               ^^^^^^^^^^^^^^^^^^^^^^^^
  File "D:\Programming Projects\ml-docker-performance\.venv\Lib\site-packages\fastapi\exception_handlers.py", line 23, in request_validation_exception_handler
    return JSONResponse(
           ^^^^^^^^^^^^^
  File "D:\Programming Projects\ml-docker-performance\.venv\Lib\site-packages\starlette\responses.py", line 189, in __init__
    super().__init__(content, status_code, headers, media_type, background)
  File "D:\Programming Projects\ml-docker-performance\.venv\Lib\site-packages\starlette\responses.py", line 46, in __init__
    self.body = self.render(content)
                ^^^^^^^^^^^^^^^^^^^^
  File "D:\Programming Projects\ml-docker-performance\.venv\Lib\site-packages\starlette\responses.py", line 192, in render
    return json.dumps(
           ^^^^^^^^^^^
  File "C:\Users\admin\AppData\Local\Programs\Python\Python312\Lib\json\__init__.py", line 238, in dumps
    **kw).encode(obj)
          ^^^^^^^^^^^
  File "C:\Users\admin\AppData\Local\Programs\Python\Python312\Lib\json\encoder.py", line 200, in encode
    chunks = self.iterencode(o, _one_shot=True)
             ^^^^^^^^^^^^^^^^^^^^^^^^^^^^^^^^^^
  File "C:\Users\admin\AppData\Local\Programs\Python\Python312\Lib\json\encoder.py", line 258, in iterencode
    return _iterencode(o, 0)
           ^^^^^^^^^^^^^^^^^
ValueError: Out of range float values are not JSON compliant: nan
[2025-12-20 14:08:08] [INFO] REQ: POST /predict - Status: 200 - Czas: 1176.27ms
[2025-12-20 14:08:08] [INFO] REQ: POST /predict - Status: 200 - Czas: 1176.27ms
[2025-12-20 14:08:08] [INFO] REQ: POST /predict - Status: 200 - Czas: 1176.27ms
[2025-12-20 14:08:08] [INFO] REQ: POST /predict - Status: 200 - Czas: 1170.09ms
[2025-12-20 14:08:08] [INFO] REQ: POST /predict - Status: 200 - Czas: 1170.09ms
[2025-12-20 14:08:08] [INFO] REQ: POST /predict - Status: 200 - Czas: 1170.09ms
[2025-12-20 14:08:08] [INFO] REQ: POST /predict - Status: 200 - Czas: 1171.10ms
[2025-12-20 14:08:08] [INFO] REQ: POST /predict - Status: 200 - Czas: 1171.10ms
[2025-12-20 14:08:08] [INFO] REQ: POST /predict - Status: 200 - Czas: 1114.49ms
[2025-12-20 14:08:08] [INFO] REQ: POST /predict - Status: 200 - Czas: 1113.49ms
[2025-12-20 14:08:08] [INFO] REQ: POST /predict - Status: 200 - Czas: 1113.49ms
[2025-12-20 14:08:08] [INFO] REQ: POST /predict - Status: 200 - Czas: 1113.49ms
[2025-12-20 14:08:08] [ERROR] Exception in ASGI application
Traceback (most recent call last):
  File "D:\Programming Projects\ml-docker-performance\.venv\Lib\site-packages\starlette\_exception_handler.py", line 42, in wrapped_app
    await app(scope, receive, sender)
  File "D:\Programming Projects\ml-docker-performance\.venv\Lib\site-packages\fastapi\routing.py", line 106, in app
    response = await f(request)
               ^^^^^^^^^^^^^^^^
  File "D:\Programming Projects\ml-docker-performance\.venv\Lib\site-packages\fastapi\routing.py", line 472, in app
    raise validation_error
fastapi.exceptions.RequestValidationError: 1 validation error:
  {'type': 'string_type', 'loc': ('body', 'text'), 'msg': 'Input should be a valid string', 'input': nan}

  File "D:\Programming Projects\ml-docker-performance\app\server_fastapi.py", line 60, in predict_endpoint
    POST /predict

The above exception was the direct cause of the following exception:

Traceback (most recent call last):
  File "D:\Programming Projects\ml-docker-performance\.venv\Lib\site-packages\uvicorn\protocols\http\httptools_impl.py", line 409, in run_asgi
    result = await app(  # type: ignore[func-returns-value]
             ^^^^^^^^^^^^^^^^^^^^^^^^^^^^^^^^^^^^^^^^^^^^^^
  File "D:\Programming Projects\ml-docker-performance\.venv\Lib\site-packages\uvicorn\middleware\proxy_headers.py", line 60, in __call__
    return await self.app(scope, receive, send)
           ^^^^^^^^^^^^^^^^^^^^^^^^^^^^^^^^^^^^
  File "D:\Programming Projects\ml-docker-performance\.venv\Lib\site-packages\fastapi\applications.py", line 1139, in __call__
    await super().__call__(scope, receive, send)
  File "D:\Programming Projects\ml-docker-performance\.venv\Lib\site-packages\starlette\applications.py", line 107, in __call__
    await self.middleware_stack(scope, receive, send)
  File "D:\Programming Projects\ml-docker-performance\.venv\Lib\site-packages\starlette\middleware\errors.py", line 186, in __call__
    raise exc
  File "D:\Programming Projects\ml-docker-performance\.venv\Lib\site-packages\starlette\middleware\errors.py", line 164, in __call__
    await self.app(scope, receive, _send)
  File "D:\Programming Projects\ml-docker-performance\.venv\Lib\site-packages\starlette\middleware\base.py", line 191, in __call__
    with recv_stream, send_stream, collapse_excgroups():
  File "C:\Users\admin\AppData\Local\Programs\Python\Python312\Lib\contextlib.py", line 158, in __exit__
    self.gen.throw(value)
  File "D:\Programming Projects\ml-docker-performance\.venv\Lib\site-packages\starlette\_utils.py", line 85, in collapse_excgroups
    raise exc
  File "D:\Programming Projects\ml-docker-performance\.venv\Lib\site-packages\starlette\middleware\base.py", line 193, in __call__
    response = await self.dispatch_func(request, call_next)
               ^^^^^^^^^^^^^^^^^^^^^^^^^^^^^^^^^^^^^^^^^^^^
  File "D:\Programming Projects\ml-docker-performance\app\server_fastapi.py", line 41, in log_requests
    response: Response = await call_next(request)
                         ^^^^^^^^^^^^^^^^^^^^^^^^
  File "D:\Programming Projects\ml-docker-performance\.venv\Lib\site-packages\starlette\middleware\base.py", line 168, in call_next
    raise app_exc from app_exc.__cause__ or app_exc.__context__
  File "D:\Programming Projects\ml-docker-performance\.venv\Lib\site-packages\starlette\middleware\base.py", line 144, in coro
    await self.app(scope, receive_or_disconnect, send_no_error)
  File "D:\Programming Projects\ml-docker-performance\.venv\Lib\site-packages\starlette\middleware\exceptions.py", line 63, in __call__
    await wrap_app_handling_exceptions(self.app, conn)(scope, receive, send)
  File "D:\Programming Projects\ml-docker-performance\.venv\Lib\site-packages\starlette\_exception_handler.py", line 53, in wrapped_app
    raise exc
  File "D:\Programming Projects\ml-docker-performance\.venv\Lib\site-packages\starlette\_exception_handler.py", line 42, in wrapped_app
    await app(scope, receive, sender)
  File "D:\Programming Projects\ml-docker-performance\.venv\Lib\site-packages\fastapi\middleware\asyncexitstack.py", line 18, in __call__
    await self.app(scope, receive, send)
  File "D:\Programming Projects\ml-docker-performance\.venv\Lib\site-packages\starlette\routing.py", line 716, in __call__
    await self.middleware_stack(scope, receive, send)
  File "D:\Programming Projects\ml-docker-performance\.venv\Lib\site-packages\starlette\routing.py", line 736, in app
    await route.handle(scope, receive, send)
  File "D:\Programming Projects\ml-docker-performance\.venv\Lib\site-packages\starlette\routing.py", line 290, in handle
    await self.app(scope, receive, send)
  File "D:\Programming Projects\ml-docker-performance\.venv\Lib\site-packages\fastapi\routing.py", line 120, in app
    await wrap_app_handling_exceptions(app, request)(scope, receive, send)
  File "D:\Programming Projects\ml-docker-performance\.venv\Lib\site-packages\starlette\_exception_handler.py", line 59, in wrapped_app
    response = await handler(conn, exc)
               ^^^^^^^^^^^^^^^^^^^^^^^^
  File "D:\Programming Projects\ml-docker-performance\.venv\Lib\site-packages\fastapi\exception_handlers.py", line 23, in request_validation_exception_handler
    return JSONResponse(
           ^^^^^^^^^^^^^
  File "D:\Programming Projects\ml-docker-performance\.venv\Lib\site-packages\starlette\responses.py", line 189, in __init__
    super().__init__(content, status_code, headers, media_type, background)
  File "D:\Programming Projects\ml-docker-performance\.venv\Lib\site-packages\starlette\responses.py", line 46, in __init__
    self.body = self.render(content)
                ^^^^^^^^^^^^^^^^^^^^
  File "D:\Programming Projects\ml-docker-performance\.venv\Lib\site-packages\starlette\responses.py", line 192, in render
    return json.dumps(
           ^^^^^^^^^^^
  File "C:\Users\admin\AppData\Local\Programs\Python\Python312\Lib\json\__init__.py", line 238, in dumps
    **kw).encode(obj)
          ^^^^^^^^^^^
  File "C:\Users\admin\AppData\Local\Programs\Python\Python312\Lib\json\encoder.py", line 200, in encode
    chunks = self.iterencode(o, _one_shot=True)
             ^^^^^^^^^^^^^^^^^^^^^^^^^^^^^^^^^^
  File "C:\Users\admin\AppData\Local\Programs\Python\Python312\Lib\json\encoder.py", line 258, in iterencode
    return _iterencode(o, 0)
           ^^^^^^^^^^^^^^^^^
ValueError: Out of range float values are not JSON compliant: nan
[2025-12-20 14:08:08] [INFO] REQ: POST /predict - Status: 200 - Czas: 1116.56ms
[2025-12-20 14:08:08] [INFO] REQ: POST /predict - Status: 200 - Czas: 842.96ms
[2025-12-20 14:08:08] [INFO] REQ: POST /predict - Status: 200 - Czas: 841.96ms
[2025-12-20 14:08:08] [INFO] REQ: POST /predict - Status: 200 - Czas: 841.96ms
[2025-12-20 14:08:08] [INFO] REQ: POST /predict - Status: 200 - Czas: 841.96ms
[2025-12-20 14:08:08] [INFO] REQ: POST /predict - Status: 200 - Czas: 841.96ms
[2025-12-20 14:08:08] [INFO] REQ: POST /predict - Status: 200 - Czas: 680.47ms
[2025-12-20 14:08:08] [INFO] REQ: POST /predict - Status: 200 - Czas: 680.47ms
[2025-12-20 14:08:08] [INFO] REQ: POST /predict - Status: 200 - Czas: 680.47ms
[2025-12-20 14:08:08] [INFO] REQ: POST /predict - Status: 200 - Czas: 680.47ms
[2025-12-20 14:08:09] [INFO] REQ: POST /predict - Status: 200 - Czas: 451.83ms
[2025-12-20 14:08:09] [INFO] REQ: POST /predict - Status: 200 - Czas: 450.32ms
[2025-12-20 14:08:09] [INFO] REQ: POST /predict - Status: 200 - Czas: 451.32ms
[2025-12-20 14:08:09] [INFO] REQ: POST /predict - Status: 200 - Czas: 451.32ms
[2025-12-20 14:08:09] [INFO] REQ: POST /predict - Status: 200 - Czas: 451.32ms
[2025-12-20 14:08:09] [INFO] REQ: POST /predict - Status: 200 - Czas: 451.32ms
[2025-12-20 14:08:09] [INFO] REQ: POST /predict - Status: 200 - Czas: 487.41ms
[2025-12-20 14:08:09] [INFO] REQ: POST /predict - Status: 200 - Czas: 486.90ms
[2025-12-20 14:08:09] [INFO] REQ: POST /predict - Status: 200 - Czas: 486.90ms
[2025-12-20 14:08:09] [INFO] REQ: POST /predict - Status: 200 - Czas: 486.90ms
[2025-12-20 14:08:09] [INFO] REQ: POST /predict - Status: 200 - Czas: 486.90ms
[2025-12-20 14:08:09] [INFO] REQ: POST /predict - Status: 200 - Czas: 735.67ms
[2025-12-20 14:08:09] [INFO] REQ: POST /predict - Status: 200 - Czas: 734.66ms
[2025-12-20 14:08:09] [INFO] REQ: POST /predict - Status: 200 - Czas: 734.66ms
[2025-12-20 14:08:09] [INFO] REQ: POST /predict - Status: 200 - Czas: 734.66ms
[2025-12-20 14:08:09] [INFO] REQ: POST /predict - Status: 200 - Czas: 734.66ms
[2025-12-20 14:08:09] [INFO] REQ: POST /predict - Status: 200 - Czas: 734.66ms
[2025-12-20 14:08:09] [INFO] REQ: POST /predict - Status: 200 - Czas: 734.66ms
[2025-12-20 14:08:09] [INFO] REQ: POST /predict - Status: 200 - Czas: 734.66ms
[2025-12-20 14:08:09] [INFO] REQ: POST /predict - Status: 200 - Czas: 872.51ms
[2025-12-20 14:08:09] [INFO] REQ: POST /predict - Status: 200 - Czas: 892.09ms
[2025-12-20 14:08:09] [INFO] REQ: POST /predict - Status: 200 - Czas: 892.09ms
[2025-12-20 14:08:09] [INFO] REQ: POST /predict - Status: 200 - Czas: 892.09ms
[2025-12-20 14:08:09] [INFO] REQ: POST /predict - Status: 200 - Czas: 892.09ms
[2025-12-20 14:08:09] [INFO] REQ: POST /predict - Status: 200 - Czas: 892.09ms
[2025-12-20 14:08:09] [INFO] REQ: POST /predict - Status: 200 - Czas: 892.09ms
[2025-12-20 14:08:09] [INFO] REQ: POST /predict - Status: 200 - Czas: 892.09ms
[2025-12-20 14:08:09] [INFO] REQ: POST /predict - Status: 200 - Czas: 892.09ms
[2025-12-20 14:08:09] [INFO] REQ: POST /predict - Status: 200 - Czas: 892.09ms
[2025-12-20 14:08:09] [INFO] REQ: POST /predict - Status: 200 - Czas: 893.59ms
[2025-12-20 14:08:09] [INFO] REQ: POST /predict - Status: 200 - Czas: 893.59ms
[2025-12-20 14:08:09] [INFO] REQ: POST /predict - Status: 200 - Czas: 893.59ms
[2025-12-20 14:08:09] [INFO] REQ: POST /predict - Status: 200 - Czas: 893.59ms
[2025-12-20 14:08:09] [INFO] REQ: POST /predict - Status: 200 - Czas: 893.59ms
[2025-12-20 14:08:09] [INFO] REQ: POST /predict - Status: 200 - Czas: 893.59ms
[2025-12-20 14:08:09] [INFO] REQ: POST /predict - Status: 200 - Czas: 893.59ms
[2025-12-20 14:08:09] [INFO] REQ: POST /predict - Status: 200 - Czas: 893.59ms
[2025-12-20 14:08:09] [INFO] REQ: POST /predict - Status: 200 - Czas: 893.59ms
[2025-12-20 14:08:09] [INFO] REQ: POST /predict - Status: 200 - Czas: 894.60ms
[2025-12-20 14:08:09] [INFO] REQ: POST /predict - Status: 200 - Czas: 894.60ms
[2025-12-20 14:08:09] [INFO] REQ: POST /predict - Status: 200 - Czas: 894.60ms
[2025-12-20 14:08:09] [INFO] REQ: POST /predict - Status: 200 - Czas: 1141.55ms
[2025-12-20 14:08:09] [INFO] REQ: POST /predict - Status: 200 - Czas: 1140.55ms
[2025-12-20 14:08:09] [INFO] REQ: POST /predict - Status: 200 - Czas: 1140.55ms
[2025-12-20 14:08:09] [INFO] REQ: POST /predict - Status: 200 - Czas: 1140.55ms
[2025-12-20 14:08:09] [INFO] REQ: POST /predict - Status: 200 - Czas: 1140.55ms
[2025-12-20 14:08:09] [INFO] REQ: POST /predict - Status: 200 - Czas: 1140.55ms
[2025-12-20 14:08:09] [INFO] REQ: POST /predict - Status: 200 - Czas: 1140.55ms
[2025-12-20 14:08:09] [INFO] REQ: POST /predict - Status: 200 - Czas: 1140.55ms
[2025-12-20 14:08:09] [INFO] REQ: POST /predict - Status: 200 - Czas: 1140.05ms
[2025-12-20 14:08:09] [INFO] REQ: POST /predict - Status: 200 - Czas: 1140.05ms
[2025-12-20 14:08:09] [ERROR] Exception in ASGI application
Traceback (most recent call last):
  File "D:\Programming Projects\ml-docker-performance\.venv\Lib\site-packages\starlette\_exception_handler.py", line 42, in wrapped_app
    await app(scope, receive, sender)
  File "D:\Programming Projects\ml-docker-performance\.venv\Lib\site-packages\fastapi\routing.py", line 106, in app
    response = await f(request)
               ^^^^^^^^^^^^^^^^
  File "D:\Programming Projects\ml-docker-performance\.venv\Lib\site-packages\fastapi\routing.py", line 472, in app
    raise validation_error
fastapi.exceptions.RequestValidationError: 1 validation error:
  {'type': 'string_type', 'loc': ('body', 'text'), 'msg': 'Input should be a valid string', 'input': nan}

  File "D:\Programming Projects\ml-docker-performance\app\server_fastapi.py", line 60, in predict_endpoint
    POST /predict

The above exception was the direct cause of the following exception:

Traceback (most recent call last):
  File "D:\Programming Projects\ml-docker-performance\.venv\Lib\site-packages\uvicorn\protocols\http\httptools_impl.py", line 409, in run_asgi
    result = await app(  # type: ignore[func-returns-value]
             ^^^^^^^^^^^^^^^^^^^^^^^^^^^^^^^^^^^^^^^^^^^^^^
  File "D:\Programming Projects\ml-docker-performance\.venv\Lib\site-packages\uvicorn\middleware\proxy_headers.py", line 60, in __call__
    return await self.app(scope, receive, send)
           ^^^^^^^^^^^^^^^^^^^^^^^^^^^^^^^^^^^^
  File "D:\Programming Projects\ml-docker-performance\.venv\Lib\site-packages\fastapi\applications.py", line 1139, in __call__
    await super().__call__(scope, receive, send)
  File "D:\Programming Projects\ml-docker-performance\.venv\Lib\site-packages\starlette\applications.py", line 107, in __call__
    await self.middleware_stack(scope, receive, send)
  File "D:\Programming Projects\ml-docker-performance\.venv\Lib\site-packages\starlette\middleware\errors.py", line 186, in __call__
    raise exc
  File "D:\Programming Projects\ml-docker-performance\.venv\Lib\site-packages\starlette\middleware\errors.py", line 164, in __call__
    await self.app(scope, receive, _send)
  File "D:\Programming Projects\ml-docker-performance\.venv\Lib\site-packages\starlette\middleware\base.py", line 191, in __call__
    with recv_stream, send_stream, collapse_excgroups():
  File "C:\Users\admin\AppData\Local\Programs\Python\Python312\Lib\contextlib.py", line 158, in __exit__
    self.gen.throw(value)
  File "D:\Programming Projects\ml-docker-performance\.venv\Lib\site-packages\starlette\_utils.py", line 85, in collapse_excgroups
    raise exc
  File "D:\Programming Projects\ml-docker-performance\.venv\Lib\site-packages\starlette\middleware\base.py", line 193, in __call__
    response = await self.dispatch_func(request, call_next)
               ^^^^^^^^^^^^^^^^^^^^^^^^^^^^^^^^^^^^^^^^^^^^
  File "D:\Programming Projects\ml-docker-performance\app\server_fastapi.py", line 41, in log_requests
    response: Response = await call_next(request)
                         ^^^^^^^^^^^^^^^^^^^^^^^^
  File "D:\Programming Projects\ml-docker-performance\.venv\Lib\site-packages\starlette\middleware\base.py", line 168, in call_next
    raise app_exc from app_exc.__cause__ or app_exc.__context__
  File "D:\Programming Projects\ml-docker-performance\.venv\Lib\site-packages\starlette\middleware\base.py", line 144, in coro
    await self.app(scope, receive_or_disconnect, send_no_error)
  File "D:\Programming Projects\ml-docker-performance\.venv\Lib\site-packages\starlette\middleware\exceptions.py", line 63, in __call__
    await wrap_app_handling_exceptions(self.app, conn)(scope, receive, send)
  File "D:\Programming Projects\ml-docker-performance\.venv\Lib\site-packages\starlette\_exception_handler.py", line 53, in wrapped_app
    raise exc
  File "D:\Programming Projects\ml-docker-performance\.venv\Lib\site-packages\starlette\_exception_handler.py", line 42, in wrapped_app
    await app(scope, receive, sender)
  File "D:\Programming Projects\ml-docker-performance\.venv\Lib\site-packages\fastapi\middleware\asyncexitstack.py", line 18, in __call__
    await self.app(scope, receive, send)
  File "D:\Programming Projects\ml-docker-performance\.venv\Lib\site-packages\starlette\routing.py", line 716, in __call__
    await self.middleware_stack(scope, receive, send)
  File "D:\Programming Projects\ml-docker-performance\.venv\Lib\site-packages\starlette\routing.py", line 736, in app
    await route.handle(scope, receive, send)
  File "D:\Programming Projects\ml-docker-performance\.venv\Lib\site-packages\starlette\routing.py", line 290, in handle
    await self.app(scope, receive, send)
  File "D:\Programming Projects\ml-docker-performance\.venv\Lib\site-packages\fastapi\routing.py", line 120, in app
    await wrap_app_handling_exceptions(app, request)(scope, receive, send)
  File "D:\Programming Projects\ml-docker-performance\.venv\Lib\site-packages\starlette\_exception_handler.py", line 59, in wrapped_app
    response = await handler(conn, exc)
               ^^^^^^^^^^^^^^^^^^^^^^^^
  File "D:\Programming Projects\ml-docker-performance\.venv\Lib\site-packages\fastapi\exception_handlers.py", line 23, in request_validation_exception_handler
    return JSONResponse(
           ^^^^^^^^^^^^^
  File "D:\Programming Projects\ml-docker-performance\.venv\Lib\site-packages\starlette\responses.py", line 189, in __init__
    super().__init__(content, status_code, headers, media_type, background)
  File "D:\Programming Projects\ml-docker-performance\.venv\Lib\site-packages\starlette\responses.py", line 46, in __init__
    self.body = self.render(content)
                ^^^^^^^^^^^^^^^^^^^^
  File "D:\Programming Projects\ml-docker-performance\.venv\Lib\site-packages\starlette\responses.py", line 192, in render
    return json.dumps(
           ^^^^^^^^^^^
  File "C:\Users\admin\AppData\Local\Programs\Python\Python312\Lib\json\__init__.py", line 238, in dumps
    **kw).encode(obj)
          ^^^^^^^^^^^
  File "C:\Users\admin\AppData\Local\Programs\Python\Python312\Lib\json\encoder.py", line 200, in encode
    chunks = self.iterencode(o, _one_shot=True)
             ^^^^^^^^^^^^^^^^^^^^^^^^^^^^^^^^^^
  File "C:\Users\admin\AppData\Local\Programs\Python\Python312\Lib\json\encoder.py", line 258, in iterencode
    return _iterencode(o, 0)
           ^^^^^^^^^^^^^^^^^
ValueError: Out of range float values are not JSON compliant: nan
[2025-12-20 14:08:09] [INFO] REQ: POST /predict - Status: 200 - Czas: 1143.55ms
[2025-12-20 14:08:09] [INFO] REQ: POST /predict - Status: 200 - Czas: 1143.55ms
[2025-12-20 14:08:09] [INFO] REQ: POST /predict - Status: 200 - Czas: 1143.55ms
[2025-12-20 14:08:09] [INFO] REQ: POST /predict - Status: 200 - Czas: 1144.11ms
[2025-12-20 14:08:09] [INFO] REQ: POST /predict - Status: 200 - Czas: 1144.11ms
[2025-12-20 14:08:10] [INFO] REQ: POST /predict - Status: 200 - Czas: 1121.06ms
[2025-12-20 14:08:10] [INFO] REQ: POST /predict - Status: 200 - Czas: 1120.56ms
[2025-12-20 14:08:10] [INFO] REQ: POST /predict - Status: 200 - Czas: 1120.06ms
[2025-12-20 14:08:10] [INFO] REQ: POST /predict - Status: 200 - Czas: 1120.06ms
[2025-12-20 14:08:10] [INFO] REQ: POST /predict - Status: 200 - Czas: 1120.06ms
[2025-12-20 14:08:10] [INFO] REQ: POST /predict - Status: 200 - Czas: 1120.06ms
[2025-12-20 14:08:10] [INFO] REQ: POST /predict - Status: 200 - Czas: 1120.06ms
[2025-12-20 14:08:10] [INFO] REQ: POST /predict - Status: 200 - Czas: 1120.06ms
[2025-12-20 14:08:10] [INFO] REQ: POST /predict - Status: 200 - Czas: 1120.06ms
[2025-12-20 14:08:10] [INFO] REQ: POST /predict - Status: 200 - Czas: 1120.06ms
[2025-12-20 14:08:10] [INFO] REQ: POST /predict - Status: 200 - Czas: 1120.06ms
[2025-12-20 14:08:10] [INFO] REQ: POST /predict - Status: 200 - Czas: 1120.06ms
[2025-12-20 14:08:10] [INFO] REQ: POST /predict - Status: 200 - Czas: 1120.06ms
[2025-12-20 14:08:10] [INFO] REQ: POST /predict - Status: 200 - Czas: 1120.06ms
[2025-12-20 14:08:10] [INFO] REQ: POST /predict - Status: 200 - Czas: 1121.57ms
[2025-12-20 14:08:10] [INFO] REQ: POST /predict - Status: 200 - Czas: 1121.57ms
[2025-12-20 14:08:10] [INFO] REQ: POST /predict - Status: 200 - Czas: 1121.57ms
[2025-12-20 14:08:10] [INFO] REQ: POST /predict - Status: 200 - Czas: 1121.57ms
[2025-12-20 14:08:10] [INFO] REQ: POST /predict - Status: 200 - Czas: 1121.57ms
[2025-12-20 14:08:10] [INFO] REQ: POST /predict - Status: 200 - Czas: 1121.57ms
[2025-12-20 14:08:10] [INFO] REQ: POST /predict - Status: 200 - Czas: 1121.57ms
[2025-12-20 14:08:10] [INFO] REQ: POST /predict - Status: 200 - Czas: 1097.63ms
[2025-12-20 14:08:10] [INFO] REQ: POST /predict - Status: 200 - Czas: 1097.63ms
[2025-12-20 14:08:10] [INFO] REQ: POST /predict - Status: 200 - Czas: 1097.63ms
[2025-12-20 14:08:10] [INFO] REQ: POST /predict - Status: 200 - Czas: 1097.63ms
[2025-12-20 14:08:10] [INFO] REQ: POST /predict - Status: 200 - Czas: 1097.63ms
[2025-12-20 14:08:10] [INFO] REQ: POST /predict - Status: 200 - Czas: 1067.26ms
[2025-12-20 14:08:10] [INFO] REQ: POST /predict - Status: 200 - Czas: 1079.26ms
[2025-12-20 14:08:10] [INFO] REQ: POST /predict - Status: 200 - Czas: 1079.26ms
[2025-12-20 14:08:10] [INFO] REQ: POST /predict - Status: 200 - Czas: 1079.26ms
[2025-12-20 14:08:10] [INFO] REQ: POST /predict - Status: 200 - Czas: 1079.26ms
[2025-12-20 14:08:10] [INFO] REQ: POST /predict - Status: 200 - Czas: 833.84ms
[2025-12-20 14:08:10] [INFO] REQ: POST /predict - Status: 200 - Czas: 833.84ms
[2025-12-20 14:08:10] [INFO] REQ: POST /predict - Status: 200 - Czas: 833.84ms
[2025-12-20 14:08:10] [INFO] REQ: POST /predict - Status: 200 - Czas: 833.84ms
[2025-12-20 14:08:10] [INFO] REQ: POST /predict - Status: 200 - Czas: 834.84ms
[2025-12-20 14:08:10] [INFO] REQ: POST /predict - Status: 200 - Czas: 704.43ms
[2025-12-20 14:08:10] [INFO] REQ: POST /predict - Status: 200 - Czas: 701.84ms
[2025-12-20 14:08:10] [INFO] REQ: POST /predict - Status: 200 - Czas: 701.84ms
[2025-12-20 14:08:10] [INFO] REQ: POST /predict - Status: 200 - Czas: 703.34ms
[2025-12-20 14:08:10] [INFO] REQ: POST /predict - Status: 200 - Czas: 703.34ms
[2025-12-20 14:08:10] [INFO] REQ: POST /predict - Status: 200 - Czas: 468.42ms
[2025-12-20 14:08:10] [INFO] REQ: POST /predict - Status: 200 - Czas: 468.42ms
[2025-12-20 14:08:10] [INFO] REQ: POST /predict - Status: 200 - Czas: 468.42ms
[2025-12-20 14:08:10] [INFO] REQ: POST /predict - Status: 200 - Czas: 468.42ms
[2025-12-20 14:08:10] [INFO] REQ: POST /predict - Status: 200 - Czas: 469.42ms
[2025-12-20 14:08:10] [INFO] REQ: POST /predict - Status: 200 - Czas: 469.42ms
[2025-12-20 14:08:10] [INFO] REQ: POST /predict - Status: 200 - Czas: 554.35ms
[2025-12-20 14:08:10] [INFO] REQ: POST /predict - Status: 200 - Czas: 554.35ms
[2025-12-20 14:08:10] [INFO] REQ: POST /predict - Status: 200 - Czas: 554.35ms
[2025-12-20 14:08:10] [INFO] REQ: POST /predict - Status: 200 - Czas: 554.35ms
[2025-12-20 14:08:10] [INFO] REQ: POST /predict - Status: 200 - Czas: 554.35ms
[2025-12-20 14:08:10] [INFO] REQ: POST /predict - Status: 200 - Czas: 554.35ms
[2025-12-20 14:08:10] [INFO] REQ: POST /predict - Status: 200 - Czas: 831.45ms
[2025-12-20 14:08:10] [INFO] REQ: POST /predict - Status: 200 - Czas: 830.44ms
[2025-12-20 14:08:10] [INFO] REQ: POST /predict - Status: 200 - Czas: 830.44ms
[2025-12-20 14:08:10] [INFO] REQ: POST /predict - Status: 200 - Czas: 831.44ms
[2025-12-20 14:08:10] [INFO] REQ: POST /predict - Status: 200 - Czas: 831.44ms
[2025-12-20 14:08:10] [INFO] REQ: POST /predict - Status: 200 - Czas: 831.44ms
[2025-12-20 14:08:10] [INFO] REQ: POST /predict - Status: 200 - Czas: 831.44ms
[2025-12-20 14:08:10] [INFO] REQ: POST /predict - Status: 200 - Czas: 831.95ms
[2025-12-20 14:08:10] [INFO] REQ: POST /predict - Status: 200 - Czas: 831.95ms
[2025-12-20 14:08:11] [INFO] REQ: POST /predict - Status: 200 - Czas: 955.68ms
[2025-12-20 14:08:11] [INFO] REQ: POST /predict - Status: 200 - Czas: 955.68ms
[2025-12-20 14:08:11] [INFO] REQ: POST /predict - Status: 200 - Czas: 956.69ms
[2025-12-20 14:08:11] [INFO] REQ: POST /predict - Status: 200 - Czas: 956.69ms
[2025-12-20 14:08:11] [INFO] REQ: POST /predict - Status: 200 - Czas: 955.69ms
[2025-12-20 14:08:11] [INFO] REQ: POST /predict - Status: 200 - Czas: 955.69ms
[2025-12-20 14:08:11] [INFO] REQ: POST /predict - Status: 200 - Czas: 955.69ms
[2025-12-20 14:08:11] [INFO] REQ: POST /predict - Status: 200 - Czas: 955.69ms
[2025-12-20 14:08:11] [INFO] REQ: POST /predict - Status: 200 - Czas: 955.69ms
[2025-12-20 14:08:11] [INFO] REQ: POST /predict - Status: 200 - Czas: 955.69ms
[2025-12-20 14:08:11] [INFO] REQ: POST /predict - Status: 200 - Czas: 956.69ms
[2025-12-20 14:08:11] [INFO] REQ: POST /predict - Status: 200 - Czas: 956.69ms
[2025-12-20 14:08:11] [INFO] REQ: POST /predict - Status: 200 - Czas: 956.69ms
[2025-12-20 14:08:11] [INFO] REQ: POST /predict - Status: 200 - Czas: 956.69ms
[2025-12-20 14:08:11] [INFO] REQ: POST /predict - Status: 200 - Czas: 956.69ms
[2025-12-20 14:08:11] [INFO] REQ: POST /predict - Status: 200 - Czas: 956.69ms
[2025-12-20 14:08:11] [INFO] REQ: POST /predict - Status: 200 - Czas: 956.69ms
[2025-12-20 14:08:11] [INFO] REQ: POST /predict - Status: 200 - Czas: 956.69ms
[2025-12-20 14:08:11] [INFO] REQ: POST /predict - Status: 200 - Czas: 956.69ms
[2025-12-20 14:08:11] [INFO] REQ: POST /predict - Status: 200 - Czas: 956.69ms
[2025-12-20 14:08:11] [INFO] REQ: POST /predict - Status: 200 - Czas: 956.69ms
[2025-12-20 14:08:11] [INFO] REQ: POST /predict - Status: 200 - Czas: 956.69ms
[2025-12-20 14:08:11] [INFO] REQ: POST /predict - Status: 200 - Czas: 1196.53ms
[2025-12-20 14:08:11] [INFO] REQ: POST /predict - Status: 200 - Czas: 1197.54ms
[2025-12-20 14:08:11] [INFO] REQ: POST /predict - Status: 200 - Czas: 1197.54ms
[2025-12-20 14:08:11] [INFO] REQ: POST /predict - Status: 200 - Czas: 1197.54ms
[2025-12-20 14:08:11] [INFO] REQ: POST /predict - Status: 200 - Czas: 1197.54ms
[2025-12-20 14:08:11] [INFO] REQ: POST /predict - Status: 200 - Czas: 1197.54ms
[2025-12-20 14:08:11] [INFO] REQ: POST /predict - Status: 200 - Czas: 1197.54ms
[2025-12-20 14:08:11] [INFO] REQ: POST /predict - Status: 200 - Czas: 1197.54ms
[2025-12-20 14:08:11] [INFO] REQ: POST /predict - Status: 200 - Czas: 1197.54ms
[2025-12-20 14:08:11] [INFO] REQ: POST /predict - Status: 200 - Czas: 1198.54ms
[2025-12-20 14:08:11] [INFO] REQ: POST /predict - Status: 200 - Czas: 1198.54ms
[2025-12-20 14:08:11] [INFO] REQ: POST /predict - Status: 200 - Czas: 1198.54ms
[2025-12-20 14:08:11] [INFO] REQ: POST /predict - Status: 200 - Czas: 1198.54ms
[2025-12-20 14:08:11] [INFO] REQ: POST /predict - Status: 200 - Czas: 1199.04ms
[2025-12-20 14:08:11] [INFO] REQ: POST /predict - Status: 200 - Czas: 1199.04ms
[2025-12-20 14:08:11] [INFO] REQ: POST /predict - Status: 200 - Czas: 1194.62ms
[2025-12-20 14:08:11] [INFO] REQ: POST /predict - Status: 200 - Czas: 1195.62ms
[2025-12-20 14:08:11] [INFO] REQ: POST /predict - Status: 200 - Czas: 1195.62ms
[2025-12-20 14:08:11] [INFO] REQ: POST /predict - Status: 200 - Czas: 1195.62ms
[2025-12-20 14:08:11] [INFO] REQ: POST /predict - Status: 200 - Czas: 1195.62ms
[2025-12-20 14:08:11] [INFO] REQ: POST /predict - Status: 200 - Czas: 1195.62ms
[2025-12-20 14:08:11] [INFO] REQ: POST /predict - Status: 200 - Czas: 1195.62ms
[2025-12-20 14:08:11] [INFO] REQ: POST /predict - Status: 200 - Czas: 1195.62ms
[2025-12-20 14:08:11] [INFO] REQ: POST /predict - Status: 200 - Czas: 1196.62ms
[2025-12-20 14:08:11] [INFO] REQ: POST /predict - Status: 200 - Czas: 1196.62ms
[2025-12-20 14:08:11] [INFO] REQ: POST /predict - Status: 200 - Czas: 1196.62ms
[2025-12-20 14:08:11] [INFO] REQ: POST /predict - Status: 200 - Czas: 1196.62ms
[2025-12-20 14:08:11] [INFO] REQ: POST /predict - Status: 200 - Czas: 1196.62ms
[2025-12-20 14:08:11] [INFO] REQ: POST /predict - Status: 200 - Czas: 1196.62ms
[2025-12-20 14:08:11] [INFO] REQ: POST /predict - Status: 200 - Czas: 1196.62ms
[2025-12-20 14:08:11] [INFO] REQ: POST /predict - Status: 200 - Czas: 1196.62ms
[2025-12-20 14:08:11] [INFO] REQ: POST /predict - Status: 200 - Czas: 1195.62ms
[2025-12-20 14:08:11] [INFO] REQ: POST /predict - Status: 200 - Czas: 1196.62ms
[2025-12-20 14:08:11] [INFO] REQ: POST /predict - Status: 200 - Czas: 1196.62ms
[2025-12-20 14:08:11] [INFO] REQ: POST /predict - Status: 200 - Czas: 1196.62ms
[2025-12-20 14:08:11] [INFO] REQ: POST /predict - Status: 200 - Czas: 1196.62ms
[2025-12-20 14:08:11] [INFO] REQ: POST /predict - Status: 200 - Czas: 1196.91ms
[2025-12-20 14:08:11] [INFO] REQ: POST /predict - Status: 200 - Czas: 1196.91ms
[2025-12-20 14:08:11] [INFO] REQ: POST /predict - Status: 200 - Czas: 1197.41ms
[2025-12-20 14:08:11] [INFO] REQ: POST /predict - Status: 200 - Czas: 1197.41ms
[2025-12-20 14:08:11] [INFO] REQ: POST /predict - Status: 200 - Czas: 1197.41ms
[2025-12-20 14:08:11] [INFO] REQ: POST /predict - Status: 200 - Czas: 1105.30ms
[2025-12-20 14:08:11] [INFO] REQ: POST /predict - Status: 200 - Czas: 1105.29ms
[2025-12-20 14:08:11] [INFO] REQ: POST /predict - Status: 200 - Czas: 1105.29ms
[2025-12-20 14:08:11] [INFO] REQ: POST /predict - Status: 200 - Czas: 1105.29ms
[2025-12-20 14:08:11] [INFO] REQ: POST /predict - Status: 200 - Czas: 1105.29ms
[2025-12-20 14:08:11] [INFO] REQ: POST /predict - Status: 200 - Czas: 848.75ms
[2025-12-20 14:08:11] [INFO] REQ: POST /predict - Status: 200 - Czas: 847.75ms
[2025-12-20 14:08:11] [INFO] REQ: POST /predict - Status: 200 - Czas: 847.75ms
[2025-12-20 14:08:11] [INFO] REQ: POST /predict - Status: 200 - Czas: 849.26ms
[2025-12-20 14:08:11] [INFO] REQ: POST /predict - Status: 200 - Czas: 849.26ms
[2025-12-20 14:08:11] [INFO] REQ: POST /predict - Status: 200 - Czas: 849.26ms
[2025-12-20 14:08:11] [INFO] REQ: POST /predict - Status: 200 - Czas: 752.15ms
[2025-12-20 14:08:11] [INFO] REQ: POST /predict - Status: 200 - Czas: 752.15ms
[2025-12-20 14:08:11] [INFO] REQ: POST /predict - Status: 200 - Czas: 752.15ms
[2025-12-20 14:08:11] [INFO] REQ: POST /predict - Status: 200 - Czas: 752.15ms
[2025-12-20 14:08:11] [INFO] REQ: POST /predict - Status: 200 - Czas: 753.15ms
[2025-12-20 14:08:12] [INFO] REQ: POST /predict - Status: 200 - Czas: 538.38ms
[2025-12-20 14:08:12] [INFO] REQ: POST /predict - Status: 200 - Czas: 538.38ms
[2025-12-20 14:08:12] [INFO] REQ: POST /predict - Status: 200 - Czas: 538.38ms
[2025-12-20 14:08:12] [INFO] REQ: POST /predict - Status: 200 - Czas: 538.38ms
[2025-12-20 14:08:12] [INFO] REQ: POST /predict - Status: 200 - Czas: 538.38ms
[2025-12-20 14:08:12] [INFO] REQ: POST /predict - Status: 200 - Czas: 539.38ms
[2025-12-20 14:08:12] [INFO] REQ: POST /predict - Status: 200 - Czas: 584.40ms
[2025-12-20 14:08:12] [INFO] REQ: POST /predict - Status: 200 - Czas: 584.40ms
[2025-12-20 14:08:12] [ERROR] Exception in ASGI application
Traceback (most recent call last):
  File "D:\Programming Projects\ml-docker-performance\.venv\Lib\site-packages\starlette\_exception_handler.py", line 42, in wrapped_app
    await app(scope, receive, sender)
  File "D:\Programming Projects\ml-docker-performance\.venv\Lib\site-packages\fastapi\routing.py", line 106, in app
    response = await f(request)
               ^^^^^^^^^^^^^^^^
  File "D:\Programming Projects\ml-docker-performance\.venv\Lib\site-packages\fastapi\routing.py", line 472, in app
    raise validation_error
fastapi.exceptions.RequestValidationError: 1 validation error:
  {'type': 'string_type', 'loc': ('body', 'text'), 'msg': 'Input should be a valid string', 'input': nan}

  File "D:\Programming Projects\ml-docker-performance\app\server_fastapi.py", line 60, in predict_endpoint
    POST /predict

The above exception was the direct cause of the following exception:

Traceback (most recent call last):
  File "D:\Programming Projects\ml-docker-performance\.venv\Lib\site-packages\uvicorn\protocols\http\httptools_impl.py", line 409, in run_asgi
    result = await app(  # type: ignore[func-returns-value]
             ^^^^^^^^^^^^^^^^^^^^^^^^^^^^^^^^^^^^^^^^^^^^^^
  File "D:\Programming Projects\ml-docker-performance\.venv\Lib\site-packages\uvicorn\middleware\proxy_headers.py", line 60, in __call__
    return await self.app(scope, receive, send)
           ^^^^^^^^^^^^^^^^^^^^^^^^^^^^^^^^^^^^
  File "D:\Programming Projects\ml-docker-performance\.venv\Lib\site-packages\fastapi\applications.py", line 1139, in __call__
    await super().__call__(scope, receive, send)
  File "D:\Programming Projects\ml-docker-performance\.venv\Lib\site-packages\starlette\applications.py", line 107, in __call__
    await self.middleware_stack(scope, receive, send)
  File "D:\Programming Projects\ml-docker-performance\.venv\Lib\site-packages\starlette\middleware\errors.py", line 186, in __call__
    raise exc
  File "D:\Programming Projects\ml-docker-performance\.venv\Lib\site-packages\starlette\middleware\errors.py", line 164, in __call__
    await self.app(scope, receive, _send)
  File "D:\Programming Projects\ml-docker-performance\.venv\Lib\site-packages\starlette\middleware\base.py", line 191, in __call__
    with recv_stream, send_stream, collapse_excgroups():
  File "C:\Users\admin\AppData\Local\Programs\Python\Python312\Lib\contextlib.py", line 158, in __exit__
    self.gen.throw(value)
  File "D:\Programming Projects\ml-docker-performance\.venv\Lib\site-packages\starlette\_utils.py", line 85, in collapse_excgroups
    raise exc
  File "D:\Programming Projects\ml-docker-performance\.venv\Lib\site-packages\starlette\middleware\base.py", line 193, in __call__
    response = await self.dispatch_func(request, call_next)
               ^^^^^^^^^^^^^^^^^^^^^^^^^^^^^^^^^^^^^^^^^^^^
  File "D:\Programming Projects\ml-docker-performance\app\server_fastapi.py", line 41, in log_requests
    response: Response = await call_next(request)
                         ^^^^^^^^^^^^^^^^^^^^^^^^
  File "D:\Programming Projects\ml-docker-performance\.venv\Lib\site-packages\starlette\middleware\base.py", line 168, in call_next
    raise app_exc from app_exc.__cause__ or app_exc.__context__
  File "D:\Programming Projects\ml-docker-performance\.venv\Lib\site-packages\starlette\middleware\base.py", line 144, in coro
    await self.app(scope, receive_or_disconnect, send_no_error)
  File "D:\Programming Projects\ml-docker-performance\.venv\Lib\site-packages\starlette\middleware\exceptions.py", line 63, in __call__
    await wrap_app_handling_exceptions(self.app, conn)(scope, receive, send)
  File "D:\Programming Projects\ml-docker-performance\.venv\Lib\site-packages\starlette\_exception_handler.py", line 53, in wrapped_app
    raise exc
  File "D:\Programming Projects\ml-docker-performance\.venv\Lib\site-packages\starlette\_exception_handler.py", line 42, in wrapped_app
    await app(scope, receive, sender)
  File "D:\Programming Projects\ml-docker-performance\.venv\Lib\site-packages\fastapi\middleware\asyncexitstack.py", line 18, in __call__
    await self.app(scope, receive, send)
  File "D:\Programming Projects\ml-docker-performance\.venv\Lib\site-packages\starlette\routing.py", line 716, in __call__
    await self.middleware_stack(scope, receive, send)
  File "D:\Programming Projects\ml-docker-performance\.venv\Lib\site-packages\starlette\routing.py", line 736, in app
    await route.handle(scope, receive, send)
  File "D:\Programming Projects\ml-docker-performance\.venv\Lib\site-packages\starlette\routing.py", line 290, in handle
    await self.app(scope, receive, send)
  File "D:\Programming Projects\ml-docker-performance\.venv\Lib\site-packages\fastapi\routing.py", line 120, in app
    await wrap_app_handling_exceptions(app, request)(scope, receive, send)
  File "D:\Programming Projects\ml-docker-performance\.venv\Lib\site-packages\starlette\_exception_handler.py", line 59, in wrapped_app
    response = await handler(conn, exc)
               ^^^^^^^^^^^^^^^^^^^^^^^^
  File "D:\Programming Projects\ml-docker-performance\.venv\Lib\site-packages\fastapi\exception_handlers.py", line 23, in request_validation_exception_handler
    return JSONResponse(
           ^^^^^^^^^^^^^
  File "D:\Programming Projects\ml-docker-performance\.venv\Lib\site-packages\starlette\responses.py", line 189, in __init__
    super().__init__(content, status_code, headers, media_type, background)
  File "D:\Programming Projects\ml-docker-performance\.venv\Lib\site-packages\starlette\responses.py", line 46, in __init__
    self.body = self.render(content)
                ^^^^^^^^^^^^^^^^^^^^
  File "D:\Programming Projects\ml-docker-performance\.venv\Lib\site-packages\starlette\responses.py", line 192, in render
    return json.dumps(
           ^^^^^^^^^^^
  File "C:\Users\admin\AppData\Local\Programs\Python\Python312\Lib\json\__init__.py", line 238, in dumps
    **kw).encode(obj)
          ^^^^^^^^^^^
  File "C:\Users\admin\AppData\Local\Programs\Python\Python312\Lib\json\encoder.py", line 200, in encode
    chunks = self.iterencode(o, _one_shot=True)
             ^^^^^^^^^^^^^^^^^^^^^^^^^^^^^^^^^^
  File "C:\Users\admin\AppData\Local\Programs\Python\Python312\Lib\json\encoder.py", line 258, in iterencode
    return _iterencode(o, 0)
           ^^^^^^^^^^^^^^^^^
ValueError: Out of range float values are not JSON compliant: nan
[2025-12-20 14:08:12] [INFO] REQ: POST /predict - Status: 200 - Czas: 588.41ms
[2025-12-20 14:08:12] [INFO] REQ: POST /predict - Status: 200 - Czas: 588.41ms
[2025-12-20 14:08:12] [INFO] REQ: POST /predict - Status: 200 - Czas: 588.41ms
[2025-12-20 14:08:12] [INFO] REQ: POST /predict - Status: 200 - Czas: 808.31ms
[2025-12-20 14:08:12] [INFO] REQ: POST /predict - Status: 200 - Czas: 808.31ms
[2025-12-20 14:08:12] [INFO] REQ: POST /predict - Status: 200 - Czas: 808.31ms
[2025-12-20 14:08:12] [INFO] REQ: POST /predict - Status: 200 - Czas: 808.31ms
[2025-12-20 14:08:12] [INFO] REQ: POST /predict - Status: 200 - Czas: 808.31ms
[2025-12-20 14:08:12] [INFO] REQ: POST /predict - Status: 200 - Czas: 807.31ms
[2025-12-20 14:08:12] [INFO] REQ: POST /predict - Status: 200 - Czas: 808.61ms
[2025-12-20 14:08:12] [ERROR] Exception in ASGI application
Traceback (most recent call last):
  File "D:\Programming Projects\ml-docker-performance\.venv\Lib\site-packages\starlette\_exception_handler.py", line 42, in wrapped_app
    await app(scope, receive, sender)
  File "D:\Programming Projects\ml-docker-performance\.venv\Lib\site-packages\fastapi\routing.py", line 106, in app
    response = await f(request)
               ^^^^^^^^^^^^^^^^
  File "D:\Programming Projects\ml-docker-performance\.venv\Lib\site-packages\fastapi\routing.py", line 472, in app
    raise validation_error
fastapi.exceptions.RequestValidationError: 1 validation error:
  {'type': 'string_type', 'loc': ('body', 'text'), 'msg': 'Input should be a valid string', 'input': nan}

  File "D:\Programming Projects\ml-docker-performance\app\server_fastapi.py", line 60, in predict_endpoint
    POST /predict

The above exception was the direct cause of the following exception:

Traceback (most recent call last):
  File "D:\Programming Projects\ml-docker-performance\.venv\Lib\site-packages\uvicorn\protocols\http\httptools_impl.py", line 409, in run_asgi
    result = await app(  # type: ignore[func-returns-value]
             ^^^^^^^^^^^^^^^^^^^^^^^^^^^^^^^^^^^^^^^^^^^^^^
  File "D:\Programming Projects\ml-docker-performance\.venv\Lib\site-packages\uvicorn\middleware\proxy_headers.py", line 60, in __call__
    return await self.app(scope, receive, send)
           ^^^^^^^^^^^^^^^^^^^^^^^^^^^^^^^^^^^^
  File "D:\Programming Projects\ml-docker-performance\.venv\Lib\site-packages\fastapi\applications.py", line 1139, in __call__
    await super().__call__(scope, receive, send)
  File "D:\Programming Projects\ml-docker-performance\.venv\Lib\site-packages\starlette\applications.py", line 107, in __call__
    await self.middleware_stack(scope, receive, send)
  File "D:\Programming Projects\ml-docker-performance\.venv\Lib\site-packages\starlette\middleware\errors.py", line 186, in __call__
    raise exc
  File "D:\Programming Projects\ml-docker-performance\.venv\Lib\site-packages\starlette\middleware\errors.py", line 164, in __call__
    await self.app(scope, receive, _send)
  File "D:\Programming Projects\ml-docker-performance\.venv\Lib\site-packages\starlette\middleware\base.py", line 191, in __call__
    with recv_stream, send_stream, collapse_excgroups():
  File "C:\Users\admin\AppData\Local\Programs\Python\Python312\Lib\contextlib.py", line 158, in __exit__
    self.gen.throw(value)
  File "D:\Programming Projects\ml-docker-performance\.venv\Lib\site-packages\starlette\_utils.py", line 85, in collapse_excgroups
    raise exc
  File "D:\Programming Projects\ml-docker-performance\.venv\Lib\site-packages\starlette\middleware\base.py", line 193, in __call__
    response = await self.dispatch_func(request, call_next)
               ^^^^^^^^^^^^^^^^^^^^^^^^^^^^^^^^^^^^^^^^^^^^
  File "D:\Programming Projects\ml-docker-performance\app\server_fastapi.py", line 41, in log_requests
    response: Response = await call_next(request)
                         ^^^^^^^^^^^^^^^^^^^^^^^^
  File "D:\Programming Projects\ml-docker-performance\.venv\Lib\site-packages\starlette\middleware\base.py", line 168, in call_next
    raise app_exc from app_exc.__cause__ or app_exc.__context__
  File "D:\Programming Projects\ml-docker-performance\.venv\Lib\site-packages\starlette\middleware\base.py", line 144, in coro
    await self.app(scope, receive_or_disconnect, send_no_error)
  File "D:\Programming Projects\ml-docker-performance\.venv\Lib\site-packages\starlette\middleware\exceptions.py", line 63, in __call__
    await wrap_app_handling_exceptions(self.app, conn)(scope, receive, send)
  File "D:\Programming Projects\ml-docker-performance\.venv\Lib\site-packages\starlette\_exception_handler.py", line 53, in wrapped_app
    raise exc
  File "D:\Programming Projects\ml-docker-performance\.venv\Lib\site-packages\starlette\_exception_handler.py", line 42, in wrapped_app
    await app(scope, receive, sender)
  File "D:\Programming Projects\ml-docker-performance\.venv\Lib\site-packages\fastapi\middleware\asyncexitstack.py", line 18, in __call__
    await self.app(scope, receive, send)
  File "D:\Programming Projects\ml-docker-performance\.venv\Lib\site-packages\starlette\routing.py", line 716, in __call__
    await self.middleware_stack(scope, receive, send)
  File "D:\Programming Projects\ml-docker-performance\.venv\Lib\site-packages\starlette\routing.py", line 736, in app
    await route.handle(scope, receive, send)
  File "D:\Programming Projects\ml-docker-performance\.venv\Lib\site-packages\starlette\routing.py", line 290, in handle
    await self.app(scope, receive, send)
  File "D:\Programming Projects\ml-docker-performance\.venv\Lib\site-packages\fastapi\routing.py", line 120, in app
    await wrap_app_handling_exceptions(app, request)(scope, receive, send)
  File "D:\Programming Projects\ml-docker-performance\.venv\Lib\site-packages\starlette\_exception_handler.py", line 59, in wrapped_app
    response = await handler(conn, exc)
               ^^^^^^^^^^^^^^^^^^^^^^^^
  File "D:\Programming Projects\ml-docker-performance\.venv\Lib\site-packages\fastapi\exception_handlers.py", line 23, in request_validation_exception_handler
    return JSONResponse(
           ^^^^^^^^^^^^^
  File "D:\Programming Projects\ml-docker-performance\.venv\Lib\site-packages\starlette\responses.py", line 189, in __init__
    super().__init__(content, status_code, headers, media_type, background)
  File "D:\Programming Projects\ml-docker-performance\.venv\Lib\site-packages\starlette\responses.py", line 46, in __init__
    self.body = self.render(content)
                ^^^^^^^^^^^^^^^^^^^^
  File "D:\Programming Projects\ml-docker-performance\.venv\Lib\site-packages\starlette\responses.py", line 192, in render
    return json.dumps(
           ^^^^^^^^^^^
  File "C:\Users\admin\AppData\Local\Programs\Python\Python312\Lib\json\__init__.py", line 238, in dumps
    **kw).encode(obj)
          ^^^^^^^^^^^
  File "C:\Users\admin\AppData\Local\Programs\Python\Python312\Lib\json\encoder.py", line 200, in encode
    chunks = self.iterencode(o, _one_shot=True)
             ^^^^^^^^^^^^^^^^^^^^^^^^^^^^^^^^^^
  File "C:\Users\admin\AppData\Local\Programs\Python\Python312\Lib\json\encoder.py", line 258, in iterencode
    return _iterencode(o, 0)
           ^^^^^^^^^^^^^^^^^
ValueError: Out of range float values are not JSON compliant: nan
[2025-12-20 14:08:12] [INFO] REQ: POST /predict - Status: 200 - Czas: 811.68ms
[2025-12-20 14:08:12] [INFO] REQ: POST /predict - Status: 200 - Czas: 954.32ms
[2025-12-20 14:08:12] [INFO] REQ: POST /predict - Status: 200 - Czas: 954.88ms
[2025-12-20 14:08:12] [INFO] REQ: POST /predict - Status: 200 - Czas: 954.88ms
[2025-12-20 14:08:12] [INFO] REQ: POST /predict - Status: 200 - Czas: 954.88ms
[2025-12-20 14:08:12] [INFO] REQ: POST /predict - Status: 200 - Czas: 954.88ms
[2025-12-20 14:08:12] [INFO] REQ: POST /predict - Status: 200 - Czas: 954.88ms
[2025-12-20 14:08:12] [INFO] REQ: POST /predict - Status: 200 - Czas: 954.88ms
[2025-12-20 14:08:12] [INFO] REQ: POST /predict - Status: 200 - Czas: 954.88ms
[2025-12-20 14:08:12] [INFO] REQ: POST /predict - Status: 200 - Czas: 954.88ms
[2025-12-20 14:08:12] [INFO] REQ: POST /predict - Status: 200 - Czas: 954.88ms
[2025-12-20 14:08:12] [INFO] REQ: POST /predict - Status: 200 - Czas: 955.88ms
[2025-12-20 14:08:12] [INFO] REQ: POST /predict - Status: 200 - Czas: 955.88ms
[2025-12-20 14:08:12] [INFO] REQ: POST /predict - Status: 200 - Czas: 955.88ms
[2025-12-20 14:08:12] [INFO] REQ: POST /predict - Status: 200 - Czas: 955.88ms
[2025-12-20 14:08:12] [INFO] REQ: POST /predict - Status: 200 - Czas: 955.88ms
[2025-12-20 14:08:12] [INFO] REQ: POST /predict - Status: 200 - Czas: 955.88ms
[2025-12-20 14:08:12] [INFO] REQ: POST /predict - Status: 200 - Czas: 955.88ms
[2025-12-20 14:08:12] [INFO] REQ: POST /predict - Status: 200 - Czas: 955.88ms
[2025-12-20 14:08:12] [INFO] REQ: POST /predict - Status: 200 - Czas: 955.88ms
[2025-12-20 14:08:12] [INFO] REQ: POST /predict - Status: 200 - Czas: 957.20ms
[2025-12-20 14:08:12] [INFO] REQ: POST /predict - Status: 200 - Czas: 957.20ms
[2025-12-20 14:08:12] [INFO] REQ: POST /predict - Status: 200 - Czas: 957.20ms
[2025-12-20 14:08:12] [INFO] REQ: POST /predict - Status: 200 - Czas: 1175.81ms
[2025-12-20 14:08:12] [INFO] REQ: POST /predict - Status: 200 - Czas: 1175.81ms
[2025-12-20 14:08:12] [INFO] REQ: POST /predict - Status: 200 - Czas: 1175.81ms
[2025-12-20 14:08:12] [INFO] REQ: POST /predict - Status: 200 - Czas: 1175.81ms
[2025-12-20 14:08:12] [INFO] REQ: POST /predict - Status: 200 - Czas: 1175.81ms
[2025-12-20 14:08:12] [INFO] REQ: POST /predict - Status: 200 - Czas: 1175.81ms
[2025-12-20 14:08:12] [INFO] REQ: POST /predict - Status: 200 - Czas: 1175.81ms
[2025-12-20 14:08:12] [INFO] REQ: POST /predict - Status: 200 - Czas: 1175.81ms
[2025-12-20 14:08:12] [INFO] REQ: POST /predict - Status: 200 - Czas: 1177.32ms
[2025-12-20 14:08:12] [INFO] REQ: POST /predict - Status: 200 - Czas: 1177.32ms
[2025-12-20 14:08:12] [INFO] REQ: POST /predict - Status: 200 - Czas: 1177.32ms
[2025-12-20 14:08:12] [INFO] REQ: POST /predict - Status: 200 - Czas: 1177.32ms
[2025-12-20 14:08:12] [INFO] REQ: POST /predict - Status: 200 - Czas: 1177.32ms
[2025-12-20 14:08:12] [INFO] REQ: POST /predict - Status: 200 - Czas: 1177.82ms
[2025-12-20 14:08:12] [INFO] REQ: POST /predict - Status: 200 - Czas: 1177.82ms
[2025-12-20 14:08:13] [INFO] REQ: POST /predict - Status: 200 - Czas: 1138.89ms
[2025-12-20 14:08:13] [INFO] REQ: POST /predict - Status: 200 - Czas: 1138.89ms
[2025-12-20 14:08:13] [INFO] REQ: POST /predict - Status: 200 - Czas: 1139.89ms
[2025-12-20 14:08:13] [INFO] REQ: POST /predict - Status: 200 - Czas: 1139.89ms
[2025-12-20 14:08:13] [INFO] REQ: POST /predict - Status: 200 - Czas: 1139.89ms
[2025-12-20 14:08:13] [INFO] REQ: POST /predict - Status: 200 - Czas: 1139.89ms
[2025-12-20 14:08:13] [INFO] REQ: POST /predict - Status: 200 - Czas: 1140.39ms
[2025-12-20 14:08:13] [INFO] REQ: POST /predict - Status: 200 - Czas: 1140.39ms
[2025-12-20 14:08:13] [INFO] REQ: POST /predict - Status: 200 - Czas: 1139.39ms
[2025-12-20 14:08:13] [INFO] REQ: POST /predict - Status: 200 - Czas: 1139.39ms
[2025-12-20 14:08:13] [INFO] REQ: POST /predict - Status: 200 - Czas: 1139.39ms
[2025-12-20 14:08:13] [INFO] REQ: POST /predict - Status: 200 - Czas: 1139.39ms
[2025-12-20 14:08:13] [INFO] REQ: POST /predict - Status: 200 - Czas: 1139.39ms
[2025-12-20 14:08:13] [INFO] REQ: POST /predict - Status: 200 - Czas: 1139.39ms
[2025-12-20 14:08:13] [INFO] REQ: POST /predict - Status: 200 - Czas: 1139.39ms
[2025-12-20 14:08:13] [INFO] REQ: POST /predict - Status: 200 - Czas: 1140.39ms
[2025-12-20 14:08:13] [INFO] REQ: POST /predict - Status: 200 - Czas: 1140.39ms
[2025-12-20 14:08:13] [INFO] REQ: POST /predict - Status: 200 - Czas: 1140.39ms
[2025-12-20 14:08:13] [INFO] REQ: POST /predict - Status: 200 - Czas: 1140.39ms
[2025-12-20 14:08:13] [INFO] REQ: POST /predict - Status: 200 - Czas: 1140.39ms
[2025-12-20 14:08:13] [INFO] REQ: POST /predict - Status: 200 - Czas: 1140.39ms
[2025-12-20 14:08:13] [INFO] REQ: POST /predict - Status: 200 - Czas: 1087.50ms
[2025-12-20 14:08:13] [INFO] REQ: POST /predict - Status: 200 - Czas: 1087.50ms
[2025-12-20 14:08:13] [INFO] REQ: POST /predict - Status: 200 - Czas: 1087.50ms
[2025-12-20 14:08:13] [INFO] REQ: POST /predict - Status: 200 - Czas: 1087.50ms
[2025-12-20 14:08:13] [INFO] REQ: POST /predict - Status: 200 - Czas: 1087.50ms
[2025-12-20 14:08:13] [INFO] REQ: POST /predict - Status: 200 - Czas: 1048.03ms
[2025-12-20 14:08:13] [INFO] REQ: POST /predict - Status: 200 - Czas: 1048.03ms
[2025-12-20 14:08:13] [INFO] REQ: POST /predict - Status: 200 - Czas: 1049.03ms
[2025-12-20 14:08:13] [INFO] REQ: POST /predict - Status: 200 - Czas: 1049.03ms
[2025-12-20 14:08:13] [INFO] REQ: POST /predict - Status: 200 - Czas: 1049.03ms
[2025-12-20 14:08:13] [INFO] REQ: POST /predict - Status: 200 - Czas: 822.17ms
[2025-12-20 14:08:13] [INFO] REQ: POST /predict - Status: 200 - Czas: 823.17ms
[2025-12-20 14:08:13] [INFO] REQ: POST /predict - Status: 200 - Czas: 823.17ms
[2025-12-20 14:08:13] [INFO] REQ: POST /predict - Status: 200 - Czas: 823.17ms
[2025-12-20 14:08:13] [INFO] REQ: POST /predict - Status: 200 - Czas: 823.17ms
[2025-12-20 14:08:13] [INFO] REQ: POST /predict - Status: 200 - Czas: 823.17ms
[2025-12-20 14:08:13] [INFO] REQ: POST /predict - Status: 200 - Czas: 694.99ms
[2025-12-20 14:08:13] [INFO] REQ: POST /predict - Status: 200 - Czas: 694.99ms
[2025-12-20 14:08:13] [INFO] REQ: POST /predict - Status: 200 - Czas: 694.99ms
[2025-12-20 14:08:13] [INFO] REQ: POST /predict - Status: 200 - Czas: 694.99ms
[2025-12-20 14:08:13] [INFO] REQ: POST /predict - Status: 200 - Czas: 694.99ms
[2025-12-20 14:08:13] [INFO] REQ: POST /predict - Status: 200 - Czas: 473.18ms
[2025-12-20 14:08:13] [INFO] REQ: POST /predict - Status: 200 - Czas: 474.19ms
[2025-12-20 14:08:13] [INFO] REQ: POST /predict - Status: 200 - Czas: 474.19ms
[2025-12-20 14:08:13] [INFO] REQ: POST /predict - Status: 200 - Czas: 474.19ms
[2025-12-20 14:08:13] [INFO] REQ: POST /predict - Status: 200 - Czas: 474.19ms
[2025-12-20 14:08:13] [INFO] REQ: POST /predict - Status: 200 - Czas: 474.19ms
[2025-12-20 14:08:13] [INFO] REQ: POST /predict - Status: 200 - Czas: 545.39ms
[2025-12-20 14:08:13] [INFO] REQ: POST /predict - Status: 200 - Czas: 544.85ms
[2025-12-20 14:08:13] [INFO] REQ: POST /predict - Status: 200 - Czas: 545.85ms
[2025-12-20 14:08:13] [INFO] REQ: POST /predict - Status: 200 - Czas: 545.85ms
[2025-12-20 14:08:13] [INFO] REQ: POST /predict - Status: 200 - Czas: 545.85ms
[2025-12-20 14:08:13] [INFO] REQ: POST /predict - Status: 200 - Czas: 817.15ms
[2025-12-20 14:08:13] [INFO] REQ: POST /predict - Status: 200 - Czas: 817.15ms
[2025-12-20 14:08:13] [INFO] REQ: POST /predict - Status: 200 - Czas: 817.15ms
[2025-12-20 14:08:13] [INFO] REQ: POST /predict - Status: 200 - Czas: 817.15ms
[2025-12-20 14:08:13] [INFO] REQ: POST /predict - Status: 200 - Czas: 818.16ms
[2025-12-20 14:08:13] [INFO] REQ: POST /predict - Status: 200 - Czas: 818.16ms
[2025-12-20 14:08:13] [INFO] REQ: POST /predict - Status: 200 - Czas: 818.16ms
[2025-12-20 14:08:13] [INFO] REQ: POST /predict - Status: 200 - Czas: 818.16ms
[2025-12-20 14:08:14] [INFO] REQ: POST /predict - Status: 200 - Czas: 967.42ms
[2025-12-20 14:08:14] [INFO] REQ: POST /predict - Status: 200 - Czas: 967.42ms
[2025-12-20 14:08:14] [INFO] REQ: POST /predict - Status: 200 - Czas: 967.42ms
[2025-12-20 14:08:14] [INFO] REQ: POST /predict - Status: 200 - Czas: 967.42ms
[2025-12-20 14:08:14] [INFO] REQ: POST /predict - Status: 200 - Czas: 968.42ms
[2025-12-20 14:08:14] [INFO] REQ: POST /predict - Status: 200 - Czas: 968.42ms
[2025-12-20 14:08:14] [INFO] REQ: POST /predict - Status: 200 - Czas: 968.42ms
[2025-12-20 14:08:14] [INFO] REQ: POST /predict - Status: 200 - Czas: 968.42ms
[2025-12-20 14:08:14] [INFO] REQ: POST /predict - Status: 200 - Czas: 968.42ms
[2025-12-20 14:08:14] [INFO] REQ: POST /predict - Status: 200 - Czas: 968.42ms
[2025-12-20 14:08:14] [INFO] REQ: POST /predict - Status: 200 - Czas: 968.42ms
[2025-12-20 14:08:14] [INFO] REQ: POST /predict - Status: 200 - Czas: 968.42ms
[2025-12-20 14:08:14] [INFO] REQ: POST /predict - Status: 200 - Czas: 968.42ms
[2025-12-20 14:08:14] [INFO] REQ: POST /predict - Status: 200 - Czas: 967.42ms
[2025-12-20 14:08:14] [INFO] REQ: POST /predict - Status: 200 - Czas: 967.42ms
[2025-12-20 14:08:14] [INFO] REQ: POST /predict - Status: 200 - Czas: 967.42ms
[2025-12-20 14:08:14] [INFO] REQ: POST /predict - Status: 200 - Czas: 967.42ms
[2025-12-20 14:08:14] [INFO] REQ: POST /predict - Status: 200 - Czas: 968.93ms
[2025-12-20 14:08:14] [INFO] REQ: POST /predict - Status: 200 - Czas: 968.93ms
[2025-12-20 14:08:14] [INFO] REQ: POST /predict - Status: 200 - Czas: 968.93ms
[2025-12-20 14:08:14] [INFO] REQ: POST /predict - Status: 200 - Czas: 968.93ms
[2025-12-20 14:08:14] [INFO] REQ: POST /predict - Status: 200 - Czas: 968.93ms
[2025-12-20 14:08:14] [INFO] REQ: POST /predict - Status: 200 - Czas: 1214.38ms
[2025-12-20 14:08:14] [INFO] REQ: POST /predict - Status: 200 - Czas: 1214.38ms
[2025-12-20 14:08:14] [INFO] REQ: POST /predict - Status: 200 - Czas: 1214.38ms
[2025-12-20 14:08:14] [INFO] REQ: POST /predict - Status: 200 - Czas: 1214.38ms
[2025-12-20 14:08:14] [INFO] REQ: POST /predict - Status: 200 - Czas: 1214.38ms
[2025-12-20 14:08:14] [INFO] REQ: POST /predict - Status: 200 - Czas: 1214.38ms
[2025-12-20 14:08:14] [INFO] REQ: POST /predict - Status: 200 - Czas: 1214.38ms
[2025-12-20 14:08:14] [INFO] REQ: POST /predict - Status: 200 - Czas: 1214.38ms
[2025-12-20 14:08:14] [INFO] REQ: POST /predict - Status: 200 - Czas: 1214.38ms
[2025-12-20 14:08:14] [INFO] REQ: POST /predict - Status: 200 - Czas: 1214.38ms
[2025-12-20 14:08:14] [INFO] REQ: POST /predict - Status: 200 - Czas: 1214.38ms
[2025-12-20 14:08:14] [INFO] REQ: POST /predict - Status: 200 - Czas: 1215.88ms
[2025-12-20 14:08:14] [INFO] REQ: POST /predict - Status: 200 - Czas: 1215.88ms
[2025-12-20 14:08:14] [INFO] REQ: POST /predict - Status: 200 - Czas: 1215.88ms
[2025-12-20 14:08:14] [INFO] REQ: POST /predict - Status: 200 - Czas: 1215.88ms
[2025-12-20 14:08:14] [INFO] REQ: POST /predict - Status: 200 - Czas: 1199.47ms
[2025-12-20 14:08:14] [INFO] REQ: POST /predict - Status: 200 - Czas: 1199.47ms
[2025-12-20 14:08:14] [INFO] REQ: POST /predict - Status: 200 - Czas: 1199.98ms
[2025-12-20 14:08:14] [INFO] REQ: POST /predict - Status: 200 - Czas: 1199.98ms
[2025-12-20 14:08:14] [INFO] REQ: POST /predict - Status: 200 - Czas: 1199.98ms
[2025-12-20 14:08:14] [INFO] REQ: POST /predict - Status: 200 - Czas: 1199.98ms
[2025-12-20 14:08:14] [INFO] REQ: POST /predict - Status: 200 - Czas: 1199.98ms
[2025-12-20 14:08:14] [INFO] REQ: POST /predict - Status: 200 - Czas: 1199.98ms
[2025-12-20 14:08:14] [INFO] REQ: POST /predict - Status: 200 - Czas: 1199.98ms
[2025-12-20 14:08:14] [INFO] REQ: POST /predict - Status: 200 - Czas: 1199.98ms
[2025-12-20 14:08:14] [INFO] REQ: POST /predict - Status: 200 - Czas: 1200.98ms
[2025-12-20 14:08:14] [INFO] REQ: POST /predict - Status: 200 - Czas: 1200.98ms
[2025-12-20 14:08:14] [INFO] REQ: POST /predict - Status: 200 - Czas: 1200.48ms
[2025-12-20 14:08:14] [INFO] REQ: POST /predict - Status: 200 - Czas: 1200.48ms
[2025-12-20 14:08:14] [INFO] REQ: POST /predict - Status: 200 - Czas: 1200.48ms
[2025-12-20 14:08:14] [INFO] REQ: POST /predict - Status: 200 - Czas: 1200.48ms
[2025-12-20 14:08:14] [INFO] REQ: POST /predict - Status: 200 - Czas: 1200.48ms
[2025-12-20 14:08:14] [INFO] REQ: POST /predict - Status: 200 - Czas: 1200.48ms
[2025-12-20 14:08:14] [INFO] REQ: POST /predict - Status: 200 - Czas: 1200.48ms
[2025-12-20 14:08:14] [INFO] REQ: POST /predict - Status: 200 - Czas: 1201.48ms
[2025-12-20 14:08:14] [INFO] REQ: POST /predict - Status: 200 - Czas: 1201.48ms
[2025-12-20 14:08:14] [INFO] REQ: POST /predict - Status: 200 - Czas: 1197.07ms
[2025-12-20 14:08:14] [INFO] REQ: POST /predict - Status: 200 - Czas: 1195.52ms
[2025-12-20 14:08:14] [INFO] REQ: POST /predict - Status: 200 - Czas: 1195.52ms
[2025-12-20 14:08:14] [INFO] REQ: POST /predict - Status: 200 - Czas: 1195.52ms
[2025-12-20 14:08:14] [INFO] REQ: POST /predict - Status: 200 - Czas: 1196.02ms
[2025-12-20 14:08:14] [INFO] REQ: POST /predict - Status: 200 - Czas: 1196.02ms
[2025-12-20 14:08:14] [INFO] REQ: POST /predict - Status: 200 - Czas: 1156.81ms
[2025-12-20 14:08:14] [INFO] REQ: POST /predict - Status: 200 - Czas: 1158.31ms
[2025-12-20 14:08:14] [INFO] REQ: POST /predict - Status: 200 - Czas: 1158.31ms
[2025-12-20 14:08:14] [INFO] REQ: POST /predict - Status: 200 - Czas: 1158.31ms
[2025-12-20 14:08:14] [INFO] REQ: POST /predict - Status: 200 - Czas: 1158.31ms
[2025-12-20 14:08:14] [INFO] REQ: POST /predict - Status: 200 - Czas: 893.69ms
[2025-12-20 14:08:14] [INFO] REQ: POST /predict - Status: 200 - Czas: 890.69ms
[2025-12-20 14:08:14] [ERROR] Exception in ASGI application
Traceback (most recent call last):
  File "D:\Programming Projects\ml-docker-performance\.venv\Lib\site-packages\starlette\_exception_handler.py", line 42, in wrapped_app
    await app(scope, receive, sender)
  File "D:\Programming Projects\ml-docker-performance\.venv\Lib\site-packages\fastapi\routing.py", line 106, in app
    response = await f(request)
               ^^^^^^^^^^^^^^^^
  File "D:\Programming Projects\ml-docker-performance\.venv\Lib\site-packages\fastapi\routing.py", line 472, in app
    raise validation_error
fastapi.exceptions.RequestValidationError: 1 validation error:
  {'type': 'string_type', 'loc': ('body', 'text'), 'msg': 'Input should be a valid string', 'input': nan}

  File "D:\Programming Projects\ml-docker-performance\app\server_fastapi.py", line 60, in predict_endpoint
    POST /predict

The above exception was the direct cause of the following exception:

Traceback (most recent call last):
  File "D:\Programming Projects\ml-docker-performance\.venv\Lib\site-packages\uvicorn\protocols\http\httptools_impl.py", line 409, in run_asgi
    result = await app(  # type: ignore[func-returns-value]
             ^^^^^^^^^^^^^^^^^^^^^^^^^^^^^^^^^^^^^^^^^^^^^^
  File "D:\Programming Projects\ml-docker-performance\.venv\Lib\site-packages\uvicorn\middleware\proxy_headers.py", line 60, in __call__
    return await self.app(scope, receive, send)
           ^^^^^^^^^^^^^^^^^^^^^^^^^^^^^^^^^^^^
  File "D:\Programming Projects\ml-docker-performance\.venv\Lib\site-packages\fastapi\applications.py", line 1139, in __call__
    await super().__call__(scope, receive, send)
  File "D:\Programming Projects\ml-docker-performance\.venv\Lib\site-packages\starlette\applications.py", line 107, in __call__
    await self.middleware_stack(scope, receive, send)
  File "D:\Programming Projects\ml-docker-performance\.venv\Lib\site-packages\starlette\middleware\errors.py", line 186, in __call__
    raise exc
  File "D:\Programming Projects\ml-docker-performance\.venv\Lib\site-packages\starlette\middleware\errors.py", line 164, in __call__
    await self.app(scope, receive, _send)
  File "D:\Programming Projects\ml-docker-performance\.venv\Lib\site-packages\starlette\middleware\base.py", line 191, in __call__
    with recv_stream, send_stream, collapse_excgroups():
  File "C:\Users\admin\AppData\Local\Programs\Python\Python312\Lib\contextlib.py", line 158, in __exit__
    self.gen.throw(value)
  File "D:\Programming Projects\ml-docker-performance\.venv\Lib\site-packages\starlette\_utils.py", line 85, in collapse_excgroups
    raise exc
  File "D:\Programming Projects\ml-docker-performance\.venv\Lib\site-packages\starlette\middleware\base.py", line 193, in __call__
    response = await self.dispatch_func(request, call_next)
               ^^^^^^^^^^^^^^^^^^^^^^^^^^^^^^^^^^^^^^^^^^^^
  File "D:\Programming Projects\ml-docker-performance\app\server_fastapi.py", line 41, in log_requests
    response: Response = await call_next(request)
                         ^^^^^^^^^^^^^^^^^^^^^^^^
  File "D:\Programming Projects\ml-docker-performance\.venv\Lib\site-packages\starlette\middleware\base.py", line 168, in call_next
    raise app_exc from app_exc.__cause__ or app_exc.__context__
  File "D:\Programming Projects\ml-docker-performance\.venv\Lib\site-packages\starlette\middleware\base.py", line 144, in coro
    await self.app(scope, receive_or_disconnect, send_no_error)
  File "D:\Programming Projects\ml-docker-performance\.venv\Lib\site-packages\starlette\middleware\exceptions.py", line 63, in __call__
    await wrap_app_handling_exceptions(self.app, conn)(scope, receive, send)
  File "D:\Programming Projects\ml-docker-performance\.venv\Lib\site-packages\starlette\_exception_handler.py", line 53, in wrapped_app
    raise exc
  File "D:\Programming Projects\ml-docker-performance\.venv\Lib\site-packages\starlette\_exception_handler.py", line 42, in wrapped_app
    await app(scope, receive, sender)
  File "D:\Programming Projects\ml-docker-performance\.venv\Lib\site-packages\fastapi\middleware\asyncexitstack.py", line 18, in __call__
    await self.app(scope, receive, send)
  File "D:\Programming Projects\ml-docker-performance\.venv\Lib\site-packages\starlette\routing.py", line 716, in __call__
    await self.middleware_stack(scope, receive, send)
  File "D:\Programming Projects\ml-docker-performance\.venv\Lib\site-packages\starlette\routing.py", line 736, in app
    await route.handle(scope, receive, send)
  File "D:\Programming Projects\ml-docker-performance\.venv\Lib\site-packages\starlette\routing.py", line 290, in handle
    await self.app(scope, receive, send)
  File "D:\Programming Projects\ml-docker-performance\.venv\Lib\site-packages\fastapi\routing.py", line 120, in app
    await wrap_app_handling_exceptions(app, request)(scope, receive, send)
  File "D:\Programming Projects\ml-docker-performance\.venv\Lib\site-packages\starlette\_exception_handler.py", line 59, in wrapped_app
    response = await handler(conn, exc)
               ^^^^^^^^^^^^^^^^^^^^^^^^
  File "D:\Programming Projects\ml-docker-performance\.venv\Lib\site-packages\fastapi\exception_handlers.py", line 23, in request_validation_exception_handler
    return JSONResponse(
           ^^^^^^^^^^^^^
  File "D:\Programming Projects\ml-docker-performance\.venv\Lib\site-packages\starlette\responses.py", line 189, in __init__
    super().__init__(content, status_code, headers, media_type, background)
  File "D:\Programming Projects\ml-docker-performance\.venv\Lib\site-packages\starlette\responses.py", line 46, in __init__
    self.body = self.render(content)
                ^^^^^^^^^^^^^^^^^^^^
  File "D:\Programming Projects\ml-docker-performance\.venv\Lib\site-packages\starlette\responses.py", line 192, in render
    return json.dumps(
           ^^^^^^^^^^^
  File "C:\Users\admin\AppData\Local\Programs\Python\Python312\Lib\json\__init__.py", line 238, in dumps
    **kw).encode(obj)
          ^^^^^^^^^^^
  File "C:\Users\admin\AppData\Local\Programs\Python\Python312\Lib\json\encoder.py", line 200, in encode
    chunks = self.iterencode(o, _one_shot=True)
             ^^^^^^^^^^^^^^^^^^^^^^^^^^^^^^^^^^
  File "C:\Users\admin\AppData\Local\Programs\Python\Python312\Lib\json\encoder.py", line 258, in iterencode
    return _iterencode(o, 0)
           ^^^^^^^^^^^^^^^^^
ValueError: Out of range float values are not JSON compliant: nan
[2025-12-20 14:08:14] [INFO] REQ: POST /predict - Status: 200 - Czas: 897.76ms
[2025-12-20 14:08:14] [INFO] REQ: POST /predict - Status: 200 - Czas: 897.76ms
[2025-12-20 14:08:14] [INFO] REQ: POST /predict - Status: 200 - Czas: 897.76ms
[2025-12-20 14:08:14] [INFO] REQ: POST /predict - Status: 200 - Czas: 897.76ms
[2025-12-20 14:08:14] [INFO] REQ: POST /predict - Status: 200 - Czas: 776.66ms
[2025-12-20 14:08:14] [INFO] REQ: POST /predict - Status: 200 - Czas: 776.66ms
[2025-12-20 14:08:14] [INFO] REQ: POST /predict - Status: 200 - Czas: 777.66ms
[2025-12-20 14:08:14] [INFO] REQ: POST /predict - Status: 200 - Czas: 777.66ms
[2025-12-20 14:08:14] [INFO] REQ: POST /predict - Status: 200 - Czas: 777.66ms
[2025-12-20 14:08:15] [INFO] REQ: POST /predict - Status: 200 - Czas: 555.10ms
[2025-12-20 14:08:15] [INFO] REQ: POST /predict - Status: 200 - Czas: 555.10ms
[2025-12-20 14:08:15] [INFO] REQ: POST /predict - Status: 200 - Czas: 556.11ms
[2025-12-20 14:08:15] [INFO] REQ: POST /predict - Status: 200 - Czas: 556.11ms
[2025-12-20 14:08:15] [INFO] REQ: POST /predict - Status: 200 - Czas: 556.11ms
[2025-12-20 14:08:15] [INFO] REQ: POST /predict - Status: 200 - Czas: 556.11ms
[2025-12-20 14:08:15] [INFO] REQ: POST /predict - Status: 200 - Czas: 579.45ms
[2025-12-20 14:08:15] [INFO] REQ: POST /predict - Status: 200 - Czas: 579.45ms
[2025-12-20 14:08:15] [INFO] REQ: POST /predict - Status: 200 - Czas: 579.45ms
[2025-12-20 14:08:15] [INFO] REQ: POST /predict - Status: 200 - Czas: 579.45ms
[2025-12-20 14:08:15] [INFO] REQ: POST /predict - Status: 200 - Czas: 579.45ms
[2025-12-20 14:08:15] [INFO] REQ: POST /predict - Status: 200 - Czas: 822.20ms
[2025-12-20 14:08:15] [INFO] REQ: POST /predict - Status: 200 - Czas: 822.20ms
[2025-12-20 14:08:15] [INFO] REQ: POST /predict - Status: 200 - Czas: 821.20ms
[2025-12-20 14:08:15] [INFO] REQ: POST /predict - Status: 200 - Czas: 821.20ms
[2025-12-20 14:08:15] [INFO] REQ: POST /predict - Status: 200 - Czas: 821.20ms
[2025-12-20 14:08:15] [INFO] REQ: POST /predict - Status: 200 - Czas: 821.20ms
[2025-12-20 14:08:15] [INFO] REQ: POST /predict - Status: 200 - Czas: 821.20ms
[2025-12-20 14:08:15] [INFO] REQ: POST /predict - Status: 200 - Czas: 822.20ms
[2025-12-20 14:08:15] [INFO] REQ: POST /predict - Status: 200 - Czas: 909.33ms
[2025-12-20 14:08:15] [INFO] REQ: POST /predict - Status: 200 - Czas: 910.84ms
[2025-12-20 14:08:15] [INFO] REQ: POST /predict - Status: 200 - Czas: 910.84ms
[2025-12-20 14:08:15] [INFO] REQ: POST /predict - Status: 200 - Czas: 910.84ms
[2025-12-20 14:08:15] [INFO] REQ: POST /predict - Status: 200 - Czas: 910.84ms
[2025-12-20 14:08:15] [INFO] REQ: POST /predict - Status: 200 - Czas: 911.35ms
[2025-12-20 14:08:15] [INFO] REQ: POST /predict - Status: 200 - Czas: 911.35ms
[2025-12-20 14:08:15] [INFO] REQ: POST /predict - Status: 200 - Czas: 911.35ms
[2025-12-20 14:08:15] [INFO] REQ: POST /predict - Status: 200 - Czas: 911.35ms
[2025-12-20 14:08:15] [INFO] REQ: POST /predict - Status: 200 - Czas: 911.35ms
[2025-12-20 14:08:15] [INFO] REQ: POST /predict - Status: 200 - Czas: 911.35ms
[2025-12-20 14:08:15] [INFO] REQ: POST /predict - Status: 200 - Czas: 911.35ms
[2025-12-20 14:08:15] [INFO] REQ: POST /predict - Status: 200 - Czas: 911.35ms
[2025-12-20 14:08:15] [INFO] REQ: POST /predict - Status: 200 - Czas: 912.36ms
[2025-12-20 14:08:15] [INFO] REQ: POST /predict - Status: 200 - Czas: 912.36ms
[2025-12-20 14:08:15] [INFO] REQ: POST /predict - Status: 200 - Czas: 912.36ms
[2025-12-20 14:08:15] [INFO] REQ: POST /predict - Status: 200 - Czas: 912.36ms
[2025-12-20 14:08:15] [INFO] REQ: POST /predict - Status: 200 - Czas: 912.36ms
[2025-12-20 14:08:15] [INFO] REQ: POST /predict - Status: 200 - Czas: 912.36ms
[2025-12-20 14:08:15] [INFO] REQ: POST /predict - Status: 200 - Czas: 912.36ms
[2025-12-20 14:08:15] [INFO] REQ: POST /predict - Status: 200 - Czas: 912.36ms
[2025-12-20 14:08:15] [INFO] REQ: POST /predict - Status: 200 - Czas: 912.36ms
[2025-12-20 14:08:15] [INFO] REQ: POST /predict - Status: 200 - Czas: 1165.65ms
[2025-12-20 14:08:15] [INFO] REQ: POST /predict - Status: 200 - Czas: 1165.65ms
[2025-12-20 14:08:15] [INFO] REQ: POST /predict - Status: 200 - Czas: 1165.65ms
[2025-12-20 14:08:15] [INFO] REQ: POST /predict - Status: 200 - Czas: 1165.65ms
[2025-12-20 14:08:15] [INFO] REQ: POST /predict - Status: 200 - Czas: 1165.65ms
[2025-12-20 14:08:15] [INFO] REQ: POST /predict - Status: 200 - Czas: 1165.65ms
[2025-12-20 14:08:15] [INFO] REQ: POST /predict - Status: 200 - Czas: 1165.65ms
[2025-12-20 14:08:15] [INFO] REQ: POST /predict - Status: 200 - Czas: 1166.65ms
[2025-12-20 14:08:15] [INFO] REQ: POST /predict - Status: 200 - Czas: 1166.65ms
[2025-12-20 14:08:15] [INFO] REQ: POST /predict - Status: 200 - Czas: 1166.65ms
[2025-12-20 14:08:15] [INFO] REQ: POST /predict - Status: 200 - Czas: 1166.65ms
[2025-12-20 14:08:15] [INFO] REQ: POST /predict - Status: 200 - Czas: 1165.10ms
[2025-12-20 14:08:15] [INFO] REQ: POST /predict - Status: 200 - Czas: 1165.10ms
[2025-12-20 14:08:15] [INFO] REQ: POST /predict - Status: 200 - Czas: 1165.10ms
[2025-12-20 14:08:15] [INFO] REQ: POST /predict - Status: 200 - Czas: 1165.10ms
[2025-12-20 14:08:16] [INFO] REQ: POST /predict - Status: 200 - Czas: 1137.50ms
[2025-12-20 14:08:16] [INFO] REQ: POST /predict - Status: 200 - Czas: 1137.50ms
[2025-12-20 14:08:16] [INFO] REQ: POST /predict - Status: 200 - Czas: 1137.50ms
[2025-12-20 14:08:16] [INFO] REQ: POST /predict - Status: 200 - Czas: 1138.51ms
[2025-12-20 14:08:16] [INFO] REQ: POST /predict - Status: 200 - Czas: 1138.51ms
[2025-12-20 14:08:16] [INFO] REQ: POST /predict - Status: 200 - Czas: 1138.51ms
[2025-12-20 14:08:16] [INFO] REQ: POST /predict - Status: 200 - Czas: 1138.51ms
[2025-12-20 14:08:16] [INFO] REQ: POST /predict - Status: 200 - Czas: 1138.51ms
[2025-12-20 14:08:16] [INFO] REQ: POST /predict - Status: 200 - Czas: 1138.51ms
[2025-12-20 14:08:16] [INFO] REQ: POST /predict - Status: 200 - Czas: 1138.51ms
[2025-12-20 14:08:16] [INFO] REQ: POST /predict - Status: 200 - Czas: 1138.51ms
[2025-12-20 14:08:16] [INFO] REQ: POST /predict - Status: 200 - Czas: 1138.51ms
[2025-12-20 14:08:16] [INFO] REQ: POST /predict - Status: 200 - Czas: 1138.51ms
[2025-12-20 14:08:16] [INFO] REQ: POST /predict - Status: 200 - Czas: 1139.51ms
[2025-12-20 14:08:16] [INFO] REQ: POST /predict - Status: 200 - Czas: 1139.51ms
[2025-12-20 14:08:16] [INFO] REQ: POST /predict - Status: 200 - Czas: 1139.51ms
[2025-12-20 14:08:16] [INFO] REQ: POST /predict - Status: 200 - Czas: 1139.51ms
[2025-12-20 14:08:16] [INFO] REQ: POST /predict - Status: 200 - Czas: 1139.51ms
[2025-12-20 14:08:16] [INFO] REQ: POST /predict - Status: 200 - Czas: 1139.51ms
[2025-12-20 14:08:16] [INFO] REQ: POST /predict - Status: 200 - Czas: 1139.51ms
[2025-12-20 14:08:16] [INFO] REQ: POST /predict - Status: 200 - Czas: 1139.51ms
[2025-12-20 14:08:16] [INFO] REQ: POST /predict - Status: 200 - Czas: 1117.39ms
[2025-12-20 14:08:16] [INFO] REQ: POST /predict - Status: 200 - Czas: 1118.39ms
[2025-12-20 14:08:16] [INFO] REQ: POST /predict - Status: 200 - Czas: 1118.39ms
[2025-12-20 14:08:16] [INFO] REQ: POST /predict - Status: 200 - Czas: 1118.39ms
[2025-12-20 14:08:16] [INFO] REQ: POST /predict - Status: 200 - Czas: 1118.39ms
[2025-12-20 14:08:16] [INFO] REQ: POST /predict - Status: 200 - Czas: 1118.39ms
[2025-12-20 14:08:16] [INFO] REQ: POST /predict - Status: 200 - Czas: 1101.48ms
[2025-12-20 14:08:16] [INFO] REQ: POST /predict - Status: 200 - Czas: 1101.48ms
[2025-12-20 14:08:16] [INFO] REQ: POST /predict - Status: 200 - Czas: 1101.48ms
[2025-12-20 14:08:16] [INFO] REQ: POST /predict - Status: 200 - Czas: 1101.48ms
[2025-12-20 14:08:16] [INFO] REQ: POST /predict - Status: 200 - Czas: 1101.48ms
[2025-12-20 14:08:16] [INFO] REQ: POST /predict - Status: 200 - Czas: 862.76ms
[2025-12-20 14:08:16] [INFO] REQ: POST /predict - Status: 200 - Czas: 862.76ms
[2025-12-20 14:08:16] [INFO] REQ: POST /predict - Status: 200 - Czas: 863.77ms
[2025-12-20 14:08:16] [INFO] REQ: POST /predict - Status: 200 - Czas: 863.77ms
[2025-12-20 14:08:16] [INFO] REQ: POST /predict - Status: 200 - Czas: 863.77ms
[2025-12-20 14:08:16] [INFO] REQ: POST /predict - Status: 200 - Czas: 863.77ms
[2025-12-20 14:08:16] [INFO] REQ: POST /predict - Status: 200 - Czas: 757.73ms
[2025-12-20 14:08:16] [INFO] REQ: POST /predict - Status: 200 - Czas: 757.73ms
[2025-12-20 14:08:16] [INFO] REQ: POST /predict - Status: 200 - Czas: 757.73ms
[2025-12-20 14:08:16] [INFO] REQ: POST /predict - Status: 200 - Czas: 757.73ms
[2025-12-20 14:08:16] [INFO] REQ: POST /predict - Status: 200 - Czas: 757.73ms
[2025-12-20 14:08:16] [INFO] REQ: POST /predict - Status: 200 - Czas: 525.22ms
[2025-12-20 14:08:16] [INFO] REQ: POST /predict - Status: 200 - Czas: 526.22ms
[2025-12-20 14:08:16] [INFO] REQ: POST /predict - Status: 200 - Czas: 526.22ms
[2025-12-20 14:08:16] [INFO] REQ: POST /predict - Status: 200 - Czas: 526.22ms
[2025-12-20 14:08:16] [INFO] REQ: POST /predict - Status: 200 - Czas: 526.22ms
[2025-12-20 14:08:16] [INFO] REQ: POST /predict - Status: 200 - Czas: 526.22ms
[2025-12-20 14:08:16] [INFO] REQ: POST /predict - Status: 200 - Czas: 572.32ms
[2025-12-20 14:08:16] [INFO] REQ: POST /predict - Status: 200 - Czas: 569.81ms
[2025-12-20 14:08:16] [INFO] REQ: POST /predict - Status: 200 - Czas: 569.81ms
[2025-12-20 14:08:16] [INFO] REQ: POST /predict - Status: 200 - Czas: 569.81ms
[2025-12-20 14:08:16] [INFO] REQ: POST /predict - Status: 200 - Czas: 569.81ms
[2025-12-20 14:08:16] [INFO] REQ: POST /predict - Status: 200 - Czas: 846.10ms
[2025-12-20 14:08:16] [INFO] REQ: POST /predict - Status: 200 - Czas: 846.09ms
[2025-12-20 14:08:16] [INFO] REQ: POST /predict - Status: 200 - Czas: 846.09ms
[2025-12-20 14:08:16] [INFO] REQ: POST /predict - Status: 200 - Czas: 846.09ms
[2025-12-20 14:08:16] [INFO] REQ: POST /predict - Status: 200 - Czas: 846.09ms
[2025-12-20 14:08:16] [INFO] REQ: POST /predict - Status: 200 - Czas: 846.09ms
[2025-12-20 14:08:16] [INFO] REQ: POST /predict - Status: 200 - Czas: 847.10ms
[2025-12-20 14:08:16] [INFO] REQ: POST /predict - Status: 200 - Czas: 847.10ms
[2025-12-20 14:08:16] [INFO] REQ: POST /predict - Status: 200 - Czas: 847.10ms
[2025-12-20 14:08:17] [INFO] REQ: POST /predict - Status: 200 - Czas: 960.28ms
[2025-12-20 14:08:17] [INFO] REQ: POST /predict - Status: 200 - Czas: 960.28ms
[2025-12-20 14:08:17] [INFO] REQ: POST /predict - Status: 200 - Czas: 960.28ms
[2025-12-20 14:08:17] [INFO] REQ: POST /predict - Status: 200 - Czas: 961.28ms
[2025-12-20 14:08:17] [INFO] REQ: POST /predict - Status: 200 - Czas: 961.28ms
[2025-12-20 14:08:17] [INFO] REQ: POST /predict - Status: 200 - Czas: 960.75ms
[2025-12-20 14:08:17] [INFO] REQ: POST /predict - Status: 200 - Czas: 960.75ms
[2025-12-20 14:08:17] [INFO] REQ: POST /predict - Status: 200 - Czas: 961.29ms
[2025-12-20 14:08:17] [INFO] REQ: POST /predict - Status: 200 - Czas: 961.29ms
[2025-12-20 14:08:17] [INFO] REQ: POST /predict - Status: 200 - Czas: 961.29ms
[2025-12-20 14:08:17] [INFO] REQ: POST /predict - Status: 200 - Czas: 961.29ms
[2025-12-20 14:08:17] [INFO] REQ: POST /predict - Status: 200 - Czas: 961.29ms
[2025-12-20 14:08:17] [INFO] REQ: POST /predict - Status: 200 - Czas: 961.80ms
[2025-12-20 14:08:17] [INFO] REQ: POST /predict - Status: 200 - Czas: 961.80ms
[2025-12-20 14:08:17] [INFO] REQ: POST /predict - Status: 200 - Czas: 961.80ms
[2025-12-20 14:08:17] [INFO] REQ: POST /predict - Status: 200 - Czas: 961.80ms
[2025-12-20 14:08:17] [INFO] REQ: POST /predict - Status: 200 - Czas: 961.80ms
[2025-12-20 14:08:17] [INFO] REQ: POST /predict - Status: 200 - Czas: 961.80ms
[2025-12-20 14:08:17] [INFO] REQ: POST /predict - Status: 200 - Czas: 961.80ms
[2025-12-20 14:08:17] [INFO] REQ: POST /predict - Status: 200 - Czas: 961.80ms
[2025-12-20 14:08:17] [INFO] REQ: POST /predict - Status: 200 - Czas: 962.80ms
[2025-12-20 14:08:17] [INFO] REQ: POST /predict - Status: 200 - Czas: 962.80ms
[2025-12-20 14:08:17] [INFO] REQ: POST /predict - Status: 200 - Czas: 1186.40ms
[2025-12-20 14:08:17] [INFO] REQ: POST /predict - Status: 200 - Czas: 1186.40ms
[2025-12-20 14:08:17] [INFO] REQ: POST /predict - Status: 200 - Czas: 1187.41ms
[2025-12-20 14:08:17] [INFO] REQ: POST /predict - Status: 200 - Czas: 1187.41ms
[2025-12-20 14:08:17] [INFO] REQ: POST /predict - Status: 200 - Czas: 1187.41ms
[2025-12-20 14:08:17] [INFO] REQ: POST /predict - Status: 200 - Czas: 1187.41ms
[2025-12-20 14:08:17] [INFO] REQ: POST /predict - Status: 200 - Czas: 1187.41ms
[2025-12-20 14:08:17] [INFO] REQ: POST /predict - Status: 200 - Czas: 1187.41ms
[2025-12-20 14:08:17] [INFO] REQ: POST /predict - Status: 200 - Czas: 1187.41ms
[2025-12-20 14:08:17] [INFO] REQ: POST /predict - Status: 200 - Czas: 1187.41ms
[2025-12-20 14:08:17] [INFO] REQ: POST /predict - Status: 200 - Czas: 1188.41ms
[2025-12-20 14:08:17] [INFO] REQ: POST /predict - Status: 200 - Czas: 1188.41ms
[2025-12-20 14:08:17] [INFO] REQ: POST /predict - Status: 200 - Czas: 1187.41ms
[2025-12-20 14:08:17] [INFO] REQ: POST /predict - Status: 200 - Czas: 1187.41ms
[2025-12-20 14:08:17] [INFO] REQ: POST /predict - Status: 200 - Czas: 1187.41ms
[2025-12-20 14:08:17] [INFO] REQ: POST /predict - Status: 200 - Czas: 1166.33ms
[2025-12-20 14:08:17] [INFO] REQ: POST /predict - Status: 200 - Czas: 1166.33ms
[2025-12-20 14:08:17] [INFO] REQ: POST /predict - Status: 200 - Czas: 1167.34ms
[2025-12-20 14:08:17] [INFO] REQ: POST /predict - Status: 200 - Czas: 1167.34ms
[2025-12-20 14:08:17] [INFO] REQ: POST /predict - Status: 200 - Czas: 1167.34ms
[2025-12-20 14:08:17] [INFO] REQ: POST /predict - Status: 200 - Czas: 1167.34ms
[2025-12-20 14:08:17] [INFO] REQ: POST /predict - Status: 200 - Czas: 1167.34ms
[2025-12-20 14:08:17] [INFO] REQ: POST /predict - Status: 200 - Czas: 1167.34ms
[2025-12-20 14:08:17] [INFO] REQ: POST /predict - Status: 200 - Czas: 1166.34ms
[2025-12-20 14:08:17] [INFO] REQ: POST /predict - Status: 200 - Czas: 1166.34ms
[2025-12-20 14:08:17] [INFO] REQ: POST /predict - Status: 200 - Czas: 1166.34ms
[2025-12-20 14:08:17] [INFO] REQ: POST /predict - Status: 200 - Czas: 1166.34ms
[2025-12-20 14:08:17] [INFO] REQ: POST /predict - Status: 200 - Czas: 1166.34ms
[2025-12-20 14:08:17] [INFO] REQ: POST /predict - Status: 200 - Czas: 1166.34ms
[2025-12-20 14:08:17] [INFO] REQ: POST /predict - Status: 200 - Czas: 1166.34ms
[2025-12-20 14:08:17] [INFO] REQ: POST /predict - Status: 200 - Czas: 1166.34ms
[2025-12-20 14:08:17] [INFO] REQ: POST /predict - Status: 200 - Czas: 1166.34ms
[2025-12-20 14:08:17] [INFO] REQ: POST /predict - Status: 200 - Czas: 1166.34ms
[2025-12-20 14:08:17] [INFO] REQ: POST /predict - Status: 200 - Czas: 1166.34ms
[2025-12-20 14:08:17] [INFO] REQ: POST /predict - Status: 200 - Czas: 1166.34ms
[2025-12-20 14:08:17] [INFO] REQ: POST /predict - Status: 200 - Czas: 1167.41ms
[2025-12-20 14:08:17] [INFO] REQ: POST /predict - Status: 200 - Czas: 1158.03ms
[2025-12-20 14:08:17] [INFO] REQ: POST /predict - Status: 200 - Czas: 1158.03ms
[2025-12-20 14:08:17] [INFO] REQ: POST /predict - Status: 200 - Czas: 1157.02ms
[2025-12-20 14:08:17] [INFO] REQ: POST /predict - Status: 200 - Czas: 1157.02ms
[2025-12-20 14:08:17] [INFO] REQ: POST /predict - Status: 200 - Czas: 1157.02ms
[2025-12-20 14:08:17] [ERROR] Exception in ASGI application
Traceback (most recent call last):
  File "D:\Programming Projects\ml-docker-performance\.venv\Lib\site-packages\starlette\_exception_handler.py", line 42, in wrapped_app
    await app(scope, receive, sender)
  File "D:\Programming Projects\ml-docker-performance\.venv\Lib\site-packages\fastapi\routing.py", line 106, in app
    response = await f(request)
               ^^^^^^^^^^^^^^^^
  File "D:\Programming Projects\ml-docker-performance\.venv\Lib\site-packages\fastapi\routing.py", line 472, in app
    raise validation_error
fastapi.exceptions.RequestValidationError: 1 validation error:
  {'type': 'string_type', 'loc': ('body', 'text'), 'msg': 'Input should be a valid string', 'input': nan}

  File "D:\Programming Projects\ml-docker-performance\app\server_fastapi.py", line 60, in predict_endpoint
    POST /predict

The above exception was the direct cause of the following exception:

Traceback (most recent call last):
  File "D:\Programming Projects\ml-docker-performance\.venv\Lib\site-packages\uvicorn\protocols\http\httptools_impl.py", line 409, in run_asgi
    result = await app(  # type: ignore[func-returns-value]
             ^^^^^^^^^^^^^^^^^^^^^^^^^^^^^^^^^^^^^^^^^^^^^^
  File "D:\Programming Projects\ml-docker-performance\.venv\Lib\site-packages\uvicorn\middleware\proxy_headers.py", line 60, in __call__
    return await self.app(scope, receive, send)
           ^^^^^^^^^^^^^^^^^^^^^^^^^^^^^^^^^^^^
  File "D:\Programming Projects\ml-docker-performance\.venv\Lib\site-packages\fastapi\applications.py", line 1139, in __call__
    await super().__call__(scope, receive, send)
  File "D:\Programming Projects\ml-docker-performance\.venv\Lib\site-packages\starlette\applications.py", line 107, in __call__
    await self.middleware_stack(scope, receive, send)
  File "D:\Programming Projects\ml-docker-performance\.venv\Lib\site-packages\starlette\middleware\errors.py", line 186, in __call__
    raise exc
  File "D:\Programming Projects\ml-docker-performance\.venv\Lib\site-packages\starlette\middleware\errors.py", line 164, in __call__
    await self.app(scope, receive, _send)
  File "D:\Programming Projects\ml-docker-performance\.venv\Lib\site-packages\starlette\middleware\base.py", line 191, in __call__
    with recv_stream, send_stream, collapse_excgroups():
  File "C:\Users\admin\AppData\Local\Programs\Python\Python312\Lib\contextlib.py", line 158, in __exit__
    self.gen.throw(value)
  File "D:\Programming Projects\ml-docker-performance\.venv\Lib\site-packages\starlette\_utils.py", line 85, in collapse_excgroups
    raise exc
  File "D:\Programming Projects\ml-docker-performance\.venv\Lib\site-packages\starlette\middleware\base.py", line 193, in __call__
    response = await self.dispatch_func(request, call_next)
               ^^^^^^^^^^^^^^^^^^^^^^^^^^^^^^^^^^^^^^^^^^^^
  File "D:\Programming Projects\ml-docker-performance\app\server_fastapi.py", line 41, in log_requests
    response: Response = await call_next(request)
                         ^^^^^^^^^^^^^^^^^^^^^^^^
  File "D:\Programming Projects\ml-docker-performance\.venv\Lib\site-packages\starlette\middleware\base.py", line 168, in call_next
    raise app_exc from app_exc.__cause__ or app_exc.__context__
  File "D:\Programming Projects\ml-docker-performance\.venv\Lib\site-packages\starlette\middleware\base.py", line 144, in coro
    await self.app(scope, receive_or_disconnect, send_no_error)
  File "D:\Programming Projects\ml-docker-performance\.venv\Lib\site-packages\starlette\middleware\exceptions.py", line 63, in __call__
    await wrap_app_handling_exceptions(self.app, conn)(scope, receive, send)
  File "D:\Programming Projects\ml-docker-performance\.venv\Lib\site-packages\starlette\_exception_handler.py", line 53, in wrapped_app
    raise exc
  File "D:\Programming Projects\ml-docker-performance\.venv\Lib\site-packages\starlette\_exception_handler.py", line 42, in wrapped_app
    await app(scope, receive, sender)
  File "D:\Programming Projects\ml-docker-performance\.venv\Lib\site-packages\fastapi\middleware\asyncexitstack.py", line 18, in __call__
    await self.app(scope, receive, send)
  File "D:\Programming Projects\ml-docker-performance\.venv\Lib\site-packages\starlette\routing.py", line 716, in __call__
    await self.middleware_stack(scope, receive, send)
  File "D:\Programming Projects\ml-docker-performance\.venv\Lib\site-packages\starlette\routing.py", line 736, in app
    await route.handle(scope, receive, send)
  File "D:\Programming Projects\ml-docker-performance\.venv\Lib\site-packages\starlette\routing.py", line 290, in handle
    await self.app(scope, receive, send)
  File "D:\Programming Projects\ml-docker-performance\.venv\Lib\site-packages\fastapi\routing.py", line 120, in app
    await wrap_app_handling_exceptions(app, request)(scope, receive, send)
  File "D:\Programming Projects\ml-docker-performance\.venv\Lib\site-packages\starlette\_exception_handler.py", line 59, in wrapped_app
    response = await handler(conn, exc)
               ^^^^^^^^^^^^^^^^^^^^^^^^
  File "D:\Programming Projects\ml-docker-performance\.venv\Lib\site-packages\fastapi\exception_handlers.py", line 23, in request_validation_exception_handler
    return JSONResponse(
           ^^^^^^^^^^^^^
  File "D:\Programming Projects\ml-docker-performance\.venv\Lib\site-packages\starlette\responses.py", line 189, in __init__
    super().__init__(content, status_code, headers, media_type, background)
  File "D:\Programming Projects\ml-docker-performance\.venv\Lib\site-packages\starlette\responses.py", line 46, in __init__
    self.body = self.render(content)
                ^^^^^^^^^^^^^^^^^^^^
  File "D:\Programming Projects\ml-docker-performance\.venv\Lib\site-packages\starlette\responses.py", line 192, in render
    return json.dumps(
           ^^^^^^^^^^^
  File "C:\Users\admin\AppData\Local\Programs\Python\Python312\Lib\json\__init__.py", line 238, in dumps
    **kw).encode(obj)
          ^^^^^^^^^^^
  File "C:\Users\admin\AppData\Local\Programs\Python\Python312\Lib\json\encoder.py", line 200, in encode
    chunks = self.iterencode(o, _one_shot=True)
             ^^^^^^^^^^^^^^^^^^^^^^^^^^^^^^^^^^
  File "C:\Users\admin\AppData\Local\Programs\Python\Python312\Lib\json\encoder.py", line 258, in iterencode
    return _iterencode(o, 0)
           ^^^^^^^^^^^^^^^^^
ValueError: Out of range float values are not JSON compliant: nan
[2025-12-20 14:08:17] [INFO] REQ: POST /predict - Status: 200 - Czas: 1135.44ms
[2025-12-20 14:08:17] [INFO] REQ: POST /predict - Status: 200 - Czas: 1135.44ms
[2025-12-20 14:08:17] [INFO] REQ: POST /predict - Status: 200 - Czas: 1135.44ms
[2025-12-20 14:08:17] [INFO] REQ: POST /predict - Status: 200 - Czas: 1135.44ms
[2025-12-20 14:08:17] [INFO] REQ: POST /predict - Status: 200 - Czas: 1135.44ms
[2025-12-20 14:08:17] [INFO] REQ: POST /predict - Status: 200 - Czas: 889.48ms
[2025-12-20 14:08:17] [INFO] REQ: POST /predict - Status: 200 - Czas: 890.48ms
[2025-12-20 14:08:17] [INFO] REQ: POST /predict - Status: 200 - Czas: 890.48ms
[2025-12-20 14:08:17] [INFO] REQ: POST /predict - Status: 200 - Czas: 890.48ms
[2025-12-20 14:08:17] [INFO] REQ: POST /predict - Status: 200 - Czas: 890.48ms
[2025-12-20 14:08:17] [INFO] REQ: POST /predict - Status: 200 - Czas: 890.48ms
[2025-12-20 14:08:17] [INFO] REQ: POST /predict - Status: 200 - Czas: 765.02ms
[2025-12-20 14:08:17] [INFO] REQ: POST /predict - Status: 200 - Czas: 765.02ms
[2025-12-20 14:08:17] [INFO] REQ: POST /predict - Status: 200 - Czas: 765.02ms
[2025-12-20 14:08:17] [INFO] REQ: POST /predict - Status: 200 - Czas: 765.02ms
[2025-12-20 14:08:17] [INFO] REQ: POST /predict - Status: 200 - Czas: 765.02ms
[2025-12-20 14:08:18] [INFO] REQ: POST /predict - Status: 200 - Czas: 513.80ms
[2025-12-20 14:08:18] [INFO] REQ: POST /predict - Status: 200 - Czas: 514.80ms
[2025-12-20 14:08:18] [INFO] REQ: POST /predict - Status: 200 - Czas: 514.80ms
[2025-12-20 14:08:18] [INFO] REQ: POST /predict - Status: 200 - Czas: 514.80ms
[2025-12-20 14:08:18] [INFO] REQ: POST /predict - Status: 200 - Czas: 514.80ms
[2025-12-20 14:08:18] [INFO] REQ: POST /predict - Status: 200 - Czas: 514.80ms
[2025-12-20 14:08:18] [INFO] REQ: POST /predict - Status: 200 - Czas: 586.26ms
[2025-12-20 14:08:18] [INFO] REQ: POST /predict - Status: 200 - Czas: 584.75ms
[2025-12-20 14:08:18] [INFO] REQ: POST /predict - Status: 200 - Czas: 584.75ms
[2025-12-20 14:08:18] [INFO] REQ: POST /predict - Status: 200 - Czas: 585.75ms
[2025-12-20 14:08:18] [INFO] REQ: POST /predict - Status: 200 - Czas: 585.75ms
[2025-12-20 14:08:18] [INFO] REQ: POST /predict - Status: 200 - Czas: 838.92ms
[2025-12-20 14:08:18] [INFO] REQ: POST /predict - Status: 200 - Czas: 838.92ms
[2025-12-20 14:08:18] [INFO] REQ: POST /predict - Status: 200 - Czas: 837.93ms
[2025-12-20 14:08:18] [INFO] REQ: POST /predict - Status: 200 - Czas: 837.93ms
[2025-12-20 14:08:18] [INFO] REQ: POST /predict - Status: 200 - Czas: 837.93ms
[2025-12-20 14:08:18] [INFO] REQ: POST /predict - Status: 200 - Czas: 838.93ms
[2025-12-20 14:08:18] [INFO] REQ: POST /predict - Status: 200 - Czas: 838.93ms
[2025-12-20 14:08:18] [INFO] REQ: POST /predict - Status: 200 - Czas: 838.93ms
[2025-12-20 14:08:18] [INFO] REQ: POST /predict - Status: 200 - Czas: 838.93ms
[2025-12-20 14:08:18] [INFO] REQ: POST /predict - Status: 200 - Czas: 849.70ms
[2025-12-20 14:08:18] [INFO] REQ: POST /predict - Status: 200 - Czas: 849.70ms
[2025-12-20 14:08:18] [INFO] REQ: POST /predict - Status: 200 - Czas: 849.70ms
[2025-12-20 14:08:18] [INFO] REQ: POST /predict - Status: 200 - Czas: 849.70ms
[2025-12-20 14:08:18] [INFO] REQ: POST /predict - Status: 200 - Czas: 849.70ms
[2025-12-20 14:08:18] [INFO] REQ: POST /predict - Status: 200 - Czas: 849.70ms
[2025-12-20 14:08:18] [INFO] REQ: POST /predict - Status: 200 - Czas: 849.70ms
[2025-12-20 14:08:18] [INFO] REQ: POST /predict - Status: 200 - Czas: 850.71ms
[2025-12-20 14:08:18] [INFO] REQ: POST /predict - Status: 200 - Czas: 850.71ms
[2025-12-20 14:08:18] [INFO] REQ: POST /predict - Status: 200 - Czas: 850.71ms
[2025-12-20 14:08:18] [INFO] REQ: POST /predict - Status: 200 - Czas: 850.71ms
[2025-12-20 14:08:18] [INFO] REQ: POST /predict - Status: 200 - Czas: 849.71ms
[2025-12-20 14:08:18] [INFO] REQ: POST /predict - Status: 200 - Czas: 849.71ms
[2025-12-20 14:08:18] [INFO] REQ: POST /predict - Status: 200 - Czas: 849.71ms
[2025-12-20 14:08:18] [INFO] REQ: POST /predict - Status: 200 - Czas: 849.71ms
[2025-12-20 14:08:18] [INFO] REQ: POST /predict - Status: 200 - Czas: 850.71ms
[2025-12-20 14:08:18] [INFO] REQ: POST /predict - Status: 200 - Czas: 850.71ms
[2025-12-20 14:08:18] [INFO] REQ: POST /predict - Status: 200 - Czas: 850.71ms
[2025-12-20 14:08:18] [INFO] REQ: POST /predict - Status: 200 - Czas: 850.71ms
[2025-12-20 14:08:18] [INFO] REQ: POST /predict - Status: 200 - Czas: 850.71ms
[2025-12-20 14:08:18] [INFO] REQ: POST /predict - Status: 200 - Czas: 850.71ms
[2025-12-20 14:08:18] [INFO] REQ: POST /predict - Status: 200 - Czas: 850.71ms
[2025-12-20 14:08:18] [INFO] REQ: POST /predict - Status: 200 - Czas: 759.95ms
[2025-12-20 14:08:18] [INFO] REQ: POST /predict - Status: 200 - Czas: 758.95ms
[2025-12-20 14:08:18] [INFO] REQ: POST /predict - Status: 200 - Czas: 758.95ms
[2025-12-20 14:08:18] [INFO] REQ: POST /predict - Status: 200 - Czas: 758.95ms
[2025-12-20 14:08:18] [INFO] REQ: POST /predict - Status: 200 - Czas: 758.95ms
[2025-12-20 14:08:18] [INFO] REQ: POST /predict - Status: 200 - Czas: 758.95ms
[2025-12-20 14:08:18] [INFO] REQ: POST /predict - Status: 200 - Czas: 758.95ms
[2025-12-20 14:08:18] [INFO] REQ: POST /predict - Status: 200 - Czas: 758.95ms
[2025-12-20 14:08:22] [INFO] Shutting down
[2025-12-20 14:08:22] [INFO] Waiting for application shutdown.
[2025-12-20 14:08:22] [INFO] [Lifespan] Server is shutting down...
[2025-12-20 14:08:22] [INFO] Application shutdown complete.
[2025-12-20 14:08:22] [INFO] Finished server process [30784]
