[2025-12-20 14:11:15] [INFO] [Ray] Initializing service... Loading models...
[2025-12-20 14:11:16] [INFO] ML model and tokenizer loaded successfully.
[2025-12-20 14:11:16] [INFO] [Ray] Models loaded successfully.
[2025-12-20 14:11:39] [INFO] REQ: POST /predict - Status: 200 - Czas: 47.74ms
[2025-12-20 14:11:40] [INFO] REQ: POST /predict - Status: 200 - Czas: 155.22ms
[2025-12-20 14:11:40] [INFO] REQ: POST /predict - Status: 200 - Czas: 155.75ms
[2025-12-20 14:11:40] [INFO] REQ: POST /predict - Status: 200 - Czas: 155.25ms
[2025-12-20 14:11:40] [INFO] REQ: POST /predict - Status: 200 - Czas: 154.25ms
[2025-12-20 14:11:40] [INFO] REQ: POST /predict - Status: 200 - Czas: 59.65ms
[2025-12-20 14:11:40] [INFO] REQ: POST /predict - Status: 200 - Czas: 184.27ms
[2025-12-20 14:11:40] [INFO] REQ: POST /predict - Status: 200 - Czas: 184.22ms
[2025-12-20 14:11:40] [INFO] REQ: POST /predict - Status: 200 - Czas: 183.18ms
[2025-12-20 14:11:40] [INFO] REQ: POST /predict - Status: 200 - Czas: 188.06ms
[2025-12-20 14:11:40] [INFO] REQ: POST /predict - Status: 200 - Czas: 42.70ms
[2025-12-20 14:11:40] [INFO] REQ: POST /predict - Status: 200 - Czas: 93.85ms
[2025-12-20 14:11:40] [INFO] REQ: POST /predict - Status: 200 - Czas: 93.36ms
[2025-12-20 14:11:40] [INFO] REQ: POST /predict - Status: 200 - Czas: 111.34ms
[2025-12-20 14:11:40] [INFO] REQ: POST /predict - Status: 200 - Czas: 111.34ms
[2025-12-20 14:11:40] [INFO] REQ: POST /predict - Status: 200 - Czas: 34.21ms
[2025-12-20 14:11:40] [INFO] REQ: POST /predict - Status: 200 - Czas: 37.45ms
[2025-12-20 14:11:40] [INFO] REQ: POST /predict - Status: 200 - Czas: 122.37ms
[2025-12-20 14:11:40] [INFO] REQ: POST /predict - Status: 200 - Czas: 122.90ms
[2025-12-20 14:11:40] [INFO] REQ: POST /predict - Status: 200 - Czas: 123.42ms
[2025-12-20 14:11:40] [INFO] REQ: POST /predict - Status: 200 - Czas: 126.29ms
[2025-12-20 14:11:40] [INFO] REQ: POST /predict - Status: 200 - Czas: 26.05ms
[2025-12-20 14:11:40] [INFO] REQ: POST /predict - Status: 200 - Czas: 27.23ms
[2025-12-20 14:11:40] [INFO] REQ: POST /predict - Status: 200 - Czas: 77.05ms
[2025-12-20 14:11:40] [INFO] REQ: POST /predict - Status: 200 - Czas: 78.01ms
[2025-12-20 14:11:40] [INFO] REQ: POST /predict - Status: 200 - Czas: 109.80ms
[2025-12-20 14:11:40] [INFO] REQ: POST /predict - Status: 200 - Czas: 110.27ms
[2025-12-20 14:11:40] [INFO] REQ: POST /predict - Status: 200 - Czas: 31.93ms
[2025-12-20 14:11:40] [INFO] REQ: POST /predict - Status: 200 - Czas: 34.49ms
[2025-12-20 14:11:40] [INFO] REQ: POST /predict - Status: 200 - Czas: 63.31ms
[2025-12-20 14:11:41] [INFO] REQ: POST /predict - Status: 200 - Czas: 105.08ms
[2025-12-20 14:11:41] [INFO] REQ: POST /predict - Status: 200 - Czas: 106.08ms
[2025-12-20 14:11:41] [INFO] REQ: POST /predict - Status: 200 - Czas: 95.24ms
[2025-12-20 14:11:41] [INFO] REQ: POST /predict - Status: 200 - Czas: 24.51ms
[2025-12-20 14:11:41] [INFO] REQ: POST /predict - Status: 200 - Czas: 33.49ms
[2025-12-20 14:11:41] [INFO] REQ: POST /predict - Status: 200 - Czas: 75.91ms
[2025-12-20 14:11:41] [INFO] REQ: POST /predict - Status: 200 - Czas: 104.36ms
[2025-12-20 14:11:41] [INFO] REQ: POST /predict - Status: 200 - Czas: 102.99ms
[2025-12-20 14:11:41] [INFO] REQ: POST /predict - Status: 200 - Czas: 102.04ms
[2025-12-20 14:11:41] [INFO] REQ: POST /predict - Status: 200 - Czas: 23.41ms
[2025-12-20 14:11:41] [INFO] REQ: POST /predict - Status: 200 - Czas: 51.36ms
[2025-12-20 14:11:41] [INFO] REQ: POST /predict - Status: 200 - Czas: 51.36ms
[2025-12-20 14:11:41] [INFO] REQ: POST /predict - Status: 200 - Czas: 104.83ms
[2025-12-20 14:11:41] [INFO] REQ: POST /predict - Status: 200 - Czas: 105.83ms
[2025-12-20 14:11:41] [INFO] REQ: POST /predict - Status: 200 - Czas: 77.10ms
[2025-12-20 14:11:41] [INFO] REQ: POST /predict - Status: 200 - Czas: 22.23ms
[2025-12-20 14:11:41] [INFO] REQ: POST /predict - Status: 200 - Czas: 46.41ms
[2025-12-20 14:11:41] [INFO] REQ: POST /predict - Status: 200 - Czas: 29.77ms
[2025-12-20 14:11:41] [INFO] REQ: POST /predict - Status: 200 - Czas: 73.39ms
[2025-12-20 14:11:41] [INFO] REQ: POST /predict - Status: 200 - Czas: 74.39ms
[2025-12-20 14:11:41] [INFO] REQ: POST /predict - Status: 200 - Czas: 83.58ms
[2025-12-20 14:11:41] [INFO] REQ: POST /predict - Status: 200 - Czas: 82.58ms
[2025-12-20 14:11:41] [INFO] REQ: POST /predict - Status: 200 - Czas: 20.44ms
[2025-12-20 14:11:41] [INFO] REQ: POST /predict - Status: 200 - Czas: 33.71ms
[2025-12-20 14:11:41] [INFO] REQ: POST /predict - Status: 200 - Czas: 91.17ms
[2025-12-20 14:11:41] [INFO] REQ: POST /predict - Status: 200 - Czas: 90.17ms
[2025-12-20 14:11:41] [INFO] REQ: POST /predict - Status: 200 - Czas: 90.17ms
[2025-12-20 14:11:41] [INFO] REQ: POST /predict - Status: 200 - Czas: 117.49ms
[2025-12-20 14:11:41] [INFO] REQ: POST /predict - Status: 200 - Czas: 26.26ms
[2025-12-20 14:11:41] [INFO] REQ: POST /predict - Status: 200 - Czas: 81.02ms
[2025-12-20 14:11:41] [INFO] REQ: POST /predict - Status: 200 - Czas: 93.90ms
[2025-12-20 14:11:41] [INFO] REQ: POST /predict - Status: 200 - Czas: 94.90ms
[2025-12-20 14:11:41] [INFO] REQ: POST /predict - Status: 200 - Czas: 87.68ms
[2025-12-20 14:11:41] [INFO] REQ: POST /predict - Status: 200 - Czas: 29.12ms
[2025-12-20 14:11:41] [INFO] REQ: POST /predict - Status: 200 - Czas: 32.61ms
[2025-12-20 14:11:41] [INFO] REQ: POST /predict - Status: 200 - Czas: 63.21ms
[2025-12-20 14:11:41] [INFO] REQ: POST /predict - Status: 200 - Czas: 78.46ms
[2025-12-20 14:11:41] [INFO] REQ: POST /predict - Status: 200 - Czas: 79.46ms
[2025-12-20 14:11:41] [INFO] REQ: POST /predict - Status: 200 - Czas: 38.80ms
[2025-12-20 14:11:41] [INFO] REQ: POST /predict - Status: 200 - Czas: 25.58ms
[2025-12-20 14:11:41] [INFO] REQ: POST /predict - Status: 200 - Czas: 63.55ms
[2025-12-20 14:11:41] [INFO] REQ: POST /predict - Status: 200 - Czas: 63.55ms
[2025-12-20 14:11:41] [INFO] REQ: POST /predict - Status: 200 - Czas: 68.21ms
[2025-12-20 14:11:41] [INFO] REQ: POST /predict - Status: 200 - Czas: 68.21ms
[2025-12-20 14:11:42] [INFO] REQ: POST /predict - Status: 200 - Czas: 30.93ms
[2025-12-20 14:11:42] [INFO] REQ: POST /predict - Status: 200 - Czas: 37.10ms
[2025-12-20 14:11:42] [INFO] REQ: POST /predict - Status: 200 - Czas: 81.79ms
[2025-12-20 14:11:42] [INFO] REQ: POST /predict - Status: 200 - Czas: 114.50ms
[2025-12-20 14:11:42] [INFO] REQ: POST /predict - Status: 200 - Czas: 114.50ms
[2025-12-20 14:11:42] [INFO] REQ: POST /predict - Status: 200 - Czas: 96.55ms
[2025-12-20 14:11:42] [INFO] REQ: POST /predict - Status: 200 - Czas: 27.34ms
[2025-12-20 14:11:42] [INFO] REQ: POST /predict - Status: 200 - Czas: 72.41ms
[2025-12-20 14:11:42] [INFO] REQ: POST /predict - Status: 200 - Czas: 90.09ms
[2025-12-20 14:11:42] [INFO] REQ: POST /predict - Status: 200 - Czas: 90.59ms
[2025-12-20 14:11:42] [INFO] REQ: POST /predict - Status: 200 - Czas: 90.01ms
[2025-12-20 14:11:42] [INFO] REQ: POST /predict - Status: 200 - Czas: 17.88ms
[2025-12-20 14:11:42] [INFO] REQ: POST /predict - Status: 200 - Czas: 21.91ms
[2025-12-20 14:11:42] [INFO] REQ: POST /predict - Status: 200 - Czas: 33.92ms
[2025-12-20 14:11:42] [INFO] REQ: POST /predict - Status: 200 - Czas: 60.01ms
[2025-12-20 14:11:42] [INFO] REQ: POST /predict - Status: 200 - Czas: 72.44ms
[2025-12-20 14:11:42] [INFO] REQ: POST /predict - Status: 200 - Czas: 74.33ms
[2025-12-20 14:11:42] [INFO] REQ: POST /predict - Status: 200 - Czas: 44.40ms
[2025-12-20 14:11:42] [INFO] REQ: POST /predict - Status: 200 - Czas: 25.31ms
[2025-12-20 14:11:42] [INFO] REQ: POST /predict - Status: 200 - Czas: 50.42ms
[2025-12-20 14:11:42] [INFO] REQ: POST /predict - Status: 200 - Czas: 69.13ms
[2025-12-20 14:11:42] [INFO] REQ: POST /predict - Status: 200 - Czas: 70.63ms
[2025-12-20 14:11:42] [INFO] REQ: POST /predict - Status: 200 - Czas: 59.94ms
[2025-12-20 14:11:42] [INFO] REQ: POST /predict - Status: 200 - Czas: 23.69ms
[2025-12-20 14:11:42] [INFO] REQ: POST /predict - Status: 200 - Czas: 48.93ms
[2025-12-20 14:11:42] [INFO] REQ: POST /predict - Status: 200 - Czas: 79.53ms
[2025-12-20 14:11:42] [INFO] REQ: POST /predict - Status: 200 - Czas: 102.10ms
[2025-12-20 14:11:42] [INFO] REQ: POST /predict - Status: 200 - Czas: 102.10ms
[2025-12-20 14:11:42] [INFO] REQ: POST /predict - Status: 200 - Czas: 30.00ms
[2025-12-20 14:11:42] [INFO] REQ: POST /predict - Status: 200 - Czas: 45.76ms
[2025-12-20 14:11:42] [INFO] REQ: POST /predict - Status: 200 - Czas: 71.33ms
[2025-12-20 14:11:42] [INFO] REQ: POST /predict - Status: 200 - Czas: 72.34ms
[2025-12-20 14:11:42] [INFO] REQ: POST /predict - Status: 200 - Czas: 73.34ms
[2025-12-20 14:11:42] [INFO] REQ: POST /predict - Status: 200 - Czas: 26.61ms
[2025-12-20 14:11:42] [INFO] REQ: POST /predict - Status: 200 - Czas: 41.84ms
[2025-12-20 14:11:42] [INFO] REQ: POST /predict - Status: 200 - Czas: 31.30ms
[2025-12-20 14:11:42] [INFO] REQ: POST /predict - Status: 200 - Czas: 66.07ms
[2025-12-20 14:11:42] [INFO] REQ: POST /predict - Status: 200 - Czas: 66.07ms
[2025-12-20 14:11:42] [INFO] REQ: POST /predict - Status: 200 - Czas: 43.55ms
[2025-12-20 14:11:42] [INFO] REQ: POST /predict - Status: 200 - Czas: 45.55ms
[2025-12-20 14:11:42] [INFO] REQ: POST /predict - Status: 200 - Czas: 42.85ms
[2025-12-20 14:11:42] [INFO] REQ: POST /predict - Status: 200 - Czas: 59.58ms
[2025-12-20 14:11:42] [INFO] REQ: POST /predict - Status: 200 - Czas: 61.08ms
[2025-12-20 14:11:42] [INFO] REQ: POST /predict - Status: 200 - Czas: 53.13ms
[2025-12-20 14:11:43] [INFO] REQ: POST /predict - Status: 200 - Czas: 37.39ms
[2025-12-20 14:11:43] [INFO] REQ: POST /predict - Status: 200 - Czas: 26.28ms
[2025-12-20 14:11:43] [INFO] REQ: POST /predict - Status: 200 - Czas: 57.44ms
[2025-12-20 14:11:43] [INFO] REQ: POST /predict - Status: 200 - Czas: 59.96ms
[2025-12-20 14:11:43] [INFO] REQ: POST /predict - Status: 200 - Czas: 71.14ms
[2025-12-20 14:11:43] [INFO] REQ: POST /predict - Status: 200 - Czas: 72.64ms
[2025-12-20 14:11:43] [INFO] REQ: POST /predict - Status: 200 - Czas: 16.57ms
[2025-12-20 14:11:43] [INFO] REQ: POST /predict - Status: 200 - Czas: 31.36ms
[2025-12-20 14:11:43] [INFO] REQ: POST /predict - Status: 200 - Czas: 58.02ms
[2025-12-20 14:11:43] [INFO] REQ: POST /predict - Status: 200 - Czas: 66.02ms
[2025-12-20 14:11:43] [INFO] REQ: POST /predict - Status: 200 - Czas: 69.92ms
[2025-12-20 14:11:43] [INFO] REQ: POST /predict - Status: 200 - Czas: 83.45ms
[2025-12-20 14:11:43] [INFO] REQ: POST /predict - Status: 200 - Czas: 32.15ms
[2025-12-20 14:11:43] [INFO] REQ: POST /predict - Status: 200 - Czas: 25.22ms
[2025-12-20 14:11:43] [INFO] REQ: POST /predict - Status: 200 - Czas: 90.65ms
[2025-12-20 14:11:43] [INFO] REQ: POST /predict - Status: 200 - Czas: 90.65ms
[2025-12-20 14:11:43] [INFO] REQ: POST /predict - Status: 200 - Czas: 90.65ms
[2025-12-20 14:11:43] [INFO] REQ: POST /predict - Status: 200 - Czas: 81.47ms
[2025-12-20 14:11:43] [INFO] REQ: POST /predict - Status: 200 - Czas: 24.25ms
[2025-12-20 14:11:43] [INFO] REQ: POST /predict - Status: 200 - Czas: 21.64ms
[2025-12-20 14:11:43] [INFO] REQ: POST /predict - Status: 200 - Czas: 56.82ms
[2025-12-20 14:11:43] [INFO] REQ: POST /predict - Status: 200 - Czas: 71.54ms
[2025-12-20 14:11:43] [INFO] REQ: POST /predict - Status: 200 - Czas: 71.54ms
[2025-12-20 14:11:43] [INFO] REQ: POST /predict - Status: 200 - Czas: 65.09ms
[2025-12-20 14:11:43] [INFO] REQ: POST /predict - Status: 200 - Czas: 22.97ms
[2025-12-20 14:11:43] [INFO] REQ: POST /predict - Status: 200 - Czas: 26.00ms
[2025-12-20 14:11:43] [INFO] REQ: POST /predict - Status: 200 - Czas: 75.31ms
[2025-12-20 14:11:43] [INFO] REQ: POST /predict - Status: 200 - Czas: 76.91ms
[2025-12-20 14:11:43] [INFO] REQ: POST /predict - Status: 200 - Czas: 76.91ms
[2025-12-20 14:11:43] [INFO] REQ: POST /predict - Status: 200 - Czas: 65.00ms
[2025-12-20 14:11:43] [INFO] REQ: POST /predict - Status: 200 - Czas: 15.15ms
[2025-12-20 14:11:43] [INFO] REQ: POST /predict - Status: 200 - Czas: 39.21ms
[2025-12-20 14:11:43] [INFO] REQ: POST /predict - Status: 200 - Czas: 54.57ms
[2025-12-20 14:11:43] [INFO] REQ: POST /predict - Status: 200 - Czas: 68.13ms
[2025-12-20 14:11:43] [INFO] REQ: POST /predict - Status: 200 - Czas: 67.12ms
[2025-12-20 14:11:43] [INFO] REQ: POST /predict - Status: 200 - Czas: 48.08ms
[2025-12-20 14:11:43] [INFO] REQ: POST /predict - Status: 200 - Czas: 31.26ms
[2025-12-20 14:11:43] [INFO] REQ: POST /predict - Status: 200 - Czas: 101.14ms
[2025-12-20 14:11:43] [INFO] REQ: POST /predict - Status: 200 - Czas: 100.10ms
[2025-12-20 14:11:43] [INFO] REQ: POST /predict - Status: 200 - Czas: 100.10ms
[2025-12-20 14:11:43] [INFO] REQ: POST /predict - Status: 200 - Czas: 99.10ms
[2025-12-20 14:11:43] [INFO] REQ: POST /predict - Status: 200 - Czas: 24.70ms
[2025-12-20 14:11:43] [INFO] REQ: POST /predict - Status: 200 - Czas: 53.11ms
[2025-12-20 14:11:43] [INFO] REQ: POST /predict - Status: 200 - Czas: 50.10ms
[2025-12-20 14:11:43] [INFO] REQ: POST /predict - Status: 200 - Czas: 72.38ms
[2025-12-20 14:11:43] [INFO] REQ: POST /predict - Status: 200 - Czas: 71.81ms
[2025-12-20 14:11:43] [INFO] REQ: POST /predict - Status: 200 - Czas: 22.85ms
[2025-12-20 14:11:43] [INFO] REQ: POST /predict - Status: 200 - Czas: 26.01ms
[2025-12-20 14:11:44] [INFO] REQ: POST /predict - Status: 200 - Czas: 89.05ms
[2025-12-20 14:11:44] [INFO] REQ: POST /predict - Status: 200 - Czas: 89.05ms
[2025-12-20 14:11:44] [INFO] REQ: POST /predict - Status: 200 - Czas: 89.05ms
[2025-12-20 14:11:44] [INFO] REQ: POST /predict - Status: 200 - Czas: 76.23ms
[2025-12-20 14:11:44] [INFO] REQ: POST /predict - Status: 200 - Czas: 25.83ms
[2025-12-20 14:11:44] [INFO] REQ: POST /predict - Status: 200 - Czas: 81.13ms
[2025-12-20 14:11:44] [INFO] REQ: POST /predict - Status: 200 - Czas: 85.63ms
[2025-12-20 14:11:44] [INFO] REQ: POST /predict - Status: 200 - Czas: 85.63ms
[2025-12-20 14:11:44] [INFO] REQ: POST /predict - Status: 200 - Czas: 84.63ms
[2025-12-20 14:11:44] [INFO] REQ: POST /predict - Status: 200 - Czas: 29.78ms
[2025-12-20 14:11:44] [INFO] REQ: POST /predict - Status: 200 - Czas: 86.19ms
[2025-12-20 14:11:44] [INFO] REQ: POST /predict - Status: 200 - Czas: 85.52ms
[2025-12-20 14:11:44] [INFO] REQ: POST /predict - Status: 200 - Czas: 84.51ms
[2025-12-20 14:11:44] [INFO] REQ: POST /predict - Status: 200 - Czas: 73.19ms
[2025-12-20 14:11:44] [INFO] REQ: POST /predict - Status: 200 - Czas: 60.20ms
[2025-12-20 14:11:44] [INFO] REQ: POST /predict - Status: 200 - Czas: 65.13ms
[2025-12-20 14:11:44] [INFO] REQ: POST /predict - Status: 200 - Czas: 66.14ms
[2025-12-20 14:11:44] [INFO] REQ: POST /predict - Status: 200 - Czas: 64.36ms
[2025-12-20 14:11:44] [INFO] REQ: POST /predict - Status: 200 - Czas: 64.66ms
[2025-12-20 14:11:44] [INFO] REQ: POST /predict - Status: 200 - Czas: 34.88ms
[2025-12-20 14:11:44] [INFO] REQ: POST /predict - Status: 200 - Czas: 19.06ms
[2025-12-20 14:11:44] [INFO] REQ: POST /predict - Status: 200 - Czas: 41.58ms
[2025-12-20 14:11:44] [INFO] REQ: POST /predict - Status: 200 - Czas: 44.87ms
[2025-12-20 14:11:44] [INFO] REQ: POST /predict - Status: 200 - Czas: 46.87ms
[2025-12-20 14:11:44] [INFO] REQ: POST /predict - Status: 200 - Czas: 68.13ms
[2025-12-20 14:11:44] [INFO] REQ: POST /predict - Status: 200 - Czas: 63.87ms
[2025-12-20 14:11:44] [INFO] REQ: POST /predict - Status: 200 - Czas: 65.38ms
[2025-12-20 14:11:44] [INFO] REQ: POST /predict - Status: 200 - Czas: 20.04ms
[2025-12-20 14:11:44] [INFO] REQ: POST /predict - Status: 200 - Czas: 36.84ms
[2025-12-20 14:11:44] [INFO] REQ: POST /predict - Status: 200 - Czas: 81.45ms
[2025-12-20 14:11:44] [INFO] REQ: POST /predict - Status: 200 - Czas: 82.45ms
[2025-12-20 14:11:44] [INFO] REQ: POST /predict - Status: 200 - Czas: 82.45ms
[2025-12-20 14:11:44] [INFO] REQ: POST /predict - Status: 200 - Czas: 17.63ms
[2025-12-20 14:11:44] [INFO] REQ: POST /predict - Status: 200 - Czas: 20.38ms
[2025-12-20 14:11:44] [INFO] REQ: POST /predict - Status: 200 - Czas: 73.31ms
[2025-12-20 14:11:44] [INFO] REQ: POST /predict - Status: 200 - Czas: 74.81ms
[2025-12-20 14:11:44] [INFO] REQ: POST /predict - Status: 200 - Czas: 74.81ms
[2025-12-20 14:11:44] [INFO] REQ: POST /predict - Status: 200 - Czas: 81.74ms
[2025-12-20 14:11:44] [INFO] REQ: POST /predict - Status: 200 - Czas: 12.70ms
[2025-12-20 14:11:44] [INFO] REQ: POST /predict - Status: 200 - Czas: 22.87ms
[2025-12-20 14:11:44] [INFO] REQ: POST /predict - Status: 200 - Czas: 78.60ms
[2025-12-20 14:11:44] [INFO] REQ: POST /predict - Status: 200 - Czas: 77.60ms
[2025-12-20 14:11:44] [INFO] REQ: POST /predict - Status: 200 - Czas: 76.52ms
[2025-12-20 14:11:44] [INFO] REQ: POST /predict - Status: 200 - Czas: 76.51ms
[2025-12-20 14:11:45] [INFO] REQ: POST /predict - Status: 200 - Czas: 21.68ms
[2025-12-20 14:11:45] [INFO] REQ: POST /predict - Status: 200 - Czas: 46.23ms
[2025-12-20 14:11:45] [INFO] REQ: POST /predict - Status: 200 - Czas: 80.61ms
[2025-12-20 14:11:45] [INFO] REQ: POST /predict - Status: 200 - Czas: 78.61ms
[2025-12-20 14:11:45] [INFO] REQ: POST /predict - Status: 200 - Czas: 87.81ms
[2025-12-20 14:11:45] [INFO] REQ: POST /predict - Status: 200 - Czas: 23.08ms
[2025-12-20 14:11:45] [INFO] REQ: POST /predict - Status: 200 - Czas: 17.12ms
[2025-12-20 14:11:45] [INFO] REQ: POST /predict - Status: 200 - Czas: 32.77ms
[2025-12-20 14:11:45] [INFO] REQ: POST /predict - Status: 200 - Czas: 58.38ms
[2025-12-20 14:11:45] [INFO] REQ: POST /predict - Status: 200 - Czas: 57.46ms
[2025-12-20 14:11:45] [INFO] REQ: POST /predict - Status: 200 - Czas: 61.43ms
[2025-12-20 14:11:45] [INFO] REQ: POST /predict - Status: 200 - Czas: 44.35ms
[2025-12-20 14:11:45] [INFO] REQ: POST /predict - Status: 200 - Czas: 48.31ms
[2025-12-20 14:11:45] [INFO] REQ: POST /predict - Status: 200 - Czas: 52.70ms
[2025-12-20 14:11:45] [INFO] REQ: POST /predict - Status: 200 - Czas: 52.70ms
[2025-12-20 14:11:45] [INFO] REQ: POST /predict - Status: 200 - Czas: 49.03ms
[2025-12-20 14:11:45] [INFO] REQ: POST /predict - Status: 200 - Czas: 38.41ms
[2025-12-20 14:11:45] [INFO] REQ: POST /predict - Status: 200 - Czas: 48.78ms
[2025-12-20 14:11:45] [INFO] REQ: POST /predict - Status: 200 - Czas: 45.66ms
[2025-12-20 14:11:45] [INFO] REQ: POST /predict - Status: 200 - Czas: 60.98ms
[2025-12-20 14:11:45] [INFO] REQ: POST /predict - Status: 200 - Czas: 55.85ms
[2025-12-20 14:11:45] [INFO] REQ: POST /predict - Status: 200 - Czas: 57.00ms
[2025-12-20 14:11:45] [INFO] REQ: POST /predict - Status: 200 - Czas: 40.61ms
[2025-12-20 14:11:45] [INFO] REQ: POST /predict - Status: 200 - Czas: 69.04ms
[2025-12-20 14:11:45] [INFO] REQ: POST /predict - Status: 200 - Czas: 70.04ms
[2025-12-20 14:11:45] [INFO] REQ: POST /predict - Status: 200 - Czas: 62.06ms
[2025-12-20 14:11:45] [INFO] REQ: POST /predict - Status: 200 - Czas: 31.74ms
[2025-12-20 14:11:45] [INFO] REQ: POST /predict - Status: 200 - Czas: 42.10ms
[2025-12-20 14:11:45] [INFO] REQ: POST /predict - Status: 200 - Czas: 66.27ms
[2025-12-20 14:11:45] [INFO] REQ: POST /predict - Status: 200 - Czas: 66.27ms
[2025-12-20 14:11:45] [INFO] REQ: POST /predict - Status: 200 - Czas: 69.23ms
[2025-12-20 14:11:45] [INFO] REQ: POST /predict - Status: 200 - Czas: 50.07ms
[2025-12-20 14:11:45] [INFO] REQ: POST /predict - Status: 200 - Czas: 51.61ms
[2025-12-20 14:11:45] [INFO] REQ: POST /predict - Status: 200 - Czas: 60.95ms
[2025-12-20 14:11:45] [INFO] REQ: POST /predict - Status: 200 - Czas: 61.95ms
[2025-12-20 14:11:45] [INFO] REQ: POST /predict - Status: 200 - Czas: 48.11ms
[2025-12-20 14:11:45] [INFO] REQ: POST /predict - Status: 200 - Czas: 38.26ms
[2025-12-20 14:11:45] [INFO] REQ: POST /predict - Status: 200 - Czas: 44.26ms
[2025-12-20 14:11:45] [INFO] REQ: POST /predict - Status: 200 - Czas: 69.48ms
[2025-12-20 14:11:45] [INFO] REQ: POST /predict - Status: 200 - Czas: 69.48ms
[2025-12-20 14:11:45] [INFO] REQ: POST /predict - Status: 200 - Czas: 63.90ms
[2025-12-20 14:11:45] [INFO] REQ: POST /predict - Status: 200 - Czas: 39.80ms
[2025-12-20 14:11:45] [INFO] REQ: POST /predict - Status: 200 - Czas: 39.35ms
[2025-12-20 14:11:45] [INFO] REQ: POST /predict - Status: 200 - Czas: 63.90ms
[2025-12-20 14:11:45] [INFO] REQ: POST /predict - Status: 200 - Czas: 64.90ms
[2025-12-20 14:11:45] [INFO] REQ: POST /predict - Status: 200 - Czas: 60.38ms
[2025-12-20 14:11:45] [INFO] REQ: POST /predict - Status: 200 - Czas: 41.17ms
[2025-12-20 14:11:45] [INFO] REQ: POST /predict - Status: 200 - Czas: 48.38ms
[2025-12-20 14:11:46] [INFO] REQ: POST /predict - Status: 200 - Czas: 60.02ms
[2025-12-20 14:11:46] [INFO] REQ: POST /predict - Status: 200 - Czas: 61.01ms
[2025-12-20 14:11:46] [INFO] REQ: POST /predict - Status: 200 - Czas: 61.95ms
[2025-12-20 14:11:46] [INFO] REQ: POST /predict - Status: 200 - Czas: 41.83ms
[2025-12-20 14:11:46] [INFO] REQ: POST /predict - Status: 200 - Czas: 34.17ms
[2025-12-20 14:11:46] [INFO] REQ: POST /predict - Status: 200 - Czas: 36.60ms
[2025-12-20 14:11:46] [INFO] REQ: POST /predict - Status: 200 - Czas: 39.53ms
[2025-12-20 14:11:46] [INFO] REQ: POST /predict - Status: 200 - Czas: 62.27ms
[2025-12-20 14:11:46] [INFO] REQ: POST /predict - Status: 200 - Czas: 62.27ms
[2025-12-20 14:11:46] [INFO] REQ: POST /predict - Status: 200 - Czas: 60.01ms
[2025-12-20 14:11:46] [INFO] REQ: POST /predict - Status: 200 - Czas: 35.30ms
[2025-12-20 14:11:46] [INFO] REQ: POST /predict - Status: 200 - Czas: 42.31ms
[2025-12-20 14:11:46] [INFO] REQ: POST /predict - Status: 200 - Czas: 66.20ms
[2025-12-20 14:11:46] [INFO] REQ: POST /predict - Status: 200 - Czas: 67.20ms
[2025-12-20 14:11:46] [INFO] REQ: POST /predict - Status: 200 - Czas: 54.83ms
[2025-12-20 14:11:46] [INFO] REQ: POST /predict - Status: 200 - Czas: 20.11ms
[2025-12-20 14:11:46] [INFO] REQ: POST /predict - Status: 200 - Czas: 56.01ms
[2025-12-20 14:11:46] [INFO] REQ: POST /predict - Status: 200 - Czas: 56.02ms
[2025-12-20 14:11:46] [INFO] REQ: POST /predict - Status: 200 - Czas: 89.79ms
[2025-12-20 14:11:46] [INFO] REQ: POST /predict - Status: 200 - Czas: 90.84ms
[2025-12-20 14:11:46] [INFO] REQ: POST /predict - Status: 200 - Czas: 21.59ms
[2025-12-20 14:11:46] [INFO] REQ: POST /predict - Status: 200 - Czas: 23.69ms
[2025-12-20 14:11:46] [INFO] REQ: POST /predict - Status: 200 - Czas: 64.92ms
[2025-12-20 14:11:46] [INFO] REQ: POST /predict - Status: 200 - Czas: 62.41ms
[2025-12-20 14:11:46] [INFO] REQ: POST /predict - Status: 200 - Czas: 103.35ms
[2025-12-20 14:11:46] [INFO] REQ: POST /predict - Status: 200 - Czas: 84.17ms
[2025-12-20 14:11:46] [INFO] REQ: POST /predict - Status: 200 - Czas: 17.02ms
[2025-12-20 14:11:46] [INFO] REQ: POST /predict - Status: 200 - Czas: 25.65ms
[2025-12-20 14:11:46] [INFO] REQ: POST /predict - Status: 200 - Czas: 66.83ms
[2025-12-20 14:11:46] [INFO] REQ: POST /predict - Status: 200 - Czas: 82.46ms
[2025-12-20 14:11:46] [INFO] REQ: POST /predict - Status: 200 - Czas: 81.46ms
[2025-12-20 14:11:46] [INFO] REQ: POST /predict - Status: 200 - Czas: 80.50ms
[2025-12-20 14:11:46] [INFO] REQ: POST /predict - Status: 200 - Czas: 27.76ms
[2025-12-20 14:11:46] [INFO] REQ: POST /predict - Status: 200 - Czas: 49.79ms
[2025-12-20 14:11:46] [INFO] REQ: POST /predict - Status: 200 - Czas: 71.36ms
[2025-12-20 14:11:46] [INFO] REQ: POST /predict - Status: 200 - Czas: 71.36ms
[2025-12-20 14:11:46] [INFO] REQ: POST /predict - Status: 200 - Czas: 90.43ms
[2025-12-20 14:11:46] [INFO] REQ: POST /predict - Status: 200 - Czas: 65.12ms
[2025-12-20 14:11:46] [INFO] REQ: POST /predict - Status: 200 - Czas: 23.88ms
[2025-12-20 14:11:46] [INFO] REQ: POST /predict - Status: 200 - Czas: 41.99ms
[2025-12-20 14:11:46] [INFO] REQ: POST /predict - Status: 200 - Czas: 67.19ms
[2025-12-20 14:11:46] [INFO] REQ: POST /predict - Status: 200 - Czas: 87.13ms
[2025-12-20 14:11:46] [INFO] REQ: POST /predict - Status: 200 - Czas: 87.13ms
[2025-12-20 14:11:46] [INFO] REQ: POST /predict - Status: 200 - Czas: 17.04ms
[2025-12-20 14:11:46] [INFO] REQ: POST /predict - Status: 200 - Czas: 34.91ms
[2025-12-20 14:11:46] [INFO] REQ: POST /predict - Status: 200 - Czas: 28.59ms
[2025-12-20 14:11:46] [INFO] REQ: POST /predict - Status: 200 - Czas: 66.50ms
[2025-12-20 14:11:47] [INFO] REQ: POST /predict - Status: 200 - Czas: 74.22ms
[2025-12-20 14:11:47] [INFO] REQ: POST /predict - Status: 200 - Czas: 82.96ms
[2025-12-20 14:11:47] [INFO] REQ: POST /predict - Status: 200 - Czas: 82.96ms
[2025-12-20 14:11:47] [INFO] REQ: POST /predict - Status: 200 - Czas: 28.54ms
[2025-12-20 14:11:47] [INFO] REQ: POST /predict - Status: 200 - Czas: 24.64ms
[2025-12-20 14:11:47] [INFO] REQ: POST /predict - Status: 200 - Czas: 65.42ms
[2025-12-20 14:11:47] [INFO] REQ: POST /predict - Status: 200 - Czas: 66.43ms
[2025-12-20 14:11:47] [INFO] REQ: POST /predict - Status: 200 - Czas: 66.43ms
[2025-12-20 14:11:47] [INFO] REQ: POST /predict - Status: 200 - Czas: 63.51ms
[2025-12-20 14:11:47] [INFO] REQ: POST /predict - Status: 200 - Czas: 19.05ms
[2025-12-20 14:11:47] [INFO] REQ: POST /predict - Status: 200 - Czas: 57.36ms
[2025-12-20 14:11:47] [INFO] REQ: POST /predict - Status: 200 - Czas: 58.37ms
[2025-12-20 14:11:47] [INFO] REQ: POST /predict - Status: 200 - Czas: 58.37ms
[2025-12-20 14:11:47] [INFO] REQ: POST /predict - Status: 200 - Czas: 75.55ms
[2025-12-20 14:11:47] [INFO] REQ: POST /predict - Status: 200 - Czas: 38.26ms
[2025-12-20 14:11:47] [INFO] REQ: POST /predict - Status: 200 - Czas: 56.57ms
[2025-12-20 14:11:47] [INFO] REQ: POST /predict - Status: 200 - Czas: 56.07ms
[2025-12-20 14:11:47] [INFO] REQ: POST /predict - Status: 200 - Czas: 88.50ms
[2025-12-20 14:11:47] [INFO] REQ: POST /predict - Status: 200 - Czas: 88.50ms
[2025-12-20 14:11:47] [INFO] REQ: POST /predict - Status: 200 - Czas: 89.96ms
[2025-12-20 14:11:47] [INFO] REQ: POST /predict - Status: 200 - Czas: 30.39ms
[2025-12-20 14:11:47] [INFO] REQ: POST /predict - Status: 200 - Czas: 30.39ms
[2025-12-20 14:11:47] [INFO] REQ: POST /predict - Status: 200 - Czas: 39.54ms
[2025-12-20 14:11:47] [INFO] REQ: POST /predict - Status: 200 - Czas: 41.07ms
[2025-12-20 14:11:47] [INFO] REQ: POST /predict - Status: 200 - Czas: 73.36ms
[2025-12-20 14:11:47] [INFO] REQ: POST /predict - Status: 200 - Czas: 73.36ms
[2025-12-20 14:11:47] [INFO] REQ: POST /predict - Status: 200 - Czas: 67.37ms
[2025-12-20 14:11:47] [INFO] REQ: POST /predict - Status: 200 - Czas: 18.71ms
[2025-12-20 14:11:47] [INFO] REQ: POST /predict - Status: 200 - Czas: 41.43ms
[2025-12-20 14:11:47] [INFO] REQ: POST /predict - Status: 200 - Czas: 56.08ms
[2025-12-20 14:11:47] [INFO] REQ: POST /predict - Status: 200 - Czas: 82.32ms
[2025-12-20 14:11:47] [INFO] REQ: POST /predict - Status: 200 - Czas: 83.32ms
[2025-12-20 14:11:47] [INFO] REQ: POST /predict - Status: 200 - Czas: 51.25ms
[2025-12-20 14:11:47] [INFO] REQ: POST /predict - Status: 200 - Czas: 42.66ms
[2025-12-20 14:11:47] [INFO] REQ: POST /predict - Status: 200 - Czas: 48.65ms
[2025-12-20 14:11:47] [INFO] REQ: POST /predict - Status: 200 - Czas: 69.72ms
[2025-12-20 14:11:47] [INFO] REQ: POST /predict - Status: 200 - Czas: 41.72ms
[2025-12-20 14:11:47] [INFO] REQ: POST /predict - Status: 200 - Czas: 57.54ms
[2025-12-20 14:11:47] [INFO] REQ: POST /predict - Status: 200 - Czas: 56.19ms
[2025-12-20 14:11:47] [INFO] REQ: POST /predict - Status: 200 - Czas: 56.19ms
[2025-12-20 14:11:47] [INFO] REQ: POST /predict - Status: 200 - Czas: 58.50ms
[2025-12-20 14:11:47] [INFO] REQ: POST /predict - Status: 200 - Czas: 58.50ms
[2025-12-20 14:11:47] [INFO] REQ: POST /predict - Status: 200 - Czas: 60.50ms
[2025-12-20 14:11:47] [INFO] REQ: POST /predict - Status: 200 - Czas: 34.71ms
[2025-12-20 14:11:47] [INFO] REQ: POST /predict - Status: 200 - Czas: 34.71ms
[2025-12-20 14:11:47] [INFO] REQ: POST /predict - Status: 200 - Czas: 35.76ms
[2025-12-20 14:11:47] [INFO] REQ: POST /predict - Status: 200 - Czas: 36.77ms
[2025-12-20 14:11:48] [INFO] REQ: POST /predict - Status: 200 - Czas: 83.00ms
[2025-12-20 14:11:48] [INFO] REQ: POST /predict - Status: 200 - Czas: 84.51ms
[2025-12-20 14:11:48] [INFO] REQ: POST /predict - Status: 200 - Czas: 81.48ms
[2025-12-20 14:11:48] [INFO] REQ: POST /predict - Status: 200 - Czas: 41.82ms
[2025-12-20 14:11:48] [INFO] REQ: POST /predict - Status: 200 - Czas: 42.82ms
[2025-12-20 14:11:48] [INFO] REQ: POST /predict - Status: 200 - Czas: 90.09ms
[2025-12-20 14:11:48] [INFO] REQ: POST /predict - Status: 200 - Czas: 89.08ms
[2025-12-20 14:11:48] [INFO] REQ: POST /predict - Status: 200 - Czas: 87.58ms
[2025-12-20 14:11:48] [INFO] REQ: POST /predict - Status: 200 - Czas: 26.30ms
[2025-12-20 14:11:48] [INFO] REQ: POST /predict - Status: 200 - Czas: 90.22ms
[2025-12-20 14:11:48] [INFO] REQ: POST /predict - Status: 200 - Czas: 91.22ms
[2025-12-20 14:11:48] [INFO] REQ: POST /predict - Status: 200 - Czas: 89.22ms
[2025-12-20 14:11:48] [INFO] REQ: POST /predict - Status: 200 - Czas: 92.22ms
[2025-12-20 14:11:48] [INFO] REQ: POST /predict - Status: 200 - Czas: 37.38ms
[2025-12-20 14:11:48] [INFO] REQ: POST /predict - Status: 200 - Czas: 95.12ms
[2025-12-20 14:11:48] [INFO] REQ: POST /predict - Status: 200 - Czas: 93.11ms
[2025-12-20 14:11:48] [INFO] REQ: POST /predict - Status: 200 - Czas: 92.11ms
[2025-12-20 14:11:48] [INFO] REQ: POST /predict - Status: 200 - Czas: 92.11ms
[2025-12-20 14:11:48] [INFO] REQ: POST /predict - Status: 200 - Czas: 35.49ms
[2025-12-20 14:11:48] [INFO] REQ: POST /predict - Status: 200 - Czas: 93.60ms
[2025-12-20 14:11:48] [INFO] REQ: POST /predict - Status: 200 - Czas: 90.79ms
[2025-12-20 14:11:48] [INFO] REQ: POST /predict - Status: 200 - Czas: 89.79ms
[2025-12-20 14:11:48] [INFO] REQ: POST /predict - Status: 200 - Czas: 85.04ms
[2025-12-20 14:11:48] [INFO] REQ: POST /predict - Status: 200 - Czas: 15.28ms
[2025-12-20 14:11:48] [INFO] REQ: POST /predict - Status: 200 - Czas: 24.97ms
[2025-12-20 14:11:48] [INFO] REQ: POST /predict - Status: 200 - Czas: 82.61ms
[2025-12-20 14:11:48] [INFO] REQ: POST /predict - Status: 200 - Czas: 83.61ms
[2025-12-20 14:11:48] [INFO] REQ: POST /predict - Status: 200 - Czas: 84.61ms
[2025-12-20 14:11:48] [INFO] REQ: POST /predict - Status: 200 - Czas: 83.91ms
[2025-12-20 14:11:48] [INFO] REQ: POST /predict - Status: 200 - Czas: 15.57ms
[2025-12-20 14:11:48] [INFO] REQ: POST /predict - Status: 200 - Czas: 28.86ms
[2025-12-20 14:11:48] [INFO] REQ: POST /predict - Status: 200 - Czas: 43.46ms
[2025-12-20 14:11:48] [INFO] REQ: POST /predict - Status: 200 - Czas: 87.39ms
[2025-12-20 14:11:48] [INFO] REQ: POST /predict - Status: 200 - Czas: 107.98ms
[2025-12-20 14:11:48] [INFO] REQ: POST /predict - Status: 200 - Czas: 84.71ms
[2025-12-20 14:11:48] [INFO] REQ: POST /predict - Status: 200 - Czas: 16.69ms
[2025-12-20 14:11:48] [INFO] REQ: POST /predict - Status: 200 - Czas: 22.82ms
[2025-12-20 14:11:48] [INFO] REQ: POST /predict - Status: 200 - Czas: 59.99ms
[2025-12-20 14:11:48] [INFO] REQ: POST /predict - Status: 200 - Czas: 59.99ms
[2025-12-20 14:11:48] [INFO] REQ: POST /predict - Status: 200 - Czas: 88.58ms
[2025-12-20 14:11:48] [INFO] REQ: POST /predict - Status: 200 - Czas: 71.44ms
[2025-12-20 14:11:48] [INFO] REQ: POST /predict - Status: 200 - Czas: 23.70ms
[2025-12-20 14:11:48] [INFO] REQ: POST /predict - Status: 200 - Czas: 18.35ms
[2025-12-20 14:11:48] [INFO] REQ: POST /predict - Status: 200 - Czas: 67.59ms
[2025-12-20 14:11:48] [INFO] REQ: POST /predict - Status: 200 - Czas: 67.59ms
[2025-12-20 14:11:48] [INFO] REQ: POST /predict - Status: 200 - Czas: 68.59ms
[2025-12-20 14:11:48] [INFO] REQ: POST /predict - Status: 200 - Czas: 79.63ms
[2025-12-20 14:11:48] [INFO] REQ: POST /predict - Status: 200 - Czas: 19.83ms
[2025-12-20 14:11:49] [INFO] REQ: POST /predict - Status: 200 - Czas: 34.44ms
[2025-12-20 14:11:49] [INFO] REQ: POST /predict - Status: 200 - Czas: 35.44ms
[2025-12-20 14:11:49] [INFO] REQ: POST /predict - Status: 200 - Czas: 71.80ms
[2025-12-20 14:11:49] [INFO] REQ: POST /predict - Status: 200 - Czas: 72.31ms
[2025-12-20 14:11:49] [INFO] REQ: POST /predict - Status: 200 - Czas: 17.04ms
[2025-12-20 14:11:49] [INFO] REQ: POST /predict - Status: 200 - Czas: 19.77ms
[2025-12-20 14:11:49] [INFO] REQ: POST /predict - Status: 200 - Czas: 68.15ms
[2025-12-20 14:11:49] [INFO] REQ: POST /predict - Status: 200 - Czas: 81.34ms
[2025-12-20 14:11:49] [INFO] REQ: POST /predict - Status: 200 - Czas: 78.80ms
[2025-12-20 14:11:49] [INFO] REQ: POST /predict - Status: 200 - Czas: 34.82ms
[2025-12-20 14:11:49] [INFO] REQ: POST /predict - Status: 200 - Czas: 19.09ms
[2025-12-20 14:11:49] [INFO] REQ: POST /predict - Status: 200 - Czas: 37.03ms
[2025-12-20 14:11:49] [INFO] REQ: POST /predict - Status: 200 - Czas: 86.85ms
[2025-12-20 14:11:49] [INFO] REQ: POST /predict - Status: 200 - Czas: 86.85ms
[2025-12-20 14:11:49] [INFO] REQ: POST /predict - Status: 200 - Czas: 86.85ms
[2025-12-20 14:11:49] [INFO] REQ: POST /predict - Status: 200 - Czas: 45.19ms
[2025-12-20 14:11:49] [INFO] REQ: POST /predict - Status: 200 - Czas: 45.19ms
[2025-12-20 14:11:49] [INFO] REQ: POST /predict - Status: 200 - Czas: 22.25ms
[2025-12-20 14:11:49] [INFO] REQ: POST /predict - Status: 200 - Czas: 60.16ms
[2025-12-20 14:11:49] [INFO] REQ: POST /predict - Status: 200 - Czas: 58.65ms
[2025-12-20 14:11:49] [INFO] REQ: POST /predict - Status: 200 - Czas: 79.18ms
[2025-12-20 14:11:49] [INFO] REQ: POST /predict - Status: 200 - Czas: 79.18ms
[2025-12-20 14:11:49] [INFO] REQ: POST /predict - Status: 200 - Czas: 30.21ms
[2025-12-20 14:11:49] [INFO] REQ: POST /predict - Status: 200 - Czas: 16.12ms
[2025-12-20 14:11:49] [INFO] REQ: POST /predict - Status: 200 - Czas: 58.95ms
[2025-12-20 14:11:49] [INFO] REQ: POST /predict - Status: 200 - Czas: 59.95ms
[2025-12-20 14:11:49] [INFO] REQ: POST /predict - Status: 200 - Czas: 61.45ms
[2025-12-20 14:11:49] [INFO] REQ: POST /predict - Status: 200 - Czas: 15.05ms
[2025-12-20 14:11:49] [INFO] REQ: POST /predict - Status: 200 - Czas: 21.32ms
[2025-12-20 14:11:49] [INFO] REQ: POST /predict - Status: 200 - Czas: 35.21ms
[2025-12-20 14:11:49] [INFO] REQ: POST /predict - Status: 200 - Czas: 66.37ms
[2025-12-20 14:11:49] [INFO] REQ: POST /predict - Status: 200 - Czas: 67.88ms
[2025-12-20 14:11:49] [INFO] REQ: POST /predict - Status: 200 - Czas: 66.89ms
[2025-12-20 14:11:49] [INFO] REQ: POST /predict - Status: 200 - Czas: 22.21ms
[2025-12-20 14:11:49] [INFO] REQ: POST /predict - Status: 200 - Czas: 18.17ms
[2025-12-20 14:11:49] [INFO] REQ: POST /predict - Status: 200 - Czas: 67.03ms
[2025-12-20 14:11:49] [INFO] REQ: POST /predict - Status: 200 - Czas: 67.03ms
[2025-12-20 14:11:49] [INFO] REQ: POST /predict - Status: 200 - Czas: 65.03ms
[2025-12-20 14:11:49] [INFO] REQ: POST /predict - Status: 200 - Czas: 76.59ms
[2025-12-20 14:11:49] [INFO] REQ: POST /predict - Status: 200 - Czas: 27.39ms
[2025-12-20 14:11:49] [INFO] REQ: POST /predict - Status: 200 - Czas: 14.70ms
[2025-12-20 14:11:49] [INFO] REQ: POST /predict - Status: 200 - Czas: 80.15ms
[2025-12-20 14:11:49] [INFO] REQ: POST /predict - Status: 200 - Czas: 92.69ms
[2025-12-20 14:11:49] [INFO] REQ: POST /predict - Status: 200 - Czas: 92.69ms
[2025-12-20 14:11:49] [INFO] REQ: POST /predict - Status: 200 - Czas: 38.04ms
[2025-12-20 14:11:49] [INFO] REQ: POST /predict - Status: 200 - Czas: 25.69ms
[2025-12-20 14:11:49] [INFO] REQ: POST /predict - Status: 200 - Czas: 77.45ms
[2025-12-20 14:11:49] [INFO] REQ: POST /predict - Status: 200 - Czas: 78.95ms
[2025-12-20 14:11:49] [INFO] REQ: POST /predict - Status: 200 - Czas: 78.95ms
[2025-12-20 14:11:49] [INFO] REQ: POST /predict - Status: 200 - Czas: 27.81ms
[2025-12-20 14:11:50] [INFO] REQ: POST /predict - Status: 200 - Czas: 16.05ms
[2025-12-20 14:11:50] [INFO] REQ: POST /predict - Status: 200 - Czas: 59.31ms
[2025-12-20 14:11:50] [INFO] REQ: POST /predict - Status: 200 - Czas: 60.82ms
[2025-12-20 14:11:50] [INFO] REQ: POST /predict - Status: 200 - Czas: 60.82ms
[2025-12-20 14:11:50] [INFO] REQ: POST /predict - Status: 200 - Czas: 28.71ms
[2025-12-20 14:11:50] [INFO] REQ: POST /predict - Status: 200 - Czas: 24.29ms
[2025-12-20 14:11:50] [INFO] REQ: POST /predict - Status: 200 - Czas: 66.50ms
[2025-12-20 14:11:50] [INFO] REQ: POST /predict - Status: 200 - Czas: 67.49ms
[2025-12-20 14:11:50] [INFO] REQ: POST /predict - Status: 200 - Czas: 67.49ms
[2025-12-20 14:11:50] [INFO] REQ: POST /predict - Status: 200 - Czas: 66.36ms
[2025-12-20 14:11:50] [INFO] REQ: POST /predict - Status: 200 - Czas: 19.78ms
[2025-12-20 14:11:50] [INFO] REQ: POST /predict - Status: 200 - Czas: 24.69ms
[2025-12-20 14:11:50] [INFO] REQ: POST /predict - Status: 200 - Czas: 71.45ms
[2025-12-20 14:11:50] [INFO] REQ: POST /predict - Status: 200 - Czas: 72.45ms
[2025-12-20 14:11:50] [INFO] REQ: POST /predict - Status: 200 - Czas: 72.45ms
[2025-12-20 14:11:50] [INFO] REQ: POST /predict - Status: 200 - Czas: 64.33ms
[2025-12-20 14:11:50] [INFO] REQ: POST /predict - Status: 200 - Czas: 27.19ms
[2025-12-20 14:11:50] [INFO] REQ: POST /predict - Status: 200 - Czas: 27.36ms
[2025-12-20 14:11:50] [INFO] REQ: POST /predict - Status: 200 - Czas: 90.05ms
[2025-12-20 14:11:50] [INFO] REQ: POST /predict - Status: 200 - Czas: 90.05ms
[2025-12-20 14:11:50] [INFO] REQ: POST /predict - Status: 200 - Czas: 91.55ms
[2025-12-20 14:11:50] [INFO] REQ: POST /predict - Status: 200 - Czas: 86.55ms
[2025-12-20 14:11:50] [INFO] REQ: POST /predict - Status: 200 - Czas: 23.89ms
[2025-12-20 14:11:50] [INFO] REQ: POST /predict - Status: 200 - Czas: 77.10ms
[2025-12-20 14:11:50] [INFO] REQ: POST /predict - Status: 200 - Czas: 77.10ms
[2025-12-20 14:11:50] [INFO] REQ: POST /predict - Status: 200 - Czas: 77.61ms
[2025-12-20 14:11:50] [INFO] REQ: POST /predict - Status: 200 - Czas: 77.61ms
[2025-12-20 14:11:50] [INFO] REQ: POST /predict - Status: 200 - Czas: 29.92ms
[2025-12-20 14:11:50] [INFO] REQ: POST /predict - Status: 200 - Czas: 51.90ms
[2025-12-20 14:11:50] [INFO] REQ: POST /predict - Status: 200 - Czas: 83.17ms
[2025-12-20 14:11:50] [INFO] REQ: POST /predict - Status: 200 - Czas: 81.07ms
[2025-12-20 14:11:50] [INFO] REQ: POST /predict - Status: 200 - Czas: 23.75ms
[2025-12-20 14:11:50] [INFO] REQ: POST /predict - Status: 200 - Czas: 39.56ms
[2025-12-20 14:11:50] [INFO] REQ: POST /predict - Status: 200 - Czas: 39.56ms
[2025-12-20 14:11:50] [INFO] REQ: POST /predict - Status: 200 - Czas: 67.67ms
[2025-12-20 14:11:50] [INFO] REQ: POST /predict - Status: 200 - Czas: 68.67ms
[2025-12-20 14:11:50] [INFO] REQ: POST /predict - Status: 200 - Czas: 58.28ms
[2025-12-20 14:11:50] [INFO] REQ: POST /predict - Status: 200 - Czas: 39.65ms
[2025-12-20 14:11:50] [INFO] REQ: POST /predict - Status: 200 - Czas: 41.16ms
[2025-12-20 14:11:50] [INFO] REQ: POST /predict - Status: 200 - Czas: 29.59ms
[2025-12-20 14:11:50] [INFO] REQ: POST /predict - Status: 200 - Czas: 48.19ms
[2025-12-20 14:11:50] [INFO] REQ: POST /predict - Status: 200 - Czas: 48.19ms
[2025-12-20 14:11:50] [INFO] REQ: POST /predict - Status: 200 - Czas: 21.40ms
[2025-12-20 14:11:50] [INFO] REQ: POST /predict - Status: 200 - Czas: 32.95ms
[2025-12-20 14:11:50] [INFO] REQ: POST /predict - Status: 200 - Czas: 99.19ms
[2025-12-20 14:11:50] [INFO] REQ: POST /predict - Status: 200 - Czas: 99.19ms
[2025-12-20 14:11:50] [INFO] REQ: POST /predict - Status: 200 - Czas: 82.31ms
[2025-12-20 14:11:50] [INFO] REQ: POST /predict - Status: 200 - Czas: 27.93ms
[2025-12-20 14:11:50] [INFO] REQ: POST /predict - Status: 200 - Czas: 18.97ms
[2025-12-20 14:11:51] [INFO] REQ: POST /predict - Status: 200 - Czas: 79.48ms
[2025-12-20 14:11:51] [INFO] REQ: POST /predict - Status: 200 - Czas: 79.48ms
[2025-12-20 14:11:51] [INFO] REQ: POST /predict - Status: 200 - Czas: 79.48ms
[2025-12-20 14:11:51] [INFO] REQ: POST /predict - Status: 200 - Czas: 76.87ms
[2025-12-20 14:11:51] [INFO] REQ: POST /predict - Status: 200 - Czas: 19.86ms
[2025-12-20 14:11:51] [INFO] REQ: POST /predict - Status: 200 - Czas: 31.24ms
[2025-12-20 14:11:51] [INFO] REQ: POST /predict - Status: 200 - Czas: 82.18ms
[2025-12-20 14:11:51] [INFO] REQ: POST /predict - Status: 200 - Czas: 83.18ms
[2025-12-20 14:11:51] [INFO] REQ: POST /predict - Status: 200 - Czas: 83.18ms
[2025-12-20 14:11:51] [INFO] REQ: POST /predict - Status: 200 - Czas: 24.30ms
[2025-12-20 14:11:51] [INFO] REQ: POST /predict - Status: 200 - Czas: 35.54ms
[2025-12-20 14:11:51] [INFO] REQ: POST /predict - Status: 200 - Czas: 37.54ms
[2025-12-20 14:11:51] [INFO] REQ: POST /predict - Status: 200 - Czas: 65.66ms
[2025-12-20 14:11:51] [INFO] REQ: POST /predict - Status: 200 - Czas: 70.73ms
[2025-12-20 14:11:51] [INFO] REQ: POST /predict - Status: 200 - Czas: 52.20ms
[2025-12-20 14:11:51] [INFO] REQ: POST /predict - Status: 200 - Czas: 37.53ms
[2025-12-20 14:11:51] [INFO] REQ: POST /predict - Status: 200 - Czas: 70.85ms
[2025-12-20 14:11:51] [INFO] REQ: POST /predict - Status: 200 - Czas: 69.85ms
[2025-12-20 14:11:51] [INFO] REQ: POST /predict - Status: 200 - Czas: 124.18ms
[2025-12-20 14:11:51] [INFO] REQ: POST /predict - Status: 200 - Czas: 125.30ms
[2025-12-20 14:11:51] [INFO] REQ: POST /predict - Status: 200 - Czas: 28.29ms
[2025-12-20 14:11:51] [INFO] REQ: POST /predict - Status: 200 - Czas: 67.24ms
[2025-12-20 14:11:51] [INFO] REQ: POST /predict - Status: 200 - Czas: 66.16ms
[2025-12-20 14:11:51] [INFO] REQ: POST /predict - Status: 200 - Czas: 70.33ms
[2025-12-20 14:11:51] [INFO] REQ: POST /predict - Status: 200 - Czas: 70.33ms
[2025-12-20 14:11:51] [INFO] REQ: POST /predict - Status: 200 - Czas: 28.11ms
[2025-12-20 14:11:51] [INFO] REQ: POST /predict - Status: 200 - Czas: 62.91ms
[2025-12-20 14:11:51] [INFO] REQ: POST /predict - Status: 200 - Czas: 63.97ms
[2025-12-20 14:11:51] [INFO] REQ: POST /predict - Status: 200 - Czas: 83.09ms
[2025-12-20 14:11:51] [INFO] REQ: POST /predict - Status: 200 - Czas: 78.10ms
[2025-12-20 14:11:51] [INFO] REQ: POST /predict - Status: 200 - Czas: 47.40ms
[2025-12-20 14:11:51] [INFO] REQ: POST /predict - Status: 200 - Czas: 22.83ms
[2025-12-20 14:11:51] [INFO] REQ: POST /predict - Status: 200 - Czas: 75.94ms
[2025-12-20 14:11:51] [INFO] REQ: POST /predict - Status: 200 - Czas: 76.94ms
[2025-12-20 14:11:51] [INFO] REQ: POST /predict - Status: 200 - Czas: 76.94ms
[2025-12-20 14:11:51] [INFO] REQ: POST /predict - Status: 200 - Czas: 77.36ms
[2025-12-20 14:11:51] [INFO] REQ: POST /predict - Status: 200 - Czas: 18.61ms
[2025-12-20 14:11:51] [INFO] REQ: POST /predict - Status: 200 - Czas: 43.73ms
[2025-12-20 14:11:51] [INFO] REQ: POST /predict - Status: 200 - Czas: 54.84ms
[2025-12-20 14:11:51] [INFO] REQ: POST /predict - Status: 200 - Czas: 53.85ms
[2025-12-20 14:11:51] [INFO] REQ: POST /predict - Status: 200 - Czas: 64.14ms
[2025-12-20 14:11:51] [INFO] REQ: POST /predict - Status: 200 - Czas: 41.83ms
[2025-12-20 14:11:51] [INFO] REQ: POST /predict - Status: 200 - Czas: 21.67ms
[2025-12-20 14:11:51] [INFO] REQ: POST /predict - Status: 200 - Czas: 43.49ms
[2025-12-20 14:11:51] [INFO] REQ: POST /predict - Status: 200 - Czas: 55.64ms
[2025-12-20 14:11:51] [INFO] REQ: POST /predict - Status: 200 - Czas: 82.07ms
[2025-12-20 14:11:51] [INFO] REQ: POST /predict - Status: 200 - Czas: 66.92ms
[2025-12-20 14:11:51] [INFO] REQ: POST /predict - Status: 200 - Czas: 16.85ms
[2025-12-20 14:11:51] [INFO] REQ: POST /predict - Status: 200 - Czas: 24.58ms
[2025-12-20 14:11:52] [INFO] REQ: POST /predict - Status: 200 - Czas: 57.29ms
[2025-12-20 14:11:52] [INFO] REQ: POST /predict - Status: 200 - Czas: 56.29ms
[2025-12-20 14:11:52] [INFO] REQ: POST /predict - Status: 200 - Czas: 103.84ms
[2025-12-20 14:11:52] [INFO] REQ: POST /predict - Status: 200 - Czas: 85.89ms
[2025-12-20 14:11:52] [INFO] REQ: POST /predict - Status: 200 - Czas: 56.41ms
[2025-12-20 14:11:52] [INFO] REQ: POST /predict - Status: 200 - Czas: 74.55ms
[2025-12-20 14:11:52] [INFO] REQ: POST /predict - Status: 200 - Czas: 74.55ms
[2025-12-20 14:11:52] [INFO] REQ: POST /predict - Status: 200 - Czas: 96.11ms
[2025-12-20 14:11:52] [INFO] REQ: POST /predict - Status: 200 - Czas: 96.11ms
[2025-12-20 14:11:52] [INFO] REQ: POST /predict - Status: 200 - Czas: 49.34ms
[2025-12-20 14:11:52] [INFO] REQ: POST /predict - Status: 200 - Czas: 26.72ms
[2025-12-20 14:11:52] [INFO] REQ: POST /predict - Status: 200 - Czas: 103.26ms
[2025-12-20 14:11:52] [INFO] REQ: POST /predict - Status: 200 - Czas: 105.26ms
[2025-12-20 14:11:52] [INFO] REQ: POST /predict - Status: 200 - Czas: 103.26ms
[2025-12-20 14:11:52] [INFO] REQ: POST /predict - Status: 200 - Czas: 94.22ms
[2025-12-20 14:11:52] [INFO] REQ: POST /predict - Status: 200 - Czas: 24.98ms
[2025-12-20 14:11:52] [INFO] REQ: POST /predict - Status: 200 - Czas: 33.22ms
[2025-12-20 14:11:52] [INFO] REQ: POST /predict - Status: 200 - Czas: 34.22ms
[2025-12-20 14:11:52] [INFO] REQ: POST /predict - Status: 200 - Czas: 62.83ms
[2025-12-20 14:11:52] [INFO] REQ: POST /predict - Status: 200 - Czas: 62.83ms
[2025-12-20 14:11:52] [INFO] REQ: POST /predict - Status: 200 - Czas: 47.76ms
[2025-12-20 14:11:52] [INFO] REQ: POST /predict - Status: 200 - Czas: 19.26ms
[2025-12-20 14:11:52] [INFO] REQ: POST /predict - Status: 200 - Czas: 44.93ms
[2025-12-20 14:11:52] [INFO] REQ: POST /predict - Status: 200 - Czas: 63.17ms
[2025-12-20 14:11:52] [INFO] REQ: POST /predict - Status: 200 - Czas: 79.21ms
[2025-12-20 14:11:52] [INFO] REQ: POST /predict - Status: 200 - Czas: 86.75ms
[2025-12-20 14:11:52] [INFO] REQ: POST /predict - Status: 200 - Czas: 42.17ms
[2025-12-20 14:11:52] [INFO] REQ: POST /predict - Status: 200 - Czas: 62.82ms
[2025-12-20 14:11:52] [INFO] REQ: POST /predict - Status: 200 - Czas: 64.33ms
[2025-12-20 14:11:52] [INFO] REQ: POST /predict - Status: 200 - Czas: 78.90ms
[2025-12-20 14:11:52] [INFO] REQ: POST /predict - Status: 200 - Czas: 79.89ms
[2025-12-20 14:11:52] [INFO] REQ: POST /predict - Status: 200 - Czas: 37.45ms
[2025-12-20 14:11:52] [INFO] REQ: POST /predict - Status: 200 - Czas: 17.55ms
[2025-12-20 14:11:52] [INFO] REQ: POST /predict - Status: 200 - Czas: 39.12ms
[2025-12-20 14:11:52] [INFO] REQ: POST /predict - Status: 200 - Czas: 63.82ms
[2025-12-20 14:11:52] [INFO] REQ: POST /predict - Status: 200 - Czas: 86.24ms
[2025-12-20 14:11:52] [INFO] REQ: POST /predict - Status: 200 - Czas: 64.67ms
[2025-12-20 14:11:52] [INFO] REQ: POST /predict - Status: 200 - Czas: 39.80ms
[2025-12-20 14:11:52] [INFO] REQ: POST /predict - Status: 200 - Czas: 62.05ms
[2025-12-20 14:11:52] [INFO] REQ: POST /predict - Status: 200 - Czas: 19.09ms
[2025-12-20 14:11:52] [INFO] REQ: POST /predict - Status: 200 - Czas: 40.46ms
[2025-12-20 14:11:53] [INFO] REQ: POST /predict - Status: 200 - Czas: 191.76ms
[2025-12-20 14:11:53] [INFO] REQ: POST /predict - Status: 200 - Czas: 191.76ms
[2025-12-20 14:11:53] [INFO] REQ: POST /predict - Status: 200 - Czas: 192.76ms
[2025-12-20 14:11:53] [INFO] REQ: POST /predict - Status: 200 - Czas: 52.67ms
[2025-12-20 14:11:53] [INFO] REQ: POST /predict - Status: 200 - Czas: 33.67ms
[2025-12-20 14:11:53] [INFO] REQ: POST /predict - Status: 200 - Czas: 115.32ms
[2025-12-20 14:11:53] [INFO] REQ: POST /predict - Status: 200 - Czas: 115.89ms
[2025-12-20 14:11:53] [INFO] REQ: POST /predict - Status: 200 - Czas: 116.89ms
[2025-12-20 14:11:53] [INFO] REQ: POST /predict - Status: 200 - Czas: 46.43ms
[2025-12-20 14:11:53] [INFO] REQ: POST /predict - Status: 200 - Czas: 62.31ms
[2025-12-20 14:11:53] [INFO] REQ: POST /predict - Status: 200 - Czas: 64.81ms
[2025-12-20 14:11:53] [INFO] REQ: POST /predict - Status: 200 - Czas: 101.69ms
[2025-12-20 14:11:53] [INFO] REQ: POST /predict - Status: 200 - Czas: 101.69ms
[2025-12-20 14:11:53] [INFO] REQ: POST /predict - Status: 200 - Czas: 68.85ms
[2025-12-20 14:11:53] [INFO] REQ: POST /predict - Status: 200 - Czas: 46.56ms
[2025-12-20 14:11:53] [INFO] REQ: POST /predict - Status: 200 - Czas: 50.09ms
[2025-12-20 14:11:53] [INFO] REQ: POST /predict - Status: 200 - Czas: 49.47ms
[2025-12-20 14:11:53] [INFO] REQ: POST /predict - Status: 200 - Czas: 66.65ms
[2025-12-20 14:11:53] [INFO] REQ: POST /predict - Status: 200 - Czas: 67.66ms
[2025-12-20 14:11:53] [INFO] REQ: POST /predict - Status: 200 - Czas: 41.90ms
[2025-12-20 14:11:53] [INFO] REQ: POST /predict - Status: 200 - Czas: 42.73ms
[2025-12-20 14:11:53] [INFO] REQ: POST /predict - Status: 200 - Czas: 90.74ms
[2025-12-20 14:11:53] [INFO] REQ: POST /predict - Status: 200 - Czas: 93.25ms
[2025-12-20 14:11:53] [INFO] REQ: POST /predict - Status: 200 - Czas: 100.56ms
[2025-12-20 14:11:53] [INFO] REQ: POST /predict - Status: 200 - Czas: 100.56ms
[2025-12-20 14:11:53] [INFO] REQ: POST /predict - Status: 200 - Czas: 88.64ms
[2025-12-20 14:11:53] [INFO] REQ: POST /predict - Status: 200 - Czas: 24.90ms
[2025-12-20 14:11:53] [INFO] REQ: POST /predict - Status: 200 - Czas: 112.01ms
[2025-12-20 14:11:53] [INFO] REQ: POST /predict - Status: 200 - Czas: 112.01ms
[2025-12-20 14:11:53] [INFO] REQ: POST /predict - Status: 200 - Czas: 110.50ms
[2025-12-20 14:11:53] [INFO] REQ: POST /predict - Status: 200 - Czas: 135.18ms
[2025-12-20 14:11:53] [INFO] REQ: POST /predict - Status: 200 - Czas: 34.32ms
[2025-12-20 14:11:54] [INFO] REQ: POST /predict - Status: 200 - Czas: 36.93ms
[2025-12-20 14:11:54] [INFO] REQ: POST /predict - Status: 200 - Czas: 102.84ms
[2025-12-20 14:11:54] [INFO] REQ: POST /predict - Status: 200 - Czas: 103.84ms
[2025-12-20 14:11:54] [INFO] REQ: POST /predict - Status: 200 - Czas: 103.84ms
[2025-12-20 14:11:54] [INFO] REQ: POST /predict - Status: 200 - Czas: 105.01ms
[2025-12-20 14:11:54] [INFO] REQ: POST /predict - Status: 200 - Czas: 28.61ms
[2025-12-20 14:11:54] [INFO] REQ: POST /predict - Status: 200 - Czas: 109.11ms
[2025-12-20 14:11:54] [INFO] REQ: POST /predict - Status: 200 - Czas: 109.11ms
[2025-12-20 14:11:54] [INFO] REQ: POST /predict - Status: 200 - Czas: 109.44ms
[2025-12-20 14:11:54] [INFO] REQ: POST /predict - Status: 200 - Czas: 123.07ms
[2025-12-20 14:11:54] [INFO] REQ: POST /predict - Status: 200 - Czas: 41.60ms
[2025-12-20 14:11:54] [INFO] REQ: POST /predict - Status: 200 - Czas: 33.91ms
[2025-12-20 14:11:54] [INFO] REQ: POST /predict - Status: 200 - Czas: 130.66ms
[2025-12-20 14:11:54] [INFO] REQ: POST /predict - Status: 200 - Czas: 132.66ms
[2025-12-20 14:11:54] [INFO] REQ: POST /predict - Status: 200 - Czas: 133.16ms
[2025-12-20 14:11:54] [INFO] REQ: POST /predict - Status: 200 - Czas: 30.98ms
[2025-12-20 14:11:54] [INFO] REQ: POST /predict - Status: 200 - Czas: 33.66ms
[2025-12-20 14:11:54] [INFO] REQ: POST /predict - Status: 200 - Czas: 47.34ms
[2025-12-20 14:11:54] [INFO] REQ: POST /predict - Status: 200 - Czas: 48.84ms
[2025-12-20 14:11:54] [INFO] REQ: POST /predict - Status: 200 - Czas: 85.65ms
[2025-12-20 14:11:54] [INFO] REQ: POST /predict - Status: 200 - Czas: 85.87ms
[2025-12-20 14:11:54] [INFO] REQ: POST /predict - Status: 200 - Czas: 24.32ms
[2025-12-20 14:11:54] [INFO] REQ: POST /predict - Status: 200 - Czas: 34.06ms
[2025-12-20 14:11:54] [INFO] REQ: POST /predict - Status: 200 - Czas: 86.64ms
[2025-12-20 14:11:54] [INFO] REQ: POST /predict - Status: 200 - Czas: 86.12ms
[2025-12-20 14:11:54] [INFO] REQ: POST /predict - Status: 200 - Czas: 87.11ms
[2025-12-20 14:11:54] [INFO] REQ: POST /predict - Status: 200 - Czas: 76.07ms
[2025-12-20 14:11:54] [INFO] REQ: POST /predict - Status: 200 - Czas: 23.29ms
[2025-12-20 14:11:54] [INFO] REQ: POST /predict - Status: 200 - Czas: 24.48ms
[2025-12-20 14:11:54] [INFO] REQ: POST /predict - Status: 200 - Czas: 42.66ms
[2025-12-20 14:11:54] [INFO] REQ: POST /predict - Status: 200 - Czas: 74.68ms
[2025-12-20 14:11:54] [INFO] REQ: POST /predict - Status: 200 - Czas: 75.71ms
[2025-12-20 14:11:54] [INFO] REQ: POST /predict - Status: 200 - Czas: 71.31ms
[2025-12-20 14:11:54] [INFO] REQ: POST /predict - Status: 200 - Czas: 26.40ms
[2025-12-20 14:11:54] [INFO] REQ: POST /predict - Status: 200 - Czas: 17.54ms
[2025-12-20 14:11:54] [INFO] REQ: POST /predict - Status: 200 - Czas: 54.87ms
[2025-12-20 14:11:54] [INFO] REQ: POST /predict - Status: 200 - Czas: 75.66ms
[2025-12-20 14:11:54] [INFO] REQ: POST /predict - Status: 200 - Czas: 76.65ms
[2025-12-20 14:11:55] [INFO] REQ: POST /predict - Status: 200 - Czas: 18.83ms
[2025-12-20 14:11:55] [INFO] REQ: POST /predict - Status: 200 - Czas: 33.73ms
[2025-12-20 14:11:55] [INFO] REQ: POST /predict - Status: 200 - Czas: 54.38ms
[2025-12-20 14:11:55] [INFO] REQ: POST /predict - Status: 200 - Czas: 98.18ms
[2025-12-20 14:11:55] [INFO] REQ: POST /predict - Status: 200 - Czas: 99.18ms
[2025-12-20 14:11:55] [INFO] REQ: POST /predict - Status: 200 - Czas: 85.00ms
[2025-12-20 14:11:55] [INFO] REQ: POST /predict - Status: 200 - Czas: 24.72ms
[2025-12-20 14:11:55] [INFO] REQ: POST /predict - Status: 200 - Czas: 38.32ms
[2025-12-20 14:11:55] [INFO] REQ: POST /predict - Status: 200 - Czas: 68.61ms
[2025-12-20 14:11:55] [INFO] REQ: POST /predict - Status: 200 - Czas: 66.62ms
[2025-12-20 14:11:55] [INFO] REQ: POST /predict - Status: 200 - Czas: 93.80ms
[2025-12-20 14:11:55] [INFO] REQ: POST /predict - Status: 200 - Czas: 31.12ms
[2025-12-20 14:11:55] [INFO] REQ: POST /predict - Status: 200 - Czas: 24.96ms
[2025-12-20 14:11:55] [INFO] REQ: POST /predict - Status: 200 - Czas: 86.66ms
[2025-12-20 14:11:55] [INFO] REQ: POST /predict - Status: 200 - Czas: 86.66ms
[2025-12-20 14:11:55] [INFO] REQ: POST /predict - Status: 200 - Czas: 88.66ms
[2025-12-20 14:11:55] [INFO] REQ: POST /predict - Status: 200 - Czas: 77.72ms
[2025-12-20 14:11:55] [INFO] REQ: POST /predict - Status: 200 - Czas: 24.76ms
[2025-12-20 14:11:55] [INFO] REQ: POST /predict - Status: 200 - Czas: 66.97ms
[2025-12-20 14:11:55] [INFO] REQ: POST /predict - Status: 200 - Czas: 66.97ms
[2025-12-20 14:11:55] [INFO] REQ: POST /predict - Status: 200 - Czas: 88.09ms
[2025-12-20 14:11:55] [INFO] REQ: POST /predict - Status: 200 - Czas: 88.09ms
[2025-12-20 14:11:55] [INFO] REQ: POST /predict - Status: 200 - Czas: 20.23ms
[2025-12-20 14:11:55] [INFO] REQ: POST /predict - Status: 200 - Czas: 21.57ms
[2025-12-20 14:11:55] [INFO] REQ: POST /predict - Status: 200 - Czas: 56.73ms
[2025-12-20 14:11:55] [INFO] REQ: POST /predict - Status: 200 - Czas: 56.73ms
[2025-12-20 14:11:55] [INFO] REQ: POST /predict - Status: 200 - Czas: 49.70ms
[2025-12-20 14:11:55] [INFO] REQ: POST /predict - Status: 200 - Czas: 22.67ms
[2025-12-20 14:11:55] [INFO] REQ: POST /predict - Status: 200 - Czas: 84.07ms
[2025-12-20 14:11:55] [INFO] REQ: POST /predict - Status: 200 - Czas: 84.07ms
[2025-12-20 14:11:55] [INFO] REQ: POST /predict - Status: 200 - Czas: 83.07ms
[2025-12-20 14:11:55] [INFO] REQ: POST /predict - Status: 200 - Czas: 103.69ms
[2025-12-20 14:11:55] [INFO] REQ: POST /predict - Status: 200 - Czas: 31.50ms
[2025-12-20 14:11:55] [INFO] REQ: POST /predict - Status: 200 - Czas: 49.55ms
[2025-12-20 14:11:55] [INFO] REQ: POST /predict - Status: 200 - Czas: 95.75ms
[2025-12-20 14:11:55] [INFO] REQ: POST /predict - Status: 200 - Czas: 93.75ms
[2025-12-20 14:11:55] [INFO] REQ: POST /predict - Status: 200 - Czas: 92.70ms
[2025-12-20 14:11:55] [INFO] REQ: POST /predict - Status: 200 - Czas: 73.62ms
[2025-12-20 14:11:55] [INFO] REQ: POST /predict - Status: 200 - Czas: 89.85ms
[2025-12-20 14:11:55] [INFO] REQ: POST /predict - Status: 200 - Czas: 108.48ms
[2025-12-20 14:11:55] [INFO] REQ: POST /predict - Status: 200 - Czas: 104.90ms
[2025-12-20 14:11:55] [INFO] REQ: POST /predict - Status: 200 - Czas: 105.89ms
[2025-12-20 14:11:55] [INFO] REQ: POST /predict - Status: 200 - Czas: 24.99ms
[2025-12-20 14:11:55] [INFO] REQ: POST /predict - Status: 200 - Czas: 60.68ms
[2025-12-20 14:11:55] [INFO] REQ: POST /predict - Status: 200 - Czas: 58.68ms
[2025-12-20 14:11:56] [INFO] REQ: POST /predict - Status: 200 - Czas: 69.95ms
[2025-12-20 14:11:56] [INFO] REQ: POST /predict - Status: 200 - Czas: 70.95ms
[2025-12-20 14:11:56] [INFO] REQ: POST /predict - Status: 200 - Czas: 23.63ms
[2025-12-20 14:11:56] [INFO] REQ: POST /predict - Status: 200 - Czas: 81.13ms
[2025-12-20 14:11:56] [INFO] REQ: POST /predict - Status: 200 - Czas: 78.13ms
[2025-12-20 14:11:56] [INFO] REQ: POST /predict - Status: 200 - Czas: 79.13ms
[2025-12-20 14:11:56] [INFO] REQ: POST /predict - Status: 200 - Czas: 81.74ms
[2025-12-20 14:11:56] [INFO] REQ: POST /predict - Status: 200 - Czas: 15.59ms
[2025-12-20 14:11:56] [INFO] REQ: POST /predict - Status: 200 - Czas: 21.56ms
[2025-12-20 14:11:56] [INFO] REQ: POST /predict - Status: 200 - Czas: 54.16ms
[2025-12-20 14:11:56] [INFO] REQ: POST /predict - Status: 200 - Czas: 52.16ms
[2025-12-20 14:11:56] [INFO] REQ: POST /predict - Status: 200 - Czas: 87.39ms
[2025-12-20 14:11:56] [INFO] REQ: POST /predict - Status: 200 - Czas: 88.39ms
[2025-12-20 14:11:56] [INFO] REQ: POST /predict - Status: 200 - Czas: 22.30ms
[2025-12-20 14:11:56] [INFO] REQ: POST /predict - Status: 200 - Czas: 24.44ms
[2025-12-20 14:11:56] [INFO] REQ: POST /predict - Status: 200 - Czas: 68.82ms
[2025-12-20 14:11:56] [INFO] REQ: POST /predict - Status: 200 - Czas: 68.82ms
[2025-12-20 14:11:56] [INFO] REQ: POST /predict - Status: 200 - Czas: 70.33ms
[2025-12-20 14:11:56] [INFO] REQ: POST /predict - Status: 200 - Czas: 22.55ms
[2025-12-20 14:11:56] [INFO] REQ: POST /predict - Status: 200 - Czas: 101.04ms
[2025-12-20 14:11:56] [INFO] REQ: POST /predict - Status: 200 - Czas: 152.44ms
[2025-12-20 14:11:56] [INFO] REQ: POST /predict - Status: 200 - Czas: 152.44ms
[2025-12-20 14:11:56] [INFO] REQ: POST /predict - Status: 200 - Czas: 107.40ms
[2025-12-20 14:11:56] [INFO] REQ: POST /predict - Status: 200 - Czas: 95.36ms
[2025-12-20 14:11:56] [INFO] REQ: POST /predict - Status: 200 - Czas: 21.71ms
[2025-12-20 14:11:56] [INFO] REQ: POST /predict - Status: 200 - Czas: 78.67ms
[2025-12-20 14:11:56] [INFO] REQ: POST /predict - Status: 200 - Czas: 78.67ms
[2025-12-20 14:11:56] [INFO] REQ: POST /predict - Status: 200 - Czas: 78.67ms
[2025-12-20 14:11:56] [INFO] REQ: POST /predict - Status: 200 - Czas: 102.51ms
[2025-12-20 14:11:56] [INFO] REQ: POST /predict - Status: 200 - Czas: 16.98ms
[2025-12-20 14:11:56] [INFO] REQ: POST /predict - Status: 200 - Czas: 16.58ms
[2025-12-20 14:11:56] [INFO] REQ: POST /predict - Status: 200 - Czas: 48.61ms
[2025-12-20 14:11:56] [INFO] REQ: POST /predict - Status: 200 - Czas: 46.61ms
[2025-12-20 14:11:56] [INFO] REQ: POST /predict - Status: 200 - Czas: 68.78ms
[2025-12-20 14:11:56] [INFO] REQ: POST /predict - Status: 200 - Czas: 66.74ms
[2025-12-20 14:11:56] [INFO] REQ: POST /predict - Status: 200 - Czas: 31.73ms
[2025-12-20 14:11:56] [INFO] REQ: POST /predict - Status: 200 - Czas: 24.42ms
[2025-12-20 14:11:56] [INFO] REQ: POST /predict - Status: 200 - Czas: 81.71ms
[2025-12-20 14:11:56] [INFO] REQ: POST /predict - Status: 200 - Czas: 81.71ms
[2025-12-20 14:11:56] [INFO] REQ: POST /predict - Status: 200 - Czas: 82.71ms
[2025-12-20 14:11:56] [INFO] REQ: POST /predict - Status: 200 - Czas: 80.47ms
[2025-12-20 14:11:56] [INFO] REQ: POST /predict - Status: 200 - Czas: 33.18ms
[2025-12-20 14:11:57] [INFO] REQ: POST /predict - Status: 200 - Czas: 26.26ms
[2025-12-20 14:11:57] [INFO] REQ: POST /predict - Status: 200 - Czas: 45.89ms
[2025-12-20 14:11:57] [INFO] REQ: POST /predict - Status: 200 - Czas: 85.16ms
[2025-12-20 14:11:57] [INFO] REQ: POST /predict - Status: 200 - Czas: 86.16ms
[2025-12-20 14:11:57] [INFO] REQ: POST /predict - Status: 200 - Czas: 83.52ms
[2025-12-20 14:11:57] [INFO] REQ: POST /predict - Status: 200 - Czas: 34.86ms
[2025-12-20 14:11:57] [INFO] REQ: POST /predict - Status: 200 - Czas: 37.87ms
[2025-12-20 14:11:57] [INFO] REQ: POST /predict - Status: 200 - Czas: 36.00ms
[2025-12-20 14:11:57] [INFO] REQ: POST /predict - Status: 200 - Czas: 37.00ms
[2025-12-20 14:11:57] [INFO] REQ: POST /predict - Status: 200 - Czas: 47.68ms
[2025-12-20 14:11:57] [INFO] REQ: POST /predict - Status: 200 - Czas: 49.68ms
[2025-12-20 14:11:57] [INFO] REQ: POST /predict - Status: 200 - Czas: 23.67ms
[2025-12-20 14:11:57] [INFO] REQ: POST /predict - Status: 200 - Czas: 61.52ms
[2025-12-20 14:11:57] [INFO] REQ: POST /predict - Status: 200 - Czas: 62.51ms
[2025-12-20 14:11:57] [INFO] REQ: POST /predict - Status: 200 - Czas: 82.77ms
[2025-12-20 14:11:57] [INFO] REQ: POST /predict - Status: 200 - Czas: 82.77ms
[2025-12-20 14:11:57] [INFO] REQ: POST /predict - Status: 200 - Czas: 51.31ms
[2025-12-20 14:11:57] [INFO] REQ: POST /predict - Status: 200 - Czas: 65.37ms
[2025-12-20 14:11:57] [INFO] REQ: POST /predict - Status: 200 - Czas: 64.90ms
[2025-12-20 14:11:57] [INFO] REQ: POST /predict - Status: 200 - Czas: 109.15ms
[2025-12-20 14:11:57] [INFO] REQ: POST /predict - Status: 200 - Czas: 107.80ms
[2025-12-20 14:11:57] [INFO] REQ: POST /predict - Status: 200 - Czas: 21.71ms
[2025-12-20 14:11:57] [INFO] REQ: POST /predict - Status: 200 - Czas: 70.23ms
[2025-12-20 14:11:57] [INFO] REQ: POST /predict - Status: 200 - Czas: 69.74ms
[2025-12-20 14:11:57] [INFO] REQ: POST /predict - Status: 200 - Czas: 95.93ms
[2025-12-20 14:11:57] [INFO] REQ: POST /predict - Status: 200 - Czas: 95.93ms
[2025-12-20 14:11:57] [INFO] REQ: POST /predict - Status: 200 - Czas: 18.06ms
[2025-12-20 14:11:57] [INFO] REQ: POST /predict - Status: 200 - Czas: 28.41ms
[2025-12-20 14:11:57] [INFO] REQ: POST /predict - Status: 200 - Czas: 61.49ms
[2025-12-20 14:11:57] [INFO] REQ: POST /predict - Status: 200 - Czas: 61.49ms
[2025-12-20 14:11:57] [INFO] REQ: POST /predict - Status: 200 - Czas: 80.18ms
[2025-12-20 14:11:57] [INFO] REQ: POST /predict - Status: 200 - Czas: 70.10ms
[2025-12-20 14:11:57] [INFO] REQ: POST /predict - Status: 200 - Czas: 21.56ms
[2025-12-20 14:11:57] [INFO] REQ: POST /predict - Status: 200 - Czas: 26.97ms
[2025-12-20 14:11:57] [INFO] REQ: POST /predict - Status: 200 - Czas: 44.37ms
[2025-12-20 14:11:57] [INFO] REQ: POST /predict - Status: 200 - Czas: 82.96ms
[2025-12-20 14:11:57] [INFO] REQ: POST /predict - Status: 200 - Czas: 83.47ms
[2025-12-20 14:11:57] [INFO] REQ: POST /predict - Status: 200 - Czas: 72.64ms
[2025-12-20 14:11:57] [INFO] REQ: POST /predict - Status: 200 - Czas: 19.06ms
[2025-12-20 14:11:57] [INFO] REQ: POST /predict - Status: 200 - Czas: 38.15ms
[2025-12-20 14:11:57] [INFO] REQ: POST /predict - Status: 200 - Czas: 63.48ms
[2025-12-20 14:11:57] [INFO] REQ: POST /predict - Status: 200 - Czas: 78.09ms
[2025-12-20 14:11:57] [INFO] REQ: POST /predict - Status: 200 - Czas: 86.59ms
[2025-12-20 14:11:57] [INFO] REQ: POST /predict - Status: 200 - Czas: 21.16ms
[2025-12-20 14:11:58] [INFO] REQ: POST /predict - Status: 200 - Czas: 66.08ms
[2025-12-20 14:11:58] [INFO] REQ: POST /predict - Status: 200 - Czas: 79.17ms
[2025-12-20 14:11:58] [INFO] REQ: POST /predict - Status: 200 - Czas: 77.66ms
[2025-12-20 14:11:58] [INFO] REQ: POST /predict - Status: 200 - Czas: 77.66ms
[2025-12-20 14:11:58] [INFO] REQ: POST /predict - Status: 200 - Czas: 31.76ms
[2025-12-20 14:11:58] [INFO] REQ: POST /predict - Status: 200 - Czas: 21.19ms
[2025-12-20 14:11:58] [INFO] REQ: POST /predict - Status: 200 - Czas: 39.79ms
[2025-12-20 14:11:58] [INFO] REQ: POST /predict - Status: 200 - Czas: 96.36ms
[2025-12-20 14:11:58] [INFO] REQ: POST /predict - Status: 200 - Czas: 79.67ms
[2025-12-20 14:11:58] [INFO] REQ: POST /predict - Status: 200 - Czas: 79.67ms
[2025-12-20 14:11:58] [INFO] REQ: POST /predict - Status: 200 - Czas: 23.46ms
[2025-12-20 14:11:58] [INFO] REQ: POST /predict - Status: 200 - Czas: 33.86ms
[2025-12-20 14:11:58] [INFO] REQ: POST /predict - Status: 200 - Czas: 62.04ms
[2025-12-20 14:11:58] [INFO] REQ: POST /predict - Status: 200 - Czas: 61.04ms
[2025-12-20 14:11:58] [INFO] REQ: POST /predict - Status: 200 - Czas: 62.04ms
[2025-12-20 14:11:58] [INFO] REQ: POST /predict - Status: 200 - Czas: 21.15ms
[2025-12-20 14:11:58] [INFO] REQ: POST /predict - Status: 200 - Czas: 19.28ms
[2025-12-20 14:11:58] [INFO] REQ: POST /predict - Status: 200 - Czas: 35.86ms
[2025-12-20 14:11:58] [INFO] REQ: POST /predict - Status: 200 - Czas: 53.62ms
[2025-12-20 14:11:58] [INFO] REQ: POST /predict - Status: 200 - Czas: 69.39ms
[2025-12-20 14:11:58] [INFO] REQ: POST /predict - Status: 200 - Czas: 69.39ms
[2025-12-20 14:11:58] [INFO] REQ: POST /predict - Status: 200 - Czas: 55.27ms
[2025-12-20 14:11:58] [INFO] REQ: POST /predict - Status: 200 - Czas: 24.15ms
[2025-12-20 14:11:58] [INFO] REQ: POST /predict - Status: 200 - Czas: 42.69ms
[2025-12-20 14:11:58] [INFO] REQ: POST /predict - Status: 200 - Czas: 76.74ms
[2025-12-20 14:11:58] [INFO] REQ: POST /predict - Status: 200 - Czas: 78.26ms
[2025-12-20 14:11:58] [INFO] REQ: POST /predict - Status: 200 - Czas: 78.26ms
[2025-12-20 14:11:58] [INFO] REQ: POST /predict - Status: 200 - Czas: 27.38ms
[2025-12-20 14:11:58] [INFO] REQ: POST /predict - Status: 200 - Czas: 45.86ms
[2025-12-20 14:11:58] [INFO] REQ: POST /predict - Status: 200 - Czas: 61.86ms
[2025-12-20 14:11:58] [INFO] REQ: POST /predict - Status: 200 - Czas: 86.80ms
[2025-12-20 14:11:58] [INFO] REQ: POST /predict - Status: 200 - Czas: 87.80ms
[2025-12-20 14:11:58] [INFO] REQ: POST /predict - Status: 200 - Czas: 58.54ms
[2025-12-20 14:11:58] [INFO] REQ: POST /predict - Status: 200 - Czas: 27.33ms
[2025-12-20 14:11:58] [INFO] REQ: POST /predict - Status: 200 - Czas: 42.71ms
[2025-12-20 14:11:58] [INFO] REQ: POST /predict - Status: 200 - Czas: 69.28ms
[2025-12-20 14:11:58] [INFO] REQ: POST /predict - Status: 200 - Czas: 71.79ms
[2025-12-20 14:11:58] [INFO] REQ: POST /predict - Status: 200 - Czas: 71.79ms
[2025-12-20 14:11:58] [INFO] REQ: POST /predict - Status: 200 - Czas: 18.93ms
[2025-12-20 14:11:58] [INFO] REQ: POST /predict - Status: 200 - Czas: 44.65ms
[2025-12-20 14:11:58] [INFO] REQ: POST /predict - Status: 200 - Czas: 46.66ms
[2025-12-20 14:11:58] [INFO] REQ: POST /predict - Status: 200 - Czas: 32.09ms
[2025-12-20 14:11:58] [INFO] REQ: POST /predict - Status: 200 - Czas: 46.71ms
[2025-12-20 14:11:58] [INFO] REQ: POST /predict - Status: 200 - Czas: 48.23ms
[2025-12-20 14:11:58] [INFO] REQ: POST /predict - Status: 200 - Czas: 39.01ms
[2025-12-20 14:11:58] [INFO] REQ: POST /predict - Status: 200 - Czas: 37.48ms
[2025-12-20 14:11:58] [INFO] REQ: POST /predict - Status: 200 - Czas: 18.80ms
[2025-12-20 14:11:58] [INFO] REQ: POST /predict - Status: 200 - Czas: 54.78ms
[2025-12-20 14:11:58] [INFO] REQ: POST /predict - Status: 200 - Czas: 55.78ms
[2025-12-20 14:11:58] [INFO] REQ: POST /predict - Status: 200 - Czas: 69.76ms
[2025-12-20 14:11:58] [INFO] REQ: POST /predict - Status: 200 - Czas: 68.75ms
[2025-12-20 14:11:59] [INFO] REQ: POST /predict - Status: 200 - Czas: 30.25ms
[2025-12-20 14:11:59] [INFO] REQ: POST /predict - Status: 200 - Czas: 46.90ms
[2025-12-20 14:11:59] [INFO] REQ: POST /predict - Status: 200 - Czas: 83.74ms
[2025-12-20 14:11:59] [INFO] REQ: POST /predict - Status: 200 - Czas: 83.74ms
[2025-12-20 14:11:59] [INFO] REQ: POST /predict - Status: 200 - Czas: 84.74ms
[2025-12-20 14:11:59] [INFO] REQ: POST /predict - Status: 200 - Czas: 17.90ms
[2025-12-20 14:11:59] [INFO] REQ: POST /predict - Status: 200 - Czas: 26.48ms
[2025-12-20 14:11:59] [INFO] REQ: POST /predict - Status: 200 - Czas: 91.33ms
[2025-12-20 14:11:59] [INFO] REQ: POST /predict - Status: 200 - Czas: 93.84ms
[2025-12-20 14:11:59] [INFO] REQ: POST /predict - Status: 200 - Czas: 89.33ms
[2025-12-20 14:11:59] [INFO] REQ: POST /predict - Status: 200 - Czas: 84.66ms
[2025-12-20 14:11:59] [INFO] REQ: POST /predict - Status: 200 - Czas: 26.11ms
[2025-12-20 14:11:59] [INFO] REQ: POST /predict - Status: 200 - Czas: 18.77ms
[2025-12-20 14:11:59] [INFO] REQ: POST /predict - Status: 200 - Czas: 59.15ms
[2025-12-20 14:11:59] [INFO] REQ: POST /predict - Status: 200 - Czas: 59.15ms
[2025-12-20 14:11:59] [INFO] REQ: POST /predict - Status: 200 - Czas: 60.15ms
[2025-12-20 14:11:59] [INFO] REQ: POST /predict - Status: 200 - Czas: 60.39ms
[2025-12-20 14:11:59] [INFO] REQ: POST /predict - Status: 200 - Czas: 16.60ms
[2025-12-20 14:11:59] [INFO] REQ: POST /predict - Status: 200 - Czas: 14.84ms
[2025-12-20 14:11:59] [INFO] REQ: POST /predict - Status: 200 - Czas: 18.64ms
[2025-12-20 14:11:59] [INFO] REQ: POST /predict - Status: 200 - Czas: 52.91ms
[2025-12-20 14:11:59] [INFO] REQ: POST /predict - Status: 200 - Czas: 52.91ms
[2025-12-20 14:11:59] [INFO] REQ: POST /predict - Status: 200 - Czas: 68.25ms
[2025-12-20 14:11:59] [INFO] REQ: POST /predict - Status: 200 - Czas: 69.26ms
[2025-12-20 14:11:59] [INFO] REQ: POST /predict - Status: 200 - Czas: 16.81ms
[2025-12-20 14:11:59] [INFO] REQ: POST /predict - Status: 200 - Czas: 25.80ms
[2025-12-20 14:11:59] [INFO] REQ: POST /predict - Status: 200 - Czas: 59.60ms
[2025-12-20 14:11:59] [INFO] REQ: POST /predict - Status: 200 - Czas: 79.57ms
[2025-12-20 14:11:59] [INFO] REQ: POST /predict - Status: 200 - Czas: 78.89ms
[2025-12-20 14:11:59] [INFO] REQ: POST /predict - Status: 200 - Czas: 17.20ms
[2025-12-20 14:11:59] [INFO] REQ: POST /predict - Status: 200 - Czas: 22.78ms
[2025-12-20 14:11:59] [INFO] REQ: POST /predict - Status: 200 - Czas: 75.22ms
[2025-12-20 14:11:59] [INFO] REQ: POST /predict - Status: 200 - Czas: 75.22ms
[2025-12-20 14:11:59] [INFO] REQ: POST /predict - Status: 200 - Czas: 76.22ms
[2025-12-20 14:11:59] [INFO] REQ: POST /predict - Status: 200 - Czas: 24.51ms
[2025-12-20 14:11:59] [INFO] REQ: POST /predict - Status: 200 - Czas: 27.82ms
[2025-12-20 14:11:59] [INFO] REQ: POST /predict - Status: 200 - Czas: 59.86ms
[2025-12-20 14:11:59] [INFO] REQ: POST /predict - Status: 200 - Czas: 72.38ms
[2025-12-20 14:11:59] [INFO] REQ: POST /predict - Status: 200 - Czas: 73.62ms
[2025-12-20 14:11:59] [INFO] REQ: POST /predict - Status: 200 - Czas: 60.39ms
[2025-12-20 14:11:59] [INFO] REQ: POST /predict - Status: 200 - Czas: 21.12ms
[2025-12-20 14:11:59] [INFO] REQ: POST /predict - Status: 200 - Czas: 21.18ms
[2025-12-20 14:11:59] [INFO] REQ: POST /predict - Status: 200 - Czas: 75.68ms
[2025-12-20 14:11:59] [INFO] REQ: POST /predict - Status: 200 - Czas: 75.68ms
[2025-12-20 14:11:59] [INFO] REQ: POST /predict - Status: 200 - Czas: 71.68ms
[2025-12-20 14:11:59] [INFO] REQ: POST /predict - Status: 200 - Czas: 80.48ms
[2025-12-20 14:11:59] [INFO] REQ: POST /predict - Status: 200 - Czas: 15.09ms
[2025-12-20 14:11:59] [INFO] REQ: POST /predict - Status: 200 - Czas: 66.59ms
[2025-12-20 14:11:59] [INFO] REQ: POST /predict - Status: 200 - Czas: 69.09ms
[2025-12-20 14:11:59] [INFO] REQ: POST /predict - Status: 200 - Czas: 70.10ms
[2025-12-20 14:12:00] [INFO] REQ: POST /predict - Status: 200 - Czas: 90.11ms
[2025-12-20 14:12:00] [INFO] REQ: POST /predict - Status: 200 - Czas: 52.60ms
[2025-12-20 14:12:00] [INFO] REQ: POST /predict - Status: 200 - Czas: 37.20ms
[2025-12-20 14:12:00] [INFO] REQ: POST /predict - Status: 200 - Czas: 39.74ms
[2025-12-20 14:12:00] [INFO] REQ: POST /predict - Status: 200 - Czas: 57.50ms
[2025-12-20 14:12:00] [INFO] REQ: POST /predict - Status: 200 - Czas: 58.50ms
[2025-12-20 14:12:00] [INFO] REQ: POST /predict - Status: 200 - Czas: 59.50ms
[2025-12-20 14:12:00] [INFO] REQ: POST /predict - Status: 200 - Czas: 21.05ms
[2025-12-20 14:12:00] [INFO] REQ: POST /predict - Status: 200 - Czas: 41.03ms
[2025-12-20 14:12:00] [INFO] REQ: POST /predict - Status: 200 - Czas: 78.88ms
[2025-12-20 14:12:00] [INFO] REQ: POST /predict - Status: 200 - Czas: 80.27ms
[2025-12-20 14:12:00] [INFO] REQ: POST /predict - Status: 200 - Czas: 80.27ms
[2025-12-20 14:12:00] [INFO] REQ: POST /predict - Status: 200 - Czas: 28.78ms
[2025-12-20 14:12:00] [INFO] REQ: POST /predict - Status: 200 - Czas: 29.78ms
[2025-12-20 14:12:00] [INFO] REQ: POST /predict - Status: 200 - Czas: 17.44ms
[2025-12-20 14:12:00] [INFO] REQ: POST /predict - Status: 200 - Czas: 66.79ms
[2025-12-20 14:12:00] [INFO] REQ: POST /predict - Status: 200 - Czas: 66.82ms
[2025-12-20 14:12:00] [INFO] REQ: POST /predict - Status: 200 - Czas: 93.23ms
[2025-12-20 14:12:00] [INFO] REQ: POST /predict - Status: 200 - Czas: 93.23ms
[2025-12-20 14:12:00] [INFO] REQ: POST /predict - Status: 200 - Czas: 18.03ms
[2025-12-20 14:12:00] [INFO] REQ: POST /predict - Status: 200 - Czas: 18.06ms
[2025-12-20 14:12:00] [INFO] REQ: POST /predict - Status: 200 - Czas: 35.10ms
[2025-12-20 14:12:00] [INFO] REQ: POST /predict - Status: 200 - Czas: 80.25ms
[2025-12-20 14:12:00] [INFO] REQ: POST /predict - Status: 200 - Czas: 65.71ms
[2025-12-20 14:12:00] [INFO] REQ: POST /predict - Status: 200 - Czas: 66.20ms
[2025-12-20 14:12:00] [INFO] REQ: POST /predict - Status: 200 - Czas: 26.33ms
[2025-12-20 14:12:00] [INFO] REQ: POST /predict - Status: 200 - Czas: 22.66ms
[2025-12-20 14:12:00] [INFO] REQ: POST /predict - Status: 200 - Czas: 60.52ms
[2025-12-20 14:12:00] [INFO] REQ: POST /predict - Status: 200 - Czas: 84.05ms
[2025-12-20 14:12:00] [INFO] REQ: POST /predict - Status: 200 - Czas: 84.05ms
[2025-12-20 14:12:00] [INFO] REQ: POST /predict - Status: 200 - Czas: 83.08ms
[2025-12-20 14:12:00] [INFO] REQ: POST /predict - Status: 200 - Czas: 24.65ms
[2025-12-20 14:12:00] [INFO] REQ: POST /predict - Status: 200 - Czas: 26.61ms
[2025-12-20 14:12:00] [INFO] REQ: POST /predict - Status: 200 - Czas: 68.79ms
[2025-12-20 14:12:00] [INFO] REQ: POST /predict - Status: 200 - Czas: 88.48ms
[2025-12-20 14:12:00] [INFO] REQ: POST /predict - Status: 200 - Czas: 89.48ms
[2025-12-20 14:12:00] [INFO] REQ: POST /predict - Status: 200 - Czas: 82.94ms
[2025-12-20 14:12:00] [INFO] REQ: POST /predict - Status: 200 - Czas: 26.30ms
[2025-12-20 14:12:00] [INFO] REQ: POST /predict - Status: 200 - Czas: 107.83ms
[2025-12-20 14:12:00] [INFO] REQ: POST /predict - Status: 200 - Czas: 105.75ms
[2025-12-20 14:12:00] [INFO] REQ: POST /predict - Status: 200 - Czas: 105.21ms
[2025-12-20 14:12:00] [INFO] REQ: POST /predict - Status: 200 - Czas: 104.21ms
[2025-12-20 14:12:00] [INFO] REQ: POST /predict - Status: 200 - Czas: 29.21ms
[2025-12-20 14:12:00] [INFO] REQ: POST /predict - Status: 200 - Czas: 83.59ms
[2025-12-20 14:12:00] [INFO] REQ: POST /predict - Status: 200 - Czas: 82.59ms
[2025-12-20 14:12:00] [INFO] REQ: POST /predict - Status: 200 - Czas: 81.08ms
[2025-12-20 14:12:01] [INFO] REQ: POST /predict - Status: 200 - Czas: 79.49ms
[2025-12-20 14:12:01] [INFO] REQ: POST /predict - Status: 200 - Czas: 20.36ms
[2025-12-20 14:12:01] [INFO] REQ: POST /predict - Status: 200 - Czas: 25.68ms
[2025-12-20 14:12:01] [INFO] REQ: POST /predict - Status: 200 - Czas: 90.88ms
[2025-12-20 14:12:01] [INFO] REQ: POST /predict - Status: 200 - Czas: 91.89ms
[2025-12-20 14:12:01] [INFO] REQ: POST /predict - Status: 200 - Czas: 91.89ms
[2025-12-20 14:12:01] [INFO] REQ: POST /predict - Status: 200 - Czas: 84.25ms
[2025-12-20 14:12:01] [INFO] REQ: POST /predict - Status: 200 - Czas: 32.09ms
[2025-12-20 14:12:01] [INFO] REQ: POST /predict - Status: 200 - Czas: 51.67ms
[2025-12-20 14:12:01] [INFO] REQ: POST /predict - Status: 200 - Czas: 65.63ms
[2025-12-20 14:12:01] [INFO] REQ: POST /predict - Status: 200 - Czas: 103.36ms
[2025-12-20 14:12:01] [INFO] REQ: POST /predict - Status: 200 - Czas: 104.36ms
[2025-12-20 14:12:01] [INFO] REQ: POST /predict - Status: 200 - Czas: 29.21ms
[2025-12-20 14:12:01] [INFO] REQ: POST /predict - Status: 200 - Czas: 18.92ms
[2025-12-20 14:12:01] [INFO] REQ: POST /predict - Status: 200 - Czas: 36.37ms
[2025-12-20 14:12:01] [INFO] REQ: POST /predict - Status: 200 - Czas: 74.64ms
[2025-12-20 14:12:01] [INFO] REQ: POST /predict - Status: 200 - Czas: 74.64ms
[2025-12-20 14:12:01] [INFO] REQ: POST /predict - Status: 200 - Czas: 18.61ms
[2025-12-20 14:12:01] [INFO] REQ: POST /predict - Status: 200 - Czas: 51.59ms
[2025-12-20 14:12:01] [INFO] REQ: POST /predict - Status: 200 - Czas: 73.21ms
[2025-12-20 14:12:01] [INFO] REQ: POST /predict - Status: 200 - Czas: 72.21ms
[2025-12-20 14:12:01] [INFO] REQ: POST /predict - Status: 200 - Czas: 88.79ms
[2025-12-20 14:12:01] [INFO] REQ: POST /predict - Status: 200 - Czas: 57.44ms
[2025-12-20 14:12:01] [INFO] REQ: POST /predict - Status: 200 - Czas: 28.32ms
[2025-12-20 14:12:01] [INFO] REQ: POST /predict - Status: 200 - Czas: 31.27ms
[2025-12-20 14:12:01] [INFO] REQ: POST /predict - Status: 200 - Czas: 55.75ms
[2025-12-20 14:12:01] [INFO] REQ: POST /predict - Status: 200 - Czas: 86.93ms
[2025-12-20 14:12:01] [INFO] REQ: POST /predict - Status: 200 - Czas: 88.44ms
[2025-12-20 14:12:01] [INFO] REQ: POST /predict - Status: 200 - Czas: 73.29ms
[2025-12-20 14:12:01] [INFO] REQ: POST /predict - Status: 200 - Czas: 22.61ms
[2025-12-20 14:12:01] [INFO] REQ: POST /predict - Status: 200 - Czas: 38.26ms
[2025-12-20 14:12:01] [INFO] REQ: POST /predict - Status: 200 - Czas: 86.68ms
[2025-12-20 14:12:01] [INFO] REQ: POST /predict - Status: 200 - Czas: 74.14ms
[2025-12-20 14:12:01] [INFO] REQ: POST /predict - Status: 200 - Czas: 74.14ms
[2025-12-20 14:12:01] [INFO] REQ: POST /predict - Status: 200 - Czas: 22.11ms
[2025-12-20 14:12:01] [INFO] REQ: POST /predict - Status: 200 - Czas: 33.31ms
[2025-12-20 14:12:01] [INFO] REQ: POST /predict - Status: 200 - Czas: 33.31ms
[2025-12-20 14:12:01] [INFO] REQ: POST /predict - Status: 200 - Czas: 62.07ms
[2025-12-20 14:12:01] [INFO] REQ: POST /predict - Status: 200 - Czas: 60.31ms
[2025-12-20 14:12:01] [INFO] REQ: POST /predict - Status: 200 - Czas: 61.31ms
[2025-12-20 14:12:01] [INFO] REQ: POST /predict - Status: 200 - Czas: 32.70ms
[2025-12-20 14:12:01] [INFO] REQ: POST /predict - Status: 200 - Czas: 47.25ms
[2025-12-20 14:12:02] [INFO] REQ: POST /predict - Status: 200 - Czas: 68.70ms
[2025-12-20 14:12:02] [INFO] REQ: POST /predict - Status: 200 - Czas: 70.20ms
[2025-12-20 14:12:02] [INFO] REQ: POST /predict - Status: 200 - Czas: 70.20ms
[2025-12-20 14:12:02] [INFO] REQ: POST /predict - Status: 200 - Czas: 27.56ms
[2025-12-20 14:12:02] [INFO] REQ: POST /predict - Status: 200 - Czas: 22.61ms
[2025-12-20 14:12:02] [INFO] REQ: POST /predict - Status: 200 - Czas: 49.69ms
[2025-12-20 14:12:02] [INFO] REQ: POST /predict - Status: 200 - Czas: 50.69ms
[2025-12-20 14:12:02] [INFO] REQ: POST /predict - Status: 200 - Czas: 66.75ms
[2025-12-20 14:12:02] [INFO] REQ: POST /predict - Status: 200 - Czas: 61.03ms
[2025-12-20 14:12:02] [INFO] REQ: POST /predict - Status: 200 - Czas: 24.81ms
[2025-12-20 14:12:02] [INFO] REQ: POST /predict - Status: 200 - Czas: 85.56ms
[2025-12-20 14:12:02] [INFO] REQ: POST /predict - Status: 200 - Czas: 85.56ms
[2025-12-20 14:12:02] [INFO] REQ: POST /predict - Status: 200 - Czas: 85.31ms
[2025-12-20 14:12:02] [INFO] REQ: POST /predict - Status: 200 - Czas: 86.14ms
[2025-12-20 14:12:02] [INFO] REQ: POST /predict - Status: 200 - Czas: 26.12ms
[2025-12-20 14:12:02] [INFO] REQ: POST /predict - Status: 200 - Czas: 23.76ms
[2025-12-20 14:12:02] [INFO] REQ: POST /predict - Status: 200 - Czas: 67.81ms
[2025-12-20 14:12:02] [INFO] REQ: POST /predict - Status: 200 - Czas: 68.82ms
[2025-12-20 14:12:02] [INFO] REQ: POST /predict - Status: 200 - Czas: 87.20ms
[2025-12-20 14:12:02] [INFO] REQ: POST /predict - Status: 200 - Czas: 88.21ms
[2025-12-20 14:12:02] [INFO] REQ: POST /predict - Status: 200 - Czas: 24.18ms
[2025-12-20 14:12:02] [INFO] REQ: POST /predict - Status: 200 - Czas: 38.08ms
[2025-12-20 14:12:02] [INFO] REQ: POST /predict - Status: 200 - Czas: 66.44ms
[2025-12-20 14:12:02] [INFO] REQ: POST /predict - Status: 200 - Czas: 83.06ms
[2025-12-20 14:12:02] [INFO] REQ: POST /predict - Status: 200 - Czas: 83.06ms
[2025-12-20 14:12:02] [INFO] REQ: POST /predict - Status: 200 - Czas: 76.32ms
[2025-12-20 14:12:02] [INFO] REQ: POST /predict - Status: 200 - Czas: 16.87ms
[2025-12-20 14:12:02] [INFO] REQ: POST /predict - Status: 200 - Czas: 27.43ms
[2025-12-20 14:12:02] [INFO] REQ: POST /predict - Status: 200 - Czas: 75.58ms
[2025-12-20 14:12:02] [INFO] REQ: POST /predict - Status: 200 - Czas: 75.58ms
[2025-12-20 14:12:02] [INFO] REQ: POST /predict - Status: 200 - Czas: 76.58ms
[2025-12-20 14:12:02] [INFO] REQ: POST /predict - Status: 200 - Czas: 70.53ms
[2025-12-20 14:12:02] [INFO] REQ: POST /predict - Status: 200 - Czas: 23.94ms
[2025-12-20 14:12:02] [INFO] REQ: POST /predict - Status: 200 - Czas: 23.61ms
[2025-12-20 14:12:02] [INFO] REQ: POST /predict - Status: 200 - Czas: 81.62ms
[2025-12-20 14:12:02] [INFO] REQ: POST /predict - Status: 200 - Czas: 81.62ms
[2025-12-20 14:12:02] [INFO] REQ: POST /predict - Status: 200 - Czas: 82.62ms
[2025-12-20 14:12:02] [INFO] REQ: POST /predict - Status: 200 - Czas: 86.66ms
[2025-12-20 14:12:02] [INFO] REQ: POST /predict - Status: 200 - Czas: 17.10ms
[2025-12-20 14:12:02] [INFO] REQ: POST /predict - Status: 200 - Czas: 21.16ms
[2025-12-20 14:12:02] [INFO] REQ: POST /predict - Status: 200 - Czas: 70.67ms
[2025-12-20 14:12:02] [INFO] REQ: POST /predict - Status: 200 - Czas: 70.67ms
[2025-12-20 14:12:02] [INFO] REQ: POST /predict - Status: 200 - Czas: 69.12ms
[2025-12-20 14:12:02] [INFO] REQ: POST /predict - Status: 200 - Czas: 77.29ms
[2025-12-20 14:12:02] [INFO] REQ: POST /predict - Status: 200 - Czas: 22.26ms
[2025-12-20 14:12:02] [INFO] REQ: POST /predict - Status: 200 - Czas: 15.59ms
[2025-12-20 14:12:03] [INFO] REQ: POST /predict - Status: 200 - Czas: 85.08ms
[2025-12-20 14:12:03] [INFO] REQ: POST /predict - Status: 200 - Czas: 85.08ms
[2025-12-20 14:12:03] [INFO] REQ: POST /predict - Status: 200 - Czas: 86.08ms
[2025-12-20 14:12:03] [INFO] REQ: POST /predict - Status: 200 - Czas: 43.20ms
[2025-12-20 14:12:03] [INFO] REQ: POST /predict - Status: 200 - Czas: 80.02ms
[2025-12-20 14:12:03] [INFO] REQ: POST /predict - Status: 200 - Czas: 93.18ms
[2025-12-20 14:12:03] [INFO] REQ: POST /predict - Status: 200 - Czas: 93.18ms
[2025-12-20 14:12:03] [INFO] REQ: POST /predict - Status: 200 - Czas: 82.40ms
[2025-12-20 14:12:03] [INFO] REQ: POST /predict - Status: 200 - Czas: 64.84ms
[2025-12-20 14:12:03] [INFO] REQ: POST /predict - Status: 200 - Czas: 22.49ms
[2025-12-20 14:12:03] [INFO] REQ: POST /predict - Status: 200 - Czas: 56.48ms
[2025-12-20 14:12:03] [INFO] REQ: POST /predict - Status: 200 - Czas: 55.83ms
[2025-12-20 14:12:03] [INFO] REQ: POST /predict - Status: 200 - Czas: 74.54ms
[2025-12-20 14:12:03] [INFO] REQ: POST /predict - Status: 200 - Czas: 74.54ms
[2025-12-20 14:12:03] [INFO] REQ: POST /predict - Status: 200 - Czas: 46.71ms
[2025-12-20 14:12:03] [INFO] REQ: POST /predict - Status: 200 - Czas: 48.21ms
[2025-12-20 14:12:03] [INFO] REQ: POST /predict - Status: 200 - Czas: 63.38ms
[2025-12-20 14:12:03] [INFO] REQ: POST /predict - Status: 200 - Czas: 50.36ms
[2025-12-20 14:12:03] [INFO] REQ: POST /predict - Status: 200 - Czas: 51.37ms
[2025-12-20 14:12:03] [INFO] REQ: POST /predict - Status: 200 - Czas: 36.41ms
[2025-12-20 14:12:03] [INFO] REQ: POST /predict - Status: 200 - Czas: 36.42ms
[2025-12-20 14:12:03] [INFO] REQ: POST /predict - Status: 200 - Czas: 25.56ms
[2025-12-20 14:12:03] [INFO] REQ: POST /predict - Status: 200 - Czas: 69.57ms
[2025-12-20 14:12:03] [INFO] REQ: POST /predict - Status: 200 - Czas: 69.57ms
[2025-12-20 14:12:03] [INFO] REQ: POST /predict - Status: 200 - Czas: 70.42ms
[2025-12-20 14:12:03] [INFO] REQ: POST /predict - Status: 200 - Czas: 23.44ms
[2025-12-20 14:12:03] [INFO] REQ: POST /predict - Status: 200 - Czas: 43.10ms
[2025-12-20 14:12:03] [INFO] REQ: POST /predict - Status: 200 - Czas: 91.70ms
[2025-12-20 14:12:03] [INFO] REQ: POST /predict - Status: 200 - Czas: 72.38ms
[2025-12-20 14:12:03] [INFO] REQ: POST /predict - Status: 200 - Czas: 73.38ms
[2025-12-20 14:12:03] [INFO] REQ: POST /predict - Status: 200 - Czas: 19.15ms
[2025-12-20 14:12:03] [INFO] REQ: POST /predict - Status: 200 - Czas: 26.41ms
[2025-12-20 14:12:03] [INFO] REQ: POST /predict - Status: 200 - Czas: 70.38ms
[2025-12-20 14:12:03] [INFO] REQ: POST /predict - Status: 200 - Czas: 71.12ms
[2025-12-20 14:12:03] [INFO] REQ: POST /predict - Status: 200 - Czas: 71.65ms
[2025-12-20 14:12:03] [INFO] REQ: POST /predict - Status: 200 - Czas: 67.44ms
[2025-12-20 14:12:03] [INFO] REQ: POST /predict - Status: 200 - Czas: 29.62ms
[2025-12-20 14:12:03] [INFO] REQ: POST /predict - Status: 200 - Czas: 47.28ms
[2025-12-20 14:12:03] [INFO] REQ: POST /predict - Status: 200 - Czas: 70.29ms
[2025-12-20 14:12:03] [INFO] REQ: POST /predict - Status: 200 - Czas: 89.05ms
[2025-12-20 14:12:03] [INFO] REQ: POST /predict - Status: 200 - Czas: 80.55ms
[2025-12-20 14:12:03] [INFO] REQ: POST /predict - Status: 200 - Czas: 31.29ms
[2025-12-20 14:12:03] [INFO] REQ: POST /predict - Status: 200 - Czas: 46.87ms
[2025-12-20 14:12:03] [INFO] REQ: POST /predict - Status: 200 - Czas: 46.87ms
[2025-12-20 14:12:03] [INFO] REQ: POST /predict - Status: 200 - Czas: 77.40ms
[2025-12-20 14:12:03] [INFO] REQ: POST /predict - Status: 200 - Czas: 75.89ms
[2025-12-20 14:12:03] [INFO] REQ: POST /predict - Status: 200 - Czas: 20.28ms
[2025-12-20 14:12:04] [INFO] REQ: POST /predict - Status: 200 - Czas: 29.33ms
[2025-12-20 14:12:04] [INFO] REQ: POST /predict - Status: 200 - Czas: 72.76ms
[2025-12-20 14:12:04] [INFO] REQ: POST /predict - Status: 200 - Czas: 71.25ms
[2025-12-20 14:12:04] [INFO] REQ: POST /predict - Status: 200 - Czas: 89.07ms
[2025-12-20 14:12:04] [INFO] REQ: POST /predict - Status: 200 - Czas: 89.17ms
[2025-12-20 14:12:04] [INFO] REQ: POST /predict - Status: 200 - Czas: 21.78ms
[2025-12-20 14:12:04] [INFO] REQ: POST /predict - Status: 200 - Czas: 22.74ms
[2025-12-20 14:12:04] [INFO] REQ: POST /predict - Status: 200 - Czas: 81.50ms
[2025-12-20 14:12:04] [INFO] REQ: POST /predict - Status: 200 - Czas: 82.09ms
[2025-12-20 14:12:04] [INFO] REQ: POST /predict - Status: 200 - Czas: 83.09ms
[2025-12-20 14:12:04] [INFO] REQ: POST /predict - Status: 200 - Czas: 81.48ms
[2025-12-20 14:12:04] [INFO] REQ: POST /predict - Status: 200 - Czas: 19.25ms
[2025-12-20 14:12:04] [INFO] REQ: POST /predict - Status: 200 - Czas: 50.61ms
[2025-12-20 14:12:04] [INFO] REQ: POST /predict - Status: 200 - Czas: 92.14ms
[2025-12-20 14:12:04] [INFO] REQ: POST /predict - Status: 200 - Czas: 92.14ms
[2025-12-20 14:12:04] [INFO] REQ: POST /predict - Status: 200 - Czas: 91.19ms
[2025-12-20 14:12:04] [INFO] REQ: POST /predict - Status: 200 - Czas: 60.14ms
[2025-12-20 14:12:04] [INFO] REQ: POST /predict - Status: 200 - Czas: 34.52ms
[2025-12-20 14:12:04] [INFO] REQ: POST /predict - Status: 200 - Czas: 97.29ms
[2025-12-20 14:12:04] [INFO] REQ: POST /predict - Status: 200 - Czas: 99.80ms
[2025-12-20 14:12:04] [INFO] REQ: POST /predict - Status: 200 - Czas: 99.80ms
[2025-12-20 14:12:04] [INFO] REQ: POST /predict - Status: 200 - Czas: 98.80ms
[2025-12-20 14:12:04] [INFO] REQ: POST /predict - Status: 200 - Czas: 21.81ms
[2025-12-20 14:12:04] [INFO] REQ: POST /predict - Status: 200 - Czas: 30.48ms
[2025-12-20 14:12:04] [INFO] REQ: POST /predict - Status: 200 - Czas: 98.21ms
[2025-12-20 14:12:04] [INFO] REQ: POST /predict - Status: 200 - Czas: 99.21ms
[2025-12-20 14:12:04] [INFO] REQ: POST /predict - Status: 200 - Czas: 99.21ms
[2025-12-20 14:12:04] [INFO] REQ: POST /predict - Status: 200 - Czas: 82.49ms
[2025-12-20 14:12:04] [INFO] REQ: POST /predict - Status: 200 - Czas: 25.84ms
[2025-12-20 14:12:04] [INFO] REQ: POST /predict - Status: 200 - Czas: 41.54ms
[2025-12-20 14:12:04] [INFO] REQ: POST /predict - Status: 200 - Czas: 83.71ms
[2025-12-20 14:12:04] [INFO] REQ: POST /predict - Status: 200 - Czas: 83.71ms
[2025-12-20 14:12:04] [INFO] REQ: POST /predict - Status: 200 - Czas: 83.71ms
[2025-12-20 14:12:04] [INFO] REQ: POST /predict - Status: 200 - Czas: 22.22ms
[2025-12-20 14:12:04] [INFO] REQ: POST /predict - Status: 200 - Czas: 61.17ms
[2025-12-20 14:12:04] [INFO] REQ: POST /predict - Status: 200 - Czas: 84.74ms
[2025-12-20 14:12:04] [INFO] REQ: POST /predict - Status: 200 - Czas: 85.74ms
[2025-12-20 14:12:04] [INFO] REQ: POST /predict - Status: 200 - Czas: 74.00ms
[2025-12-20 14:12:04] [INFO] REQ: POST /predict - Status: 200 - Czas: 70.32ms
[2025-12-20 14:12:04] [INFO] REQ: POST /predict - Status: 200 - Czas: 35.79ms
[2025-12-20 14:12:04] [INFO] REQ: POST /predict - Status: 200 - Czas: 49.68ms
[2025-12-20 14:12:04] [INFO] REQ: POST /predict - Status: 200 - Czas: 48.68ms
[2025-12-20 14:12:04] [INFO] REQ: POST /predict - Status: 200 - Czas: 76.83ms
[2025-12-20 14:12:04] [INFO] REQ: POST /predict - Status: 200 - Czas: 94.29ms
[2025-12-20 14:12:05] [INFO] REQ: POST /predict - Status: 200 - Czas: 24.25ms
[2025-12-20 14:12:05] [INFO] REQ: POST /predict - Status: 200 - Czas: 75.19ms
[2025-12-20 14:12:05] [INFO] REQ: POST /predict - Status: 200 - Czas: 76.19ms
[2025-12-20 14:12:05] [INFO] REQ: POST /predict - Status: 200 - Czas: 75.20ms
[2025-12-20 14:12:05] [INFO] REQ: POST /predict - Status: 200 - Czas: 75.20ms
[2025-12-20 14:12:05] [INFO] REQ: POST /predict - Status: 200 - Czas: 50.07ms
[2025-12-20 14:12:05] [INFO] REQ: POST /predict - Status: 200 - Czas: 50.68ms
[2025-12-20 14:12:05] [INFO] REQ: POST /predict - Status: 200 - Czas: 104.49ms
[2025-12-20 14:12:05] [INFO] REQ: POST /predict - Status: 200 - Czas: 103.49ms
[2025-12-20 14:12:05] [INFO] REQ: POST /predict - Status: 200 - Czas: 102.92ms
[2025-12-20 14:12:05] [INFO] REQ: POST /predict - Status: 200 - Czas: 20.32ms
[2025-12-20 14:12:05] [INFO] REQ: POST /predict - Status: 200 - Czas: 26.12ms
[2025-12-20 14:12:05] [INFO] REQ: POST /predict - Status: 200 - Czas: 103.22ms
[2025-12-20 14:12:05] [INFO] REQ: POST /predict - Status: 200 - Czas: 103.22ms
[2025-12-20 14:12:05] [INFO] REQ: POST /predict - Status: 200 - Czas: 102.22ms
[2025-12-20 14:12:05] [INFO] REQ: POST /predict - Status: 200 - Czas: 92.67ms
[2025-12-20 14:12:05] [INFO] REQ: POST /predict - Status: 200 - Czas: 25.41ms
[2025-12-20 14:12:05] [INFO] REQ: POST /predict - Status: 200 - Czas: 56.66ms
[2025-12-20 14:12:05] [INFO] REQ: POST /predict - Status: 200 - Czas: 54.14ms
[2025-12-20 14:12:05] [INFO] REQ: POST /predict - Status: 200 - Czas: 65.62ms
[2025-12-20 14:12:05] [INFO] REQ: POST /predict - Status: 200 - Czas: 67.13ms
[2025-12-20 14:12:05] [INFO] REQ: POST /predict - Status: 200 - Czas: 22.40ms
[2025-12-20 14:12:05] [INFO] REQ: POST /predict - Status: 200 - Czas: 30.45ms
[2025-12-20 14:12:05] [INFO] REQ: POST /predict - Status: 200 - Czas: 88.84ms
[2025-12-20 14:12:05] [INFO] REQ: POST /predict - Status: 200 - Czas: 90.35ms
[2025-12-20 14:12:05] [INFO] REQ: POST /predict - Status: 200 - Czas: 91.35ms
[2025-12-20 14:12:05] [INFO] REQ: POST /predict - Status: 200 - Czas: 84.75ms
[2025-12-20 14:12:05] [INFO] REQ: POST /predict - Status: 200 - Czas: 24.26ms
[2025-12-20 14:12:05] [INFO] REQ: POST /predict - Status: 200 - Czas: 27.67ms
[2025-12-20 14:12:05] [INFO] REQ: POST /predict - Status: 200 - Czas: 91.90ms
[2025-12-20 14:12:05] [INFO] REQ: POST /predict - Status: 200 - Czas: 92.90ms
[2025-12-20 14:12:05] [INFO] REQ: POST /predict - Status: 200 - Czas: 92.90ms
[2025-12-20 14:12:05] [INFO] REQ: POST /predict - Status: 200 - Czas: 79.90ms
[2025-12-20 14:12:05] [INFO] REQ: POST /predict - Status: 200 - Czas: 19.67ms
[2025-12-20 14:12:05] [INFO] REQ: POST /predict - Status: 200 - Czas: 50.42ms
[2025-12-20 14:12:05] [INFO] REQ: POST /predict - Status: 200 - Czas: 49.41ms
[2025-12-20 14:12:05] [INFO] REQ: POST /predict - Status: 200 - Czas: 55.29ms
[2025-12-20 14:12:05] [INFO] REQ: POST /predict - Status: 200 - Czas: 36.89ms
[2025-12-20 14:12:05] [INFO] REQ: POST /predict - Status: 200 - Czas: 38.46ms
[2025-12-20 14:12:05] [INFO] REQ: POST /predict - Status: 200 - Czas: 61.77ms
[2025-12-20 14:12:05] [INFO] REQ: POST /predict - Status: 200 - Czas: 61.77ms
[2025-12-20 14:12:05] [INFO] REQ: POST /predict - Status: 200 - Czas: 56.82ms
[2025-12-20 14:12:05] [INFO] REQ: POST /predict - Status: 200 - Czas: 37.26ms
[2025-12-20 14:12:05] [INFO] REQ: POST /predict - Status: 200 - Czas: 43.49ms
[2025-12-20 14:12:05] [INFO] REQ: POST /predict - Status: 200 - Czas: 40.90ms
[2025-12-20 14:12:05] [INFO] REQ: POST /predict - Status: 200 - Czas: 62.25ms
[2025-12-20 14:12:05] [INFO] REQ: POST /predict - Status: 200 - Czas: 62.25ms
[2025-12-20 14:12:05] [INFO] REQ: POST /predict - Status: 200 - Czas: 18.70ms
[2025-12-20 14:12:06] [INFO] REQ: POST /predict - Status: 200 - Czas: 38.49ms
[2025-12-20 14:12:06] [INFO] REQ: POST /predict - Status: 200 - Czas: 77.69ms
[2025-12-20 14:12:06] [INFO] REQ: POST /predict - Status: 200 - Czas: 78.69ms
[2025-12-20 14:12:06] [INFO] REQ: POST /predict - Status: 200 - Czas: 78.69ms
[2025-12-20 14:12:06] [INFO] REQ: POST /predict - Status: 200 - Czas: 14.59ms
[2025-12-20 14:12:06] [INFO] REQ: POST /predict - Status: 200 - Czas: 37.83ms
[2025-12-20 14:12:06] [INFO] REQ: POST /predict - Status: 200 - Czas: 63.40ms
[2025-12-20 14:12:06] [INFO] REQ: POST /predict - Status: 200 - Czas: 80.76ms
[2025-12-20 14:12:06] [INFO] REQ: POST /predict - Status: 200 - Czas: 80.75ms
[2025-12-20 14:12:06] [INFO] REQ: POST /predict - Status: 200 - Czas: 70.03ms
[2025-12-20 14:12:06] [INFO] REQ: POST /predict - Status: 200 - Czas: 28.53ms
[2025-12-20 14:12:06] [INFO] REQ: POST /predict - Status: 200 - Czas: 44.18ms
[2025-12-20 14:12:06] [INFO] REQ: POST /predict - Status: 200 - Czas: 43.11ms
[2025-12-20 14:12:06] [INFO] REQ: POST /predict - Status: 200 - Czas: 77.82ms
[2025-12-20 14:12:06] [INFO] REQ: POST /predict - Status: 200 - Czas: 77.82ms
[2025-12-20 14:12:06] [INFO] REQ: POST /predict - Status: 200 - Czas: 23.67ms
[2025-12-20 14:12:06] [INFO] REQ: POST /predict - Status: 200 - Czas: 57.94ms
[2025-12-20 14:12:06] [INFO] REQ: POST /predict - Status: 200 - Czas: 69.97ms
[2025-12-20 14:12:06] [INFO] REQ: POST /predict - Status: 200 - Czas: 71.97ms
[2025-12-20 14:12:06] [INFO] REQ: POST /predict - Status: 200 - Czas: 71.97ms
[2025-12-20 14:12:06] [INFO] REQ: POST /predict - Status: 200 - Czas: 43.64ms
[2025-12-20 14:12:06] [INFO] REQ: POST /predict - Status: 200 - Czas: 24.02ms
[2025-12-20 14:12:06] [INFO] REQ: POST /predict - Status: 200 - Czas: 60.17ms
[2025-12-20 14:12:06] [INFO] REQ: POST /predict - Status: 200 - Czas: 60.17ms
[2025-12-20 14:12:06] [INFO] REQ: POST /predict - Status: 200 - Czas: 71.47ms
[2025-12-20 14:12:06] [INFO] REQ: POST /predict - Status: 200 - Czas: 71.47ms
[2025-12-20 14:12:06] [INFO] REQ: POST /predict - Status: 200 - Czas: 20.64ms
[2025-12-20 14:12:06] [INFO] REQ: POST /predict - Status: 200 - Czas: 95.33ms
[2025-12-20 14:12:06] [INFO] REQ: POST /predict - Status: 200 - Czas: 93.82ms
[2025-12-20 14:12:06] [INFO] REQ: POST /predict - Status: 200 - Czas: 93.82ms
[2025-12-20 14:12:06] [INFO] REQ: POST /predict - Status: 200 - Czas: 91.79ms
[2025-12-20 14:12:06] [INFO] REQ: POST /predict - Status: 200 - Czas: 29.18ms
[2025-12-20 14:12:06] [INFO] REQ: POST /predict - Status: 200 - Czas: 42.83ms
[2025-12-20 14:12:06] [INFO] REQ: POST /predict - Status: 200 - Czas: 73.63ms
[2025-12-20 14:12:06] [INFO] REQ: POST /predict - Status: 200 - Czas: 73.12ms
[2025-12-20 14:12:06] [INFO] REQ: POST /predict - Status: 200 - Czas: 73.12ms
[2025-12-20 14:12:06] [INFO] REQ: POST /predict - Status: 200 - Czas: 19.86ms
[2025-12-20 14:12:06] [INFO] REQ: POST /predict - Status: 200 - Czas: 31.23ms
[2025-12-20 14:12:06] [INFO] REQ: POST /predict - Status: 200 - Czas: 71.86ms
[2025-12-20 14:12:06] [INFO] REQ: POST /predict - Status: 200 - Czas: 71.86ms
[2025-12-20 14:12:06] [INFO] REQ: POST /predict - Status: 200 - Czas: 72.87ms
[2025-12-20 14:12:06] [INFO] REQ: POST /predict - Status: 200 - Czas: 59.69ms
[2025-12-20 14:12:06] [INFO] REQ: POST /predict - Status: 200 - Czas: 23.04ms
[2025-12-20 14:12:06] [INFO] REQ: POST /predict - Status: 200 - Czas: 22.56ms
[2025-12-20 14:12:06] [INFO] REQ: POST /predict - Status: 200 - Czas: 64.18ms
[2025-12-20 14:12:06] [INFO] REQ: POST /predict - Status: 200 - Czas: 65.18ms
[2025-12-20 14:12:06] [INFO] REQ: POST /predict - Status: 200 - Czas: 66.85ms
[2025-12-20 14:12:06] [INFO] REQ: POST /predict - Status: 200 - Czas: 66.85ms
[2025-12-20 14:12:07] [INFO] REQ: POST /predict - Status: 200 - Czas: 29.34ms
[2025-12-20 14:12:07] [INFO] REQ: POST /predict - Status: 200 - Czas: 27.60ms
[2025-12-20 14:12:07] [INFO] REQ: POST /predict - Status: 200 - Czas: 83.26ms
[2025-12-20 14:12:07] [INFO] REQ: POST /predict - Status: 200 - Czas: 83.26ms
[2025-12-20 14:12:07] [INFO] REQ: POST /predict - Status: 200 - Czas: 84.48ms
[2025-12-20 14:12:07] [INFO] REQ: POST /predict - Status: 200 - Czas: 75.93ms
[2025-12-20 14:12:07] [INFO] REQ: POST /predict - Status: 200 - Czas: 17.55ms
[2025-12-20 14:12:07] [INFO] REQ: POST /predict - Status: 200 - Czas: 46.40ms
[2025-12-20 14:12:07] [INFO] REQ: POST /predict - Status: 200 - Czas: 46.40ms
[2025-12-20 14:12:07] [INFO] REQ: POST /predict - Status: 200 - Czas: 61.12ms
[2025-12-20 14:12:07] [INFO] REQ: POST /predict - Status: 200 - Czas: 39.76ms
[2025-12-20 14:12:07] [INFO] REQ: POST /predict - Status: 200 - Czas: 18.72ms
[2025-12-20 14:12:07] [INFO] REQ: POST /predict - Status: 200 - Czas: 56.30ms
[2025-12-20 14:12:07] [INFO] REQ: POST /predict - Status: 200 - Czas: 57.31ms
[2025-12-20 14:12:07] [INFO] REQ: POST /predict - Status: 200 - Czas: 71.18ms
[2025-12-20 14:12:07] [INFO] REQ: POST /predict - Status: 200 - Czas: 71.18ms
[2025-12-20 14:12:07] [INFO] REQ: POST /predict - Status: 200 - Czas: 21.30ms
[2025-12-20 14:12:07] [INFO] REQ: POST /predict - Status: 200 - Czas: 39.74ms
[2025-12-20 14:12:07] [INFO] REQ: POST /predict - Status: 200 - Czas: 58.70ms
[2025-12-20 14:12:07] [INFO] REQ: POST /predict - Status: 200 - Czas: 72.26ms
[2025-12-20 14:12:07] [INFO] REQ: POST /predict - Status: 200 - Czas: 71.26ms
[2025-12-20 14:12:07] [INFO] REQ: POST /predict - Status: 200 - Czas: 56.61ms
[2025-12-20 14:12:07] [INFO] REQ: POST /predict - Status: 200 - Czas: 17.04ms
[2025-12-20 14:12:07] [INFO] REQ: POST /predict - Status: 200 - Czas: 36.60ms
[2025-12-20 14:12:07] [INFO] REQ: POST /predict - Status: 200 - Czas: 72.47ms
[2025-12-20 14:12:07] [INFO] REQ: POST /predict - Status: 200 - Czas: 92.00ms
[2025-12-20 14:12:07] [INFO] REQ: POST /predict - Status: 200 - Czas: 93.01ms
[2025-12-20 14:12:07] [INFO] REQ: POST /predict - Status: 200 - Czas: 73.47ms
[2025-12-20 14:12:07] [INFO] REQ: POST /predict - Status: 200 - Czas: 19.05ms
[2025-12-20 14:12:07] [INFO] REQ: POST /predict - Status: 200 - Czas: 40.68ms
[2025-12-20 14:12:07] [INFO] REQ: POST /predict - Status: 200 - Czas: 73.30ms
[2025-12-20 14:12:07] [INFO] REQ: POST /predict - Status: 200 - Czas: 75.31ms
[2025-12-20 14:12:07] [INFO] REQ: POST /predict - Status: 200 - Czas: 75.31ms
[2025-12-20 14:12:07] [INFO] REQ: POST /predict - Status: 200 - Czas: 21.08ms
[2025-12-20 14:12:07] [INFO] REQ: POST /predict - Status: 200 - Czas: 30.44ms
[2025-12-20 14:12:07] [INFO] REQ: POST /predict - Status: 200 - Czas: 31.44ms
[2025-12-20 14:12:07] [INFO] REQ: POST /predict - Status: 200 - Czas: 61.69ms
[2025-12-20 14:12:07] [INFO] REQ: POST /predict - Status: 200 - Czas: 61.69ms
[2025-12-20 14:12:07] [INFO] REQ: POST /predict - Status: 200 - Czas: 53.23ms
[2025-12-20 14:12:07] [INFO] REQ: POST /predict - Status: 200 - Czas: 23.08ms
[2025-12-20 14:12:07] [INFO] REQ: POST /predict - Status: 200 - Czas: 55.14ms
[2025-12-20 14:12:07] [INFO] REQ: POST /predict - Status: 200 - Czas: 56.14ms
[2025-12-20 14:12:07] [INFO] REQ: POST /predict - Status: 200 - Czas: 71.15ms
[2025-12-20 14:12:07] [INFO] REQ: POST /predict - Status: 200 - Czas: 70.67ms
[2025-12-20 14:12:07] [INFO] REQ: POST /predict - Status: 200 - Czas: 24.58ms
[2025-12-20 14:12:07] [INFO] REQ: POST /predict - Status: 200 - Czas: 38.12ms
[2025-12-20 14:12:07] [INFO] REQ: POST /predict - Status: 200 - Czas: 42.52ms
[2025-12-20 14:12:07] [INFO] REQ: POST /predict - Status: 200 - Czas: 64.91ms
[2025-12-20 14:12:07] [INFO] REQ: POST /predict - Status: 200 - Czas: 65.92ms
[2025-12-20 14:12:07] [INFO] REQ: POST /predict - Status: 200 - Czas: 33.39ms
[2025-12-20 14:12:07] [INFO] REQ: POST /predict - Status: 200 - Czas: 48.72ms
[2025-12-20 14:12:08] [INFO] REQ: POST /predict - Status: 200 - Czas: 38.90ms
[2025-12-20 14:12:08] [INFO] REQ: POST /predict - Status: 200 - Czas: 55.94ms
[2025-12-20 14:12:08] [INFO] REQ: POST /predict - Status: 200 - Czas: 55.65ms
[2025-12-20 14:12:08] [INFO] REQ: POST /predict - Status: 200 - Czas: 55.65ms
[2025-12-20 14:12:08] [INFO] REQ: POST /predict - Status: 200 - Czas: 58.16ms
[2025-12-20 14:12:08] [INFO] REQ: POST /predict - Status: 200 - Czas: 58.67ms
[2025-12-20 14:12:08] [INFO] REQ: POST /predict - Status: 200 - Czas: 73.22ms
[2025-12-20 14:12:08] [INFO] REQ: POST /predict - Status: 200 - Czas: 71.20ms
[2025-12-20 14:12:08] [INFO] REQ: POST /predict - Status: 200 - Czas: 83.16ms
[2025-12-20 14:12:08] [INFO] REQ: POST /predict - Status: 200 - Czas: 22.06ms
[2025-12-20 14:12:08] [INFO] REQ: POST /predict - Status: 200 - Czas: 80.34ms
[2025-12-20 14:12:08] [INFO] REQ: POST /predict - Status: 200 - Czas: 78.77ms
[2025-12-20 14:12:08] [INFO] REQ: POST /predict - Status: 200 - Czas: 76.77ms
[2025-12-20 14:12:08] [INFO] REQ: POST /predict - Status: 200 - Czas: 77.77ms
[2025-12-20 14:12:08] [INFO] REQ: POST /predict - Status: 200 - Czas: 21.66ms
[2025-12-20 14:12:08] [INFO] REQ: POST /predict - Status: 200 - Czas: 40.78ms
[2025-12-20 14:12:08] [INFO] REQ: POST /predict - Status: 200 - Czas: 100.75ms
[2025-12-20 14:12:08] [INFO] REQ: POST /predict - Status: 200 - Czas: 83.10ms
[2025-12-20 14:12:08] [INFO] REQ: POST /predict - Status: 200 - Czas: 84.10ms
[2025-12-20 14:12:08] [INFO] REQ: POST /predict - Status: 200 - Czas: 18.54ms
[2025-12-20 14:12:08] [INFO] REQ: POST /predict - Status: 200 - Czas: 28.17ms
[2025-12-20 14:12:08] [INFO] REQ: POST /predict - Status: 200 - Czas: 80.58ms
[2025-12-20 14:12:08] [INFO] REQ: POST /predict - Status: 200 - Czas: 81.59ms
[2025-12-20 14:12:08] [INFO] REQ: POST /predict - Status: 200 - Czas: 78.98ms
[2025-12-20 14:12:08] [INFO] REQ: POST /predict - Status: 200 - Czas: 71.03ms
[2025-12-20 14:12:08] [INFO] REQ: POST /predict - Status: 200 - Czas: 26.26ms
[2025-12-20 14:12:08] [INFO] REQ: POST /predict - Status: 200 - Czas: 29.90ms
[2025-12-20 14:12:08] [INFO] REQ: POST /predict - Status: 200 - Czas: 55.34ms
[2025-12-20 14:12:08] [INFO] REQ: POST /predict - Status: 200 - Czas: 73.07ms
[2025-12-20 14:12:08] [INFO] REQ: POST /predict - Status: 200 - Czas: 74.07ms
[2025-12-20 14:12:08] [INFO] REQ: POST /predict - Status: 200 - Czas: 63.31ms
[2025-12-20 14:12:08] [INFO] REQ: POST /predict - Status: 200 - Czas: 25.90ms
[2025-12-20 14:12:08] [INFO] REQ: POST /predict - Status: 200 - Czas: 21.85ms
[2025-12-20 14:12:08] [INFO] REQ: POST /predict - Status: 200 - Czas: 66.24ms
[2025-12-20 14:12:08] [INFO] REQ: POST /predict - Status: 200 - Czas: 66.24ms
[2025-12-20 14:12:08] [INFO] REQ: POST /predict - Status: 200 - Czas: 66.24ms
[2025-12-20 14:12:08] [INFO] REQ: POST /predict - Status: 200 - Czas: 62.20ms
[2025-12-20 14:12:08] [INFO] REQ: POST /predict - Status: 200 - Czas: 23.77ms
[2025-12-20 14:12:08] [INFO] REQ: POST /predict - Status: 200 - Czas: 22.11ms
[2025-12-20 14:12:08] [INFO] REQ: POST /predict - Status: 200 - Czas: 68.73ms
[2025-12-20 14:12:08] [INFO] REQ: POST /predict - Status: 200 - Czas: 68.73ms
[2025-12-20 14:12:08] [INFO] REQ: POST /predict - Status: 200 - Czas: 69.72ms
[2025-12-20 14:12:08] [INFO] REQ: POST /predict - Status: 200 - Czas: 69.29ms
[2025-12-20 14:12:08] [INFO] REQ: POST /predict - Status: 200 - Czas: 16.39ms
[2025-12-20 14:12:08] [INFO] REQ: POST /predict - Status: 200 - Czas: 20.62ms
[2025-12-20 14:12:08] [INFO] REQ: POST /predict - Status: 200 - Czas: 92.85ms
[2025-12-20 14:12:08] [INFO] REQ: POST /predict - Status: 200 - Czas: 92.85ms
[2025-12-20 14:12:08] [INFO] REQ: POST /predict - Status: 200 - Czas: 92.85ms
[2025-12-20 14:12:08] [INFO] REQ: POST /predict - Status: 200 - Czas: 91.35ms
[2025-12-20 14:12:09] [INFO] REQ: POST /predict - Status: 200 - Czas: 30.09ms
[2025-12-20 14:12:09] [INFO] REQ: POST /predict - Status: 200 - Czas: 82.74ms
[2025-12-20 14:12:09] [INFO] REQ: POST /predict - Status: 200 - Czas: 82.24ms
[2025-12-20 14:12:09] [INFO] REQ: POST /predict - Status: 200 - Czas: 82.24ms
[2025-12-20 14:12:09] [INFO] REQ: POST /predict - Status: 200 - Czas: 81.24ms
[2025-12-20 14:12:09] [INFO] REQ: POST /predict - Status: 200 - Czas: 25.78ms
[2025-12-20 14:12:09] [INFO] REQ: POST /predict - Status: 200 - Czas: 72.15ms
[2025-12-20 14:12:09] [INFO] REQ: POST /predict - Status: 200 - Czas: 71.07ms
[2025-12-20 14:12:09] [INFO] REQ: POST /predict - Status: 200 - Czas: 70.57ms
[2025-12-20 14:12:09] [INFO] REQ: POST /predict - Status: 200 - Czas: 73.37ms
[2025-12-20 14:12:09] [INFO] REQ: POST /predict - Status: 200 - Czas: 24.77ms
[2025-12-20 14:12:09] [INFO] REQ: POST /predict - Status: 200 - Czas: 14.78ms
[2025-12-20 14:12:09] [INFO] REQ: POST /predict - Status: 200 - Czas: 67.42ms
[2025-12-20 14:12:09] [INFO] REQ: POST /predict - Status: 200 - Czas: 68.42ms
[2025-12-20 14:12:09] [INFO] REQ: POST /predict - Status: 200 - Czas: 68.42ms
[2025-12-20 14:12:09] [INFO] REQ: POST /predict - Status: 200 - Czas: 18.03ms
[2025-12-20 14:12:09] [INFO] REQ: POST /predict - Status: 200 - Czas: 34.25ms
[2025-12-20 14:12:09] [INFO] REQ: POST /predict - Status: 200 - Czas: 103.45ms
[2025-12-20 14:12:09] [INFO] REQ: POST /predict - Status: 200 - Czas: 103.45ms
[2025-12-20 14:12:09] [INFO] REQ: POST /predict - Status: 200 - Czas: 101.44ms
[2025-12-20 14:12:09] [INFO] REQ: POST /predict - Status: 200 - Czas: 90.45ms
[2025-12-20 14:12:09] [INFO] REQ: POST /predict - Status: 200 - Czas: 22.82ms
[2025-12-20 14:12:09] [INFO] REQ: POST /predict - Status: 200 - Czas: 52.76ms
[2025-12-20 14:12:09] [INFO] REQ: POST /predict - Status: 200 - Czas: 54.26ms
[2025-12-20 14:12:09] [INFO] REQ: POST /predict - Status: 200 - Czas: 90.37ms
[2025-12-20 14:12:09] [INFO] REQ: POST /predict - Status: 200 - Czas: 91.88ms
[2025-12-20 14:12:09] [INFO] REQ: POST /predict - Status: 200 - Czas: 56.72ms
[2025-12-20 14:12:09] [INFO] REQ: POST /predict - Status: 200 - Czas: 30.90ms
[2025-12-20 14:12:09] [INFO] REQ: POST /predict - Status: 200 - Czas: 85.74ms
[2025-12-20 14:12:09] [INFO] REQ: POST /predict - Status: 200 - Czas: 85.74ms
[2025-12-20 14:12:09] [INFO] REQ: POST /predict - Status: 200 - Czas: 84.74ms
[2025-12-20 14:12:09] [INFO] REQ: POST /predict - Status: 200 - Czas: 71.98ms
[2025-12-20 14:12:09] [INFO] REQ: POST /predict - Status: 200 - Czas: 25.22ms
[2025-12-20 14:12:09] [INFO] REQ: POST /predict - Status: 200 - Czas: 22.47ms
[2025-12-20 14:12:09] [INFO] REQ: POST /predict - Status: 200 - Czas: 90.23ms
[2025-12-20 14:12:09] [INFO] REQ: POST /predict - Status: 200 - Czas: 90.23ms
[2025-12-20 14:12:09] [INFO] REQ: POST /predict - Status: 200 - Czas: 91.74ms
[2025-12-20 14:12:09] [INFO] REQ: POST /predict - Status: 200 - Czas: 84.91ms
[2025-12-20 14:12:09] [INFO] REQ: POST /predict - Status: 200 - Czas: 19.11ms
[2025-12-20 14:12:09] [INFO] REQ: POST /predict - Status: 200 - Czas: 29.21ms
[2025-12-20 14:12:09] [INFO] REQ: POST /predict - Status: 200 - Czas: 52.96ms
[2025-12-20 14:12:09] [INFO] REQ: POST /predict - Status: 200 - Czas: 96.32ms
[2025-12-20 14:12:09] [INFO] REQ: POST /predict - Status: 200 - Czas: 96.03ms
[2025-12-20 14:12:09] [INFO] REQ: POST /predict - Status: 200 - Czas: 83.91ms
[2025-12-20 14:12:09] [INFO] REQ: POST /predict - Status: 200 - Czas: 31.72ms
[2025-12-20 14:12:09] [INFO] REQ: POST /predict - Status: 200 - Czas: 29.33ms
[2025-12-20 14:12:10] [INFO] REQ: POST /predict - Status: 200 - Czas: 82.49ms
[2025-12-20 14:12:10] [INFO] REQ: POST /predict - Status: 200 - Czas: 83.56ms
[2025-12-20 14:12:10] [INFO] REQ: POST /predict - Status: 200 - Czas: 83.56ms
[2025-12-20 14:12:10] [INFO] REQ: POST /predict - Status: 200 - Czas: 70.77ms
[2025-12-20 14:12:10] [INFO] REQ: POST /predict - Status: 200 - Czas: 15.24ms
[2025-12-20 14:12:10] [INFO] REQ: POST /predict - Status: 200 - Czas: 34.65ms
[2025-12-20 14:12:10] [INFO] REQ: POST /predict - Status: 200 - Czas: 50.29ms
[2025-12-20 14:12:10] [INFO] REQ: POST /predict - Status: 200 - Czas: 73.84ms
[2025-12-20 14:12:10] [INFO] REQ: POST /predict - Status: 200 - Czas: 75.85ms
[2025-12-20 14:12:10] [INFO] REQ: POST /predict - Status: 200 - Czas: 27.78ms
[2025-12-20 14:12:10] [INFO] REQ: POST /predict - Status: 200 - Czas: 26.16ms
[2025-12-20 14:12:10] [INFO] REQ: POST /predict - Status: 200 - Czas: 59.31ms
[2025-12-20 14:12:10] [INFO] REQ: POST /predict - Status: 200 - Czas: 79.34ms
[2025-12-20 14:12:10] [INFO] REQ: POST /predict - Status: 200 - Czas: 79.34ms
[2025-12-20 14:12:10] [INFO] REQ: POST /predict - Status: 200 - Czas: 75.24ms
[2025-12-20 14:12:10] [INFO] REQ: POST /predict - Status: 200 - Czas: 19.24ms
[2025-12-20 14:12:10] [INFO] REQ: POST /predict - Status: 200 - Czas: 22.62ms
[2025-12-20 14:12:10] [INFO] REQ: POST /predict - Status: 200 - Czas: 51.84ms
[2025-12-20 14:12:10] [INFO] REQ: POST /predict - Status: 200 - Czas: 91.55ms
[2025-12-20 14:12:10] [INFO] REQ: POST /predict - Status: 200 - Czas: 93.55ms
[2025-12-20 14:12:10] [INFO] REQ: POST /predict - Status: 200 - Czas: 87.17ms
[2025-12-20 14:12:10] [INFO] REQ: POST /predict - Status: 200 - Czas: 20.15ms
[2025-12-20 14:12:10] [INFO] REQ: POST /predict - Status: 200 - Czas: 41.71ms
[2025-12-20 14:12:10] [INFO] REQ: POST /predict - Status: 200 - Czas: 75.89ms
[2025-12-20 14:12:10] [INFO] REQ: POST /predict - Status: 200 - Czas: 75.89ms
[2025-12-20 14:12:10] [INFO] REQ: POST /predict - Status: 200 - Czas: 77.39ms
[2025-12-20 14:12:10] [INFO] REQ: POST /predict - Status: 200 - Czas: 31.14ms
[2025-12-20 14:12:10] [INFO] REQ: POST /predict - Status: 200 - Czas: 20.57ms
[2025-12-20 14:12:10] [INFO] REQ: POST /predict - Status: 200 - Czas: 112.09ms
[2025-12-20 14:12:10] [INFO] REQ: POST /predict - Status: 200 - Czas: 114.09ms
[2025-12-20 14:12:10] [INFO] REQ: POST /predict - Status: 200 - Czas: 114.09ms
[2025-12-20 14:12:10] [INFO] REQ: POST /predict - Status: 200 - Czas: 107.63ms
[2025-12-20 14:12:10] [INFO] REQ: POST /predict - Status: 200 - Czas: 16.56ms
[2025-12-20 14:12:10] [INFO] REQ: POST /predict - Status: 200 - Czas: 81.92ms
[2025-12-20 14:12:10] [INFO] REQ: POST /predict - Status: 200 - Czas: 81.92ms
[2025-12-20 14:12:10] [INFO] REQ: POST /predict - Status: 200 - Czas: 98.25ms
[2025-12-20 14:12:10] [INFO] REQ: POST /predict - Status: 200 - Czas: 96.25ms
[2025-12-20 14:12:10] [INFO] REQ: POST /predict - Status: 200 - Czas: 44.63ms
[2025-12-20 14:12:10] [INFO] REQ: POST /predict - Status: 200 - Czas: 21.99ms
[2025-12-20 14:12:10] [INFO] REQ: POST /predict - Status: 200 - Czas: 92.20ms
[2025-12-20 14:12:10] [INFO] REQ: POST /predict - Status: 200 - Czas: 92.20ms
[2025-12-20 14:12:10] [INFO] REQ: POST /predict - Status: 200 - Czas: 91.04ms
[2025-12-20 14:12:10] [INFO] REQ: POST /predict - Status: 200 - Czas: 92.04ms
[2025-12-20 14:12:10] [INFO] REQ: POST /predict - Status: 200 - Czas: 25.74ms
[2025-12-20 14:12:10] [INFO] REQ: POST /predict - Status: 200 - Czas: 17.57ms
[2025-12-20 14:12:11] [INFO] REQ: POST /predict - Status: 200 - Czas: 77.93ms
[2025-12-20 14:12:11] [INFO] REQ: POST /predict - Status: 200 - Czas: 77.93ms
[2025-12-20 14:12:11] [INFO] REQ: POST /predict - Status: 200 - Czas: 77.93ms
[2025-12-20 14:12:11] [INFO] REQ: POST /predict - Status: 200 - Czas: 78.90ms
[2025-12-20 14:12:11] [INFO] REQ: POST /predict - Status: 200 - Czas: 23.59ms
[2025-12-20 14:12:11] [INFO] REQ: POST /predict - Status: 200 - Czas: 22.12ms
[2025-12-20 14:12:11] [INFO] REQ: POST /predict - Status: 200 - Czas: 78.85ms
[2025-12-20 14:12:11] [INFO] REQ: POST /predict - Status: 200 - Czas: 78.85ms
[2025-12-20 14:12:11] [INFO] REQ: POST /predict - Status: 200 - Czas: 78.85ms
[2025-12-20 14:12:11] [INFO] REQ: POST /predict - Status: 200 - Czas: 72.26ms
[2025-12-20 14:12:11] [INFO] REQ: POST /predict - Status: 200 - Czas: 30.69ms
[2025-12-20 14:12:11] [INFO] REQ: POST /predict - Status: 200 - Czas: 94.30ms
[2025-12-20 14:12:11] [INFO] REQ: POST /predict - Status: 200 - Czas: 92.75ms
[2025-12-20 14:12:11] [INFO] REQ: POST /predict - Status: 200 - Czas: 92.74ms
[2025-12-20 14:12:11] [INFO] REQ: POST /predict - Status: 200 - Czas: 91.74ms
[2025-12-20 14:12:11] [INFO] REQ: POST /predict - Status: 200 - Czas: 29.66ms
[2025-12-20 14:12:11] [INFO] REQ: POST /predict - Status: 200 - Czas: 115.01ms
[2025-12-20 14:12:11] [INFO] REQ: POST /predict - Status: 200 - Czas: 115.01ms
[2025-12-20 14:12:11] [INFO] REQ: POST /predict - Status: 200 - Czas: 113.01ms
[2025-12-20 14:12:11] [INFO] REQ: POST /predict - Status: 200 - Czas: 112.01ms
[2025-12-20 14:12:11] [INFO] REQ: POST /predict - Status: 200 - Czas: 27.83ms
[2025-12-20 14:12:11] [INFO] REQ: POST /predict - Status: 200 - Czas: 67.34ms
[2025-12-20 14:12:11] [INFO] REQ: POST /predict - Status: 200 - Czas: 66.34ms
[2025-12-20 14:12:11] [INFO] REQ: POST /predict - Status: 200 - Czas: 89.64ms
[2025-12-20 14:12:11] [INFO] REQ: POST /predict - Status: 200 - Czas: 90.65ms
[2025-12-20 14:12:11] [INFO] REQ: POST /predict - Status: 200 - Czas: 17.83ms
[2025-12-20 14:12:11] [INFO] REQ: POST /predict - Status: 200 - Czas: 44.43ms
[2025-12-20 14:12:11] [INFO] REQ: POST /predict - Status: 200 - Czas: 73.00ms
[2025-12-20 14:12:11] [INFO] REQ: POST /predict - Status: 200 - Czas: 74.00ms
[2025-12-20 14:12:11] [INFO] REQ: POST /predict - Status: 200 - Czas: 97.69ms
[2025-12-20 14:12:11] [INFO] REQ: POST /predict - Status: 200 - Czas: 70.24ms
[2025-12-20 14:12:11] [INFO] REQ: POST /predict - Status: 200 - Czas: 37.96ms
[2025-12-20 14:12:11] [INFO] REQ: POST /predict - Status: 200 - Czas: 50.84ms
[2025-12-20 14:12:11] [INFO] REQ: POST /predict - Status: 200 - Czas: 51.84ms
[2025-12-20 14:12:11] [INFO] REQ: POST /predict - Status: 200 - Czas: 20.77ms
[2025-12-20 14:12:11] [INFO] REQ: POST /predict - Status: 200 - Czas: 37.86ms
[2025-12-20 14:12:11] [INFO] REQ: POST /predict - Status: 200 - Czas: 57.27ms
[2025-12-20 14:12:11] [INFO] REQ: POST /predict - Status: 200 - Czas: 57.27ms
[2025-12-20 14:12:11] [INFO] REQ: POST /predict - Status: 200 - Czas: 57.27ms
[2025-12-20 14:12:11] [INFO] REQ: POST /predict - Status: 200 - Czas: 20.60ms
[2025-12-20 14:12:11] [INFO] REQ: POST /predict - Status: 200 - Czas: 26.12ms
[2025-12-20 14:12:11] [INFO] REQ: POST /predict - Status: 200 - Czas: 43.72ms
[2025-12-20 14:12:11] [INFO] REQ: POST /predict - Status: 200 - Czas: 74.31ms
[2025-12-20 14:12:11] [INFO] REQ: POST /predict - Status: 200 - Czas: 75.31ms
[2025-12-20 14:12:11] [INFO] REQ: POST /predict - Status: 200 - Czas: 75.31ms
[2025-12-20 14:12:11] [INFO] REQ: POST /predict - Status: 200 - Czas: 80.27ms
[2025-12-20 14:12:11] [INFO] REQ: POST /predict - Status: 200 - Czas: 20.25ms
[2025-12-20 14:12:12] [INFO] REQ: POST /predict - Status: 200 - Czas: 39.62ms
[2025-12-20 14:12:12] [INFO] REQ: POST /predict - Status: 200 - Czas: 68.01ms
[2025-12-20 14:12:12] [INFO] REQ: POST /predict - Status: 200 - Czas: 69.01ms
[2025-12-20 14:12:12] [INFO] REQ: POST /predict - Status: 200 - Czas: 69.01ms
[2025-12-20 14:12:12] [INFO] REQ: POST /predict - Status: 200 - Czas: 46.47ms
[2025-12-20 14:12:12] [INFO] REQ: POST /predict - Status: 200 - Czas: 22.82ms
[2025-12-20 14:12:12] [INFO] REQ: POST /predict - Status: 200 - Czas: 77.42ms
[2025-12-20 14:12:12] [INFO] REQ: POST /predict - Status: 200 - Czas: 77.42ms
[2025-12-20 14:12:12] [INFO] REQ: POST /predict - Status: 200 - Czas: 76.51ms
[2025-12-20 14:12:12] [INFO] REQ: POST /predict - Status: 200 - Czas: 97.22ms
[2025-12-20 14:12:12] [INFO] REQ: POST /predict - Status: 200 - Czas: 17.25ms
[2025-12-20 14:12:12] [INFO] REQ: POST /predict - Status: 200 - Czas: 21.55ms
[2025-12-20 14:12:12] [INFO] REQ: POST /predict - Status: 200 - Czas: 58.29ms
[2025-12-20 14:12:12] [INFO] REQ: POST /predict - Status: 200 - Czas: 74.82ms
[2025-12-20 14:12:12] [INFO] REQ: POST /predict - Status: 200 - Czas: 73.31ms
[2025-12-20 14:12:12] [INFO] REQ: POST /predict - Status: 200 - Czas: 68.98ms
[2025-12-20 14:12:12] [INFO] REQ: POST /predict - Status: 200 - Czas: 21.23ms
[2025-12-20 14:12:12] [INFO] REQ: POST /predict - Status: 200 - Czas: 62.17ms
[2025-12-20 14:12:12] [INFO] REQ: POST /predict - Status: 200 - Czas: 87.37ms
[2025-12-20 14:12:12] [INFO] REQ: POST /predict - Status: 200 - Czas: 87.60ms
[2025-12-20 14:12:12] [INFO] REQ: POST /predict - Status: 200 - Czas: 86.39ms
[2025-12-20 14:12:12] [INFO] REQ: POST /predict - Status: 200 - Czas: 30.12ms
[2025-12-20 14:12:12] [INFO] REQ: POST /predict - Status: 200 - Czas: 28.19ms
[2025-12-20 14:12:12] [INFO] REQ: POST /predict - Status: 200 - Czas: 75.97ms
[2025-12-20 14:12:12] [INFO] REQ: POST /predict - Status: 200 - Czas: 76.97ms
[2025-12-20 14:12:12] [INFO] REQ: POST /predict - Status: 200 - Czas: 76.97ms
[2025-12-20 14:12:12] [INFO] REQ: POST /predict - Status: 200 - Czas: 75.19ms
[2025-12-20 14:12:12] [INFO] REQ: POST /predict - Status: 200 - Czas: 25.55ms
[2025-12-20 14:12:12] [INFO] REQ: POST /predict - Status: 200 - Czas: 16.55ms
[2025-12-20 14:12:12] [INFO] REQ: POST /predict - Status: 200 - Czas: 76.01ms
[2025-12-20 14:12:12] [INFO] REQ: POST /predict - Status: 200 - Czas: 78.01ms
[2025-12-20 14:12:12] [INFO] REQ: POST /predict - Status: 200 - Czas: 78.01ms
[2025-12-20 14:12:12] [INFO] REQ: POST /predict - Status: 200 - Czas: 19.16ms
[2025-12-20 14:12:12] [INFO] REQ: POST /predict - Status: 200 - Czas: 21.36ms
[2025-12-20 14:12:12] [INFO] REQ: POST /predict - Status: 200 - Czas: 78.63ms
[2025-12-20 14:12:12] [INFO] REQ: POST /predict - Status: 200 - Czas: 78.63ms
[2025-12-20 14:12:12] [INFO] REQ: POST /predict - Status: 200 - Czas: 75.62ms
[2025-12-20 14:12:12] [INFO] REQ: POST /predict - Status: 200 - Czas: 83.94ms
[2025-12-20 14:12:12] [INFO] REQ: POST /predict - Status: 200 - Czas: 19.23ms
[2025-12-20 14:12:12] [INFO] REQ: POST /predict - Status: 200 - Czas: 44.13ms
[2025-12-20 14:12:12] [INFO] REQ: POST /predict - Status: 200 - Czas: 115.36ms
[2025-12-20 14:12:12] [INFO] REQ: POST /predict - Status: 200 - Czas: 115.36ms
[2025-12-20 14:12:12] [INFO] REQ: POST /predict - Status: 200 - Czas: 113.91ms
[2025-12-20 14:12:12] [INFO] REQ: POST /predict - Status: 200 - Czas: 109.86ms
[2025-12-20 14:12:12] [INFO] REQ: POST /predict - Status: 200 - Czas: 21.99ms
[2025-12-20 14:12:13] [INFO] REQ: POST /predict - Status: 200 - Czas: 99.29ms
[2025-12-20 14:12:13] [INFO] REQ: POST /predict - Status: 200 - Czas: 99.28ms
[2025-12-20 14:12:13] [INFO] REQ: POST /predict - Status: 200 - Czas: 98.29ms
[2025-12-20 14:12:13] [INFO] REQ: POST /predict - Status: 200 - Czas: 111.05ms
[2025-12-20 14:12:13] [INFO] REQ: POST /predict - Status: 200 - Czas: 25.19ms
[2025-12-20 14:12:13] [INFO] REQ: POST /predict - Status: 200 - Czas: 37.38ms
[2025-12-20 14:12:13] [INFO] REQ: POST /predict - Status: 200 - Czas: 53.32ms
[2025-12-20 14:12:13] [INFO] REQ: POST /predict - Status: 200 - Czas: 52.28ms
[2025-12-20 14:12:13] [INFO] REQ: POST /predict - Status: 200 - Czas: 57.18ms
[2025-12-20 14:12:13] [INFO] REQ: POST /predict - Status: 200 - Czas: 42.16ms
[2025-12-20 14:12:13] [INFO] REQ: POST /predict - Status: 200 - Czas: 44.06ms
[2025-12-20 14:12:13] [INFO] REQ: POST /predict - Status: 200 - Czas: 47.73ms
[2025-12-20 14:12:13] [INFO] REQ: POST /predict - Status: 200 - Czas: 67.95ms
[2025-12-20 14:12:13] [INFO] REQ: POST /predict - Status: 200 - Czas: 60.68ms
[2025-12-20 14:12:13] [INFO] REQ: POST /predict - Status: 200 - Czas: 60.68ms
[2025-12-20 14:12:13] [INFO] REQ: POST /predict - Status: 200 - Czas: 61.15ms
[2025-12-20 14:12:13] [INFO] REQ: POST /predict - Status: 200 - Czas: 62.15ms
[2025-12-20 14:12:13] [INFO] REQ: POST /predict - Status: 200 - Czas: 63.16ms
[2025-12-20 14:12:13] [INFO] REQ: POST /predict - Status: 200 - Czas: 64.76ms
[2025-12-20 14:12:13] [INFO] REQ: POST /predict - Status: 200 - Czas: 43.07ms
[2025-12-20 14:12:13] [INFO] REQ: POST /predict - Status: 200 - Czas: 63.41ms
[2025-12-20 14:12:13] [INFO] REQ: POST /predict - Status: 200 - Czas: 89.24ms
[2025-12-20 14:12:13] [INFO] REQ: POST /predict - Status: 200 - Czas: 89.24ms
[2025-12-20 14:12:13] [INFO] REQ: POST /predict - Status: 200 - Czas: 46.10ms
[2025-12-20 14:12:13] [INFO] REQ: POST /predict - Status: 200 - Czas: 37.46ms
[2025-12-20 14:12:13] [INFO] REQ: POST /predict - Status: 200 - Czas: 53.17ms
[2025-12-20 14:12:13] [INFO] REQ: POST /predict - Status: 200 - Czas: 73.57ms
[2025-12-20 14:12:13] [INFO] REQ: POST /predict - Status: 200 - Czas: 57.39ms
[2025-12-20 14:12:13] [INFO] REQ: POST /predict - Status: 200 - Czas: 35.46ms
[2025-12-20 14:12:13] [INFO] REQ: POST /predict - Status: 200 - Czas: 37.46ms
[2025-12-20 14:12:13] [INFO] REQ: POST /predict - Status: 200 - Czas: 40.22ms
[2025-12-20 14:12:13] [INFO] REQ: POST /predict - Status: 200 - Czas: 54.38ms
[2025-12-20 14:12:13] [INFO] REQ: POST /predict - Status: 200 - Czas: 56.39ms
[2025-12-20 14:12:13] [INFO] REQ: POST /predict - Status: 200 - Czas: 24.91ms
[2025-12-20 14:12:13] [INFO] REQ: POST /predict - Status: 200 - Czas: 45.09ms
[2025-12-20 14:12:13] [INFO] REQ: POST /predict - Status: 200 - Czas: 69.32ms
[2025-12-20 14:12:13] [INFO] REQ: POST /predict - Status: 200 - Czas: 95.40ms
[2025-12-20 14:12:13] [INFO] REQ: POST /predict - Status: 200 - Czas: 95.40ms
[2025-12-20 14:12:13] [INFO] REQ: POST /predict - Status: 200 - Czas: 58.27ms
[2025-12-20 14:12:13] [INFO] REQ: POST /predict - Status: 200 - Czas: 59.78ms
[2025-12-20 14:12:13] [INFO] REQ: POST /predict - Status: 200 - Czas: 48.99ms
[2025-12-20 14:12:13] [INFO] REQ: POST /predict - Status: 200 - Czas: 48.99ms
[2025-12-20 14:12:13] [INFO] REQ: POST /predict - Status: 200 - Czas: 49.00ms
[2025-12-20 14:12:13] [INFO] REQ: POST /predict - Status: 200 - Czas: 41.04ms
[2025-12-20 14:12:13] [INFO] REQ: POST /predict - Status: 200 - Czas: 41.04ms
[2025-12-20 14:12:13] [INFO] REQ: POST /predict - Status: 200 - Czas: 65.47ms
[2025-12-20 14:12:13] [INFO] REQ: POST /predict - Status: 200 - Czas: 66.47ms
[2025-12-20 14:12:14] [INFO] REQ: POST /predict - Status: 200 - Czas: 79.58ms
[2025-12-20 14:12:14] [INFO] REQ: POST /predict - Status: 200 - Czas: 77.54ms
[2025-12-20 14:12:14] [INFO] REQ: POST /predict - Status: 200 - Czas: 97.25ms
[2025-12-20 14:12:14] [INFO] REQ: POST /predict - Status: 200 - Czas: 25.21ms
[2025-12-20 14:12:14] [INFO] REQ: POST /predict - Status: 200 - Czas: 83.86ms
[2025-12-20 14:12:14] [INFO] REQ: POST /predict - Status: 200 - Czas: 82.85ms
[2025-12-20 14:12:14] [INFO] REQ: POST /predict - Status: 200 - Czas: 81.86ms
[2025-12-20 14:12:14] [INFO] REQ: POST /predict - Status: 200 - Czas: 76.09ms
[2025-12-20 14:12:14] [INFO] REQ: POST /predict - Status: 200 - Czas: 20.85ms
[2025-12-20 14:12:14] [INFO] REQ: POST /predict - Status: 200 - Czas: 18.80ms
[2025-12-20 14:12:14] [INFO] REQ: POST /predict - Status: 200 - Czas: 66.06ms
[2025-12-20 14:12:14] [INFO] REQ: POST /predict - Status: 200 - Czas: 66.06ms
[2025-12-20 14:12:14] [INFO] REQ: POST /predict - Status: 200 - Czas: 66.06ms
[2025-12-20 14:12:14] [INFO] REQ: POST /predict - Status: 200 - Czas: 62.29ms
[2025-12-20 14:12:14] [INFO] REQ: POST /predict - Status: 200 - Czas: 19.32ms
[2025-12-20 14:12:14] [INFO] REQ: POST /predict - Status: 200 - Czas: 45.45ms
[2025-12-20 14:12:14] [INFO] REQ: POST /predict - Status: 200 - Czas: 67.33ms
[2025-12-20 14:12:14] [INFO] REQ: POST /predict - Status: 200 - Czas: 82.10ms
[2025-12-20 14:12:14] [INFO] REQ: POST /predict - Status: 200 - Czas: 83.11ms
[2025-12-20 14:12:14] [INFO] REQ: POST /predict - Status: 200 - Czas: 21.71ms
[2025-12-20 14:12:14] [INFO] REQ: POST /predict - Status: 200 - Czas: 41.97ms
[2025-12-20 14:12:14] [INFO] REQ: POST /predict - Status: 200 - Czas: 59.98ms
[2025-12-20 14:12:14] [INFO] REQ: POST /predict - Status: 200 - Czas: 59.98ms
[2025-12-20 14:12:14] [INFO] REQ: POST /predict - Status: 200 - Czas: 50.87ms
[2025-12-20 14:12:14] [INFO] REQ: POST /predict - Status: 200 - Czas: 41.83ms
[2025-12-20 14:12:14] [INFO] REQ: POST /predict - Status: 200 - Czas: 49.93ms
[2025-12-20 14:12:14] [INFO] REQ: POST /predict - Status: 200 - Czas: 54.64ms
[2025-12-20 14:12:14] [INFO] REQ: POST /predict - Status: 200 - Czas: 54.64ms
[2025-12-20 14:12:14] [INFO] REQ: POST /predict - Status: 200 - Czas: 59.95ms
[2025-12-20 14:12:14] [INFO] REQ: POST /predict - Status: 200 - Czas: 41.64ms
[2025-12-20 14:12:14] [INFO] REQ: POST /predict - Status: 200 - Czas: 41.36ms
[2025-12-20 14:12:14] [INFO] REQ: POST /predict - Status: 200 - Czas: 58.82ms
[2025-12-20 14:12:14] [INFO] REQ: POST /predict - Status: 200 - Czas: 59.00ms
[2025-12-20 14:12:14] [INFO] REQ: POST /predict - Status: 200 - Czas: 53.08ms
[2025-12-20 14:12:14] [INFO] REQ: POST /predict - Status: 200 - Czas: 35.13ms
[2025-12-20 14:12:14] [INFO] REQ: POST /predict - Status: 200 - Czas: 29.80ms
[2025-12-20 14:12:14] [INFO] REQ: POST /predict - Status: 200 - Czas: 36.02ms
[2025-12-20 14:12:14] [INFO] REQ: POST /predict - Status: 200 - Czas: 55.57ms
[2025-12-20 14:12:14] [INFO] REQ: POST /predict - Status: 200 - Czas: 55.57ms
[2025-12-20 14:12:14] [INFO] REQ: POST /predict - Status: 200 - Czas: 48.44ms
[2025-12-20 14:12:14] [INFO] REQ: POST /predict - Status: 200 - Czas: 38.05ms
[2025-12-20 14:12:14] [INFO] REQ: POST /predict - Status: 200 - Czas: 37.44ms
[2025-12-20 14:12:14] [INFO] REQ: POST /predict - Status: 200 - Czas: 51.89ms
[2025-12-20 14:12:14] [INFO] REQ: POST /predict - Status: 200 - Czas: 53.40ms
[2025-12-20 14:12:14] [INFO] REQ: POST /predict - Status: 200 - Czas: 63.97ms
[2025-12-20 14:12:14] [INFO] REQ: POST /predict - Status: 200 - Czas: 49.45ms
[2025-12-20 14:12:14] [INFO] REQ: POST /predict - Status: 200 - Czas: 44.23ms
[2025-12-20 14:12:14] [INFO] REQ: POST /predict - Status: 200 - Czas: 50.25ms
[2025-12-20 14:12:14] [INFO] REQ: POST /predict - Status: 200 - Czas: 50.25ms
[2025-12-20 14:12:14] [INFO] REQ: POST /predict - Status: 200 - Czas: 49.55ms
[2025-12-20 14:12:14] [INFO] REQ: POST /predict - Status: 200 - Czas: 45.29ms
[2025-12-20 14:12:15] [INFO] REQ: POST /predict - Status: 200 - Czas: 46.35ms
[2025-12-20 14:12:15] [INFO] REQ: POST /predict - Status: 200 - Czas: 52.84ms
[2025-12-20 14:12:15] [INFO] REQ: POST /predict - Status: 200 - Czas: 51.84ms
[2025-12-20 14:12:15] [INFO] REQ: POST /predict - Status: 200 - Czas: 54.87ms
[2025-12-20 14:12:15] [INFO] REQ: POST /predict - Status: 200 - Czas: 46.57ms
[2025-12-20 14:12:15] [INFO] REQ: POST /predict - Status: 200 - Czas: 35.30ms
[2025-12-20 14:12:15] [INFO] REQ: POST /predict - Status: 200 - Czas: 47.68ms
[2025-12-20 14:12:15] [INFO] REQ: POST /predict - Status: 200 - Czas: 47.68ms
[2025-12-20 14:12:15] [INFO] REQ: POST /predict - Status: 200 - Czas: 40.72ms
[2025-12-20 14:12:15] [INFO] REQ: POST /predict - Status: 200 - Czas: 42.72ms
[2025-12-20 14:12:15] [INFO] REQ: POST /predict - Status: 200 - Czas: 20.63ms
[2025-12-20 14:12:15] [INFO] REQ: POST /predict - Status: 200 - Czas: 47.45ms
[2025-12-20 14:12:15] [INFO] REQ: POST /predict - Status: 200 - Czas: 49.45ms
[2025-12-20 14:12:15] [INFO] REQ: POST /predict - Status: 200 - Czas: 64.23ms
[2025-12-20 14:12:15] [INFO] REQ: POST /predict - Status: 200 - Czas: 38.41ms
[2025-12-20 14:12:15] [INFO] REQ: POST /predict - Status: 200 - Czas: 25.90ms
[2025-12-20 14:12:15] [INFO] REQ: POST /predict - Status: 200 - Czas: 56.69ms
[2025-12-20 14:12:15] [INFO] REQ: POST /predict - Status: 200 - Czas: 72.55ms
[2025-12-20 14:12:15] [INFO] REQ: POST /predict - Status: 200 - Czas: 72.55ms
[2025-12-20 14:12:15] [INFO] REQ: POST /predict - Status: 200 - Czas: 87.08ms
[2025-12-20 14:12:15] [INFO] REQ: POST /predict - Status: 200 - Czas: 47.45ms
[2025-12-20 14:12:15] [INFO] REQ: POST /predict - Status: 200 - Czas: 22.06ms
[2025-12-20 14:12:15] [INFO] REQ: POST /predict - Status: 200 - Czas: 21.13ms
[2025-12-20 14:12:15] [INFO] REQ: POST /predict - Status: 200 - Czas: 89.92ms
[2025-12-20 14:12:15] [INFO] REQ: POST /predict - Status: 200 - Czas: 88.92ms
[2025-12-20 14:12:15] [INFO] REQ: POST /predict - Status: 200 - Czas: 87.45ms
[2025-12-20 14:12:15] [INFO] REQ: POST /predict - Status: 200 - Czas: 95.10ms
[2025-12-20 14:12:15] [INFO] REQ: POST /predict - Status: 200 - Czas: 17.05ms
[2025-12-20 14:12:15] [INFO] REQ: POST /predict - Status: 200 - Czas: 27.49ms
[2025-12-20 14:12:15] [INFO] REQ: POST /predict - Status: 200 - Czas: 86.78ms
[2025-12-20 14:12:15] [INFO] REQ: POST /predict - Status: 200 - Czas: 86.78ms
[2025-12-20 14:12:15] [INFO] REQ: POST /predict - Status: 200 - Czas: 87.78ms
[2025-12-20 14:12:15] [INFO] REQ: POST /predict - Status: 200 - Czas: 76.92ms
[2025-12-20 14:12:15] [INFO] REQ: POST /predict - Status: 200 - Czas: 17.11ms
[2025-12-20 14:12:15] [INFO] REQ: POST /predict - Status: 200 - Czas: 21.15ms
[2025-12-20 14:12:15] [INFO] REQ: POST /predict - Status: 200 - Czas: 99.50ms
[2025-12-20 14:12:15] [INFO] REQ: POST /predict - Status: 200 - Czas: 100.50ms
[2025-12-20 14:12:15] [INFO] REQ: POST /predict - Status: 200 - Czas: 99.50ms
[2025-12-20 14:12:15] [INFO] REQ: POST /predict - Status: 200 - Czas: 96.99ms
[2025-12-20 14:12:15] [INFO] REQ: POST /predict - Status: 200 - Czas: 23.64ms
[2025-12-20 14:12:15] [INFO] REQ: POST /predict - Status: 200 - Czas: 41.42ms
[2025-12-20 14:12:15] [INFO] REQ: POST /predict - Status: 200 - Czas: 55.24ms
[2025-12-20 14:12:15] [INFO] REQ: POST /predict - Status: 200 - Czas: 71.13ms
[2025-12-20 14:12:15] [INFO] REQ: POST /predict - Status: 200 - Czas: 72.63ms
[2025-12-20 14:12:15] [INFO] REQ: POST /predict - Status: 200 - Czas: 51.46ms
[2025-12-20 14:12:15] [INFO] REQ: POST /predict - Status: 200 - Czas: 27.46ms
[2025-12-20 14:12:15] [INFO] REQ: POST /predict - Status: 200 - Czas: 28.62ms
[2025-12-20 14:12:16] [INFO] REQ: POST /predict - Status: 200 - Czas: 75.30ms
[2025-12-20 14:12:16] [INFO] REQ: POST /predict - Status: 200 - Czas: 76.30ms
[2025-12-20 14:12:16] [INFO] REQ: POST /predict - Status: 200 - Czas: 76.30ms
[2025-12-20 14:12:16] [INFO] REQ: POST /predict - Status: 200 - Czas: 74.15ms
[2025-12-20 14:12:16] [INFO] REQ: POST /predict - Status: 200 - Czas: 26.63ms
[2025-12-20 14:12:16] [INFO] REQ: POST /predict - Status: 200 - Czas: 24.20ms
[2025-12-20 14:12:16] [INFO] REQ: POST /predict - Status: 200 - Czas: 37.75ms
[2025-12-20 14:12:16] [INFO] REQ: POST /predict - Status: 200 - Czas: 79.92ms
[2025-12-20 14:12:16] [INFO] REQ: POST /predict - Status: 200 - Czas: 79.92ms
[2025-12-20 14:12:16] [INFO] REQ: POST /predict - Status: 200 - Czas: 84.59ms
[2025-12-20 14:12:16] [INFO] REQ: POST /predict - Status: 200 - Czas: 15.98ms
[2025-12-20 14:12:16] [INFO] REQ: POST /predict - Status: 200 - Czas: 34.71ms
[2025-12-20 14:12:16] [INFO] REQ: POST /predict - Status: 200 - Czas: 86.71ms
[2025-12-20 14:12:16] [INFO] REQ: POST /predict - Status: 200 - Czas: 81.68ms
[2025-12-20 14:12:16] [INFO] REQ: POST /predict - Status: 200 - Czas: 74.19ms
[2025-12-20 14:12:16] [INFO] REQ: POST /predict - Status: 200 - Czas: 18.08ms
[2025-12-20 14:12:16] [INFO] REQ: POST /predict - Status: 200 - Czas: 34.63ms
[2025-12-20 14:12:16] [INFO] REQ: POST /predict - Status: 200 - Czas: 49.16ms
[2025-12-20 14:12:16] [INFO] REQ: POST /predict - Status: 200 - Czas: 50.16ms
[2025-12-20 14:12:16] [INFO] REQ: POST /predict - Status: 200 - Czas: 58.69ms
[2025-12-20 14:12:16] [INFO] REQ: POST /predict - Status: 200 - Czas: 41.13ms
[2025-12-20 14:12:16] [INFO] REQ: POST /predict - Status: 200 - Czas: 33.03ms
[2025-12-20 14:12:16] [INFO] REQ: POST /predict - Status: 200 - Czas: 39.57ms
[2025-12-20 14:12:16] [INFO] REQ: POST /predict - Status: 200 - Czas: 53.26ms
[2025-12-20 14:12:16] [INFO] REQ: POST /predict - Status: 200 - Czas: 53.52ms
[2025-12-20 14:12:16] [INFO] REQ: POST /predict - Status: 200 - Czas: 46.62ms
[2025-12-20 14:12:16] [INFO] REQ: POST /predict - Status: 200 - Czas: 32.30ms
[2025-12-20 14:12:16] [INFO] REQ: POST /predict - Status: 200 - Czas: 47.83ms
[2025-12-20 14:12:16] [INFO] REQ: POST /predict - Status: 200 - Czas: 48.83ms
[2025-12-20 14:12:16] [INFO] REQ: POST /predict - Status: 200 - Czas: 51.37ms
[2025-12-20 14:12:16] [INFO] REQ: POST /predict - Status: 200 - Czas: 40.71ms
[2025-12-20 14:12:16] [INFO] REQ: POST /predict - Status: 200 - Czas: 40.71ms
[2025-12-20 14:12:16] [INFO] REQ: POST /predict - Status: 200 - Czas: 19.83ms
[2025-12-20 14:12:16] [INFO] REQ: POST /predict - Status: 200 - Czas: 52.98ms
[2025-12-20 14:12:16] [INFO] REQ: POST /predict - Status: 200 - Czas: 52.98ms
[2025-12-20 14:12:16] [INFO] REQ: POST /predict - Status: 200 - Czas: 79.80ms
[2025-12-20 14:12:16] [INFO] REQ: POST /predict - Status: 200 - Czas: 79.80ms
[2025-12-20 14:12:16] [INFO] REQ: POST /predict - Status: 200 - Czas: 46.16ms
[2025-12-20 14:12:16] [INFO] REQ: POST /predict - Status: 200 - Czas: 28.01ms
[2025-12-20 14:12:16] [INFO] REQ: POST /predict - Status: 200 - Czas: 72.35ms
[2025-12-20 14:12:16] [INFO] REQ: POST /predict - Status: 200 - Czas: 96.08ms
[2025-12-20 14:12:16] [INFO] REQ: POST /predict - Status: 200 - Czas: 96.08ms
[2025-12-20 14:12:16] [INFO] REQ: POST /predict - Status: 200 - Czas: 95.66ms
[2025-12-20 14:12:16] [INFO] REQ: POST /predict - Status: 200 - Czas: 19.43ms
[2025-12-20 14:12:16] [INFO] REQ: POST /predict - Status: 200 - Czas: 23.74ms
[2025-12-20 14:12:16] [INFO] REQ: POST /predict - Status: 200 - Czas: 36.78ms
[2025-12-20 14:12:16] [INFO] REQ: POST /predict - Status: 200 - Czas: 84.33ms
[2025-12-20 14:12:16] [INFO] REQ: POST /predict - Status: 200 - Czas: 84.33ms
[2025-12-20 14:12:16] [INFO] REQ: POST /predict - Status: 200 - Czas: 84.18ms
[2025-12-20 14:12:17] [INFO] REQ: POST /predict - Status: 200 - Czas: 25.62ms
[2025-12-20 14:12:17] [INFO] REQ: POST /predict - Status: 200 - Czas: 41.62ms
[2025-12-20 14:12:17] [INFO] REQ: POST /predict - Status: 200 - Czas: 91.85ms
[2025-12-20 14:12:17] [INFO] REQ: POST /predict - Status: 200 - Czas: 73.29ms
[2025-12-20 14:12:17] [INFO] REQ: POST /predict - Status: 200 - Czas: 74.29ms
[2025-12-20 14:12:17] [INFO] REQ: POST /predict - Status: 200 - Czas: 18.05ms
[2025-12-20 14:12:17] [INFO] REQ: POST /predict - Status: 200 - Czas: 36.78ms
[2025-12-20 14:12:17] [INFO] REQ: POST /predict - Status: 200 - Czas: 83.74ms
[2025-12-20 14:12:17] [INFO] REQ: POST /predict - Status: 200 - Czas: 88.75ms
[2025-12-20 14:12:17] [INFO] REQ: POST /predict - Status: 200 - Czas: 72.52ms
[2025-12-20 14:12:17] [INFO] REQ: POST /predict - Status: 200 - Czas: 27.61ms
[2025-12-20 14:12:17] [INFO] REQ: POST /predict - Status: 200 - Czas: 24.13ms
[2025-12-20 14:12:17] [INFO] REQ: POST /predict - Status: 200 - Czas: 78.41ms
[2025-12-20 14:12:17] [INFO] REQ: POST /predict - Status: 200 - Czas: 80.92ms
[2025-12-20 14:12:17] [INFO] REQ: POST /predict - Status: 200 - Czas: 80.92ms
[2025-12-20 14:12:17] [INFO] REQ: POST /predict - Status: 200 - Czas: 73.55ms
[2025-12-20 14:12:17] [INFO] REQ: POST /predict - Status: 200 - Czas: 14.76ms
[2025-12-20 14:12:17] [INFO] REQ: POST /predict - Status: 200 - Czas: 22.62ms
[2025-12-20 14:12:17] [INFO] REQ: POST /predict - Status: 200 - Czas: 36.22ms
[2025-12-20 14:12:17] [INFO] REQ: POST /predict - Status: 200 - Czas: 53.76ms
[2025-12-20 14:12:17] [INFO] REQ: POST /predict - Status: 200 - Czas: 76.03ms
[2025-12-20 14:12:17] [INFO] REQ: POST /predict - Status: 200 - Czas: 84.18ms
[2025-12-20 14:12:17] [INFO] REQ: POST /predict - Status: 200 - Czas: 51.80ms
[2025-12-20 14:12:17] [INFO] REQ: POST /predict - Status: 200 - Czas: 28.64ms
[2025-12-20 14:12:17] [INFO] REQ: POST /predict - Status: 200 - Czas: 64.54ms
[2025-12-20 14:12:17] [INFO] REQ: POST /predict - Status: 200 - Czas: 64.54ms
[2025-12-20 14:12:17] [INFO] REQ: POST /predict - Status: 200 - Czas: 83.21ms
[2025-12-20 14:12:17] [INFO] REQ: POST /predict - Status: 200 - Czas: 83.21ms
[2025-12-20 14:12:17] [INFO] REQ: POST /predict - Status: 200 - Czas: 25.64ms
[2025-12-20 14:12:17] [INFO] REQ: POST /predict - Status: 200 - Czas: 24.08ms
[2025-12-20 14:12:17] [INFO] REQ: POST /predict - Status: 200 - Czas: 91.84ms
[2025-12-20 14:12:17] [INFO] REQ: POST /predict - Status: 200 - Czas: 93.34ms
[2025-12-20 14:12:17] [INFO] REQ: POST /predict - Status: 200 - Czas: 93.34ms
[2025-12-20 14:12:17] [INFO] REQ: POST /predict - Status: 200 - Czas: 62.65ms
[2025-12-20 14:12:17] [INFO] REQ: POST /predict - Status: 200 - Czas: 27.63ms
[2025-12-20 14:12:17] [INFO] REQ: POST /predict - Status: 200 - Czas: 29.80ms
[2025-12-20 14:12:17] [INFO] REQ: POST /predict - Status: 200 - Czas: 85.55ms
[2025-12-20 14:12:17] [INFO] REQ: POST /predict - Status: 200 - Czas: 86.55ms
[2025-12-20 14:12:17] [INFO] REQ: POST /predict - Status: 200 - Czas: 87.06ms
[2025-12-20 14:12:17] [INFO] REQ: POST /predict - Status: 200 - Czas: 80.63ms
[2025-12-20 14:12:17] [INFO] REQ: POST /predict - Status: 200 - Czas: 18.37ms
[2025-12-20 14:12:17] [INFO] REQ: POST /predict - Status: 200 - Czas: 41.36ms
[2025-12-20 14:12:17] [INFO] REQ: POST /predict - Status: 200 - Czas: 41.36ms
[2025-12-20 14:12:17] [INFO] REQ: POST /predict - Status: 200 - Czas: 83.34ms
[2025-12-20 14:12:17] [INFO] REQ: POST /predict - Status: 200 - Czas: 83.34ms
[2025-12-20 14:12:17] [INFO] REQ: POST /predict - Status: 200 - Czas: 60.10ms
[2025-12-20 14:12:17] [INFO] REQ: POST /predict - Status: 200 - Czas: 16.68ms
[2025-12-20 14:12:18] [INFO] REQ: POST /predict - Status: 200 - Czas: 36.63ms
[2025-12-20 14:12:18] [INFO] REQ: POST /predict - Status: 200 - Czas: 66.84ms
[2025-12-20 14:12:18] [INFO] REQ: POST /predict - Status: 200 - Czas: 66.84ms
[2025-12-20 14:12:18] [INFO] REQ: POST /predict - Status: 200 - Czas: 63.93ms
[2025-12-20 14:12:18] [INFO] REQ: POST /predict - Status: 200 - Czas: 43.34ms
[2025-12-20 14:12:18] [INFO] REQ: POST /predict - Status: 200 - Czas: 47.82ms
[2025-12-20 14:12:18] [INFO] REQ: POST /predict - Status: 200 - Czas: 59.23ms
[2025-12-20 14:12:18] [INFO] REQ: POST /predict - Status: 200 - Czas: 59.23ms
[2025-12-20 14:12:18] [INFO] REQ: POST /predict - Status: 200 - Czas: 58.80ms
[2025-12-20 14:12:18] [INFO] REQ: POST /predict - Status: 200 - Czas: 38.86ms
[2025-12-20 14:12:18] [INFO] REQ: POST /predict - Status: 200 - Czas: 40.90ms
[2025-12-20 14:12:18] [INFO] REQ: POST /predict - Status: 200 - Czas: 55.33ms
[2025-12-20 14:12:18] [INFO] REQ: POST /predict - Status: 200 - Czas: 56.33ms
[2025-12-20 14:12:18] [INFO] REQ: POST /predict - Status: 200 - Czas: 54.63ms
[2025-12-20 14:12:18] [INFO] REQ: POST /predict - Status: 200 - Czas: 42.91ms
[2025-12-20 14:12:18] [INFO] REQ: POST /predict - Status: 200 - Czas: 44.66ms
[2025-12-20 14:12:18] [INFO] REQ: POST /predict - Status: 200 - Czas: 76.05ms
[2025-12-20 14:12:18] [INFO] REQ: POST /predict - Status: 200 - Czas: 77.05ms
[2025-12-20 14:12:18] [INFO] REQ: POST /predict - Status: 200 - Czas: 77.58ms
[2025-12-20 14:12:18] [INFO] REQ: POST /predict - Status: 200 - Czas: 47.88ms
[2025-12-20 14:12:18] [INFO] REQ: POST /predict - Status: 200 - Czas: 39.36ms
[2025-12-20 14:12:18] [INFO] REQ: POST /predict - Status: 200 - Czas: 52.07ms
[2025-12-20 14:12:18] [INFO] REQ: POST /predict - Status: 200 - Czas: 53.07ms
[2025-12-20 14:12:18] [INFO] REQ: POST /predict - Status: 200 - Czas: 64.08ms
[2025-12-20 14:12:18] [INFO] REQ: POST /predict - Status: 200 - Czas: 46.37ms
[2025-12-20 14:12:18] [INFO] REQ: POST /predict - Status: 200 - Czas: 38.15ms
[2025-12-20 14:12:18] [INFO] REQ: POST /predict - Status: 200 - Czas: 62.76ms
[2025-12-20 14:12:18] [INFO] REQ: POST /predict - Status: 200 - Czas: 64.27ms
[2025-12-20 14:12:18] [INFO] REQ: POST /predict - Status: 200 - Czas: 65.37ms
[2025-12-20 14:12:18] [INFO] REQ: POST /predict - Status: 200 - Czas: 43.64ms
[2025-12-20 14:12:18] [INFO] REQ: POST /predict - Status: 200 - Czas: 39.76ms
[2025-12-20 14:12:18] [INFO] REQ: POST /predict - Status: 200 - Czas: 47.36ms
[2025-12-20 14:12:18] [INFO] REQ: POST /predict - Status: 200 - Czas: 48.36ms
[2025-12-20 14:12:18] [INFO] REQ: POST /predict - Status: 200 - Czas: 51.96ms
[2025-12-20 14:12:18] [INFO] REQ: POST /predict - Status: 200 - Czas: 46.69ms
[2025-12-20 14:12:18] [INFO] REQ: POST /predict - Status: 200 - Czas: 55.01ms
[2025-12-20 14:12:18] [INFO] REQ: POST /predict - Status: 200 - Czas: 67.06ms
[2025-12-20 14:12:18] [INFO] REQ: POST /predict - Status: 200 - Czas: 68.57ms
[2025-12-20 14:12:18] [INFO] REQ: POST /predict - Status: 200 - Czas: 56.49ms
[2025-12-20 14:12:18] [INFO] REQ: POST /predict - Status: 200 - Czas: 43.09ms
[2025-12-20 14:12:18] [INFO] REQ: POST /predict - Status: 200 - Czas: 51.19ms
[2025-12-20 14:12:18] [INFO] REQ: POST /predict - Status: 200 - Czas: 55.63ms
[2025-12-20 14:12:18] [INFO] REQ: POST /predict - Status: 200 - Czas: 55.63ms
[2025-12-20 14:12:18] [INFO] REQ: POST /predict - Status: 200 - Czas: 49.82ms
[2025-12-20 14:12:18] [INFO] REQ: POST /predict - Status: 200 - Czas: 34.80ms
[2025-12-20 14:12:18] [INFO] REQ: POST /predict - Status: 200 - Czas: 32.62ms
[2025-12-20 14:12:18] [INFO] REQ: POST /predict - Status: 200 - Czas: 27.17ms
[2025-12-20 14:12:18] [INFO] REQ: POST /predict - Status: 200 - Czas: 44.91ms
[2025-12-20 14:12:19] [INFO] REQ: POST /predict - Status: 200 - Czas: 71.30ms
[2025-12-20 14:12:19] [INFO] REQ: POST /predict - Status: 200 - Czas: 83.50ms
[2025-12-20 14:12:19] [INFO] REQ: POST /predict - Status: 200 - Czas: 83.50ms
[2025-12-20 14:12:19] [INFO] REQ: POST /predict - Status: 200 - Czas: 24.41ms
[2025-12-20 14:12:19] [INFO] REQ: POST /predict - Status: 200 - Czas: 38.15ms
[2025-12-20 14:12:19] [INFO] REQ: POST /predict - Status: 200 - Czas: 32.86ms
[2025-12-20 14:12:19] [INFO] REQ: POST /predict - Status: 200 - Czas: 80.29ms
[2025-12-20 14:12:19] [INFO] REQ: POST /predict - Status: 200 - Czas: 82.79ms
[2025-12-20 14:12:19] [INFO] REQ: POST /predict - Status: 200 - Czas: 87.87ms
[2025-12-20 14:12:19] [INFO] REQ: POST /predict - Status: 200 - Czas: 87.87ms
[2025-12-20 14:12:19] [INFO] REQ: POST /predict - Status: 200 - Czas: 19.22ms
[2025-12-20 14:12:19] [INFO] REQ: POST /predict - Status: 200 - Czas: 29.38ms
[2025-12-20 14:12:19] [INFO] REQ: POST /predict - Status: 200 - Czas: 89.87ms
[2025-12-20 14:12:19] [INFO] REQ: POST /predict - Status: 200 - Czas: 89.87ms
[2025-12-20 14:12:19] [INFO] REQ: POST /predict - Status: 200 - Czas: 89.87ms
[2025-12-20 14:12:19] [INFO] REQ: POST /predict - Status: 200 - Czas: 88.89ms
[2025-12-20 14:12:19] [INFO] REQ: POST /predict - Status: 200 - Czas: 28.34ms
[2025-12-20 14:12:19] [INFO] REQ: POST /predict - Status: 200 - Czas: 46.62ms
[2025-12-20 14:12:19] [INFO] REQ: POST /predict - Status: 200 - Czas: 77.01ms
[2025-12-20 14:12:19] [INFO] REQ: POST /predict - Status: 200 - Czas: 77.39ms
[2025-12-20 14:12:19] [INFO] REQ: POST /predict - Status: 200 - Czas: 73.60ms
[2025-12-20 14:12:19] [INFO] REQ: POST /predict - Status: 200 - Czas: 19.24ms
[2025-12-20 14:12:19] [INFO] REQ: POST /predict - Status: 200 - Czas: 44.99ms
[2025-12-20 14:12:19] [INFO] REQ: POST /predict - Status: 200 - Czas: 79.55ms
[2025-12-20 14:12:19] [INFO] REQ: POST /predict - Status: 200 - Czas: 79.55ms
[2025-12-20 14:12:19] [INFO] REQ: POST /predict - Status: 200 - Czas: 80.73ms
[2025-12-20 14:12:19] [INFO] REQ: POST /predict - Status: 200 - Czas: 22.72ms
[2025-12-20 14:12:19] [INFO] REQ: POST /predict - Status: 200 - Czas: 27.15ms
[2025-12-20 14:12:19] [INFO] REQ: POST /predict - Status: 200 - Czas: 89.43ms
[2025-12-20 14:12:19] [INFO] REQ: POST /predict - Status: 200 - Czas: 89.43ms
[2025-12-20 14:12:19] [INFO] REQ: POST /predict - Status: 200 - Czas: 89.43ms
[2025-12-20 14:12:19] [INFO] REQ: POST /predict - Status: 200 - Czas: 82.56ms
[2025-12-20 14:12:19] [INFO] REQ: POST /predict - Status: 200 - Czas: 23.23ms
[2025-12-20 14:12:19] [INFO] REQ: POST /predict - Status: 200 - Czas: 31.04ms
[2025-12-20 14:12:19] [INFO] REQ: POST /predict - Status: 200 - Czas: 101.34ms
[2025-12-20 14:12:19] [INFO] REQ: POST /predict - Status: 200 - Czas: 102.34ms
[2025-12-20 14:12:19] [INFO] REQ: POST /predict - Status: 200 - Czas: 102.34ms
[2025-12-20 14:12:19] [INFO] REQ: POST /predict - Status: 200 - Czas: 93.98ms
[2025-12-20 14:12:19] [INFO] REQ: POST /predict - Status: 200 - Czas: 25.03ms
[2025-12-20 14:12:19] [INFO] REQ: POST /predict - Status: 200 - Czas: 26.53ms
[2025-12-20 14:12:19] [INFO] REQ: POST /predict - Status: 200 - Czas: 65.87ms
[2025-12-20 14:12:19] [INFO] REQ: POST /predict - Status: 200 - Czas: 84.92ms
[2025-12-20 14:12:19] [INFO] REQ: POST /predict - Status: 200 - Czas: 83.92ms
[2025-12-20 14:12:19] [INFO] REQ: POST /predict - Status: 200 - Czas: 79.60ms
[2025-12-20 14:12:19] [INFO] REQ: POST /predict - Status: 200 - Czas: 21.15ms
[2025-12-20 14:12:20] [INFO] REQ: POST /predict - Status: 200 - Czas: 54.73ms
[2025-12-20 14:12:20] [INFO] REQ: POST /predict - Status: 200 - Czas: 68.55ms
[2025-12-20 14:12:20] [INFO] REQ: POST /predict - Status: 200 - Czas: 81.35ms
[2025-12-20 14:12:20] [INFO] REQ: POST /predict - Status: 200 - Czas: 80.92ms
[2025-12-20 14:12:20] [INFO] REQ: POST /predict - Status: 200 - Czas: 57.44ms
[2025-12-20 14:12:20] [INFO] REQ: POST /predict - Status: 200 - Czas: 16.66ms
[2025-12-20 14:12:20] [INFO] REQ: POST /predict - Status: 200 - Czas: 43.80ms
[2025-12-20 14:12:20] [INFO] REQ: POST /predict - Status: 200 - Czas: 62.17ms
[2025-12-20 14:12:20] [INFO] REQ: POST /predict - Status: 200 - Czas: 91.65ms
[2025-12-20 14:12:20] [INFO] REQ: POST /predict - Status: 200 - Czas: 64.04ms
[2025-12-20 14:12:20] [INFO] REQ: POST /predict - Status: 200 - Czas: 51.70ms
[2025-12-20 14:12:20] [INFO] REQ: POST /predict - Status: 200 - Czas: 52.70ms
[2025-12-20 14:12:20] [INFO] REQ: POST /predict - Status: 200 - Czas: 28.38ms
[2025-12-20 14:12:20] [INFO] REQ: POST /predict - Status: 200 - Czas: 55.73ms
[2025-12-20 14:12:20] [INFO] REQ: POST /predict - Status: 200 - Czas: 56.73ms
[2025-12-20 14:12:20] [INFO] REQ: POST /predict - Status: 200 - Czas: 61.11ms
[2025-12-20 14:12:20] [INFO] REQ: POST /predict - Status: 200 - Czas: 61.11ms
[2025-12-20 14:12:20] [INFO] REQ: POST /predict - Status: 200 - Czas: 72.99ms
[2025-12-20 14:12:20] [INFO] REQ: POST /predict - Status: 200 - Czas: 111.97ms
[2025-12-20 14:12:20] [INFO] REQ: POST /predict - Status: 200 - Czas: 111.97ms
[2025-12-20 14:12:20] [INFO] REQ: POST /predict - Status: 200 - Czas: 73.06ms
[2025-12-20 14:12:20] [INFO] REQ: POST /predict - Status: 200 - Czas: 73.06ms
[2025-12-20 14:12:20] [INFO] REQ: POST /predict - Status: 200 - Czas: 23.15ms
[2025-12-20 14:12:20] [INFO] REQ: POST /predict - Status: 200 - Czas: 33.50ms
[2025-12-20 14:12:20] [INFO] REQ: POST /predict - Status: 200 - Czas: 49.62ms
[2025-12-20 14:12:20] [INFO] REQ: POST /predict - Status: 200 - Czas: 100.75ms
[2025-12-20 14:12:20] [INFO] REQ: POST /predict - Status: 200 - Czas: 99.75ms
[2025-12-20 14:12:20] [INFO] REQ: POST /predict - Status: 200 - Czas: 98.24ms
[2025-12-20 14:12:20] [INFO] REQ: POST /predict - Status: 200 - Czas: 24.71ms
[2025-12-20 14:12:20] [INFO] REQ: POST /predict - Status: 200 - Czas: 73.07ms
[2025-12-20 14:12:20] [INFO] REQ: POST /predict - Status: 200 - Czas: 72.07ms
[2025-12-20 14:12:20] [INFO] REQ: POST /predict - Status: 200 - Czas: 71.07ms
[2025-12-20 14:12:20] [INFO] REQ: POST /predict - Status: 200 - Czas: 70.51ms
[2025-12-20 14:12:20] [INFO] REQ: POST /predict - Status: 200 - Czas: 38.35ms
[2025-12-20 14:12:20] [INFO] REQ: POST /predict - Status: 200 - Czas: 93.98ms
[2025-12-20 14:12:20] [INFO] REQ: POST /predict - Status: 200 - Czas: 91.47ms
[2025-12-20 14:12:20] [INFO] REQ: POST /predict - Status: 200 - Czas: 91.60ms
[2025-12-20 14:12:20] [INFO] REQ: POST /predict - Status: 200 - Czas: 78.80ms
[2025-12-20 14:12:20] [INFO] REQ: POST /predict - Status: 200 - Czas: 20.10ms
[2025-12-20 14:12:20] [INFO] REQ: POST /predict - Status: 200 - Czas: 45.94ms
[2025-12-20 14:12:21] [INFO] REQ: POST /predict - Status: 200 - Czas: 91.12ms
[2025-12-20 14:12:21] [INFO] REQ: POST /predict - Status: 200 - Czas: 91.12ms
[2025-12-20 14:12:21] [INFO] REQ: POST /predict - Status: 200 - Czas: 91.12ms
[2025-12-20 14:12:21] [INFO] REQ: POST /predict - Status: 200 - Czas: 25.71ms
[2025-12-20 14:12:21] [INFO] REQ: POST /predict - Status: 200 - Czas: 22.82ms
[2025-12-20 14:12:21] [INFO] REQ: POST /predict - Status: 200 - Czas: 87.59ms
[2025-12-20 14:12:21] [INFO] REQ: POST /predict - Status: 200 - Czas: 89.11ms
[2025-12-20 14:12:21] [INFO] REQ: POST /predict - Status: 200 - Czas: 89.11ms
[2025-12-20 14:12:21] [INFO] REQ: POST /predict - Status: 200 - Czas: 17.22ms
[2025-12-20 14:12:21] [INFO] REQ: POST /predict - Status: 200 - Czas: 18.22ms
[2025-12-20 14:12:21] [INFO] REQ: POST /predict - Status: 200 - Czas: 56.13ms
[2025-12-20 14:12:21] [INFO] REQ: POST /predict - Status: 200 - Czas: 55.05ms
[2025-12-20 14:12:21] [INFO] REQ: POST /predict - Status: 200 - Czas: 95.54ms
[2025-12-20 14:12:21] [INFO] REQ: POST /predict - Status: 200 - Czas: 94.94ms
[2025-12-20 14:12:21] [INFO] REQ: POST /predict - Status: 200 - Czas: 21.69ms
[2025-12-20 14:12:21] [INFO] REQ: POST /predict - Status: 200 - Czas: 45.19ms
[2025-12-20 14:12:21] [INFO] REQ: POST /predict - Status: 200 - Czas: 60.93ms
[2025-12-20 14:12:21] [INFO] REQ: POST /predict - Status: 200 - Czas: 86.24ms
[2025-12-20 14:12:21] [INFO] REQ: POST /predict - Status: 200 - Czas: 87.25ms
[2025-12-20 14:12:21] [INFO] REQ: POST /predict - Status: 200 - Czas: 60.66ms
[2025-12-20 14:12:21] [INFO] REQ: POST /predict - Status: 200 - Czas: 23.22ms
[2025-12-20 14:12:21] [INFO] REQ: POST /predict - Status: 200 - Czas: 47.09ms
[2025-12-20 14:12:21] [INFO] REQ: POST /predict - Status: 200 - Czas: 84.26ms
[2025-12-20 14:12:21] [INFO] REQ: POST /predict - Status: 200 - Czas: 86.77ms
[2025-12-20 14:12:21] [INFO] REQ: POST /predict - Status: 200 - Czas: 86.77ms
[2025-12-20 14:12:21] [INFO] REQ: POST /predict - Status: 200 - Czas: 24.22ms
[2025-12-20 14:12:21] [INFO] REQ: POST /predict - Status: 200 - Czas: 48.86ms
[2025-12-20 14:12:21] [INFO] REQ: POST /predict - Status: 200 - Czas: 108.28ms
[2025-12-20 14:12:21] [INFO] REQ: POST /predict - Status: 200 - Czas: 104.24ms
[2025-12-20 14:12:21] [INFO] REQ: POST /predict - Status: 200 - Czas: 104.24ms
[2025-12-20 14:12:21] [INFO] REQ: POST /predict - Status: 200 - Czas: 108.27ms
[2025-12-20 14:12:21] [INFO] REQ: POST /predict - Status: 200 - Czas: 34.78ms
[2025-12-20 14:12:21] [INFO] REQ: POST /predict - Status: 200 - Czas: 48.28ms
[2025-12-20 14:12:21] [INFO] REQ: POST /predict - Status: 200 - Czas: 76.12ms
[2025-12-20 14:12:21] [INFO] REQ: POST /predict - Status: 200 - Czas: 80.43ms
[2025-12-20 14:12:21] [INFO] REQ: POST /predict - Status: 200 - Czas: 81.43ms
[2025-12-20 14:12:21] [INFO] REQ: POST /predict - Status: 200 - Czas: 27.84ms
[2025-12-20 14:12:21] [INFO] REQ: POST /predict - Status: 200 - Czas: 101.13ms
[2025-12-20 14:12:21] [INFO] REQ: POST /predict - Status: 200 - Czas: 101.13ms
[2025-12-20 14:12:21] [INFO] REQ: POST /predict - Status: 200 - Czas: 99.62ms
[2025-12-20 14:12:21] [INFO] REQ: POST /predict - Status: 200 - Czas: 99.62ms
[2025-12-20 14:12:21] [INFO] REQ: POST /predict - Status: 200 - Czas: 18.07ms
[2025-12-20 14:12:21] [INFO] REQ: POST /predict - Status: 200 - Czas: 39.81ms
[2025-12-20 14:12:21] [INFO] REQ: POST /predict - Status: 200 - Czas: 63.11ms
[2025-12-20 14:12:21] [INFO] REQ: POST /predict - Status: 200 - Czas: 74.95ms
[2025-12-20 14:12:21] [INFO] REQ: POST /predict - Status: 200 - Czas: 76.46ms
[2025-12-20 14:12:22] [INFO] REQ: POST /predict - Status: 200 - Czas: 54.24ms
[2025-12-20 14:12:22] [INFO] REQ: POST /predict - Status: 200 - Czas: 26.76ms
[2025-12-20 14:12:22] [INFO] REQ: POST /predict - Status: 200 - Czas: 71.38ms
[2025-12-20 14:12:22] [INFO] REQ: POST /predict - Status: 200 - Czas: 71.38ms
[2025-12-20 14:12:22] [INFO] REQ: POST /predict - Status: 200 - Czas: 69.87ms
[2025-12-20 14:12:22] [INFO] REQ: POST /predict - Status: 200 - Czas: 63.57ms
[2025-12-20 14:12:22] [INFO] REQ: POST /predict - Status: 200 - Czas: 22.59ms
[2025-12-20 14:12:22] [INFO] REQ: POST /predict - Status: 200 - Czas: 42.51ms
[2025-12-20 14:12:22] [INFO] REQ: POST /predict - Status: 200 - Czas: 58.05ms
[2025-12-20 14:12:22] [INFO] REQ: POST /predict - Status: 200 - Czas: 74.48ms
[2025-12-20 14:12:22] [INFO] REQ: POST /predict - Status: 200 - Czas: 75.48ms
[2025-12-20 14:12:22] [INFO] REQ: POST /predict - Status: 200 - Czas: 59.24ms
[2025-12-20 14:12:22] [INFO] REQ: POST /predict - Status: 200 - Czas: 40.37ms
[2025-12-20 14:12:22] [INFO] REQ: POST /predict - Status: 200 - Czas: 41.47ms
[2025-12-20 14:12:22] [INFO] REQ: POST /predict - Status: 200 - Czas: 100.40ms
[2025-12-20 14:12:22] [INFO] REQ: POST /predict - Status: 200 - Czas: 99.40ms
[2025-12-20 14:12:22] [INFO] REQ: POST /predict - Status: 200 - Czas: 97.41ms
[2025-12-20 14:12:22] [INFO] REQ: POST /predict - Status: 200 - Czas: 23.72ms
[2025-12-20 14:12:22] [INFO] REQ: POST /predict - Status: 200 - Czas: 37.40ms
[2025-12-20 14:12:22] [INFO] REQ: POST /predict - Status: 200 - Czas: 61.95ms
[2025-12-20 14:12:22] [INFO] REQ: POST /predict - Status: 200 - Czas: 61.95ms
[2025-12-20 14:12:22] [INFO] REQ: POST /predict - Status: 200 - Czas: 62.95ms
[2025-12-20 14:12:22] [INFO] REQ: POST /predict - Status: 200 - Czas: 23.71ms
[2025-12-20 14:12:22] [INFO] REQ: POST /predict - Status: 200 - Czas: 56.33ms
[2025-12-20 14:12:22] [INFO] REQ: POST /predict - Status: 200 - Czas: 56.33ms
[2025-12-20 14:12:22] [INFO] REQ: POST /predict - Status: 200 - Czas: 78.33ms
[2025-12-20 14:12:22] [INFO] REQ: POST /predict - Status: 200 - Czas: 79.33ms
[2025-12-20 14:12:22] [INFO] REQ: POST /predict - Status: 200 - Czas: 19.10ms
[2025-12-20 14:12:22] [INFO] REQ: POST /predict - Status: 200 - Czas: 45.67ms
[2025-12-20 14:12:22] [INFO] REQ: POST /predict - Status: 200 - Czas: 58.77ms
[2025-12-20 14:12:22] [INFO] REQ: POST /predict - Status: 200 - Czas: 60.77ms
[2025-12-20 14:12:22] [INFO] REQ: POST /predict - Status: 200 - Czas: 63.11ms
[2025-12-20 14:12:22] [INFO] REQ: POST /predict - Status: 200 - Czas: 47.40ms
[2025-12-20 14:12:22] [INFO] REQ: POST /predict - Status: 200 - Czas: 49.44ms
[2025-12-20 14:12:22] [INFO] REQ: POST /predict - Status: 200 - Czas: 21.07ms
[2025-12-20 14:12:22] [INFO] REQ: POST /predict - Status: 200 - Czas: 61.40ms
[2025-12-20 14:12:22] [INFO] REQ: POST /predict - Status: 200 - Czas: 62.40ms
[2025-12-20 14:12:22] [INFO] REQ: POST /predict - Status: 200 - Czas: 76.66ms
[2025-12-20 14:12:22] [INFO] REQ: POST /predict - Status: 200 - Czas: 76.66ms
[2025-12-20 14:12:22] [INFO] REQ: POST /predict - Status: 200 - Czas: 22.08ms
[2025-12-20 14:12:22] [INFO] REQ: POST /predict - Status: 200 - Czas: 36.28ms
[2025-12-20 14:12:22] [INFO] REQ: POST /predict - Status: 200 - Czas: 36.28ms
[2025-12-20 14:12:22] [INFO] REQ: POST /predict - Status: 200 - Czas: 82.36ms
[2025-12-20 14:12:22] [INFO] REQ: POST /predict - Status: 200 - Czas: 82.36ms
[2025-12-20 14:12:22] [INFO] REQ: POST /predict - Status: 200 - Czas: 64.00ms
[2025-12-20 14:12:22] [INFO] REQ: POST /predict - Status: 200 - Czas: 19.36ms
[2025-12-20 14:12:23] [INFO] REQ: POST /predict - Status: 200 - Czas: 82.01ms
[2025-12-20 14:12:23] [INFO] REQ: POST /predict - Status: 200 - Czas: 80.73ms
[2025-12-20 14:12:23] [INFO] REQ: POST /predict - Status: 200 - Czas: 80.73ms
[2025-12-20 14:12:23] [INFO] REQ: POST /predict - Status: 200 - Czas: 83.75ms
[2025-12-20 14:12:23] [INFO] REQ: POST /predict - Status: 200 - Czas: 22.59ms
[2025-12-20 14:12:23] [INFO] REQ: POST /predict - Status: 200 - Czas: 28.50ms
[2025-12-20 14:12:23] [INFO] REQ: POST /predict - Status: 200 - Czas: 85.16ms
[2025-12-20 14:12:23] [INFO] REQ: POST /predict - Status: 200 - Czas: 85.16ms
[2025-12-20 14:12:23] [INFO] REQ: POST /predict - Status: 200 - Czas: 85.16ms
[2025-12-20 14:12:23] [INFO] REQ: POST /predict - Status: 200 - Czas: 84.23ms
[2025-12-20 14:12:23] [INFO] REQ: POST /predict - Status: 200 - Czas: 30.79ms
[2025-12-20 14:12:23] [INFO] REQ: POST /predict - Status: 200 - Czas: 24.53ms
[2025-12-20 14:12:23] [INFO] REQ: POST /predict - Status: 200 - Czas: 78.22ms
[2025-12-20 14:12:23] [INFO] REQ: POST /predict - Status: 200 - Czas: 78.22ms
[2025-12-20 14:12:23] [INFO] REQ: POST /predict - Status: 200 - Czas: 79.23ms
[2025-12-20 14:12:23] [INFO] REQ: POST /predict - Status: 200 - Czas: 72.14ms
[2025-12-20 14:12:23] [INFO] REQ: POST /predict - Status: 200 - Czas: 19.75ms
[2025-12-20 14:12:23] [INFO] REQ: POST /predict - Status: 200 - Czas: 20.65ms
[2025-12-20 14:12:23] [INFO] REQ: POST /predict - Status: 200 - Czas: 75.95ms
[2025-12-20 14:12:23] [INFO] REQ: POST /predict - Status: 200 - Czas: 76.95ms
[2025-12-20 14:12:23] [INFO] REQ: POST /predict - Status: 200 - Czas: 77.55ms
[2025-12-20 14:12:23] [INFO] REQ: POST /predict - Status: 200 - Czas: 28.00ms
[2025-12-20 14:12:23] [INFO] REQ: POST /predict - Status: 200 - Czas: 42.30ms
[2025-12-20 14:12:23] [INFO] REQ: POST /predict - Status: 200 - Czas: 66.90ms
[2025-12-20 14:12:23] [INFO] REQ: POST /predict - Status: 200 - Czas: 92.52ms
[2025-12-20 14:12:23] [INFO] REQ: POST /predict - Status: 200 - Czas: 92.52ms
[2025-12-20 14:12:23] [INFO] REQ: POST /predict - Status: 200 - Czas: 63.85ms
[2025-12-20 14:12:23] [INFO] REQ: POST /predict - Status: 200 - Czas: 19.56ms
[2025-12-20 14:12:23] [INFO] REQ: POST /predict - Status: 200 - Czas: 73.47ms
[2025-12-20 14:12:23] [INFO] REQ: POST /predict - Status: 200 - Czas: 74.47ms
[2025-12-20 14:12:23] [INFO] REQ: POST /predict - Status: 200 - Czas: 86.66ms
[2025-12-20 14:12:23] [INFO] REQ: POST /predict - Status: 200 - Czas: 86.66ms
[2025-12-20 14:12:23] [INFO] REQ: POST /predict - Status: 200 - Czas: 17.40ms
[2025-12-20 14:12:23] [INFO] REQ: POST /predict - Status: 200 - Czas: 16.47ms
[2025-12-20 14:12:23] [INFO] REQ: POST /predict - Status: 200 - Czas: 41.78ms
[2025-12-20 14:12:23] [INFO] REQ: POST /predict - Status: 200 - Czas: 60.53ms
[2025-12-20 14:12:23] [INFO] REQ: POST /predict - Status: 200 - Czas: 78.30ms
[2025-12-20 14:12:23] [INFO] REQ: POST /predict - Status: 200 - Czas: 66.07ms
[2025-12-20 14:12:23] [INFO] REQ: POST /predict - Status: 200 - Czas: 51.10ms
[2025-12-20 14:12:23] [INFO] REQ: POST /predict - Status: 200 - Czas: 37.53ms
[2025-12-20 14:12:23] [INFO] REQ: POST /predict - Status: 200 - Czas: 48.45ms
[2025-12-20 14:12:23] [INFO] REQ: POST /predict - Status: 200 - Czas: 38.52ms
[2025-12-20 14:12:23] [INFO] REQ: POST /predict - Status: 200 - Czas: 39.53ms
[2025-12-20 14:12:23] [INFO] REQ: POST /predict - Status: 200 - Czas: 54.83ms
[2025-12-20 14:12:23] [INFO] REQ: POST /predict - Status: 200 - Czas: 78.18ms
[2025-12-20 14:12:23] [INFO] REQ: POST /predict - Status: 200 - Czas: 80.18ms
[2025-12-20 14:12:24] [INFO] REQ: POST /predict - Status: 200 - Czas: 122.02ms
[2025-12-20 14:12:24] [INFO] REQ: POST /predict - Status: 200 - Czas: 123.02ms
[2025-12-20 14:12:24] [INFO] REQ: POST /predict - Status: 200 - Czas: 23.22ms
[2025-12-20 14:12:24] [INFO] REQ: POST /predict - Status: 200 - Czas: 48.78ms
[2025-12-20 14:12:24] [INFO] REQ: POST /predict - Status: 200 - Czas: 92.43ms
[2025-12-20 14:12:24] [INFO] REQ: POST /predict - Status: 200 - Czas: 92.33ms
[2025-12-20 14:12:24] [INFO] REQ: POST /predict - Status: 200 - Czas: 91.32ms
[2025-12-20 14:12:24] [INFO] REQ: POST /predict - Status: 200 - Czas: 20.63ms
[2025-12-20 14:12:24] [INFO] REQ: POST /predict - Status: 200 - Czas: 74.09ms
[2025-12-20 14:12:24] [INFO] REQ: POST /predict - Status: 200 - Czas: 73.58ms
[2025-12-20 14:12:24] [INFO] REQ: POST /predict - Status: 200 - Czas: 72.57ms
[2025-12-20 14:12:24] [INFO] REQ: POST /predict - Status: 200 - Czas: 83.77ms
[2025-12-20 14:12:24] [INFO] REQ: POST /predict - Status: 200 - Czas: 16.91ms
[2025-12-20 14:12:24] [INFO] REQ: POST /predict - Status: 200 - Czas: 25.93ms
[2025-12-20 14:12:24] [INFO] REQ: POST /predict - Status: 200 - Czas: 40.06ms
[2025-12-20 14:12:24] [INFO] REQ: POST /predict - Status: 200 - Czas: 46.87ms
[2025-12-20 14:12:24] [INFO] REQ: POST /predict - Status: 200 - Czas: 48.38ms
[2025-12-20 14:12:24] [INFO] REQ: POST /predict - Status: 200 - Czas: 31.98ms
[2025-12-20 14:12:24] [INFO] REQ: POST /predict - Status: 200 - Czas: 45.10ms
[2025-12-20 14:12:24] [INFO] REQ: POST /predict - Status: 200 - Czas: 62.93ms
[2025-12-20 14:12:24] [INFO] REQ: POST /predict - Status: 200 - Czas: 77.59ms
[2025-12-20 14:12:24] [INFO] REQ: POST /predict - Status: 200 - Czas: 77.59ms
[2025-12-20 14:12:24] [INFO] REQ: POST /predict - Status: 200 - Czas: 36.00ms
[2025-12-20 14:12:24] [INFO] REQ: POST /predict - Status: 200 - Czas: 42.01ms
[2025-12-20 14:12:24] [INFO] REQ: POST /predict - Status: 200 - Czas: 49.12ms
[2025-12-20 14:12:24] [INFO] REQ: POST /predict - Status: 200 - Czas: 66.17ms
[2025-12-20 14:12:24] [INFO] REQ: POST /predict - Status: 200 - Czas: 67.17ms
[2025-12-20 14:12:24] [INFO] REQ: POST /predict - Status: 200 - Czas: 58.47ms
[2025-12-20 14:12:24] [INFO] REQ: POST /predict - Status: 200 - Czas: 40.94ms
[2025-12-20 14:12:24] [INFO] REQ: POST /predict - Status: 200 - Czas: 42.35ms
[2025-12-20 14:12:24] [INFO] REQ: POST /predict - Status: 200 - Czas: 68.56ms
[2025-12-20 14:12:24] [INFO] REQ: POST /predict - Status: 200 - Czas: 70.06ms
[2025-12-20 14:12:24] [INFO] REQ: POST /predict - Status: 200 - Czas: 71.35ms
[2025-12-20 14:12:24] [INFO] REQ: POST /predict - Status: 200 - Czas: 73.35ms
[2025-12-20 14:12:24] [INFO] REQ: POST /predict - Status: 200 - Czas: 22.08ms
[2025-12-20 14:12:24] [INFO] REQ: POST /predict - Status: 200 - Czas: 59.39ms
[2025-12-20 14:12:24] [INFO] REQ: POST /predict - Status: 200 - Czas: 59.39ms
[2025-12-20 14:12:24] [INFO] REQ: POST /predict - Status: 200 - Czas: 84.73ms
[2025-12-20 14:12:24] [INFO] REQ: POST /predict - Status: 200 - Czas: 85.13ms
[2025-12-20 14:12:24] [INFO] REQ: POST /predict - Status: 200 - Czas: 23.33ms
[2025-12-20 14:12:24] [INFO] REQ: POST /predict - Status: 200 - Czas: 18.76ms
[2025-12-20 14:12:24] [INFO] REQ: POST /predict - Status: 200 - Czas: 68.42ms
[2025-12-20 14:12:24] [INFO] REQ: POST /predict - Status: 200 - Czas: 70.96ms
[2025-12-20 14:12:24] [INFO] REQ: POST /predict - Status: 200 - Czas: 70.97ms
[2025-12-20 14:12:24] [INFO] REQ: POST /predict - Status: 200 - Czas: 27.28ms
[2025-12-20 14:12:24] [INFO] REQ: POST /predict - Status: 200 - Czas: 20.75ms
[2025-12-20 14:12:24] [INFO] REQ: POST /predict - Status: 200 - Czas: 71.69ms
[2025-12-20 14:12:24] [INFO] REQ: POST /predict - Status: 200 - Czas: 72.20ms
[2025-12-20 14:12:24] [INFO] REQ: POST /predict - Status: 200 - Czas: 72.20ms
[2025-12-20 14:12:25] [INFO] REQ: POST /predict - Status: 200 - Czas: 68.99ms
[2025-12-20 14:12:25] [INFO] REQ: POST /predict - Status: 200 - Czas: 21.58ms
[2025-12-20 14:12:25] [INFO] REQ: POST /predict - Status: 200 - Czas: 35.71ms
[2025-12-20 14:12:25] [INFO] REQ: POST /predict - Status: 200 - Czas: 60.76ms
[2025-12-20 14:12:25] [INFO] REQ: POST /predict - Status: 200 - Czas: 61.76ms
[2025-12-20 14:12:25] [INFO] REQ: POST /predict - Status: 200 - Czas: 62.77ms
[2025-12-20 14:12:25] [INFO] REQ: POST /predict - Status: 200 - Czas: 41.64ms
[2025-12-20 14:12:25] [INFO] REQ: POST /predict - Status: 200 - Czas: 27.06ms
[2025-12-20 14:12:25] [INFO] REQ: POST /predict - Status: 200 - Czas: 46.17ms
[2025-12-20 14:12:25] [INFO] REQ: POST /predict - Status: 200 - Czas: 58.70ms
[2025-12-20 14:12:25] [INFO] REQ: POST /predict - Status: 200 - Czas: 65.02ms
[2025-12-20 14:12:25] [INFO] REQ: POST /predict - Status: 200 - Czas: 65.02ms
[2025-12-20 14:12:25] [INFO] REQ: POST /predict - Status: 200 - Czas: 51.45ms
[2025-12-20 14:12:25] [INFO] REQ: POST /predict - Status: 200 - Czas: 52.45ms
[2025-12-20 14:12:25] [INFO] REQ: POST /predict - Status: 200 - Czas: 16.05ms
[2025-12-20 14:12:25] [INFO] REQ: POST /predict - Status: 200 - Czas: 63.79ms
[2025-12-20 14:12:25] [INFO] REQ: POST /predict - Status: 200 - Czas: 63.78ms
[2025-12-20 14:12:25] [INFO] REQ: POST /predict - Status: 200 - Czas: 25.14ms
[2025-12-20 14:12:25] [INFO] REQ: POST /predict - Status: 200 - Czas: 47.52ms
[2025-12-20 14:12:25] [INFO] REQ: POST /predict - Status: 200 - Czas: 39.43ms
[2025-12-20 14:12:25] [INFO] REQ: POST /predict - Status: 200 - Czas: 57.47ms
[2025-12-20 14:12:25] [INFO] REQ: POST /predict - Status: 200 - Czas: 77.00ms
[2025-12-20 14:12:25] [INFO] REQ: POST /predict - Status: 200 - Czas: 54.91ms
[2025-12-20 14:12:25] [INFO] REQ: POST /predict - Status: 200 - Czas: 56.42ms
[2025-12-20 14:12:25] [INFO] REQ: POST /predict - Status: 200 - Czas: 21.63ms
[2025-12-20 14:12:25] [INFO] REQ: POST /predict - Status: 200 - Czas: 55.45ms
[2025-12-20 14:12:25] [INFO] REQ: POST /predict - Status: 200 - Czas: 52.94ms
[2025-12-20 14:12:25] [INFO] REQ: POST /predict - Status: 200 - Czas: 67.98ms
[2025-12-20 14:12:25] [INFO] REQ: POST /predict - Status: 200 - Czas: 68.50ms
[2025-12-20 14:12:25] [INFO] REQ: POST /predict - Status: 200 - Czas: 19.81ms
[2025-12-20 14:12:25] [INFO] REQ: POST /predict - Status: 200 - Czas: 21.94ms
[2025-12-20 14:12:25] [INFO] REQ: POST /predict - Status: 200 - Czas: 70.23ms
[2025-12-20 14:12:25] [INFO] REQ: POST /predict - Status: 200 - Czas: 68.23ms
[2025-12-20 14:12:25] [INFO] REQ: POST /predict - Status: 200 - Czas: 67.33ms
[2025-12-20 14:12:25] [INFO] REQ: POST /predict - Status: 200 - Czas: 72.63ms
[2025-12-20 14:12:25] [INFO] REQ: POST /predict - Status: 200 - Czas: 17.60ms
[2025-12-20 14:12:25] [INFO] REQ: POST /predict - Status: 200 - Czas: 20.06ms
[2025-12-20 14:12:25] [INFO] REQ: POST /predict - Status: 200 - Czas: 66.28ms
[2025-12-20 14:12:25] [INFO] REQ: POST /predict - Status: 200 - Czas: 67.29ms
[2025-12-20 14:12:25] [INFO] REQ: POST /predict - Status: 200 - Czas: 68.94ms
[2025-12-20 14:12:25] [INFO] REQ: POST /predict - Status: 200 - Czas: 64.46ms
[2025-12-20 14:12:25] [INFO] REQ: POST /predict - Status: 200 - Czas: 26.70ms
[2025-12-20 14:12:25] [INFO] REQ: POST /predict - Status: 200 - Czas: 27.15ms
[2025-12-20 14:12:25] [INFO] REQ: POST /predict - Status: 200 - Czas: 90.90ms
[2025-12-20 14:12:25] [INFO] REQ: POST /predict - Status: 200 - Czas: 93.29ms
[2025-12-20 14:12:25] [INFO] REQ: POST /predict - Status: 200 - Czas: 93.29ms
[2025-12-20 14:12:25] [INFO] REQ: POST /predict - Status: 200 - Czas: 89.68ms
[2025-12-20 14:12:25] [INFO] REQ: POST /predict - Status: 200 - Czas: 25.55ms
[2025-12-20 14:12:26] [INFO] REQ: POST /predict - Status: 200 - Czas: 20.63ms
[2025-12-20 14:12:26] [INFO] REQ: POST /predict - Status: 200 - Czas: 40.81ms
[2025-12-20 14:12:26] [INFO] REQ: POST /predict - Status: 200 - Czas: 73.90ms
[2025-12-20 14:12:26] [INFO] REQ: POST /predict - Status: 200 - Czas: 75.33ms
[2025-12-20 14:12:26] [INFO] REQ: POST /predict - Status: 200 - Czas: 79.26ms
[2025-12-20 14:12:26] [INFO] REQ: POST /predict - Status: 200 - Czas: 21.42ms
[2025-12-20 14:12:26] [INFO] REQ: POST /predict - Status: 200 - Czas: 17.16ms
[2025-12-20 14:12:26] [INFO] REQ: POST /predict - Status: 200 - Czas: 68.57ms
[2025-12-20 14:12:26] [INFO] REQ: POST /predict - Status: 200 - Czas: 70.08ms
[2025-12-20 14:12:26] [INFO] REQ: POST /predict - Status: 200 - Czas: 70.08ms
[2025-12-20 14:12:26] [INFO] REQ: POST /predict - Status: 200 - Czas: 20.81ms
[2025-12-20 14:12:26] [INFO] REQ: POST /predict - Status: 200 - Czas: 24.14ms
[2025-12-20 14:12:26] [INFO] REQ: POST /predict - Status: 200 - Czas: 72.80ms
[2025-12-20 14:12:26] [INFO] REQ: POST /predict - Status: 200 - Czas: 94.45ms
[2025-12-20 14:12:26] [INFO] REQ: POST /predict - Status: 200 - Czas: 96.45ms
[2025-12-20 14:12:26] [INFO] REQ: POST /predict - Status: 200 - Czas: 86.35ms
[2025-12-20 14:12:26] [INFO] REQ: POST /predict - Status: 200 - Czas: 29.68ms
[2025-12-20 14:12:26] [INFO] REQ: POST /predict - Status: 200 - Czas: 50.26ms
[2025-12-20 14:12:26] [INFO] REQ: POST /predict - Status: 200 - Czas: 78.02ms
[2025-12-20 14:12:26] [INFO] REQ: POST /predict - Status: 200 - Czas: 78.02ms
[2025-12-20 14:12:26] [INFO] REQ: POST /predict - Status: 200 - Czas: 101.50ms
[2025-12-20 14:12:26] [INFO] REQ: POST /predict - Status: 200 - Czas: 17.69ms
[2025-12-20 14:12:26] [INFO] REQ: POST /predict - Status: 200 - Czas: 36.82ms
[2025-12-20 14:12:26] [INFO] REQ: POST /predict - Status: 200 - Czas: 87.45ms
[2025-12-20 14:12:26] [INFO] REQ: POST /predict - Status: 200 - Czas: 86.45ms
[2025-12-20 14:12:26] [INFO] REQ: POST /predict - Status: 200 - Czas: 87.46ms
[2025-12-20 14:12:26] [INFO] REQ: POST /predict - Status: 200 - Czas: 20.66ms
[2025-12-20 14:12:26] [INFO] REQ: POST /predict - Status: 200 - Czas: 21.60ms
[2025-12-20 14:12:26] [INFO] REQ: POST /predict - Status: 200 - Czas: 70.59ms
[2025-12-20 14:12:26] [INFO] REQ: POST /predict - Status: 200 - Czas: 70.59ms
[2025-12-20 14:12:26] [INFO] REQ: POST /predict - Status: 200 - Czas: 71.59ms
[2025-12-20 14:12:26] [INFO] REQ: POST /predict - Status: 200 - Czas: 68.54ms
[2025-12-20 14:12:26] [INFO] REQ: POST /predict - Status: 200 - Czas: 23.84ms
[2025-12-20 14:12:26] [INFO] REQ: POST /predict - Status: 200 - Czas: 47.44ms
[2025-12-20 14:12:26] [INFO] REQ: POST /predict - Status: 200 - Czas: 54.48ms
[2025-12-20 14:12:26] [INFO] REQ: POST /predict - Status: 200 - Czas: 84.65ms
[2025-12-20 14:12:26] [INFO] REQ: POST /predict - Status: 200 - Czas: 68.72ms
[2025-12-20 14:12:26] [INFO] REQ: POST /predict - Status: 200 - Czas: 68.72ms
[2025-12-20 14:12:26] [INFO] REQ: POST /predict - Status: 200 - Czas: 64.70ms
[2025-12-20 14:12:26] [INFO] REQ: POST /predict - Status: 200 - Czas: 35.97ms
[2025-12-20 14:12:26] [INFO] REQ: POST /predict - Status: 200 - Czas: 38.97ms
[2025-12-20 14:12:26] [INFO] REQ: POST /predict - Status: 200 - Czas: 51.09ms
[2025-12-20 14:12:26] [INFO] REQ: POST /predict - Status: 200 - Czas: 51.09ms
[2025-12-20 14:12:26] [INFO] REQ: POST /predict - Status: 200 - Czas: 53.09ms
[2025-12-20 14:12:26] [INFO] REQ: POST /predict - Status: 200 - Czas: 21.10ms
[2025-12-20 14:12:26] [INFO] REQ: POST /predict - Status: 200 - Czas: 36.81ms
[2025-12-20 14:12:26] [INFO] REQ: POST /predict - Status: 200 - Czas: 43.99ms
[2025-12-20 14:12:27] [INFO] REQ: POST /predict - Status: 200 - Czas: 44.99ms
[2025-12-20 14:12:27] [INFO] REQ: POST /predict - Status: 200 - Czas: 46.66ms
[2025-12-20 14:12:27] [INFO] REQ: POST /predict - Status: 200 - Czas: 21.97ms
[2025-12-20 14:12:27] [INFO] REQ: POST /predict - Status: 200 - Czas: 37.01ms
[2025-12-20 14:12:27] [INFO] REQ: POST /predict - Status: 200 - Czas: 68.29ms
[2025-12-20 14:12:27] [INFO] REQ: POST /predict - Status: 200 - Czas: 68.29ms
[2025-12-20 14:12:27] [INFO] REQ: POST /predict - Status: 200 - Czas: 69.29ms
[2025-12-20 14:12:27] [INFO] REQ: POST /predict - Status: 200 - Czas: 24.89ms
[2025-12-20 14:12:27] [INFO] REQ: POST /predict - Status: 200 - Czas: 44.05ms
[2025-12-20 14:12:27] [INFO] REQ: POST /predict - Status: 200 - Czas: 82.32ms
[2025-12-20 14:12:27] [INFO] REQ: POST /predict - Status: 200 - Czas: 83.33ms
[2025-12-20 14:12:27] [INFO] REQ: POST /predict - Status: 200 - Czas: 83.83ms
[2025-12-20 14:12:27] [INFO] REQ: POST /predict - Status: 200 - Czas: 23.11ms
[2025-12-20 14:12:27] [INFO] REQ: POST /predict - Status: 200 - Czas: 53.39ms
[2025-12-20 14:12:27] [INFO] REQ: POST /predict - Status: 200 - Czas: 54.38ms
[2025-12-20 14:12:27] [INFO] REQ: POST /predict - Status: 200 - Czas: 54.38ms
[2025-12-20 14:12:27] [INFO] REQ: POST /predict - Status: 200 - Czas: 73.15ms
[2025-12-20 14:12:27] [INFO] REQ: POST /predict - Status: 200 - Czas: 23.30ms
[2025-12-20 14:12:27] [INFO] REQ: POST /predict - Status: 200 - Czas: 22.06ms
[2025-12-20 14:12:27] [INFO] REQ: POST /predict - Status: 200 - Czas: 76.30ms
[2025-12-20 14:12:27] [INFO] REQ: POST /predict - Status: 200 - Czas: 78.30ms
[2025-12-20 14:12:27] [INFO] REQ: POST /predict - Status: 200 - Czas: 78.30ms
[2025-12-20 14:12:27] [INFO] REQ: POST /predict - Status: 200 - Czas: 71.77ms
[2025-12-20 14:12:27] [INFO] REQ: POST /predict - Status: 200 - Czas: 17.79ms
[2025-12-20 14:12:27] [INFO] REQ: POST /predict - Status: 200 - Czas: 28.36ms
[2025-12-20 14:12:27] [INFO] REQ: POST /predict - Status: 200 - Czas: 61.21ms
[2025-12-20 14:12:27] [INFO] REQ: POST /predict - Status: 200 - Czas: 80.81ms
[2025-12-20 14:12:27] [INFO] REQ: POST /predict - Status: 200 - Czas: 81.81ms
[2025-12-20 14:12:27] [INFO] REQ: POST /predict - Status: 200 - Czas: 70.69ms
[2025-12-20 14:12:27] [INFO] REQ: POST /predict - Status: 200 - Czas: 44.50ms
[2025-12-20 14:12:27] [INFO] REQ: POST /predict - Status: 200 - Czas: 46.01ms
[2025-12-20 14:12:27] [INFO] REQ: POST /predict - Status: 200 - Czas: 87.25ms
[2025-12-20 14:12:27] [INFO] REQ: POST /predict - Status: 200 - Czas: 101.78ms
[2025-12-20 14:12:27] [INFO] REQ: POST /predict - Status: 200 - Czas: 101.78ms
[2025-12-20 14:12:27] [INFO] REQ: POST /predict - Status: 200 - Czas: 36.19ms
[2025-12-20 14:12:27] [INFO] REQ: POST /predict - Status: 200 - Czas: 60.16ms
[2025-12-20 14:12:27] [INFO] REQ: POST /predict - Status: 200 - Czas: 86.52ms
[2025-12-20 14:12:27] [INFO] REQ: POST /predict - Status: 200 - Czas: 88.28ms
[2025-12-20 14:12:27] [INFO] REQ: POST /predict - Status: 200 - Czas: 88.28ms
[2025-12-20 14:12:27] [INFO] REQ: POST /predict - Status: 200 - Czas: 19.23ms
[2025-12-20 14:12:27] [INFO] REQ: POST /predict - Status: 200 - Czas: 26.51ms
[2025-12-20 14:12:27] [INFO] REQ: POST /predict - Status: 200 - Czas: 81.49ms
[2025-12-20 14:12:27] [INFO] REQ: POST /predict - Status: 200 - Czas: 78.99ms
[2025-12-20 14:12:27] [INFO] REQ: POST /predict - Status: 200 - Czas: 79.99ms
[2025-12-20 14:12:27] [INFO] REQ: POST /predict - Status: 200 - Czas: 82.09ms
[2025-12-20 14:12:27] [INFO] REQ: POST /predict - Status: 200 - Czas: 26.67ms
[2025-12-20 14:12:27] [INFO] REQ: POST /predict - Status: 200 - Czas: 26.89ms
[2025-12-20 14:12:28] [INFO] REQ: POST /predict - Status: 200 - Czas: 56.55ms
[2025-12-20 14:12:28] [INFO] REQ: POST /predict - Status: 200 - Czas: 56.55ms
[2025-12-20 14:12:28] [INFO] REQ: POST /predict - Status: 200 - Czas: 39.90ms
[2025-12-20 14:12:28] [INFO] REQ: POST /predict - Status: 200 - Czas: 46.20ms
[2025-12-20 14:12:28] [INFO] REQ: POST /predict - Status: 200 - Czas: 97.21ms
[2025-12-20 14:12:28] [INFO] REQ: POST /predict - Status: 200 - Czas: 96.71ms
[2025-12-20 14:12:28] [INFO] REQ: POST /predict - Status: 200 - Czas: 96.71ms
[2025-12-20 14:12:28] [INFO] REQ: POST /predict - Status: 200 - Czas: 68.19ms
[2025-12-20 14:12:28] [INFO] REQ: POST /predict - Status: 200 - Czas: 78.77ms
[2025-12-20 14:12:28] [INFO] REQ: POST /predict - Status: 200 - Czas: 102.16ms
[2025-12-20 14:12:28] [INFO] REQ: POST /predict - Status: 200 - Czas: 100.10ms
[2025-12-20 14:12:28] [INFO] REQ: POST /predict - Status: 200 - Czas: 77.23ms
[2025-12-20 14:12:28] [INFO] REQ: POST /predict - Status: 200 - Czas: 78.23ms
[2025-12-20 14:12:28] [INFO] REQ: POST /predict - Status: 200 - Czas: 30.89ms
[2025-12-20 14:12:28] [INFO] REQ: POST /predict - Status: 200 - Czas: 39.06ms
[2025-12-20 14:12:28] [INFO] REQ: POST /predict - Status: 200 - Czas: 67.89ms
[2025-12-20 14:12:28] [INFO] REQ: POST /predict - Status: 200 - Czas: 68.89ms
[2025-12-20 14:12:28] [INFO] REQ: POST /predict - Status: 200 - Czas: 49.49ms
[2025-12-20 14:12:28] [INFO] REQ: POST /predict - Status: 200 - Czas: 40.43ms
[2025-12-20 14:12:28] [INFO] REQ: POST /predict - Status: 200 - Czas: 22.21ms
[2025-12-20 14:12:28] [INFO] REQ: POST /predict - Status: 200 - Czas: 66.03ms
[2025-12-20 14:12:28] [INFO] REQ: POST /predict - Status: 200 - Czas: 67.03ms
[2025-12-20 14:12:28] [INFO] REQ: POST /predict - Status: 200 - Czas: 86.46ms
[2025-12-20 14:12:28] [INFO] REQ: POST /predict - Status: 200 - Czas: 88.46ms
[2025-12-20 14:12:28] [INFO] REQ: POST /predict - Status: 200 - Czas: 60.35ms
[2025-12-20 14:12:28] [INFO] REQ: POST /predict - Status: 200 - Czas: 88.33ms
[2025-12-20 14:12:28] [INFO] REQ: POST /predict - Status: 200 - Czas: 88.33ms
[2025-12-20 14:12:28] [INFO] REQ: POST /predict - Status: 200 - Czas: 62.81ms
[2025-12-20 14:12:28] [INFO] REQ: POST /predict - Status: 200 - Czas: 62.81ms
[2025-12-20 14:12:28] [INFO] REQ: POST /predict - Status: 200 - Czas: 56.46ms
[2025-12-20 14:12:28] [INFO] REQ: POST /predict - Status: 200 - Czas: 82.79ms
[2025-12-20 14:12:28] [INFO] REQ: POST /predict - Status: 200 - Czas: 85.30ms
[2025-12-20 14:12:28] [INFO] REQ: POST /predict - Status: 200 - Czas: 99.58ms
[2025-12-20 14:12:28] [INFO] REQ: POST /predict - Status: 200 - Czas: 91.52ms
[2025-12-20 14:12:28] [INFO] REQ: POST /predict - Status: 200 - Czas: 21.37ms
[2025-12-20 14:12:28] [INFO] REQ: POST /predict - Status: 200 - Czas: 56.56ms
[2025-12-20 14:12:28] [INFO] REQ: POST /predict - Status: 200 - Czas: 55.56ms
[2025-12-20 14:12:28] [INFO] REQ: POST /predict - Status: 200 - Czas: 58.53ms
[2025-12-20 14:12:28] [INFO] REQ: POST /predict - Status: 200 - Czas: 75.77ms
[2025-12-20 14:12:28] [INFO] REQ: POST /predict - Status: 200 - Czas: 39.06ms
[2025-12-20 14:12:29] [INFO] REQ: POST /predict - Status: 200 - Czas: 28.20ms
[2025-12-20 14:12:29] [INFO] REQ: POST /predict - Status: 200 - Czas: 68.42ms
[2025-12-20 14:12:29] [INFO] REQ: POST /predict - Status: 200 - Czas: 68.42ms
[2025-12-20 14:12:29] [INFO] REQ: POST /predict - Status: 200 - Czas: 93.09ms
[2025-12-20 14:12:29] [INFO] REQ: POST /predict - Status: 200 - Czas: 94.60ms
[2025-12-20 14:12:29] [INFO] REQ: POST /predict - Status: 200 - Czas: 62.54ms
[2025-12-20 14:12:29] [INFO] REQ: POST /predict - Status: 200 - Czas: 64.10ms
[2025-12-20 14:12:29] [INFO] REQ: POST /predict - Status: 200 - Czas: 64.63ms
[2025-12-20 14:12:29] [INFO] REQ: POST /predict - Status: 200 - Czas: 22.73ms
[2025-12-20 14:12:29] [INFO] REQ: POST /predict - Status: 200 - Czas: 41.22ms
[2025-12-20 14:12:29] [INFO] REQ: POST /predict - Status: 200 - Czas: 75.37ms
[2025-12-20 14:12:29] [INFO] REQ: POST /predict - Status: 200 - Czas: 74.37ms
[2025-12-20 14:12:29] [INFO] REQ: POST /predict - Status: 200 - Czas: 69.99ms
[2025-12-20 14:12:29] [INFO] REQ: POST /predict - Status: 200 - Czas: 39.14ms
[2025-12-20 14:12:29] [INFO] REQ: POST /predict - Status: 200 - Czas: 46.82ms
[2025-12-20 14:12:29] [INFO] REQ: POST /predict - Status: 200 - Czas: 48.83ms
[2025-12-20 14:12:29] [INFO] REQ: POST /predict - Status: 200 - Czas: 17.38ms
[2025-12-20 14:12:29] [INFO] REQ: POST /predict - Status: 200 - Czas: 53.84ms
[2025-12-20 14:12:29] [INFO] REQ: POST /predict - Status: 200 - Czas: 55.02ms
[2025-12-20 14:12:29] [INFO] REQ: POST /predict - Status: 200 - Czas: 57.39ms
[2025-12-20 14:12:29] [INFO] REQ: POST /predict - Status: 200 - Czas: 38.44ms
[2025-12-20 14:12:29] [INFO] REQ: POST /predict - Status: 200 - Czas: 36.91ms
[2025-12-20 14:12:29] [INFO] REQ: POST /predict - Status: 200 - Czas: 51.49ms
[2025-12-20 14:12:29] [INFO] REQ: POST /predict - Status: 200 - Czas: 51.49ms
[2025-12-20 14:12:29] [INFO] REQ: POST /predict - Status: 200 - Czas: 47.82ms
[2025-12-20 14:12:29] [INFO] REQ: POST /predict - Status: 200 - Czas: 34.88ms
[2025-12-20 14:12:29] [INFO] REQ: POST /predict - Status: 200 - Czas: 37.89ms
[2025-12-20 14:12:29] [INFO] REQ: POST /predict - Status: 200 - Czas: 34.87ms
[2025-12-20 14:12:29] [INFO] REQ: POST /predict - Status: 200 - Czas: 53.00ms
[2025-12-20 14:12:29] [INFO] REQ: POST /predict - Status: 200 - Czas: 59.66ms
[2025-12-20 14:12:29] [INFO] REQ: POST /predict - Status: 200 - Czas: 65.26ms
[2025-12-20 14:12:29] [INFO] REQ: POST /predict - Status: 200 - Czas: 48.55ms
[2025-12-20 14:12:29] [INFO] REQ: POST /predict - Status: 200 - Czas: 59.80ms
[2025-12-20 14:12:29] [INFO] REQ: POST /predict - Status: 200 - Czas: 59.80ms
[2025-12-20 14:12:29] [INFO] REQ: POST /predict - Status: 200 - Czas: 51.22ms
[2025-12-20 14:12:29] [INFO] REQ: POST /predict - Status: 200 - Czas: 45.03ms
[2025-12-20 14:12:29] [INFO] REQ: POST /predict - Status: 200 - Czas: 53.61ms
[2025-12-20 14:12:29] [INFO] REQ: POST /predict - Status: 200 - Czas: 69.66ms
[2025-12-20 14:12:29] [INFO] REQ: POST /predict - Status: 200 - Czas: 69.07ms
[2025-12-20 14:12:29] [INFO] REQ: POST /predict - Status: 200 - Czas: 69.07ms
[2025-12-20 14:12:29] [INFO] REQ: POST /predict - Status: 200 - Czas: 54.98ms
[2025-12-20 14:12:29] [INFO] REQ: POST /predict - Status: 200 - Czas: 52.30ms
[2025-12-20 14:12:29] [INFO] REQ: POST /predict - Status: 200 - Czas: 55.37ms
[2025-12-20 14:12:29] [INFO] REQ: POST /predict - Status: 200 - Czas: 55.37ms
[2025-12-20 14:12:29] [INFO] REQ: POST /predict - Status: 200 - Czas: 52.36ms
[2025-12-20 14:12:29] [INFO] REQ: POST /predict - Status: 200 - Czas: 38.79ms
[2025-12-20 14:12:29] [INFO] REQ: POST /predict - Status: 200 - Czas: 36.83ms
[2025-12-20 14:12:30] [INFO] REQ: POST /predict - Status: 200 - Czas: 54.15ms
[2025-12-20 14:12:30] [INFO] REQ: POST /predict - Status: 200 - Czas: 54.15ms
[2025-12-20 14:12:30] [INFO] REQ: POST /predict - Status: 200 - Czas: 51.22ms
[2025-12-20 14:12:30] [INFO] REQ: POST /predict - Status: 200 - Czas: 38.26ms
[2025-12-20 14:12:30] [INFO] REQ: POST /predict - Status: 200 - Czas: 50.61ms
[2025-12-20 14:12:30] [INFO] REQ: POST /predict - Status: 200 - Czas: 67.70ms
[2025-12-20 14:12:30] [INFO] REQ: POST /predict - Status: 200 - Czas: 67.71ms
[2025-12-20 14:12:30] [INFO] REQ: POST /predict - Status: 200 - Czas: 54.35ms
[2025-12-20 14:12:30] [INFO] REQ: POST /predict - Status: 200 - Czas: 55.85ms
[2025-12-20 14:12:30] [INFO] REQ: POST /predict - Status: 200 - Czas: 38.21ms
[2025-12-20 14:12:30] [INFO] REQ: POST /predict - Status: 200 - Czas: 38.21ms
[2025-12-20 14:12:30] [INFO] REQ: POST /predict - Status: 200 - Czas: 39.29ms
[2025-12-20 14:12:30] [INFO] REQ: POST /predict - Status: 200 - Czas: 40.29ms
[2025-12-20 14:12:30] [INFO] REQ: POST /predict - Status: 200 - Czas: 44.40ms
[2025-12-20 14:12:30] [INFO] REQ: POST /predict - Status: 200 - Czas: 65.31ms
[2025-12-20 14:12:30] [INFO] REQ: POST /predict - Status: 200 - Czas: 65.31ms
[2025-12-20 14:12:30] [INFO] REQ: POST /predict - Status: 200 - Czas: 70.71ms
[2025-12-20 14:12:30] [INFO] REQ: POST /predict - Status: 200 - Czas: 72.12ms
[2025-12-20 14:12:30] [INFO] REQ: POST /predict - Status: 200 - Czas: 25.04ms
[2025-12-20 14:12:30] [INFO] REQ: POST /predict - Status: 200 - Czas: 31.14ms
[2025-12-20 14:12:30] [INFO] REQ: POST /predict - Status: 200 - Czas: 76.09ms
[2025-12-20 14:12:30] [INFO] REQ: POST /predict - Status: 200 - Czas: 92.91ms
[2025-12-20 14:12:30] [INFO] REQ: POST /predict - Status: 200 - Czas: 93.91ms
[2025-12-20 14:12:30] [INFO] REQ: POST /predict - Status: 200 - Czas: 80.88ms
[2025-12-20 14:12:30] [INFO] REQ: POST /predict - Status: 200 - Czas: 22.03ms
[2025-12-20 14:12:30] [INFO] REQ: POST /predict - Status: 200 - Czas: 21.10ms
[2025-12-20 14:12:30] [INFO] REQ: POST /predict - Status: 200 - Czas: 55.01ms
[2025-12-20 14:12:30] [INFO] REQ: POST /predict - Status: 200 - Czas: 78.73ms
[2025-12-20 14:12:30] [INFO] REQ: POST /predict - Status: 200 - Czas: 79.73ms
[2025-12-20 14:12:30] [INFO] REQ: POST /predict - Status: 200 - Czas: 50.32ms
[2025-12-20 14:12:30] [INFO] REQ: POST /predict - Status: 200 - Czas: 57.84ms
[2025-12-20 14:12:30] [INFO] REQ: POST /predict - Status: 200 - Czas: 70.99ms
[2025-12-20 14:12:30] [INFO] REQ: POST /predict - Status: 200 - Czas: 72.50ms
[2025-12-20 14:12:30] [INFO] REQ: POST /predict - Status: 200 - Czas: 45.79ms
[2025-12-20 14:12:30] [INFO] REQ: POST /predict - Status: 200 - Czas: 47.30ms
[2025-12-20 14:12:30] [INFO] REQ: POST /predict - Status: 200 - Czas: 45.85ms
[2025-12-20 14:12:30] [INFO] REQ: POST /predict - Status: 200 - Czas: 48.36ms
[2025-12-20 14:12:30] [INFO] REQ: POST /predict - Status: 200 - Czas: 23.50ms
[2025-12-20 14:12:30] [INFO] REQ: POST /predict - Status: 200 - Czas: 40.16ms
[2025-12-20 14:12:30] [INFO] REQ: POST /predict - Status: 200 - Czas: 39.42ms
[2025-12-20 14:12:30] [INFO] REQ: POST /predict - Status: 200 - Czas: 51.95ms
[2025-12-20 14:12:30] [INFO] REQ: POST /predict - Status: 200 - Czas: 54.46ms
[2025-12-20 14:12:30] [INFO] REQ: POST /predict - Status: 200 - Czas: 44.96ms
[2025-12-20 14:12:30] [INFO] REQ: POST /predict - Status: 200 - Czas: 28.80ms
[2025-12-20 14:12:30] [INFO] REQ: POST /predict - Status: 200 - Czas: 23.54ms
[2025-12-20 14:12:30] [INFO] REQ: POST /predict - Status: 200 - Czas: 40.70ms
[2025-12-20 14:12:30] [INFO] REQ: POST /predict - Status: 200 - Czas: 78.03ms
[2025-12-20 14:12:30] [INFO] REQ: POST /predict - Status: 200 - Czas: 78.03ms
[2025-12-20 14:12:30] [INFO] REQ: POST /predict - Status: 200 - Czas: 78.03ms
[2025-12-20 14:12:31] [INFO] REQ: POST /predict - Status: 200 - Czas: 22.08ms
[2025-12-20 14:12:31] [INFO] REQ: POST /predict - Status: 200 - Czas: 22.56ms
[2025-12-20 14:12:31] [INFO] REQ: POST /predict - Status: 200 - Czas: 61.04ms
[2025-12-20 14:12:31] [INFO] REQ: POST /predict - Status: 200 - Czas: 62.54ms
[2025-12-20 14:12:31] [INFO] REQ: POST /predict - Status: 200 - Czas: 62.54ms
[2025-12-20 14:12:31] [INFO] REQ: POST /predict - Status: 200 - Czas: 25.15ms
[2025-12-20 14:12:31] [INFO] REQ: POST /predict - Status: 200 - Czas: 54.04ms
[2025-12-20 14:12:31] [INFO] REQ: POST /predict - Status: 200 - Czas: 72.77ms
[2025-12-20 14:12:31] [INFO] REQ: POST /predict - Status: 200 - Czas: 72.77ms
[2025-12-20 14:12:31] [INFO] REQ: POST /predict - Status: 200 - Czas: 74.78ms
[2025-12-20 14:12:31] [INFO] REQ: POST /predict - Status: 200 - Czas: 35.83ms
[2025-12-20 14:12:31] [INFO] REQ: POST /predict - Status: 200 - Czas: 30.76ms
[2025-12-20 14:12:31] [INFO] REQ: POST /predict - Status: 200 - Czas: 45.84ms
[2025-12-20 14:12:31] [INFO] REQ: POST /predict - Status: 200 - Czas: 58.87ms
[2025-12-20 14:12:31] [INFO] REQ: POST /predict - Status: 200 - Czas: 79.17ms
[2025-12-20 14:12:31] [INFO] REQ: POST /predict - Status: 200 - Czas: 77.67ms
[2025-12-20 14:12:31] [INFO] REQ: POST /predict - Status: 200 - Czas: 18.53ms
[2025-12-20 14:12:31] [INFO] REQ: POST /predict - Status: 200 - Czas: 43.28ms
[2025-12-20 14:12:31] [INFO] REQ: POST /predict - Status: 200 - Czas: 66.22ms
[2025-12-20 14:12:31] [INFO] REQ: POST /predict - Status: 200 - Czas: 68.22ms
[2025-12-20 14:12:31] [INFO] REQ: POST /predict - Status: 200 - Czas: 70.91ms
[2025-12-20 14:12:31] [INFO] REQ: POST /predict - Status: 200 - Czas: 71.42ms
[2025-12-20 14:12:31] [INFO] REQ: POST /predict - Status: 200 - Czas: 20.88ms
[2025-12-20 14:12:31] [INFO] REQ: POST /predict - Status: 200 - Czas: 19.54ms
[2025-12-20 14:12:31] [INFO] REQ: POST /predict - Status: 200 - Czas: 46.02ms
[2025-12-20 14:12:31] [INFO] REQ: POST /predict - Status: 200 - Czas: 75.19ms
[2025-12-20 14:12:31] [INFO] REQ: POST /predict - Status: 200 - Czas: 74.18ms
[2025-12-20 14:12:31] [INFO] REQ: POST /predict - Status: 200 - Czas: 100.56ms
[2025-12-20 14:12:31] [INFO] REQ: POST /predict - Status: 200 - Czas: 24.96ms
[2025-12-20 14:12:31] [INFO] REQ: POST /predict - Status: 200 - Czas: 17.60ms
[2025-12-20 14:12:31] [INFO] REQ: POST /predict - Status: 200 - Czas: 81.26ms
[2025-12-20 14:12:31] [INFO] REQ: POST /predict - Status: 200 - Czas: 82.27ms
[2025-12-20 14:12:31] [INFO] REQ: POST /predict - Status: 200 - Czas: 82.27ms
[2025-12-20 14:12:31] [INFO] REQ: POST /predict - Status: 200 - Czas: 91.46ms
[2025-12-20 14:12:31] [INFO] REQ: POST /predict - Status: 200 - Czas: 21.33ms
[2025-12-20 14:12:31] [INFO] REQ: POST /predict - Status: 200 - Czas: 45.15ms
[2025-12-20 14:12:31] [INFO] REQ: POST /predict - Status: 200 - Czas: 84.95ms
[2025-12-20 14:12:31] [INFO] REQ: POST /predict - Status: 200 - Czas: 84.95ms
[2025-12-20 14:12:31] [INFO] REQ: POST /predict - Status: 200 - Czas: 84.96ms
[2025-12-20 14:12:31] [INFO] REQ: POST /predict - Status: 200 - Czas: 24.48ms
[2025-12-20 14:12:31] [INFO] REQ: POST /predict - Status: 200 - Czas: 30.50ms
[2025-12-20 14:12:31] [INFO] REQ: POST /predict - Status: 200 - Czas: 26.60ms
[2025-12-20 14:12:31] [INFO] REQ: POST /predict - Status: 200 - Czas: 69.95ms
[2025-12-20 14:12:31] [INFO] REQ: POST /predict - Status: 200 - Czas: 69.95ms
[2025-12-20 14:12:31] [INFO] REQ: POST /predict - Status: 200 - Czas: 69.95ms
[2025-12-20 14:12:31] [INFO] REQ: POST /predict - Status: 200 - Czas: 60.47ms
[2025-12-20 14:12:31] [INFO] REQ: POST /predict - Status: 200 - Czas: 28.99ms
[2025-12-20 14:12:32] [INFO] REQ: POST /predict - Status: 200 - Czas: 34.96ms
[2025-12-20 14:12:32] [INFO] REQ: POST /predict - Status: 200 - Czas: 53.37ms
[2025-12-20 14:12:32] [INFO] REQ: POST /predict - Status: 200 - Czas: 69.96ms
[2025-12-20 14:12:32] [INFO] REQ: POST /predict - Status: 200 - Czas: 70.96ms
[2025-12-20 14:12:32] [INFO] REQ: POST /predict - Status: 200 - Czas: 45.30ms
[2025-12-20 14:12:32] [INFO] REQ: POST /predict - Status: 200 - Czas: 18.93ms
[2025-12-20 14:12:32] [INFO] REQ: POST /predict - Status: 200 - Czas: 39.27ms
[2025-12-20 14:12:32] [INFO] REQ: POST /predict - Status: 200 - Czas: 39.49ms
[2025-12-20 14:12:32] [INFO] REQ: POST /predict - Status: 200 - Czas: 76.20ms
[2025-12-20 14:12:32] [INFO] REQ: POST /predict - Status: 200 - Czas: 57.52ms
[2025-12-20 14:12:32] [INFO] REQ: POST /predict - Status: 200 - Czas: 55.43ms
[2025-12-20 14:12:32] [INFO] REQ: POST /predict - Status: 200 - Czas: 34.42ms
[2025-12-20 14:12:32] [INFO] REQ: POST /predict - Status: 200 - Czas: 43.69ms
[2025-12-20 14:12:32] [INFO] REQ: POST /predict - Status: 200 - Czas: 66.14ms
[2025-12-20 14:12:32] [INFO] REQ: POST /predict - Status: 200 - Czas: 66.14ms
[2025-12-20 14:12:32] [INFO] REQ: POST /predict - Status: 200 - Czas: 55.40ms
[2025-12-20 14:12:32] [INFO] REQ: POST /predict - Status: 200 - Czas: 35.77ms
[2025-12-20 14:12:32] [INFO] REQ: POST /predict - Status: 200 - Czas: 19.09ms
[2025-12-20 14:12:32] [INFO] REQ: POST /predict - Status: 200 - Czas: 53.24ms
[2025-12-20 14:12:32] [INFO] REQ: POST /predict - Status: 200 - Czas: 53.24ms
[2025-12-20 14:12:32] [INFO] REQ: POST /predict - Status: 200 - Czas: 69.05ms
[2025-12-20 14:12:32] [INFO] REQ: POST /predict - Status: 200 - Czas: 69.05ms
[2025-12-20 14:12:32] [INFO] REQ: POST /predict - Status: 200 - Czas: 20.05ms
[2025-12-20 14:12:32] [INFO] REQ: POST /predict - Status: 200 - Czas: 35.10ms
[2025-12-20 14:12:32] [INFO] REQ: POST /predict - Status: 200 - Czas: 53.67ms
[2025-12-20 14:12:32] [INFO] REQ: POST /predict - Status: 200 - Czas: 77.21ms
[2025-12-20 14:12:32] [INFO] REQ: POST /predict - Status: 200 - Czas: 78.21ms
[2025-12-20 14:12:32] [INFO] REQ: POST /predict - Status: 200 - Czas: 65.66ms
[2025-12-20 14:12:32] [INFO] REQ: POST /predict - Status: 200 - Czas: 24.37ms
[2025-12-20 14:12:32] [INFO] REQ: POST /predict - Status: 200 - Czas: 45.64ms
[2025-12-20 14:12:32] [INFO] REQ: POST /predict - Status: 200 - Czas: 80.15ms
[2025-12-20 14:12:32] [INFO] REQ: POST /predict - Status: 200 - Czas: 85.87ms
[2025-12-20 14:12:32] [INFO] REQ: POST /predict - Status: 200 - Czas: 87.38ms
[2025-12-20 14:12:32] [INFO] REQ: POST /predict - Status: 200 - Czas: 30.88ms
[2025-12-20 14:12:32] [INFO] REQ: POST /predict - Status: 200 - Czas: 23.85ms
[2025-12-20 14:12:32] [INFO] REQ: POST /predict - Status: 200 - Czas: 91.24ms
[2025-12-20 14:12:32] [INFO] REQ: POST /predict - Status: 200 - Czas: 92.74ms
[2025-12-20 14:12:32] [INFO] REQ: POST /predict - Status: 200 - Czas: 92.74ms
[2025-12-20 14:12:32] [INFO] REQ: POST /predict - Status: 200 - Czas: 87.73ms
[2025-12-20 14:12:32] [INFO] REQ: POST /predict - Status: 200 - Czas: 20.67ms
[2025-12-20 14:12:32] [INFO] REQ: POST /predict - Status: 200 - Czas: 28.88ms
[2025-12-20 14:12:32] [INFO] REQ: POST /predict - Status: 200 - Czas: 63.10ms
[2025-12-20 14:12:32] [INFO] REQ: POST /predict - Status: 200 - Czas: 91.98ms
[2025-12-20 14:12:32] [INFO] REQ: POST /predict - Status: 200 - Czas: 89.09ms
[2025-12-20 14:12:32] [INFO] REQ: POST /predict - Status: 200 - Czas: 111.89ms
[2025-12-20 14:12:32] [INFO] REQ: POST /predict - Status: 200 - Czas: 29.28ms
[2025-12-20 14:12:33] [INFO] REQ: POST /predict - Status: 200 - Czas: 28.39ms
[2025-12-20 14:12:33] [INFO] REQ: POST /predict - Status: 200 - Czas: 64.84ms
[2025-12-20 14:12:33] [INFO] REQ: POST /predict - Status: 200 - Czas: 80.55ms
[2025-12-20 14:12:33] [INFO] REQ: POST /predict - Status: 200 - Czas: 82.06ms
[2025-12-20 14:12:33] [INFO] REQ: POST /predict - Status: 200 - Czas: 76.46ms
[2025-12-20 14:12:33] [INFO] REQ: POST /predict - Status: 200 - Czas: 23.10ms
[2025-12-20 14:12:33] [INFO] REQ: POST /predict - Status: 200 - Czas: 28.36ms
[2025-12-20 14:12:33] [INFO] REQ: POST /predict - Status: 200 - Czas: 83.80ms
[2025-12-20 14:12:33] [INFO] REQ: POST /predict - Status: 200 - Czas: 83.80ms
[2025-12-20 14:12:33] [INFO] REQ: POST /predict - Status: 200 - Czas: 83.80ms
[2025-12-20 14:12:33] [INFO] REQ: POST /predict - Status: 200 - Czas: 82.18ms
[2025-12-20 14:12:33] [INFO] REQ: POST /predict - Status: 200 - Czas: 24.97ms
[2025-12-20 14:12:33] [INFO] REQ: POST /predict - Status: 200 - Czas: 32.68ms
[2025-12-20 14:12:33] [INFO] REQ: POST /predict - Status: 200 - Czas: 33.31ms
[2025-12-20 14:12:33] [INFO] REQ: POST /predict - Status: 200 - Czas: 74.46ms
[2025-12-20 14:12:33] [INFO] REQ: POST /predict - Status: 200 - Czas: 73.47ms
[2025-12-20 14:12:33] [INFO] REQ: POST /predict - Status: 200 - Czas: 64.40ms
[2025-12-20 14:12:33] [INFO] REQ: POST /predict - Status: 200 - Czas: 45.70ms
[2025-12-20 14:12:33] [INFO] REQ: POST /predict - Status: 200 - Czas: 46.71ms
[2025-12-20 14:12:33] [INFO] REQ: POST /predict - Status: 200 - Czas: 56.81ms
[2025-12-20 14:12:33] [INFO] REQ: POST /predict - Status: 200 - Czas: 58.80ms
[2025-12-20 14:12:33] [INFO] REQ: POST /predict - Status: 200 - Czas: 89.82ms
[2025-12-20 14:12:33] [INFO] REQ: POST /predict - Status: 200 - Czas: 86.28ms
[2025-12-20 14:12:33] [INFO] REQ: POST /predict - Status: 200 - Czas: 86.28ms
[2025-12-20 14:12:33] [INFO] REQ: POST /predict - Status: 200 - Czas: 49.81ms
[2025-12-20 14:12:33] [INFO] REQ: POST /predict - Status: 200 - Czas: 52.33ms
[2025-12-20 14:12:33] [INFO] REQ: POST /predict - Status: 200 - Czas: 26.63ms
[2025-12-20 14:12:33] [INFO] REQ: POST /predict - Status: 200 - Czas: 75.10ms
[2025-12-20 14:12:33] [INFO] REQ: POST /predict - Status: 200 - Czas: 75.10ms
[2025-12-20 14:12:33] [INFO] REQ: POST /predict - Status: 200 - Czas: 86.22ms
[2025-12-20 14:12:33] [INFO] REQ: POST /predict - Status: 200 - Czas: 86.22ms
[2025-12-20 14:12:33] [INFO] REQ: POST /predict - Status: 200 - Czas: 25.07ms
[2025-12-20 14:12:33] [INFO] REQ: POST /predict - Status: 200 - Czas: 30.11ms
[2025-12-20 14:12:33] [INFO] REQ: POST /predict - Status: 200 - Czas: 31.11ms
[2025-12-20 14:12:33] [INFO] REQ: POST /predict - Status: 200 - Czas: 49.29ms
[2025-12-20 14:12:33] [INFO] REQ: POST /predict - Status: 200 - Czas: 35.93ms
[2025-12-20 14:12:33] [INFO] REQ: POST /predict - Status: 200 - Czas: 52.15ms
[2025-12-20 14:12:33] [INFO] REQ: POST /predict - Status: 200 - Czas: 57.18ms
[2025-12-20 14:12:33] [INFO] REQ: POST /predict - Status: 200 - Czas: 74.45ms
[2025-12-20 14:12:33] [INFO] REQ: POST /predict - Status: 200 - Czas: 75.48ms
[2025-12-20 14:12:33] [INFO] REQ: POST /predict - Status: 200 - Czas: 55.89ms
[2025-12-20 14:12:33] [INFO] REQ: POST /predict - Status: 200 - Czas: 55.89ms
[2025-12-20 14:12:33] [INFO] REQ: POST /predict - Status: 200 - Czas: 15.76ms
[2025-12-20 14:12:33] [INFO] REQ: POST /predict - Status: 200 - Czas: 23.37ms
[2025-12-20 14:12:33] [INFO] REQ: POST /predict - Status: 200 - Czas: 44.48ms
[2025-12-20 14:12:33] [INFO] REQ: POST /predict - Status: 200 - Czas: 70.42ms
[2025-12-20 14:12:34] [INFO] REQ: POST /predict - Status: 200 - Czas: 78.88ms
[2025-12-20 14:12:34] [INFO] REQ: POST /predict - Status: 200 - Czas: 80.39ms
[2025-12-20 14:12:34] [INFO] REQ: POST /predict - Status: 200 - Czas: 18.24ms
[2025-12-20 14:12:34] [INFO] REQ: POST /predict - Status: 200 - Czas: 28.82ms
[2025-12-20 14:12:34] [INFO] REQ: POST /predict - Status: 200 - Czas: 86.63ms
[2025-12-20 14:12:34] [INFO] REQ: POST /predict - Status: 200 - Czas: 87.16ms
[2025-12-20 14:12:34] [INFO] REQ: POST /predict - Status: 200 - Czas: 87.68ms
[2025-12-20 14:12:34] [INFO] REQ: POST /predict - Status: 200 - Czas: 78.63ms
[2025-12-20 14:12:34] [INFO] REQ: POST /predict - Status: 200 - Czas: 16.18ms
[2025-12-20 14:12:34] [INFO] REQ: POST /predict - Status: 200 - Czas: 31.42ms
[2025-12-20 14:12:34] [INFO] REQ: POST /predict - Status: 200 - Czas: 82.38ms
[2025-12-20 14:12:34] [INFO] REQ: POST /predict - Status: 200 - Czas: 81.37ms
[2025-12-20 14:12:34] [INFO] REQ: POST /predict - Status: 200 - Czas: 82.88ms
[2025-12-20 14:12:34] [INFO] REQ: POST /predict - Status: 200 - Czas: 102.68ms
[2025-12-20 14:12:34] [INFO] REQ: POST /predict - Status: 200 - Czas: 25.80ms
[2025-12-20 14:12:34] [INFO] REQ: POST /predict - Status: 200 - Czas: 68.21ms
[2025-12-20 14:12:34] [INFO] REQ: POST /predict - Status: 200 - Czas: 68.21ms
[2025-12-20 14:12:34] [INFO] REQ: POST /predict - Status: 200 - Czas: 69.22ms
[2025-12-20 14:12:34] [INFO] REQ: POST /predict - Status: 200 - Czas: 70.34ms
[2025-12-20 14:12:34] [INFO] REQ: POST /predict - Status: 200 - Czas: 23.72ms
[2025-12-20 14:12:34] [INFO] REQ: POST /predict - Status: 200 - Czas: 41.97ms
[2025-12-20 14:12:34] [INFO] REQ: POST /predict - Status: 200 - Czas: 41.97ms
[2025-12-20 14:12:34] [INFO] REQ: POST /predict - Status: 200 - Czas: 55.77ms
[2025-12-20 14:12:34] [INFO] REQ: POST /predict - Status: 200 - Czas: 31.99ms
[2025-12-20 14:12:34] [INFO] REQ: POST /predict - Status: 200 - Czas: 43.57ms
[2025-12-20 14:12:34] [INFO] REQ: POST /predict - Status: 200 - Czas: 44.81ms
[2025-12-20 14:12:34] [INFO] REQ: POST /predict - Status: 200 - Czas: 60.19ms
[2025-12-20 14:12:34] [INFO] REQ: POST /predict - Status: 200 - Czas: 60.63ms
[2025-12-20 14:12:34] [INFO] REQ: POST /predict - Status: 200 - Czas: 62.22ms
[2025-12-20 14:12:34] [INFO] REQ: POST /predict - Status: 200 - Czas: 40.67ms
[2025-12-20 14:12:34] [INFO] REQ: POST /predict - Status: 200 - Czas: 42.18ms
[2025-12-20 14:12:34] [INFO] REQ: POST /predict - Status: 200 - Czas: 34.78ms
[2025-12-20 14:12:34] [INFO] REQ: POST /predict - Status: 200 - Czas: 81.47ms
[2025-12-20 14:12:34] [INFO] REQ: POST /predict - Status: 200 - Czas: 83.15ms
[2025-12-20 14:12:34] [INFO] REQ: POST /predict - Status: 200 - Czas: 95.52ms
[2025-12-20 14:12:34] [INFO] REQ: POST /predict - Status: 200 - Czas: 95.52ms
[2025-12-20 14:12:34] [INFO] REQ: POST /predict - Status: 200 - Czas: 23.30ms
[2025-12-20 14:12:34] [INFO] REQ: POST /predict - Status: 200 - Czas: 27.78ms
[2025-12-20 14:12:34] [INFO] REQ: POST /predict - Status: 200 - Czas: 57.53ms
[2025-12-20 14:12:34] [INFO] REQ: POST /predict - Status: 200 - Czas: 78.27ms
[2025-12-20 14:12:34] [INFO] REQ: POST /predict - Status: 200 - Czas: 95.54ms
[2025-12-20 14:12:34] [INFO] REQ: POST /predict - Status: 200 - Czas: 74.79ms
[2025-12-20 14:12:34] [INFO] REQ: POST /predict - Status: 200 - Czas: 20.25ms
[2025-12-20 14:12:34] [INFO] REQ: POST /predict - Status: 200 - Czas: 20.15ms
[2025-12-20 14:12:34] [INFO] REQ: POST /predict - Status: 200 - Czas: 47.87ms
[2025-12-20 14:12:34] [INFO] REQ: POST /predict - Status: 200 - Czas: 59.55ms
[2025-12-20 14:12:34] [INFO] REQ: POST /predict - Status: 200 - Czas: 58.55ms
[2025-12-20 14:12:34] [INFO] REQ: POST /predict - Status: 200 - Czas: 51.39ms
[2025-12-20 14:12:35] [INFO] REQ: POST /predict - Status: 200 - Czas: 34.08ms
[2025-12-20 14:12:35] [INFO] REQ: POST /predict - Status: 200 - Czas: 98.30ms
[2025-12-20 14:12:35] [INFO] REQ: POST /predict - Status: 200 - Czas: 98.30ms
[2025-12-20 14:12:35] [INFO] REQ: POST /predict - Status: 200 - Czas: 98.30ms
[2025-12-20 14:12:35] [INFO] REQ: POST /predict - Status: 200 - Czas: 85.74ms
[2025-12-20 14:12:35] [INFO] REQ: POST /predict - Status: 200 - Czas: 24.27ms
[2025-12-20 14:12:35] [INFO] REQ: POST /predict - Status: 200 - Czas: 31.23ms
[2025-12-20 14:12:35] [INFO] REQ: POST /predict - Status: 200 - Czas: 89.98ms
[2025-12-20 14:12:35] [INFO] REQ: POST /predict - Status: 200 - Czas: 88.85ms
[2025-12-20 14:12:35] [INFO] REQ: POST /predict - Status: 200 - Czas: 88.85ms
[2025-12-20 14:12:35] [INFO] REQ: POST /predict - Status: 200 - Czas: 82.55ms
[2025-12-20 14:12:35] [INFO] REQ: POST /predict - Status: 200 - Czas: 25.15ms
[2025-12-20 14:12:35] [INFO] REQ: POST /predict - Status: 200 - Czas: 19.71ms
[2025-12-20 14:12:35] [INFO] REQ: POST /predict - Status: 200 - Czas: 85.52ms
[2025-12-20 14:12:35] [INFO] REQ: POST /predict - Status: 200 - Czas: 86.52ms
[2025-12-20 14:12:35] [INFO] REQ: POST /predict - Status: 200 - Czas: 86.52ms
[2025-12-20 14:12:35] [INFO] REQ: POST /predict - Status: 200 - Czas: 82.14ms
[2025-12-20 14:12:35] [INFO] REQ: POST /predict - Status: 200 - Czas: 59.50ms
[2025-12-20 14:12:35] [INFO] REQ: POST /predict - Status: 200 - Czas: 17.02ms
[2025-12-20 14:12:35] [INFO] REQ: POST /predict - Status: 200 - Czas: 27.78ms
[2025-12-20 14:12:35] [INFO] REQ: POST /predict - Status: 200 - Czas: 33.16ms
[2025-12-20 14:12:35] [INFO] REQ: POST /predict - Status: 200 - Czas: 57.32ms
[2025-12-20 14:12:35] [INFO] REQ: POST /predict - Status: 200 - Czas: 57.32ms
[2025-12-20 14:12:35] [INFO] REQ: POST /predict - Status: 200 - Czas: 57.77ms
[2025-12-20 14:12:35] [INFO] REQ: POST /predict - Status: 200 - Czas: 35.22ms
[2025-12-20 14:12:35] [INFO] REQ: POST /predict - Status: 200 - Czas: 32.35ms
[2025-12-20 14:12:35] [INFO] REQ: POST /predict - Status: 200 - Czas: 53.53ms
[2025-12-20 14:12:35] [INFO] REQ: POST /predict - Status: 200 - Czas: 52.45ms
[2025-12-20 14:12:35] [INFO] REQ: POST /predict - Status: 200 - Czas: 51.02ms
[2025-12-20 14:12:35] [INFO] REQ: POST /predict - Status: 200 - Czas: 29.75ms
[2025-12-20 14:12:35] [INFO] REQ: POST /predict - Status: 200 - Czas: 18.84ms
[2025-12-20 14:12:35] [INFO] REQ: POST /predict - Status: 200 - Czas: 45.22ms
[2025-12-20 14:12:35] [INFO] REQ: POST /predict - Status: 200 - Czas: 46.23ms
[2025-12-20 14:12:35] [INFO] REQ: POST /predict - Status: 200 - Czas: 70.41ms
[2025-12-20 14:12:35] [INFO] REQ: POST /predict - Status: 200 - Czas: 71.41ms
[2025-12-20 14:12:35] [INFO] REQ: POST /predict - Status: 200 - Czas: 18.93ms
[2025-12-20 14:12:35] [INFO] REQ: POST /predict - Status: 200 - Czas: 27.32ms
[2025-12-20 14:12:35] [INFO] REQ: POST /predict - Status: 200 - Czas: 78.80ms
[2025-12-20 14:12:35] [INFO] REQ: POST /predict - Status: 200 - Czas: 79.20ms
[2025-12-20 14:12:35] [INFO] REQ: POST /predict - Status: 200 - Czas: 77.19ms
[2025-12-20 14:12:35] [INFO] REQ: POST /predict - Status: 200 - Czas: 70.11ms
[2025-12-20 14:12:35] [INFO] REQ: POST /predict - Status: 200 - Czas: 39.29ms
[2025-12-20 14:12:35] [INFO] REQ: POST /predict - Status: 200 - Czas: 40.21ms
[2025-12-20 14:12:35] [INFO] REQ: POST /predict - Status: 200 - Czas: 88.40ms
[2025-12-20 14:12:35] [INFO] REQ: POST /predict - Status: 200 - Czas: 88.40ms
[2025-12-20 14:12:35] [INFO] REQ: POST /predict - Status: 200 - Czas: 84.68ms
[2025-12-20 14:12:36] [INFO] REQ: POST /predict - Status: 200 - Czas: 21.81ms
[2025-12-20 14:12:36] [INFO] REQ: POST /predict - Status: 200 - Czas: 36.81ms
[2025-12-20 14:12:36] [INFO] REQ: POST /predict - Status: 200 - Czas: 74.59ms
[2025-12-20 14:12:36] [INFO] REQ: POST /predict - Status: 200 - Czas: 75.59ms
[2025-12-20 14:12:36] [INFO] REQ: POST /predict - Status: 200 - Czas: 75.58ms
[2025-12-20 14:12:36] [INFO] REQ: POST /predict - Status: 200 - Czas: 20.31ms
[2025-12-20 14:12:36] [INFO] REQ: POST /predict - Status: 200 - Czas: 22.74ms
[2025-12-20 14:12:36] [INFO] REQ: POST /predict - Status: 200 - Czas: 86.42ms
[2025-12-20 14:12:36] [INFO] REQ: POST /predict - Status: 200 - Czas: 87.42ms
[2025-12-20 14:12:36] [INFO] REQ: POST /predict - Status: 200 - Czas: 85.41ms
[2025-12-20 14:12:36] [INFO] REQ: POST /predict - Status: 200 - Czas: 90.23ms
[2025-12-20 14:12:36] [INFO] REQ: POST /predict - Status: 200 - Czas: 18.75ms
[2025-12-20 14:12:36] [INFO] REQ: POST /predict - Status: 200 - Czas: 28.79ms
[2025-12-20 14:12:36] [INFO] REQ: POST /predict - Status: 200 - Czas: 68.21ms
[2025-12-20 14:12:36] [INFO] REQ: POST /predict - Status: 200 - Czas: 81.91ms
[2025-12-20 14:12:36] [INFO] REQ: POST /predict - Status: 200 - Czas: 79.90ms
[2025-12-20 14:12:36] [INFO] REQ: POST /predict - Status: 200 - Czas: 78.68ms
[2025-12-20 14:12:36] [INFO] REQ: POST /predict - Status: 200 - Czas: 17.47ms
[2025-12-20 14:12:36] [INFO] REQ: POST /predict - Status: 200 - Czas: 30.11ms
[2025-12-20 14:12:36] [INFO] REQ: POST /predict - Status: 200 - Czas: 91.97ms
[2025-12-20 14:12:36] [INFO] REQ: POST /predict - Status: 200 - Czas: 92.98ms
[2025-12-20 14:12:36] [INFO] REQ: POST /predict - Status: 200 - Czas: 93.98ms
[2025-12-20 14:12:36] [INFO] REQ: POST /predict - Status: 200 - Czas: 85.10ms
[2025-12-20 14:12:36] [INFO] REQ: POST /predict - Status: 200 - Czas: 21.85ms
[2025-12-20 14:12:36] [INFO] REQ: POST /predict - Status: 200 - Czas: 33.62ms
[2025-12-20 14:12:36] [INFO] REQ: POST /predict - Status: 200 - Czas: 99.23ms
[2025-12-20 14:12:36] [INFO] REQ: POST /predict - Status: 200 - Czas: 99.23ms
[2025-12-20 14:12:36] [INFO] REQ: POST /predict - Status: 200 - Czas: 100.23ms
[2025-12-20 14:12:36] [INFO] REQ: POST /predict - Status: 200 - Czas: 89.39ms
[2025-12-20 14:12:36] [INFO] REQ: POST /predict - Status: 200 - Czas: 18.75ms
[2025-12-20 14:12:36] [INFO] REQ: POST /predict - Status: 200 - Czas: 51.93ms
[2025-12-20 14:12:36] [INFO] REQ: POST /predict - Status: 200 - Czas: 50.35ms
[2025-12-20 14:12:36] [INFO] REQ: POST /predict - Status: 200 - Czas: 68.02ms
[2025-12-20 14:12:36] [INFO] REQ: POST /predict - Status: 200 - Czas: 91.36ms
[2025-12-20 14:12:36] [INFO] REQ: POST /predict - Status: 200 - Czas: 32.79ms
[2025-12-20 14:12:36] [INFO] REQ: POST /predict - Status: 200 - Czas: 18.74ms
[2025-12-20 14:12:36] [INFO] REQ: POST /predict - Status: 200 - Czas: 91.80ms
[2025-12-20 14:12:36] [INFO] REQ: POST /predict - Status: 200 - Czas: 91.80ms
[2025-12-20 14:12:36] [INFO] REQ: POST /predict - Status: 200 - Czas: 92.79ms
[2025-12-20 14:12:36] [INFO] REQ: POST /predict - Status: 200 - Czas: 25.79ms
[2025-12-20 14:12:36] [INFO] REQ: POST /predict - Status: 200 - Czas: 40.92ms
[2025-12-20 14:12:36] [INFO] REQ: POST /predict - Status: 200 - Czas: 57.40ms
[2025-12-20 14:12:36] [INFO] REQ: POST /predict - Status: 200 - Czas: 57.40ms
[2025-12-20 14:12:36] [INFO] REQ: POST /predict - Status: 200 - Czas: 58.40ms
[2025-12-20 14:12:36] [INFO] REQ: POST /predict - Status: 200 - Czas: 48.02ms
[2025-12-20 14:12:37] [INFO] REQ: POST /predict - Status: 200 - Czas: 65.30ms
[2025-12-20 14:12:37] [INFO] REQ: POST /predict - Status: 200 - Czas: 64.30ms
[2025-12-20 14:12:37] [INFO] REQ: POST /predict - Status: 200 - Czas: 83.07ms
[2025-12-20 14:12:37] [INFO] REQ: POST /predict - Status: 200 - Czas: 78.67ms
[2025-12-20 14:12:37] [INFO] REQ: POST /predict - Status: 200 - Czas: 24.67ms
[2025-12-20 14:12:37] [INFO] REQ: POST /predict - Status: 200 - Czas: 23.72ms
[2025-12-20 14:12:37] [INFO] REQ: POST /predict - Status: 200 - Czas: 43.16ms
[2025-12-20 14:12:37] [INFO] REQ: POST /predict - Status: 200 - Czas: 72.90ms
[2025-12-20 14:12:37] [INFO] REQ: POST /predict - Status: 200 - Czas: 73.90ms
[2025-12-20 14:12:37] [INFO] REQ: POST /predict - Status: 200 - Czas: 48.30ms
[2025-12-20 14:12:37] [INFO] REQ: POST /predict - Status: 200 - Czas: 20.26ms
[2025-12-20 14:12:37] [INFO] REQ: POST /predict - Status: 200 - Czas: 68.51ms
[2025-12-20 14:12:37] [INFO] REQ: POST /predict - Status: 200 - Czas: 69.51ms
[2025-12-20 14:12:37] [INFO] REQ: POST /predict - Status: 200 - Czas: 83.50ms
[2025-12-20 14:12:37] [INFO] REQ: POST /predict - Status: 200 - Czas: 83.54ms
[2025-12-20 14:12:37] [INFO] REQ: POST /predict - Status: 200 - Czas: 31.50ms
[2025-12-20 14:12:37] [INFO] REQ: POST /predict - Status: 200 - Czas: 22.12ms
[2025-12-20 14:12:37] [INFO] REQ: POST /predict - Status: 200 - Czas: 80.95ms
[2025-12-20 14:12:37] [INFO] REQ: POST /predict - Status: 200 - Czas: 80.95ms
[2025-12-20 14:12:37] [INFO] REQ: POST /predict - Status: 200 - Czas: 80.95ms
[2025-12-20 14:12:37] [INFO] REQ: POST /predict - Status: 200 - Czas: 83.08ms
[2025-12-20 14:12:37] [INFO] REQ: POST /predict - Status: 200 - Czas: 22.06ms
[2025-12-20 14:12:37] [INFO] REQ: POST /predict - Status: 200 - Czas: 29.56ms
[2025-12-20 14:12:37] [INFO] REQ: POST /predict - Status: 200 - Czas: 87.73ms
[2025-12-20 14:12:37] [INFO] REQ: POST /predict - Status: 200 - Czas: 87.73ms
[2025-12-20 14:12:37] [INFO] REQ: POST /predict - Status: 200 - Czas: 87.73ms
[2025-12-20 14:12:37] [INFO] REQ: POST /predict - Status: 200 - Czas: 71.90ms
[2025-12-20 14:12:37] [INFO] REQ: POST /predict - Status: 200 - Czas: 16.17ms
[2025-12-20 14:12:37] [INFO] REQ: POST /predict - Status: 200 - Czas: 72.03ms
[2025-12-20 14:12:37] [INFO] REQ: POST /predict - Status: 200 - Czas: 73.03ms
[2025-12-20 14:12:37] [INFO] REQ: POST /predict - Status: 200 - Czas: 70.86ms
[2025-12-20 14:12:37] [INFO] REQ: POST /predict - Status: 200 - Czas: 22.80ms
[2025-12-20 14:12:37] [INFO] REQ: POST /predict - Status: 200 - Czas: 38.60ms
[2025-12-20 14:12:37] [INFO] REQ: POST /predict - Status: 200 - Czas: 72.51ms
[2025-12-20 14:12:37] [INFO] REQ: POST /predict - Status: 200 - Czas: 73.52ms
[2025-12-20 14:12:37] [INFO] REQ: POST /predict - Status: 200 - Czas: 71.99ms
[2025-12-20 14:12:37] [INFO] REQ: POST /predict - Status: 200 - Czas: 35.26ms
[2025-12-20 14:12:37] [INFO] REQ: POST /predict - Status: 200 - Czas: 25.92ms
[2025-12-20 14:12:37] [INFO] REQ: POST /predict - Status: 200 - Czas: 51.31ms
[2025-12-20 14:12:37] [INFO] REQ: POST /predict - Status: 200 - Czas: 86.91ms
[2025-12-20 14:12:37] [INFO] REQ: POST /predict - Status: 200 - Czas: 86.91ms
[2025-12-20 14:12:37] [INFO] REQ: POST /predict - Status: 200 - Czas: 83.77ms
[2025-12-20 14:12:37] [INFO] REQ: POST /predict - Status: 200 - Czas: 25.98ms
[2025-12-20 14:12:37] [INFO] REQ: POST /predict - Status: 200 - Czas: 50.21ms
[2025-12-20 14:12:37] [INFO] REQ: POST /predict - Status: 200 - Czas: 59.69ms
[2025-12-20 14:12:37] [INFO] REQ: POST /predict - Status: 200 - Czas: 61.19ms
[2025-12-20 14:12:37] [INFO] REQ: POST /predict - Status: 200 - Czas: 55.58ms
[2025-12-20 14:12:38] [INFO] REQ: POST /predict - Status: 200 - Czas: 60.64ms
[2025-12-20 14:12:38] [INFO] REQ: POST /predict - Status: 200 - Czas: 44.03ms
[2025-12-20 14:12:38] [INFO] REQ: POST /predict - Status: 200 - Czas: 28.99ms
[2025-12-20 14:12:38] [INFO] REQ: POST /predict - Status: 200 - Czas: 62.29ms
[2025-12-20 14:12:38] [INFO] REQ: POST /predict - Status: 200 - Czas: 62.29ms
[2025-12-20 14:12:38] [INFO] REQ: POST /predict - Status: 200 - Czas: 73.44ms
[2025-12-20 14:12:38] [INFO] REQ: POST /predict - Status: 200 - Czas: 73.44ms
[2025-12-20 14:12:38] [INFO] REQ: POST /predict - Status: 200 - Czas: 31.21ms
[2025-12-20 14:12:38] [INFO] REQ: POST /predict - Status: 200 - Czas: 37.54ms
[2025-12-20 14:12:38] [INFO] REQ: POST /predict - Status: 200 - Czas: 96.81ms
[2025-12-20 14:12:38] [INFO] REQ: POST /predict - Status: 200 - Czas: 96.81ms
[2025-12-20 14:12:38] [INFO] REQ: POST /predict - Status: 200 - Czas: 98.32ms
[2025-12-20 14:12:38] [INFO] REQ: POST /predict - Status: 200 - Czas: 86.32ms
[2025-12-20 14:12:38] [INFO] REQ: POST /predict - Status: 200 - Czas: 21.20ms
[2025-12-20 14:12:38] [INFO] REQ: POST /predict - Status: 200 - Czas: 65.30ms
[2025-12-20 14:12:38] [INFO] REQ: POST /predict - Status: 200 - Czas: 92.13ms
[2025-12-20 14:12:38] [INFO] REQ: POST /predict - Status: 200 - Czas: 92.13ms
[2025-12-20 14:12:38] [INFO] REQ: POST /predict - Status: 200 - Czas: 93.13ms
[2025-12-20 14:12:38] [INFO] REQ: POST /predict - Status: 200 - Czas: 53.66ms
[2025-12-20 14:12:38] [INFO] REQ: POST /predict - Status: 200 - Czas: 27.27ms
[2025-12-20 14:12:38] [INFO] REQ: POST /predict - Status: 200 - Czas: 46.38ms
[2025-12-20 14:12:38] [INFO] REQ: POST /predict - Status: 200 - Czas: 59.55ms
[2025-12-20 14:12:38] [INFO] REQ: POST /predict - Status: 200 - Czas: 60.56ms
[2025-12-20 14:12:38] [INFO] REQ: POST /predict - Status: 200 - Czas: 60.56ms
[2025-12-20 14:12:38] [INFO] REQ: POST /predict - Status: 200 - Czas: 19.78ms
[2025-12-20 14:12:38] [INFO] REQ: POST /predict - Status: 200 - Czas: 58.54ms
[2025-12-20 14:12:38] [INFO] REQ: POST /predict - Status: 200 - Czas: 58.54ms
[2025-12-20 14:12:38] [INFO] REQ: POST /predict - Status: 200 - Czas: 82.69ms
[2025-12-20 14:12:38] [INFO] REQ: POST /predict - Status: 200 - Czas: 82.69ms
[2025-12-20 14:12:38] [INFO] REQ: POST /predict - Status: 200 - Czas: 45.40ms
[2025-12-20 14:12:38] [INFO] REQ: POST /predict - Status: 200 - Czas: 19.22ms
[2025-12-20 14:12:38] [INFO] REQ: POST /predict - Status: 200 - Czas: 58.17ms
[2025-12-20 14:12:38] [INFO] REQ: POST /predict - Status: 200 - Czas: 57.16ms
[2025-12-20 14:12:38] [INFO] REQ: POST /predict - Status: 200 - Czas: 102.14ms
[2025-12-20 14:12:38] [INFO] REQ: POST /predict - Status: 200 - Czas: 87.43ms
[2025-12-20 14:12:38] [INFO] REQ: POST /predict - Status: 200 - Czas: 18.15ms
[2025-12-20 14:12:38] [INFO] REQ: POST /predict - Status: 200 - Czas: 21.72ms
[2025-12-20 14:12:38] [INFO] REQ: POST /predict - Status: 200 - Czas: 74.04ms
[2025-12-20 14:12:38] [INFO] REQ: POST /predict - Status: 200 - Czas: 74.04ms
[2025-12-20 14:12:38] [INFO] REQ: POST /predict - Status: 200 - Czas: 75.04ms
[2025-12-20 14:12:38] [INFO] REQ: POST /predict - Status: 200 - Czas: 69.54ms
[2025-12-20 14:12:38] [INFO] REQ: POST /predict - Status: 200 - Czas: 26.57ms
[2025-12-20 14:12:38] [INFO] REQ: POST /predict - Status: 200 - Czas: 19.17ms
[2025-12-20 14:12:38] [INFO] REQ: POST /predict - Status: 200 - Czas: 60.17ms
[2025-12-20 14:12:38] [INFO] REQ: POST /predict - Status: 200 - Czas: 84.97ms
[2025-12-20 14:12:38] [INFO] REQ: POST /predict - Status: 200 - Czas: 85.97ms
[2025-12-20 14:12:38] [INFO] REQ: POST /predict - Status: 200 - Czas: 42.91ms
[2025-12-20 14:12:39] [INFO] REQ: POST /predict - Status: 200 - Czas: 23.79ms
[2025-12-20 14:12:39] [INFO] REQ: POST /predict - Status: 200 - Czas: 80.95ms
[2025-12-20 14:12:39] [INFO] REQ: POST /predict - Status: 200 - Czas: 80.73ms
[2025-12-20 14:12:39] [INFO] REQ: POST /predict - Status: 200 - Czas: 79.22ms
[2025-12-20 14:12:39] [INFO] REQ: POST /predict - Status: 200 - Czas: 86.81ms
[2025-12-20 14:12:39] [INFO] REQ: POST /predict - Status: 200 - Czas: 25.07ms
[2025-12-20 14:12:39] [INFO] REQ: POST /predict - Status: 200 - Czas: 35.42ms
[2025-12-20 14:12:39] [INFO] REQ: POST /predict - Status: 200 - Czas: 81.65ms
[2025-12-20 14:12:39] [INFO] REQ: POST /predict - Status: 200 - Czas: 83.65ms
[2025-12-20 14:12:39] [INFO] REQ: POST /predict - Status: 200 - Czas: 82.64ms
[2025-12-20 14:12:39] [INFO] REQ: POST /predict - Status: 200 - Czas: 77.57ms
[2025-12-20 14:12:39] [INFO] REQ: POST /predict - Status: 200 - Czas: 17.71ms
[2025-12-20 14:12:39] [INFO] REQ: POST /predict - Status: 200 - Czas: 19.72ms
[2025-12-20 14:12:39] [INFO] REQ: POST /predict - Status: 200 - Czas: 76.71ms
[2025-12-20 14:12:39] [INFO] REQ: POST /predict - Status: 200 - Czas: 76.71ms
[2025-12-20 14:12:39] [INFO] REQ: POST /predict - Status: 200 - Czas: 77.71ms
[2025-12-20 14:12:39] [INFO] REQ: POST /predict - Status: 200 - Czas: 72.70ms
[2025-12-20 14:12:39] [INFO] REQ: POST /predict - Status: 200 - Czas: 26.66ms
[2025-12-20 14:12:39] [INFO] REQ: POST /predict - Status: 200 - Czas: 65.35ms
[2025-12-20 14:12:39] [INFO] REQ: POST /predict - Status: 200 - Czas: 65.86ms
[2025-12-20 14:12:39] [INFO] REQ: POST /predict - Status: 200 - Czas: 67.91ms
[2025-12-20 14:12:39] [INFO] REQ: POST /predict - Status: 200 - Czas: 96.73ms
[2025-12-20 14:12:39] [INFO] REQ: POST /predict - Status: 200 - Czas: 48.53ms
[2025-12-20 14:12:39] [INFO] REQ: POST /predict - Status: 200 - Czas: 20.14ms
[2025-12-20 14:12:39] [INFO] REQ: POST /predict - Status: 200 - Czas: 33.77ms
[2025-12-20 14:12:39] [INFO] REQ: POST /predict - Status: 200 - Czas: 44.78ms
[2025-12-20 14:12:39] [INFO] REQ: POST /predict - Status: 200 - Czas: 45.78ms
[2025-12-20 14:12:39] [INFO] REQ: POST /predict - Status: 200 - Czas: 51.49ms
[2025-12-20 14:12:39] [INFO] REQ: POST /predict - Status: 200 - Czas: 61.85ms
[2025-12-20 14:12:39] [INFO] REQ: POST /predict - Status: 200 - Czas: 61.85ms
[2025-12-20 14:12:39] [INFO] REQ: POST /predict - Status: 200 - Czas: 33.37ms
[2025-12-20 14:12:39] [INFO] REQ: POST /predict - Status: 200 - Czas: 35.46ms
[2025-12-20 14:12:39] [INFO] REQ: POST /predict - Status: 200 - Czas: 16.74ms
[2025-12-20 14:12:39] [INFO] REQ: POST /predict - Status: 200 - Czas: 53.71ms
[2025-12-20 14:12:39] [INFO] REQ: POST /predict - Status: 200 - Czas: 54.72ms
[2025-12-20 14:12:39] [INFO] REQ: POST /predict - Status: 200 - Czas: 45.54ms
[2025-12-20 14:12:39] [INFO] REQ: POST /predict - Status: 200 - Czas: 46.54ms
[2025-12-20 14:12:39] [INFO] REQ: POST /predict - Status: 200 - Czas: 51.54ms
[2025-12-20 14:12:39] [INFO] REQ: POST /predict - Status: 200 - Czas: 51.54ms
[2025-12-20 14:12:39] [INFO] REQ: POST /predict - Status: 200 - Czas: 52.54ms
[2025-12-20 14:12:39] [INFO] REQ: POST /predict - Status: 200 - Czas: 42.01ms
[2025-12-20 14:12:39] [INFO] REQ: POST /predict - Status: 200 - Czas: 44.01ms
[2025-12-20 14:12:39] [INFO] REQ: POST /predict - Status: 200 - Czas: 62.50ms
[2025-12-20 14:12:39] [INFO] REQ: POST /predict - Status: 200 - Czas: 63.50ms
[2025-12-20 14:12:39] [INFO] REQ: POST /predict - Status: 200 - Czas: 64.50ms
[2025-12-20 14:12:39] [INFO] REQ: POST /predict - Status: 200 - Czas: 28.40ms
[2025-12-20 14:12:39] [INFO] REQ: POST /predict - Status: 200 - Czas: 45.64ms
[2025-12-20 14:12:40] [INFO] REQ: POST /predict - Status: 200 - Czas: 71.98ms
[2025-12-20 14:12:40] [INFO] REQ: POST /predict - Status: 200 - Czas: 71.98ms
[2025-12-20 14:12:40] [INFO] REQ: POST /predict - Status: 200 - Czas: 72.98ms
[2025-12-20 14:12:40] [INFO] REQ: POST /predict - Status: 200 - Czas: 30.22ms
[2025-12-20 14:12:40] [INFO] REQ: POST /predict - Status: 200 - Czas: 47.32ms
[2025-12-20 14:12:40] [INFO] REQ: POST /predict - Status: 200 - Czas: 67.91ms
[2025-12-20 14:12:40] [INFO] REQ: POST /predict - Status: 200 - Czas: 87.33ms
[2025-12-20 14:12:40] [INFO] REQ: POST /predict - Status: 200 - Czas: 88.33ms
[2025-12-20 14:12:40] [INFO] REQ: POST /predict - Status: 200 - Czas: 55.54ms
[2025-12-20 14:12:40] [INFO] REQ: POST /predict - Status: 200 - Czas: 21.22ms
[2025-12-20 14:12:40] [INFO] REQ: POST /predict - Status: 200 - Czas: 35.78ms
[2025-12-20 14:12:40] [INFO] REQ: POST /predict - Status: 200 - Czas: 71.48ms
[2025-12-20 14:12:40] [INFO] REQ: POST /predict - Status: 200 - Czas: 72.49ms
[2025-12-20 14:12:40] [INFO] REQ: POST /predict - Status: 200 - Czas: 72.49ms
[2025-12-20 14:12:40] [INFO] REQ: POST /predict - Status: 200 - Czas: 29.44ms
[2025-12-20 14:12:40] [INFO] REQ: POST /predict - Status: 200 - Czas: 24.90ms
[2025-12-20 14:12:40] [INFO] REQ: POST /predict - Status: 200 - Czas: 79.45ms
[2025-12-20 14:12:40] [INFO] REQ: POST /predict - Status: 200 - Czas: 79.45ms
[2025-12-20 14:12:40] [INFO] REQ: POST /predict - Status: 200 - Czas: 80.95ms
[2025-12-20 14:12:40] [INFO] REQ: POST /predict - Status: 200 - Czas: 27.82ms
[2025-12-20 14:12:40] [INFO] REQ: POST /predict - Status: 200 - Czas: 46.82ms
[2025-12-20 14:12:40] [INFO] REQ: POST /predict - Status: 200 - Czas: 46.82ms
[2025-12-20 14:12:40] [INFO] REQ: POST /predict - Status: 200 - Czas: 74.91ms
[2025-12-20 14:12:40] [INFO] REQ: POST /predict - Status: 200 - Czas: 73.93ms
[2025-12-20 14:12:40] [INFO] REQ: POST /predict - Status: 200 - Czas: 43.14ms
[2025-12-20 14:12:40] [INFO] REQ: POST /predict - Status: 200 - Czas: 40.36ms
[2025-12-20 14:12:40] [INFO] REQ: POST /predict - Status: 200 - Czas: 41.36ms
[2025-12-20 14:12:40] [INFO] REQ: POST /predict - Status: 200 - Czas: 68.57ms
[2025-12-20 14:12:40] [INFO] REQ: POST /predict - Status: 200 - Czas: 68.57ms
[2025-12-20 14:12:40] [INFO] REQ: POST /predict - Status: 200 - Czas: 50.97ms
[2025-12-20 14:12:40] [INFO] REQ: POST /predict - Status: 200 - Czas: 38.86ms
[2025-12-20 14:12:40] [INFO] REQ: POST /predict - Status: 200 - Czas: 40.38ms
[2025-12-20 14:12:40] [INFO] REQ: POST /predict - Status: 200 - Czas: 50.07ms
[2025-12-20 14:12:40] [INFO] REQ: POST /predict - Status: 200 - Czas: 50.59ms
[2025-12-20 14:12:40] [INFO] REQ: POST /predict - Status: 200 - Czas: 50.08ms
[2025-12-20 14:12:40] [INFO] REQ: POST /predict - Status: 200 - Czas: 22.14ms
[2025-12-20 14:12:40] [INFO] REQ: POST /predict - Status: 200 - Czas: 43.10ms
[2025-12-20 14:12:40] [INFO] REQ: POST /predict - Status: 200 - Czas: 102.89ms
[2025-12-20 14:12:40] [INFO] REQ: POST /predict - Status: 200 - Czas: 84.32ms
[2025-12-20 14:12:40] [INFO] REQ: POST /predict - Status: 200 - Czas: 84.85ms
[2025-12-20 14:12:40] [INFO] REQ: POST /predict - Status: 200 - Czas: 28.22ms
[2025-12-20 14:12:40] [INFO] REQ: POST /predict - Status: 200 - Czas: 19.08ms
[2025-12-20 14:12:40] [INFO] REQ: POST /predict - Status: 200 - Czas: 73.28ms
[2025-12-20 14:12:40] [INFO] REQ: POST /predict - Status: 200 - Czas: 73.79ms
[2025-12-20 14:12:40] [INFO] REQ: POST /predict - Status: 200 - Czas: 74.31ms
[2025-12-20 14:12:40] [INFO] REQ: POST /predict - Status: 200 - Czas: 71.65ms
[2025-12-20 14:12:40] [INFO] REQ: POST /predict - Status: 200 - Czas: 19.15ms
[2025-12-20 14:12:41] [INFO] REQ: POST /predict - Status: 200 - Czas: 38.76ms
[2025-12-20 14:12:41] [INFO] REQ: POST /predict - Status: 200 - Czas: 92.58ms
[2025-12-20 14:12:41] [INFO] REQ: POST /predict - Status: 200 - Czas: 93.63ms
[2025-12-20 14:12:41] [INFO] REQ: POST /predict - Status: 200 - Czas: 94.15ms
[2025-12-20 14:12:41] [INFO] REQ: POST /predict - Status: 200 - Czas: 21.37ms
[2025-12-20 14:12:41] [INFO] REQ: POST /predict - Status: 200 - Czas: 21.16ms
[2025-12-20 14:12:41] [INFO] REQ: POST /predict - Status: 200 - Czas: 61.83ms
[2025-12-20 14:12:41] [INFO] REQ: POST /predict - Status: 200 - Czas: 62.29ms
[2025-12-20 14:12:41] [INFO] REQ: POST /predict - Status: 200 - Czas: 98.82ms
[2025-12-20 14:12:41] [INFO] REQ: POST /predict - Status: 200 - Czas: 83.50ms
[2025-12-20 14:12:41] [INFO] REQ: POST /predict - Status: 200 - Czas: 28.80ms
[2025-12-20 14:12:41] [INFO] REQ: POST /predict - Status: 200 - Czas: 39.46ms
[2025-12-20 14:12:41] [INFO] REQ: POST /predict - Status: 200 - Czas: 40.46ms
[2025-12-20 14:12:41] [INFO] REQ: POST /predict - Status: 200 - Czas: 75.81ms
[2025-12-20 14:12:41] [INFO] REQ: POST /predict - Status: 200 - Czas: 76.33ms
[2025-12-20 14:12:41] [INFO] REQ: POST /predict - Status: 200 - Czas: 45.20ms
[2025-12-20 14:12:41] [INFO] REQ: POST /predict - Status: 200 - Czas: 25.40ms
[2025-12-20 14:12:41] [INFO] REQ: POST /predict - Status: 200 - Czas: 50.77ms
[2025-12-20 14:12:41] [INFO] REQ: POST /predict - Status: 200 - Czas: 65.31ms
[2025-12-20 14:12:41] [INFO] REQ: POST /predict - Status: 200 - Czas: 85.19ms
[2025-12-20 14:12:41] [INFO] REQ: POST /predict - Status: 200 - Czas: 85.19ms
[2025-12-20 14:12:41] [INFO] REQ: POST /predict - Status: 200 - Czas: 47.25ms
[2025-12-20 14:12:41] [INFO] REQ: POST /predict - Status: 200 - Czas: 49.89ms
[2025-12-20 14:12:41] [INFO] REQ: POST /predict - Status: 200 - Czas: 76.50ms
[2025-12-20 14:12:41] [INFO] REQ: POST /predict - Status: 200 - Czas: 77.27ms
[2025-12-20 14:12:41] [INFO] REQ: POST /predict - Status: 200 - Czas: 77.80ms
[2025-12-20 14:12:41] [INFO] REQ: POST /predict - Status: 200 - Czas: 20.85ms
[2025-12-20 14:12:41] [INFO] REQ: POST /predict - Status: 200 - Czas: 43.10ms
[2025-12-20 14:12:41] [INFO] REQ: POST /predict - Status: 200 - Czas: 49.03ms
[2025-12-20 14:12:41] [INFO] REQ: POST /predict - Status: 200 - Czas: 65.93ms
[2025-12-20 14:12:41] [INFO] REQ: POST /predict - Status: 200 - Czas: 67.43ms
[2025-12-20 14:12:41] [INFO] REQ: POST /predict - Status: 200 - Czas: 79.03ms
[2025-12-20 14:12:41] [INFO] REQ: POST /predict - Status: 200 - Czas: 79.55ms
[2025-12-20 14:12:41] [INFO] REQ: POST /predict - Status: 200 - Czas: 22.55ms
[2025-12-20 14:12:41] [INFO] REQ: POST /predict - Status: 200 - Czas: 64.35ms
[2025-12-20 14:12:41] [INFO] REQ: POST /predict - Status: 200 - Czas: 65.38ms
[2025-12-20 14:12:41] [INFO] REQ: POST /predict - Status: 200 - Czas: 83.17ms
[2025-12-20 14:12:41] [INFO] REQ: POST /predict - Status: 200 - Czas: 82.18ms
[2025-12-20 14:12:41] [INFO] REQ: POST /predict - Status: 200 - Czas: 23.63ms
[2025-12-20 14:12:41] [INFO] REQ: POST /predict - Status: 200 - Czas: 73.56ms
[2025-12-20 14:12:41] [INFO] REQ: POST /predict - Status: 200 - Czas: 95.41ms
[2025-12-20 14:12:41] [INFO] REQ: POST /predict - Status: 200 - Czas: 95.41ms
[2025-12-20 14:12:41] [INFO] REQ: POST /predict - Status: 200 - Czas: 96.41ms
[2025-12-20 14:12:41] [INFO] REQ: POST /predict - Status: 200 - Czas: 53.21ms
[2025-12-20 14:12:42] [INFO] REQ: POST /predict - Status: 200 - Czas: 20.53ms
[2025-12-20 14:12:42] [INFO] REQ: POST /predict - Status: 200 - Czas: 62.83ms
[2025-12-20 14:12:42] [INFO] REQ: POST /predict - Status: 200 - Czas: 62.83ms
[2025-12-20 14:12:42] [INFO] REQ: POST /predict - Status: 200 - Czas: 82.50ms
[2025-12-20 14:12:42] [INFO] REQ: POST /predict - Status: 200 - Czas: 83.02ms
[2025-12-20 14:12:42] [INFO] REQ: POST /predict - Status: 200 - Czas: 21.95ms
[2025-12-20 14:12:42] [INFO] REQ: POST /predict - Status: 200 - Czas: 25.78ms
[2025-12-20 14:12:42] [INFO] REQ: POST /predict - Status: 200 - Czas: 45.01ms
[2025-12-20 14:12:42] [INFO] REQ: POST /predict - Status: 200 - Czas: 67.06ms
[2025-12-20 14:12:42] [INFO] REQ: POST /predict - Status: 200 - Czas: 74.47ms
[2025-12-20 14:12:42] [INFO] REQ: POST /predict - Status: 200 - Czas: 74.97ms
[2025-12-20 14:12:42] [INFO] REQ: POST /predict - Status: 200 - Czas: 20.17ms
[2025-12-20 14:12:42] [INFO] REQ: POST /predict - Status: 200 - Czas: 30.19ms
[2025-12-20 14:12:42] [INFO] REQ: POST /predict - Status: 200 - Czas: 67.49ms
[2025-12-20 14:12:42] [INFO] REQ: POST /predict - Status: 200 - Czas: 69.07ms
[2025-12-20 14:12:42] [INFO] REQ: POST /predict - Status: 200 - Czas: 73.23ms
[2025-12-20 14:12:42] [INFO] REQ: POST /predict - Status: 200 - Czas: 72.24ms
[2025-12-20 14:12:42] [INFO] REQ: POST /predict - Status: 200 - Czas: 25.53ms
[2025-12-20 14:12:42] [INFO] REQ: POST /predict - Status: 200 - Czas: 64.01ms
[2025-12-20 14:12:42] [INFO] REQ: POST /predict - Status: 200 - Czas: 63.96ms
[2025-12-20 14:12:42] [INFO] REQ: POST /predict - Status: 200 - Czas: 85.72ms
[2025-12-20 14:12:42] [INFO] REQ: POST /predict - Status: 200 - Czas: 79.54ms
[2025-12-20 14:12:42] [INFO] REQ: POST /predict - Status: 200 - Czas: 21.08ms
[2025-12-20 14:12:42] [INFO] REQ: POST /predict - Status: 200 - Czas: 28.91ms
[2025-12-20 14:12:42] [INFO] REQ: POST /predict - Status: 200 - Czas: 99.68ms
[2025-12-20 14:12:42] [INFO] REQ: POST /predict - Status: 200 - Czas: 102.70ms
[2025-12-20 14:12:42] [INFO] REQ: POST /predict - Status: 200 - Czas: 102.70ms
[2025-12-20 14:12:42] [INFO] REQ: POST /predict - Status: 200 - Czas: 96.63ms
[2025-12-20 14:12:42] [INFO] REQ: POST /predict - Status: 200 - Czas: 26.08ms
[2025-12-20 14:12:42] [INFO] REQ: POST /predict - Status: 200 - Czas: 77.15ms
[2025-12-20 14:12:42] [INFO] REQ: POST /predict - Status: 200 - Czas: 75.15ms
[2025-12-20 14:12:42] [INFO] REQ: POST /predict - Status: 200 - Czas: 76.16ms
[2025-12-20 14:12:42] [INFO] REQ: POST /predict - Status: 200 - Czas: 68.59ms
[2025-12-20 14:12:42] [INFO] REQ: POST /predict - Status: 200 - Czas: 20.93ms
[2025-12-20 14:12:42] [INFO] REQ: POST /predict - Status: 200 - Czas: 28.49ms
[2025-12-20 14:12:42] [INFO] REQ: POST /predict - Status: 200 - Czas: 80.15ms
[2025-12-20 14:12:42] [INFO] REQ: POST /predict - Status: 200 - Czas: 104.77ms
[2025-12-20 14:12:42] [INFO] REQ: POST /predict - Status: 200 - Czas: 104.16ms
[2025-12-20 14:12:42] [INFO] REQ: POST /predict - Status: 200 - Czas: 90.92ms
[2025-12-20 14:12:42] [INFO] REQ: POST /predict - Status: 200 - Czas: 22.27ms
[2025-12-20 14:12:42] [INFO] REQ: POST /predict - Status: 200 - Czas: 70.72ms
[2025-12-20 14:12:42] [INFO] REQ: POST /predict - Status: 200 - Czas: 70.21ms
[2025-12-20 14:12:42] [INFO] REQ: POST /predict - Status: 200 - Czas: 69.14ms
[2025-12-20 14:12:42] [INFO] REQ: POST /predict - Status: 200 - Czas: 69.41ms
[2025-12-20 14:12:42] [INFO] REQ: POST /predict - Status: 200 - Czas: 28.85ms
[2025-12-20 14:12:43] [INFO] REQ: POST /predict - Status: 200 - Czas: 17.56ms
[2025-12-20 14:12:43] [INFO] REQ: POST /predict - Status: 200 - Czas: 86.11ms
[2025-12-20 14:12:43] [INFO] REQ: POST /predict - Status: 200 - Czas: 86.11ms
[2025-12-20 14:12:43] [INFO] REQ: POST /predict - Status: 200 - Czas: 86.78ms
[2025-12-20 14:12:43] [INFO] REQ: POST /predict - Status: 200 - Czas: 89.10ms
[2025-12-20 14:12:43] [INFO] REQ: POST /predict - Status: 200 - Czas: 28.62ms
[2025-12-20 14:12:43] [INFO] REQ: POST /predict - Status: 200 - Czas: 43.17ms
[2025-12-20 14:12:43] [INFO] REQ: POST /predict - Status: 200 - Czas: 84.02ms
[2025-12-20 14:12:43] [INFO] REQ: POST /predict - Status: 200 - Czas: 81.44ms
[2025-12-20 14:12:43] [INFO] REQ: POST /predict - Status: 200 - Czas: 76.39ms
[2025-12-20 14:12:43] [INFO] REQ: POST /predict - Status: 200 - Czas: 35.68ms
[2025-12-20 14:12:43] [INFO] REQ: POST /predict - Status: 200 - Czas: 21.01ms
[2025-12-20 14:12:43] [INFO] REQ: POST /predict - Status: 200 - Czas: 81.38ms
[2025-12-20 14:12:43] [INFO] REQ: POST /predict - Status: 200 - Czas: 80.77ms
[2025-12-20 14:12:43] [INFO] REQ: POST /predict - Status: 200 - Czas: 80.77ms
[2025-12-20 14:12:43] [INFO] REQ: POST /predict - Status: 200 - Czas: 23.16ms
[2025-12-20 14:12:43] [INFO] REQ: POST /predict - Status: 200 - Czas: 41.84ms
[2025-12-20 14:12:43] [INFO] REQ: POST /predict - Status: 200 - Czas: 64.30ms
[2025-12-20 14:12:43] [INFO] REQ: POST /predict - Status: 200 - Czas: 64.35ms
[2025-12-20 14:12:43] [INFO] REQ: POST /predict - Status: 200 - Czas: 78.17ms
[2025-12-20 14:12:43] [INFO] REQ: POST /predict - Status: 200 - Czas: 60.89ms
[2025-12-20 14:12:43] [INFO] REQ: POST /predict - Status: 200 - Czas: 20.13ms
[2025-12-20 14:12:43] [INFO] REQ: POST /predict - Status: 200 - Czas: 55.44ms
[2025-12-20 14:12:43] [INFO] REQ: POST /predict - Status: 200 - Czas: 68.99ms
[2025-12-20 14:12:43] [INFO] REQ: POST /predict - Status: 200 - Czas: 68.99ms
[2025-12-20 14:12:43] [INFO] REQ: POST /predict - Status: 200 - Czas: 77.34ms
[2025-12-20 14:12:43] [INFO] REQ: POST /predict - Status: 200 - Czas: 14.24ms
[2025-12-20 14:12:43] [INFO] REQ: POST /predict - Status: 200 - Czas: 26.31ms
[2025-12-20 14:12:43] [INFO] REQ: POST /predict - Status: 200 - Czas: 56.84ms
[2025-12-20 14:12:43] [INFO] REQ: POST /predict - Status: 200 - Czas: 55.85ms
[2025-12-20 14:12:43] [INFO] REQ: POST /predict - Status: 200 - Czas: 78.21ms
[2025-12-20 14:12:43] [INFO] REQ: POST /predict - Status: 200 - Czas: 67.65ms
[2025-12-20 14:12:43] [INFO] REQ: POST /predict - Status: 200 - Czas: 26.71ms
[2025-12-20 14:12:43] [INFO] REQ: POST /predict - Status: 200 - Czas: 51.58ms
[2025-12-20 14:12:43] [INFO] REQ: POST /predict - Status: 200 - Czas: 71.34ms
[2025-12-20 14:12:43] [INFO] REQ: POST /predict - Status: 200 - Czas: 74.27ms
[2025-12-20 14:12:43] [INFO] REQ: POST /predict - Status: 200 - Czas: 74.27ms
[2025-12-20 14:12:43] [INFO] REQ: POST /predict - Status: 200 - Czas: 45.49ms
[2025-12-20 14:12:43] [INFO] REQ: POST /predict - Status: 200 - Czas: 19.62ms
[2025-12-20 14:12:43] [INFO] REQ: POST /predict - Status: 200 - Czas: 78.94ms
[2025-12-20 14:12:43] [INFO] REQ: POST /predict - Status: 200 - Czas: 78.94ms
[2025-12-20 14:12:43] [INFO] REQ: POST /predict - Status: 200 - Czas: 78.94ms
[2025-12-20 14:12:43] [INFO] REQ: POST /predict - Status: 200 - Czas: 78.04ms
[2025-12-20 14:12:43] [INFO] REQ: POST /predict - Status: 200 - Czas: 16.37ms
[2025-12-20 14:12:44] [INFO] REQ: POST /predict - Status: 200 - Czas: 81.94ms
[2025-12-20 14:12:44] [INFO] REQ: POST /predict - Status: 200 - Czas: 96.90ms
[2025-12-20 14:12:44] [INFO] REQ: POST /predict - Status: 200 - Czas: 96.90ms
[2025-12-20 14:12:44] [INFO] REQ: POST /predict - Status: 200 - Czas: 118.95ms
[2025-12-20 14:12:44] [INFO] REQ: POST /predict - Status: 200 - Czas: 65.80ms
[2025-12-20 14:12:44] [INFO] REQ: POST /predict - Status: 200 - Czas: 37.30ms
[2025-12-20 14:12:44] [INFO] REQ: POST /predict - Status: 200 - Czas: 51.81ms
[2025-12-20 14:12:44] [INFO] REQ: POST /predict - Status: 200 - Czas: 52.31ms
[2025-12-20 14:12:44] [INFO] REQ: POST /predict - Status: 200 - Czas: 48.42ms
[2025-12-20 14:12:44] [INFO] REQ: POST /predict - Status: 200 - Czas: 49.41ms
[2025-12-20 14:12:44] [INFO] REQ: POST /predict - Status: 200 - Czas: 32.62ms
[2025-12-20 14:12:44] [INFO] REQ: POST /predict - Status: 200 - Czas: 53.84ms
[2025-12-20 14:12:44] [INFO] REQ: POST /predict - Status: 200 - Czas: 70.05ms
[2025-12-20 14:12:44] [INFO] REQ: POST /predict - Status: 200 - Czas: 74.08ms
[2025-12-20 14:12:44] [INFO] REQ: POST /predict - Status: 200 - Czas: 74.08ms
[2025-12-20 14:12:44] [INFO] REQ: POST /predict - Status: 200 - Czas: 23.93ms
[2025-12-20 14:12:44] [INFO] REQ: POST /predict - Status: 200 - Czas: 38.55ms
[2025-12-20 14:12:44] [INFO] REQ: POST /predict - Status: 200 - Czas: 55.82ms
[2025-12-20 14:12:44] [INFO] REQ: POST /predict - Status: 200 - Czas: 77.89ms
[2025-12-20 14:12:44] [INFO] REQ: POST /predict - Status: 200 - Czas: 79.40ms
[2025-12-20 14:12:44] [INFO] REQ: POST /predict - Status: 200 - Czas: 32.83ms
[2025-12-20 14:12:44] [INFO] REQ: POST /predict - Status: 200 - Czas: 47.13ms
[2025-12-20 14:12:44] [INFO] REQ: POST /predict - Status: 200 - Czas: 82.46ms
[2025-12-20 14:12:44] [INFO] REQ: POST /predict - Status: 200 - Czas: 83.46ms
[2025-12-20 14:12:44] [INFO] REQ: POST /predict - Status: 200 - Czas: 83.46ms
[2025-12-20 14:12:44] [INFO] REQ: POST /predict - Status: 200 - Czas: 26.62ms
[2025-12-20 14:12:44] [INFO] REQ: POST /predict - Status: 200 - Czas: 32.73ms
[2025-12-20 14:12:44] [INFO] REQ: POST /predict - Status: 200 - Czas: 44.98ms
[2025-12-20 14:12:44] [INFO] REQ: POST /predict - Status: 200 - Czas: 83.12ms
[2025-12-20 14:12:44] [INFO] REQ: POST /predict - Status: 200 - Czas: 85.12ms
[2025-12-20 14:12:44] [INFO] REQ: POST /predict - Status: 200 - Czas: 57.40ms
[2025-12-20 14:12:44] [INFO] REQ: POST /predict - Status: 200 - Czas: 32.70ms
[2025-12-20 14:12:44] [INFO] REQ: POST /predict - Status: 200 - Czas: 19.86ms
[2025-12-20 14:12:44] [INFO] REQ: POST /predict - Status: 200 - Czas: 32.54ms
[2025-12-20 14:12:44] [INFO] REQ: POST /predict - Status: 200 - Czas: 70.44ms
[2025-12-20 14:12:44] [INFO] REQ: POST /predict - Status: 200 - Czas: 70.00ms
[2025-12-20 14:12:44] [INFO] REQ: POST /predict - Status: 200 - Czas: 73.86ms
[2025-12-20 14:12:44] [INFO] REQ: POST /predict - Status: 200 - Czas: 51.79ms
[2025-12-20 14:12:44] [INFO] REQ: POST /predict - Status: 200 - Czas: 51.79ms
[2025-12-20 14:12:44] [INFO] REQ: POST /predict - Status: 200 - Czas: 84.02ms
[2025-12-20 14:12:44] [INFO] REQ: POST /predict - Status: 200 - Czas: 84.02ms
[2025-12-20 14:12:44] [INFO] REQ: POST /predict - Status: 200 - Czas: 59.21ms
[2025-12-20 14:12:44] [INFO] REQ: POST /predict - Status: 200 - Czas: 40.64ms
[2025-12-20 14:12:44] [INFO] REQ: POST /predict - Status: 200 - Czas: 41.64ms
[2025-12-20 14:12:44] [INFO] REQ: POST /predict - Status: 200 - Czas: 13.84ms
